episode,step,prog,in_band_now,edot_abs,du_abs,reward,is_her
1,2,0.0,1,3.490447759628296,0.05,1.1281910448074342,0
1,3,-0.3396873474121094,1,1.5869139432907104,0.0,0.488887026309967,0
1,4,-0.001922607421875,1,1.9226073026657104,0.0,1.1577026391029357,0
1,5,-0.01245880126953125,1,1.6708372831344604,0.0,1.1416656517982482,0
1,6,0.0,1,1.6708372831344604,0.0,1.1665832543373107,0
1,7,0.0,1,1.6708372831344604,0.0,1.1665832543373107,0
1,8,0.001983642578125,1,1.9836424589157104,0.0,1.1642944359779357,0
1,9,0.0,1,1.9836424589157104,0.0,1.1603271508216857,0
1,10,0.00206756591796875,1,2.06756591796875,0.0,1.1627838134765625,0
1,11,0.0,1,2.06756591796875,0.0,1.158648681640625,0
1,12,0.0,1,2.06756591796875,0.0,1.158648681640625,0
1,13,0.00173187255859375,1,1.7318724393844604,0.0,1.1688262963294982,0
1,14,0.0,1,1.7318724393844604,0.0,1.1653625512123107,0
1,15,0.0012054443359375,1,1.2054443359375,0.0,1.178302001953125,0
1,16,0.0,1,1.2054443359375,0.0,1.17589111328125,0
1,17,0.00090789794921875,1,0.2136230319738388,0.0,1.1975433352589606,0
1,18,0.0,1,0.2136230319738388,0.0,1.1957275393605231,0
1,19,0.0,1,0.2136230319738388,0.0,1.1957275393605231,0
1,20,-0.000255584716796875,1,0.255584716796875,0.0,1.1943771362304687,0
1,21,0.0,1,0.255584716796875,0.0,1.1948883056640625,0
1,22,-0.00069427490234375,1,0.6942748427391052,0.0,1.1847259533405303,0
1,23,-0.016521453857421875,1,3.662109136581421,0.0,1.093714909553528,0
1,24,-0.05490875244140625,1,6.385802745819092,0.0,0.9624664402008056,0
1,25,-0.06365966796875,1,5.466460704803467,0.0,0.9633514499664306,0
1,26,-0.04204559326171875,1,3.715514898300171,0.0,1.0415985155105592,0
1,27,-0.039516448974609375,1,4.95147705078125,0.0,1.0219375610351562,0
1,28,-0.051113128662109375,1,3.883361577987671,0.0,1.020106511116028,0
1,29,-0.008914947509765625,1,1.9569395780563354,0.0,1.143031313419342,0
1,30,0.047977447509765625,1,5.069732189178467,0.0,1.1945602512359619,0
1,31,0.035785675048828125,1,3.658294439315796,0.0,1.1984054613113404,0
1,32,0.047443389892578125,1,4.573822021484375,0.0,1.2034103393554687,0
1,33,0.035541534423828125,1,2.437591552734375,0.0,1.2223312377929687,0
1,34,0.018108367919921875,1,1.8920897245407104,0.0,1.1983749413490294,0
1,35,0.01801300048828125,1,1.3046263456344604,0.0,1.2099334740638732,0
1,36,0.003391265869140625,1,0.3318786323070526,0.0,1.2001449590921403,0
1,37,-0.00803375244140625,1,0.8049010634422302,0.0,1.1678344738483428,0
1,38,-0.000102996826171875,1,1.7585753202438354,0.0,1.1646224999427794,0
1,39,0.04491424560546875,1,5.615233898162842,0.0,1.1775238132476806,0
1,40,0.04901885986328125,1,4.72259521484375,0.0,1.2035858154296875,0
1,41,0.029666900634765625,1,1.7242430448532104,0.0,1.224848940372467,0
1,42,0.016815185546875,1,2.197265625,0.0,1.18968505859375,0
1,43,0.028423309326171875,1,1.9645689725875854,0.0,1.217555239200592,0
1,44,-0.000995635986328125,1,1.0833740234375,0.0,1.1763412475585937,0
1,45,-0.01131439208984375,1,0.8239745497703552,0.0,1.1608917248249053,0
1,46,-0.005615234375,1,0.7019042372703552,0.0,1.1747314465045928,0
1,47,-0.00951385498046875,1,0.8506774306297302,0.0,1.1639587414264678,0
1,48,0.001705169677734375,1,0.064849853515625,0.0,1.2021133422851562,0
1,49,-0.00797271728515625,1,0.7934569716453552,0.0,1.1681854259967803,0
1,50,-0.001277923583984375,1,0.0953674241900444,0.0,1.1955368043482304,0
1,51,-0.001529693603515625,1,1.01470947265625,0.0,1.1766464233398437,0
1,52,-0.0328216552734375,1,5.107879161834717,0.0,1.0321991062164306,0
1,53,-0.07479476928710938,1,6.057738780975342,0.0,0.9292556858062744,0
1,54,-0.030666351318359375,1,2.048492431640625,0.0,1.0976974487304687,0
1,55,-0.01599884033203125,1,0.9765624403953552,0.0,1.1484710705280303,0
1,56,0.00499725341796875,1,2.002716064453125,0.0,1.169940185546875,0
1,57,0.036060333251953125,1,3.963470220565796,0.0,1.1928512620925904,0
1,58,0.034038543701171875,1,3.265380620956421,0.0,1.2027694749832154,0
1,59,0.035129547119140625,1,4.0130615234375,0.0,1.1899978637695312,0
1,60,0.042293548583984375,1,2.639770269393921,0.0,1.2317916917800902,0
1,61,-0.00750732421875,1,1.8653868436813354,0.0,1.1476776146888732,0
1,62,-0.016689300537109375,1,1.8424986600875854,0.0,1.1297714257240294,0
1,63,-0.015346527099609375,1,0.4997253119945526,0.0,1.1593124395608903,0
1,64,0.013683319091796875,1,2.559661626815796,0.0,1.1761734056472777,0
1,65,0.03450775146484375,1,4.06646728515625,0.0,1.1876861572265625,0
1,66,0.044460296630859375,1,4.37164306640625,0.0,1.2014877319335937,0
1,67,0.038021087646484375,1,3.257751226425171,0.0,1.2108871507644654,0
1,68,0.023651123046875,1,2.197265625,0.0,1.20335693359375,0
1,69,0.02056121826171875,1,2.109527587890625,0.0,1.198931884765625,0
1,70,0.032001495361328125,1,4.985809326171875,0.0,1.1642868041992187,0
1,71,0.07070541381835938,1,6.477355480194092,0.0,1.2118637180328369,0
1,72,0.036083221435546875,1,2.155303955078125,0.0,1.2290603637695312,0
1,73,0.013202667236328125,1,0.1640319675207138,0.0,1.2231246951222419,0
1,74,-0.01220703125,1,1.2054443359375,0.0,1.15147705078125,0
1,75,-0.002010345458984375,1,0.011444090865552425,0.0,1.1957504272647201,0
1,76,-0.0049285888671875,1,0.6103515625,0.0,1.177935791015625,0
1,77,0.030277252197265625,1,4.444122314453125,0.0,1.1716720581054687,0
1,78,0.051471710205078125,1,5.111693859100342,0.0,1.2007095432281494,0
1,79,0.041015625,1,4.573822021484375,0.0,1.1905548095703125,0
1,80,0.0598297119140625,1,5.958556652069092,0.0,1.2004882907867431,0
1,81,0.059490203857421875,1,5.134582042694092,0.0,1.2162887668609619,0
1,82,0.033702850341796875,1,2.079010009765625,0.0,1.2258255004882812,0
1,83,0.011615753173828125,1,1.4724730253219604,0.0,1.193782045841217,0
1,84,0.027057647705078125,1,3.063201665878296,0.0,1.1928512620925902,0
1,85,0.029651641845703125,1,3.601073980331421,0.0,1.187281804084778,0
1,86,0.0438385009765625,1,3.158569097518921,0.0,1.2245056200027467,0
1,87,0.00390625,1,0.0991821214556694,0.0,1.2058288575708866,0
1,88,0.01114654541015625,1,1.6708372831344604,0.0,1.1888763451576232,0
1,89,0.020389556884765625,1,3.028869390487671,0.0,1.1802017259597777,0
1,90,0.04625701904296875,1,5.329131603240967,0.0,1.1859314060211181,0
1,91,0.052898406982421875,1,4.886627197265625,0.0,1.2080642700195312,0
1,92,0.042224884033203125,1,4.352569580078125,0.0,1.1973983764648437,0
1,93,0.050930023193359375,1,3.417968511581421,0.0,1.2335006761550904,0
1,94,0.015300750732421875,1,1.129150390625,0.0,1.2080184936523437,0
1,95,0.010593414306640625,1,0.4653930366039276,0.0,1.2118789678812028,0
1,96,-0.006069183349609375,1,1.018524169921875,0.0,1.1674911499023437,0
1,97,-0.00830841064453125,1,0.278472900390625,0.0,1.177813720703125,0
1,98,0.00612640380859375,1,0.9117125868797302,0.0,1.1940185558795928,0
1,99,0.0063934326171875,1,0.011444090865552425,0.0,1.212557983417064,0
1,100,-0.0162506103515625,1,3.345489263534546,0.0,1.1005889940261842,0
1,101,-0.046535491943359375,1,6.191253185272217,0.0,0.9831039524078369,0
1,102,-0.06320953369140625,1,4.749298095703125,0.0,0.978594970703125,0
1,103,-0.013210296630859375,1,1.064300537109375,0.0,1.1522933959960937,0
1,104,0.0313873291015625,1,4.57763671875,0.0,1.171221923828125,0
1,105,0.057403564453125,1,6.412505626678467,0.0,1.1865570163726806,0
1,106,0.06572723388671875,1,6.103515148162842,0.0,1.2093841648101806,0
1,107,0.0429229736328125,1,2.910613775253296,0.0,1.227633671760559,0
1,108,-0.01251220703125,1,3.856658697128296,0.0,1.0978424119949342,0
1,109,-0.053234100341796875,1,4.955291748046875,0.0,0.9944259643554687,0
1,110,-0.029541015625,1,1.6746519804000854,0.0,1.1074249291419982,0
1,111,-0.00704193115234375,1,0.0953674241900444,0.0,1.1840087892115116,0
1,112,0.001461029052734375,1,0.3242492377758026,0.0,1.1964370733499528,0
1,113,-0.0135498046875,1,1.6403197050094604,0.0,1.1400939965248107,0
1,114,-0.011463165283203125,1,0.6370543837547302,0.0,1.164332581758499,0
1,115,0.007080078125,1,0.6675719618797302,0.0,1.2008087170124053,0
1,116,-0.00266265869140625,1,0.4768371284008026,0.0,1.1851379400491715,0
1,117,0.00080108642578125,1,1.110076904296875,0.0,1.179400634765625,0
1,118,0.021488189697265625,1,2.28118896484375,0.0,1.1973526000976562,0
1,119,-0.000705718994140625,1,1.7242430448532104,0.0,1.1641037011146544,0
1,120,-0.0292205810546875,1,3.479003667831421,0.0,1.0719787645339967,0
1,121,-0.031719207763671875,1,3.295898199081421,0.0,1.070643620491028,0
1,122,-0.02532196044921875,1,2.06756591796875,0.0,1.1080047607421875,0
1,123,-0.019214630126953125,1,1.3618468046188354,0.0,1.134333803653717,0
1,124,-0.007720947265625,1,0.133514404296875,0.0,1.1818878173828125,0
1,125,0.006256103515625,1,1.5029906034469604,0.0,1.1824523949623107,0
1,126,0.03044891357421875,1,3.265380620956421,0.0,1.1955902147293092,0
1,127,0.029895782470703125,1,2.346038818359375,0.0,1.2128707885742187,0
1,128,0.011081695556640625,1,0.2365112155675888,0.0,1.2174331668019294,0
1,129,-0.01059722900390625,1,1.3542174100875854,0.0,1.1517211937904357,0
1,130,-0.01070404052734375,1,1.13677978515625,0.0,1.1558563232421875,0
1,131,-0.01615142822265625,1,2.285003662109375,0.0,1.1219970703125,0
1,132,-0.027812957763671875,1,1.6937254667282104,0.0,1.110499575138092,0
1,133,0.0063018798828125,1,1.129150390625,0.0,1.190020751953125,0
1,134,0.00464630126953125,1,0.7667540907859802,0.0,1.1939575207233428,0
1,135,0.016010284423828125,1,2.193450927734375,0.0,1.1881515502929687,0
1,136,0.02236175537109375,1,2.048492431640625,0.0,1.203753662109375,0
1,137,0.019535064697265625,1,1.094818115234375,0.0,1.2171737670898437,0
1,138,-0.00508880615234375,1,1.2969969511032104,0.0,1.1638824486732482,0
1,139,-0.01618194580078125,1,1.9454954862594604,0.0,1.1287261986732482,0
1,140,-0.021808624267578125,1,1.8730162382125854,0.0,1.118922426700592,0
1,141,-0.01067352294921875,1,0.6408690810203552,0.0,1.1658355724811553,0
1,142,-0.00421905517578125,1,0.2593994140625,0.0,1.1863739013671875,0
1,143,-0.00201416015625,1,0.4386901557445526,0.0,1.187197876572609,0
1,144,-0.010593414306640625,1,1.7318724393844604,0.0,1.1441757225990294,0
1,145,-0.02651214599609375,1,3.479003667831421,0.0,1.0773956346511842,0
1,146,-0.042583465576171875,1,4.413604736328125,0.0,1.0265609741210937,0
1,147,-0.0417327880859375,1,4.405975341796875,0.0,1.0284149169921875,0
1,148,-0.05159759521484375,1,6.031035900115967,0.0,0.9761840915679931,0
1,149,-0.06845855712890625,1,6.515502452850342,0.0,0.9327728366851806,0
1,150,-0.05117034912109375,1,4.291534423828125,0.0,1.01182861328125,0
1,151,-0.03780364990234375,1,3.665923833847046,0.0,1.0510742235183717,0
1,152,-0.0372772216796875,1,3.471374273300171,0.0,1.0560180711746217,0
1,153,-0.025936126708984375,1,1.21307373046875,0.0,1.1238662719726562,0
1,154,0.007160186767578125,1,1.3961790800094604,0.0,1.186396791934967,0
1,155,0.01171112060546875,1,0.9956359267234802,0.0,1.2035095226764678,0
1,156,0.00952911376953125,1,1.3504027128219604,0.0,1.1920501732826232,0
1,157,0.02069854736328125,1,2.155303955078125,0.0,1.198291015625,0
1,158,0.021442413330078125,1,3.433227300643921,0.0,1.174220280647278,0
1,159,0.055385589599609375,1,5.317687511444092,0.0,1.2044174289703369,0
1,160,0.032932281494140625,1,1.6822813749313354,0.0,1.2322189354896544,0
1,161,0.014492034912109375,1,3.253936529159546,0.0,1.163905339241028,0
1,162,0.06282806396484375,1,6.755828380584717,0.0,1.1905395603179931,0
1,163,0.0508270263671875,1,3.738403081893921,0.0,1.2268859910964967,0
1,164,0.02169036865234375,1,1.4228819608688354,0.0,1.2149230980873107,0
1,165,0.00164031982421875,1,1.018524169921875,0.0,1.18291015625,0
1,166,-0.01909637451171875,1,1.4839171171188354,0.0,1.1321289086341857,0
1,167,0.000446319580078125,1,0.7476806044578552,0.0,1.185939027070999,0
1,168,0.007282257080078125,1,0.4386901557445526,0.0,1.2057907110452653,0
1,169,-0.013294219970703125,1,3.524780035018921,0.0,1.1029159593582154,0
1,170,-0.060791015625,1,5.847930431365967,0.0,0.9614593601226806,0
1,171,-0.032161712646484375,1,2.746581792831421,0.0,1.0807449388504027,0
1,172,-0.034618377685546875,1,3.917693853378296,0.0,1.0524093675613404,0
1,173,-0.040294647216796875,1,3.250121831893921,0.0,1.054408268928528,0
1,174,-0.009857177734375,1,0.308990478515625,0.0,1.1741058349609375,0
1,175,-0.009185791015625,1,0.55694580078125,0.0,1.170489501953125,0
1,176,0.00363922119140625,1,0.0534057579934597,0.0,1.2062103272229432,0
1,177,-0.013889312744140625,1,1.3923643827438354,0.0,1.144374086856842,0
1,178,0.000682830810546875,1,1.6670225858688354,0.0,1.168025209903717,0
1,179,0.02516937255859375,1,2.422332763671875,0.0,1.20189208984375,0
1,180,0.00821685791015625,1,0.0877380296587944,0.0,1.2146789552271366,0
1,181,0.00202178955078125,1,1.201629638671875,0.0,1.180010986328125,0
1,182,0.03168487548828125,1,2.944946050643921,0.0,1.204470829963684,0
1,183,0.01912689208984375,1,1.5106199979782104,0.0,1.2080413842201232,0
1,184,0.00759124755859375,1,0.0762939453125,0.0,1.2136566162109375,0
1,185,-0.00695037841796875,1,0.7820128798484802,0.0,1.1704589855670928,0
1,186,-0.00487518310546875,1,0.4005431830883026,0.0,1.1822387701272965,0
1,187,0.000171661376953125,1,0.2136230319738388,0.0,1.1960708621144294,0
1,188,0.000240325927734375,1,0.6904601454734802,0.0,1.186671448945999,0
1,189,-0.0148773193359375,1,0.614166259765625,0.0,1.1579620361328125,0
1,190,0.013179779052734375,1,2.0294189453125,0.0,1.1857711791992187,0
1,191,0.0057830810546875,1,1.068115234375,0.0,1.190203857421875,0
1,192,-0.028072357177734375,1,3.532409429550171,0.0,1.073207097053528,0
1,193,-0.0316619873046875,1,3.360748052597046,0.0,1.0694610643386842,0
1,194,-0.02925872802734375,1,2.738952398300171,0.0,1.086703495979309,0
1,195,-0.027530670166015625,1,1.155853271484375,0.0,1.1218215942382812,0
1,196,0.014080047607421875,1,3.356933355331421,0.0,1.1610214281082154,0
1,197,0.042858123779296875,1,4.482269287109375,0.0,1.1960708618164062,0
1,198,0.01793670654296875,1,0.8087157607078552,0.0,1.2196990978717803,0
1,199,0.021747589111328125,1,2.975463628768921,0.0,1.1839859056472777,0
1,200,0.04012298583984375,1,4.917144775390625,0.0,1.181903076171875,0
1,201,0.050701141357421875,1,5.462646007537842,0.0,1.1921493625640869,0
1,202,0.040988922119140625,1,2.376556396484375,0.0,1.2344467163085937,0
1,203,0.01294708251953125,1,1.5068053007125854,0.0,1.1957580590248107,0
1,204,0.03418731689453125,1,4.00543212890625,0.0,1.1882659912109375,0
1,205,0.04205322265625,1,3.795623540878296,0.0,1.2081939744949342,0
1,206,0.02870941162109375,1,2.658843755722046,0.0,1.2042419481277464,0
1,207,0.029850006103515625,1,3.280639410018921,0.0,1.194087224006653,0
1,208,0.034198760986328125,1,3.013610601425171,0.0,1.2081253099441527,0
1,209,0.013790130615234375,1,1.6708372831344604,0.0,1.1941635155677794,0
1,210,-0.061798095703125,1,7.965087413787842,0.0,0.9171020603179931,0
1,211,-0.07709503173828125,1,4.322052001953125,0.0,0.959368896484375,0
1,212,-0.010478973388671875,1,0.1792907565832138,0.0,1.1754562380909919,0
1,213,0.005252838134765625,1,0.6408690810203552,0.0,1.197688294649124,0
1,214,0.008083343505859375,1,1.6250609159469604,0.0,1.1836654686927794,0
1,215,0.027130126953125,1,2.09808349609375,0.0,1.212298583984375,0
1,216,0.00251007080078125,1,0.0801086351275444,0.0,1.2034179688990116,0
1,217,0.007892608642578125,1,0.152587890625,0.0,1.2127334594726562,0
1,218,-0.0249786376953125,1,2.166748046875,0.0,1.106707763671875,0
1,219,-0.0110931396484375,1,1.4648436307907104,0.0,1.1485168480873107,0
1,220,-0.023624420166015625,1,2.010345458984375,0.0,1.1125442504882812,0
1,221,-0.006046295166015625,1,0.03814697265625,0.0,1.1871444702148437,0
1,222,-0.00205230712890625,1,1.6136168241500854,0.0,1.1636230492591857,0
1,223,-0.04077911376953125,1,5.035399913787842,0.0,1.0177337741851806,0
1,224,-0.04650115966796875,1,3.608703374862671,0.0,1.0348236131668092,0
1,225,-0.017330169677734375,1,0.9880065321922302,0.0,1.1455795300006866,0
1,226,-0.005645751953125,1,0.278472900390625,0.0,1.1831390380859375,0
1,227,-0.004421234130859375,1,1.224517822265625,0.0,1.1666671752929687,0
1,228,-0.025943756103515625,1,3.227233648300171,0.0,1.0835678148269654,0
1,229,-0.03340911865234375,1,3.376006841659546,0.0,1.0656616258621217,0
1,230,-0.033039093017578125,1,3.204345464706421,0.0,1.0698349046707154,0
1,231,-0.028499603271484375,1,2.044677734375,0.0,1.1021072387695312,0
1,232,-0.00684356689453125,1,0.1068115159869194,0.0,1.1841766358911991,0
1,233,0.0101470947265625,1,1.2588499784469604,0.0,1.1951171898841857,0
1,234,0.013797760009765625,1,1.9416807889938354,0.0,1.1887619042396544,0
1,235,0.027698516845703125,1,4.5013427734375,0.0,1.1653701782226562,0
1,236,0.0685577392578125,1,6.889342784881592,0.0,1.1993286228179931,0
1,237,0.038791656494140625,1,2.0904541015625,0.0,1.2357742309570312,0
1,238,0.020236968994140625,1,1.7166136503219604,0.0,1.206141664981842,0
1,239,0.011348724365234375,1,1.2893675565719604,0.0,1.1969100975990294,0
1,240,0.02127838134765625,1,1.8539427518844604,0.0,1.2054779076576232,0
1,241,0.01354217529296875,1,1.7089842557907104,0.0,1.1929046654701232,0
1,242,0.03244781494140625,1,5.527495861053467,0.0,1.1543457126617431,0
1,243,0.07436752319335938,1,8.632659912109375,0.0,1.1760818481445312,0
1,244,0.063720703125,1,4.53948974609375,0.0,1.236651611328125,0
1,245,0.041416168212890625,1,2.918243169784546,0.0,1.2244674730300902,0
1,246,0.011585235595703125,1,1.8348692655563354,0.0,1.1864730858802794,0
1,247,0.061252593994140625,1,6.122588634490967,0.0,1.2000534152984619,0
1,248,0.04221343994140625,1,3.704070806503296,0.0,1.2103454637527467,0
1,249,0.04094696044921875,1,4.08172607421875,0.0,1.2002593994140625,0
1,250,0.03462982177734375,1,3.635406255722046,0.0,1.1965515184402467,0
1,251,-0.03658294677734375,1,3.604888677597046,0.0,1.0547363328933717,0
1,252,-0.033626556396484375,1,2.967834234237671,0.0,1.0733902025222777,0
1,253,-0.02007293701171875,1,0.0915527269244194,0.0,1.1580230714380741,0
1,254,0.015789031982421875,1,1.5220640897750854,0.0,1.201136782169342,0
1,255,-0.002838134765625,1,1.4114378690719604,0.0,1.1660949730873107,0
1,256,-0.019672393798828125,1,1.5525816679000854,0.0,1.129603579044342,0
1,257,3.4332275390625e-05,1,1.3618468046188354,0.0,1.1728317284584044,0
1,258,0.0200042724609375,1,2.03704833984375,0.0,1.199267578125,0
1,259,0.009708404541015625,1,0.3662109076976776,0.0,1.2120925909280778,0
1,260,0.00331878662109375,1,1.3504027128219604,0.0,1.1796295189857482,0
1,261,0.027927398681640625,1,3.505706548690796,0.0,1.1857406663894654,0
1,262,0.023365020751953125,1,1.239776611328125,0.0,1.2219345092773437,0
1,263,0.005008697509765625,1,0.4730224311351776,0.0,1.2005569463968278,0
1,264,-0.017581939697265625,1,3.726958990097046,0.0,1.090296940803528,0
1,265,-0.07500839233398438,1,7.442473888397217,0.0,0.9011337375640869,0
1,266,-0.058597564697265625,1,4.46319580078125,0.0,0.9935409545898437,0
1,267,-0.029331207275390625,1,2.132415771484375,0.0,1.0986892700195312,0
1,268,-0.021450042724609375,1,3.433227300643921,0.0,1.088435368537903,0
1,269,-0.057529449462890625,1,6.389617443084717,0.0,0.9571487522125244,0
1,270,-0.0567169189453125,1,5.088805675506592,0.0,0.9847900485992431,0
1,271,-0.040958404541015625,1,1.148223876953125,0.0,1.0951187133789062,0
1,272,0.01384735107421875,1,2.40325927734375,0.0,1.1796295166015625,0
1,273,0.01886749267578125,1,0.8392333388328552,0.0,1.2209503185749053,0
1,274,-0.008647918701171875,1,1.8959044218063354,0.0,1.1447860741615294,0
1,275,-0.02687835693359375,1,3.528594732284546,0.0,1.0756713914871217,0
1,276,-0.03954315185546875,1,2.35748291015625,0.0,1.0737640380859375,0
1,277,0.010498046875,1,2.536773443222046,0.0,1.170260624885559,0
1,278,0.025424957275390625,1,1.9073485136032104,0.0,1.212702944278717,0
1,279,0.00720977783203125,1,0.3662109076976776,0.0,1.207095337510109,0
1,280,0.0028839111328125,1,0.7972716689109802,0.0,1.1898223888874053,0
1,281,-0.029811859130859375,1,4.47845458984375,0.0,1.0508071899414062,0
1,282,-0.06268310546875,1,6.252288341522217,0.0,0.9495880222320556,0
1,283,-0.052825927734375,1,4.35638427734375,0.0,1.007220458984375,0
1,284,-0.017429351806640625,1,1.171112060546875,0.0,1.1417190551757812,0
1,285,-0.01717376708984375,1,0.7896422743797302,0.0,1.1498596203327178,0
1,286,0.01351165771484375,1,2.044677734375,0.0,1.1861297607421875,0
1,287,0.016803741455078125,1,1.4343260526657104,0.0,1.204920961856842,0
1,288,0.007251739501953125,1,1.2550352811813354,0.0,1.1894027733802794,0
1,289,-0.05208587646484375,1,6.412505626678467,0.0,0.9675781345367431,0
1,290,-0.05884552001953125,1,5.474090099334717,0.0,0.9728271579742431,0
1,291,-0.0283355712890625,1,0.4692077338695526,0.0,1.133944702744484,0
1,292,0.02069854736328125,1,2.1209716796875,0.0,1.1989776611328125,0
1,293,0.00914764404296875,1,0.301361083984375,0.0,1.21226806640625,0
1,294,-0.0197906494140625,1,2.285003662109375,0.0,1.1147186279296875,0
1,295,-0.014675140380859375,1,0.7972716689109802,0.0,1.1547042858600616,0
1,296,0.000484466552734375,1,1.033782958984375,0.0,1.1802932739257812,0
1,297,0.020580291748046875,1,1.8310545682907104,0.0,1.2045394921302794,0
1,298,0.0062255859375,1,0.2021789401769638,0.0,1.2084075930714606,0
1,299,0.003002166748046875,1,0.2403259128332138,0.0,1.2011978152394294,0
1,300,-0.002017974853515625,1,1.220703125,0.0,1.1715499877929687,0
1,301,-0.02648162841796875,1,2.716064214706421,0.0,1.092715458869934,0
1,302,-0.01861572265625,1,1.9607542753219604,0.0,1.1235534691810607,0
1,303,-0.02291107177734375,1,2.0294189453125,0.0,1.1135894775390625,0
1,304,0.003620147705078125,1,1.0986328125,0.0,1.1852676391601562,0
1,305,0.008014678955078125,1,1.21307373046875,0.0,1.1917678833007812,0
1,306,0.020053863525390625,1,2.914428472518921,0.0,1.1818191576004027,0
1,307,0.03491973876953125,1,3.662109136581421,0.0,1.1965972948074342,0
1,308,0.035053253173828125,1,2.47955322265625,0.0,1.2205154418945312,0
1,309,0.013797760009765625,1,0.4081725776195526,0.0,1.2194320684671403,0
1,310,-0.0052490234375,1,1.16729736328125,0.0,1.166156005859375,0
1,311,-0.016689300537109375,1,1.6288756132125854,0.0,1.1340438866615294,0
1,312,-0.017528533935546875,1,2.506256103515625,0.0,1.1148178100585937,0
1,313,-0.04567718505859375,1,5.527495861053467,0.0,0.9980957126617431,0
1,314,-0.0565338134765625,1,5.943297863006592,0.0,0.9680664157867431,0
1,315,-0.043659210205078125,1,2.750396490097046,0.0,1.0576736497879027,0
1,316,-0.006866455078125,1,0.7247924208641052,0.0,1.1717712414264678,0
1,317,0.01857757568359375,1,2.437591552734375,0.0,1.1884033203125,0
1,318,0.02552032470703125,1,2.28118896484375,0.0,1.2054168701171875,0
1,319,0.016643524169921875,1,1.4572142362594604,0.0,1.2041427636146544,0
1,320,0.015155792236328125,1,1.5373228788375854,0.0,1.1995651268959044,0
1,321,0.014556884765625,1,1.216888427734375,0.0,1.2047760009765625,0
1,322,0.0065765380859375,1,0.1029968187212944,0.0,1.2110931397974491,0
1,323,-0.01055908203125,1,1.2550352811813354,0.0,1.1537811303138732,0
1,324,-0.00809478759765625,1,0.7057189345359802,0.0,1.1696960461139678,0
1,325,-0.007915496826171875,1,1.110076904296875,0.0,1.1619674682617187,0
1,326,-0.015575408935546875,1,0.9155272841453552,0.0,1.150538636445999,0
1,327,0.00775909423828125,1,1.8501280546188354,0.0,1.1785156273841857,0
1,328,0.0219573974609375,1,1.04522705078125,0.0,1.22301025390625,0
1,329,-0.01434326171875,1,2.510070562362671,0.0,1.1211120653152464,0
1,330,-0.02535247802734375,1,2.23541259765625,0.0,1.1045867919921875,0
1,331,-0.0172119140625,1,1.8310545682907104,0.0,1.1289550805091857,0
1,332,-0.0206451416015625,1,0.9956359267234802,0.0,1.1387969982624053,0
1,333,0.010150909423828125,1,1.1444091796875,0.0,1.1974136352539062,0
1,334,-0.002582550048828125,1,1.155853271484375,0.0,1.1717178344726562,0
1,335,-0.0166778564453125,1,1.5068053007125854,0.0,1.1365081810951232,0
1,336,-0.006011962890625,1,0.4386901557445526,0.0,1.179202271103859,0
1,337,0.017547607421875,1,2.4261474609375,0.0,1.186572265625,0
1,338,0.026271820068359375,1,2.536773443222046,0.0,1.2018081712722777,0
1,339,0.024478912353515625,1,3.269195318222046,0.0,1.1835739183425904,0
1,340,0.04418182373046875,1,3.360748052597046,0.0,1.2211486864089967,0
1,341,0.006954193115234375,1,0.4730224311351776,0.0,1.2044479376077653,0
1,342,0.016933441162109375,1,0.9002684950828552,0.0,1.2158615124225616,0
1,343,-0.015094757080078125,1,2.376556396484375,0.0,1.1222793579101562,0
1,344,-0.0188446044921875,1,0.7858275771141052,0.0,1.1465942394733428,0
1,345,0.008625030517578125,1,2.193450927734375,0.0,1.1733810424804687,0
1,346,0.035251617431640625,1,2.616882085800171,0.0,1.2181655931472777,0
1,347,0.006725311279296875,1,0.26702880859375,0.0,1.2081100463867187,0
1,348,-0.005123138427734375,1,0.8010863661766052,0.0,1.173731995820999,0
1,349,-0.009738922119140625,1,0.2250671237707138,0.0,1.1760208132863044,0
1,350,0.008358001708984375,1,0.507354736328125,0.0,1.2065689086914062,0
1,351,-0.00914764404296875,1,1.4457701444625854,0.0,1.1527893090248107,0
1,352,-0.01235198974609375,1,1.4114378690719604,0.0,1.1470672631263732,0
1,353,-0.020263671875,1,2.841949224472046,0.0,1.102633671760559,0
1,354,-0.04447174072265625,1,5.519866466522217,0.0,1.0006591892242431,0
1,355,-0.052928924560546875,1,4.60052490234375,0.0,1.0021316528320312,0
1,356,-0.000865936279296875,1,2.09808349609375,0.0,1.1563064575195312,0
1,357,0.02341461181640625,1,1.8959044218063354,0.0,1.2089111351966857,0
1,358,0.00734710693359375,1,0.0953674241900444,0.0,1.2127868653833866,0
1,359,-0.006137847900390625,1,0.6942748427391052,0.0,1.1738388073444366,0
1,360,0.001277923583984375,1,0.5035400390625,0.0,1.1924850463867187,0
1,361,0.005252838134765625,1,0.3890990912914276,0.0,1.2027236944437028,0
1,362,0.00046539306640625,1,0.4196166694164276,0.0,1.192538452744484,0
1,363,-0.012516021728515625,1,0.545501708984375,0.0,1.1640579223632812,0
1,364,0.010234832763671875,1,1.3732908964157104,0.0,1.1930038475990294,0
1,365,0.0058135986328125,1,0.54931640625,0.0,1.200640869140625,0
1,366,-0.016510009765625,1,1.6708372831344604,0.0,1.1335632348060607,0
1,367,0.006031036376953125,1,1.8730162382125854,0.0,1.1746017479896544,0
1,368,0.02967071533203125,1,4.57763671875,0.0,1.1677886962890625,0
1,369,0.06416702270507812,1,7.942199230194092,0.0,1.1694900608062744,0
1,370,0.06796646118164062,1,6.286620616912842,0.0,1.2102005100250244,0
1,371,0.06312942504882812,1,5.619048595428467,0.0,1.2138778781890869,0
1,372,0.03548431396484375,1,1.068115234375,0.0,1.2496063232421875,0
1,373,-0.009548187255859375,1,2.643584966659546,0.0,1.1280319261550902,0
1,374,-0.049327850341796875,1,5.485534191131592,0.0,0.9916336154937744,0
1,375,-0.055576324462890625,1,4.66156005859375,0.0,0.9956161499023437,0
1,376,-0.024585723876953125,1,0.2288818210363388,0.0,1.1462509158253669,0
1,377,0.022388458251953125,1,3.822326421737671,0.0,1.168330388069153,0
1,378,0.0460205078125,1,4.32586669921875,0.0,1.205523681640625,0
1,379,0.03188323974609375,1,1.7547606229782104,0.0,1.2286712670326232,0
1,380,0.0076904296875,1,0.3814696967601776,0.0,1.2077514654397965,0
1,381,-0.0010528564453125,1,0.9803771376609802,0.0,1.1782867443561553,0
1,382,-0.024383544921875,1,3.627776861190796,0.0,1.0786773729324342,0
1,383,-0.049861907958984375,1,4.154205322265625,0.0,1.0171920776367187,0
1,384,-0.02447509765625,1,0.8010863661766052,0.0,1.1350280773639678,0
1,385,0.0159759521484375,1,1.4305113554000854,0.0,1.2033416771888732,0
1,386,-0.010166168212890625,1,2.925872564315796,0.0,1.1211502122879027,0
1,387,-0.051296234130859375,1,5.149840831756592,0.0,0.9944107151031494,0
1,388,-0.04163360595703125,1,3.540038824081421,0.0,1.0459320116043092,0
1,389,-0.0155792236328125,1,0.133514404296875,0.0,1.1661712646484375,0
1,390,0.007625579833984375,1,0.1831054538488388,0.0,1.2115890505909919,0
1,391,-0.01416015625,1,1.4266966581344604,0.0,1.1431457543373107,0
1,392,0.002239227294921875,1,2.346038818359375,0.0,1.1575576782226562,0
1,393,0.052150726318359375,1,6.813048839569092,0.0,1.1680404758453369,0
1,394,0.07470321655273438,1,4.425048828125,0.0,1.2609054565429687,0
1,395,0.01145172119140625,1,0.034332275390625,0.0,1.222216796875,0
1,396,0.00028228759765625,1,1.24359130859375,0.0,1.1756927490234375,0
1,397,0.034259796142578125,1,4.1046142578125,0.0,1.1864273071289062,0
1,398,0.0362091064453125,1,3.211974859237671,0.0,1.2081787157058717,0
1,399,0.02285003662109375,1,0.270843505859375,0.0,1.240283203125,0
1,400,-0.0245819091796875,1,2.25830078125,0.0,1.105670166015625,0
1,401,0.00026702880859375,1,0.007629394065588713,0.0,1.2003814697358757,0
1,402,-0.01247406005859375,1,2.845763921737671,0.0,1.118136601448059,0
1,403,-0.048404693603515625,1,6.179809093475342,0.0,0.9795944309234619,0
1,404,-0.06981658935546875,1,6.778716564178467,0.0,0.9247924900054931,0
1,405,-0.054706573486328125,1,4.116058349609375,0.0,1.0082656860351562,0
1,406,-0.023990631103515625,1,1.3313292264938354,0.0,1.125392153263092,0
1,407,-0.006500244140625,1,0.530242919921875,0.0,1.1763946533203125,0
1,408,-0.005573272705078125,1,0.1220703050494194,0.0,1.1864120484888554,0
1,409,0.029232025146484375,1,4.29534912109375,0.0,1.1725570678710937,0
1,410,0.0498199462890625,1,4.314422607421875,0.0,1.2133514404296875,0
1,411,0.02304840087890625,1,0.8697509169578552,0.0,1.2287017834186553,0
1,412,-0.00342559814453125,1,0.8926391005516052,0.0,1.1752960216999053,0
1,413,-0.0067596435546875,1,0.4768371284008026,0.0,1.176943970322609,0
1,414,0.019382476806640625,1,0.6752013564109802,0.0,1.2252609264850616,0
1,415,-0.0247802734375,1,4.63104248046875,0.0,1.057818603515625,0
1,416,-0.060909271240234375,1,6.290435314178467,0.0,0.9523727512359619,0
1,417,-0.06699752807617188,1,6.153106212615967,0.0,0.9429428195953369,0
1,418,-0.048961639404296875,1,3.173827886581421,0.0,1.038600163459778,0
1,419,-0.015613555908203125,1,0.30517578125,0.0,1.1626693725585937,0
1,420,0.035335540771484375,1,5.672454357147217,0.0,1.1572219944000244,0
1,421,0.0733642578125,1,8.4075927734375,0.0,1.17857666015625,0
1,422,0.08747482299804688,1,7.732390880584717,0.0,1.2203018283843994,0
1,423,0.05132293701171875,1,2.941131353378296,0.0,1.2438232469558714,0
1,424,0.00600433349609375,1,0.8316039443016052,0.0,1.1953765881061553,0
1,425,-0.01749420166015625,1,2.124786376953125,0.0,1.122515869140625,0
1,426,-0.023021697998046875,1,2.979278326034546,0.0,1.0943710374832152,0
1,427,-0.0426177978515625,1,5.321502208709717,0.0,1.0083343601226806,0
1,428,-0.06353759765625,1,6.938933849334717,0.0,0.9341461277008056,0
1,429,-0.07207107543945312,1,4.535675048828125,0.0,0.9651443481445312,0
1,430,-0.01541900634765625,1,0.28228759765625,0.0,1.1635162353515625,0
1,431,0.01873779296875,1,1.5525816679000854,0.0,1.2064239525794982,0
1,432,-0.01148223876953125,1,3.940582036972046,0.0,1.0982238817214967,0
1,433,-0.058506011962890625,1,7.541656017303467,0.0,0.9321548557281494,0
1,434,-0.0729827880859375,1,6.053924083709717,0.0,0.9329559421539306,0
1,435,-0.038875579833984375,1,3.246307134628296,0.0,1.0573226976394654,0
1,436,-0.041385650634765625,1,6.126403331756592,0.0,0.9947006320953369,0
1,437,-0.09026718139648438,1,9.723663330078125,0.0,0.8249923706054687,0
1,438,-0.08200836181640625,1,5.790709972381592,0.0,0.9201690769195556,0
1,439,-0.020641326904296875,1,0.1182556077837944,0.0,1.1563522340357304,0
1,440,0.0261688232421875,1,2.971648931503296,0.0,1.192904667854309,0
1,441,0.019405364990234375,1,0.4920959174633026,0.0,1.2289688116312028,0
1,442,-0.016033172607421875,1,2.902984380722046,0.0,1.1098739671707152,0
1,443,-0.02942657470703125,1,1.7089842557907104,0.0,1.1069671654701232,0
1,444,0.03533172607421875,1,3.849029302597046,0.0,1.1936828660964967,0
1,445,0.008800506591796875,1,1.033782958984375,0.0,1.1969253540039062,0
1,446,-0.0215911865234375,1,3.330230474472046,0.0,1.0902130174636842,0
1,447,-0.043243408203125,1,5.554198741912842,0.0,1.0024292087554931,0
1,448,-0.0832366943359375,1,7.823943614959717,0.0,0.8770477390289306,0
1,449,-0.05832672119140625,1,4.974365234375,0.0,0.9838592529296875,0
1,450,-0.024562835693359375,1,1.5563963651657104,0.0,1.119746401309967,0
1,451,-0.025177001953125,1,1.4648436307907104,0.0,1.1203491234779357,0
1,452,0.00368499755859375,1,0.2250671237707138,0.0,1.2028686526417731,0
1,453,-0.0138702392578125,1,3.021239995956421,0.0,1.1118347215652464,0
1,454,-0.0543670654296875,1,5.531310558319092,0.0,0.9806396579742431,0
1,455,-0.048076629638671875,1,3.696441411972046,0.0,1.0299179124832154,0
1,456,-0.02051544189453125,1,1.9989012479782104,0.0,1.1189910912513732,0
1,457,-0.031154632568359375,1,1.8844603300094604,0.0,1.100001528263092,0
1,458,0.0052032470703125,1,1.4495848417282104,0.0,1.1814147973060607,0
1,459,0.01035308837890625,1,0.1602172702550888,0.0,1.2175018313527106,0
1,460,-0.023815155029296875,1,2.13623046875,0.0,1.1096450805664062,0
1,461,-0.0014801025390625,1,0.9231566786766052,0.0,1.1785766613483428,0
1,462,0.011333465576171875,1,0.2593994140625,0.0,1.2174789428710937,0
1,463,-0.0155029296875,1,2.22015380859375,0.0,1.124591064453125,0
1,464,-0.0263214111328125,1,4.604339599609375,0.0,1.0552703857421875,0
1,465,-0.07597732543945312,1,7.499694347381592,0.0,0.8980514621734619,0
1,466,-0.046123504638671875,1,4.24957275390625,0.0,1.0227615356445312,0
1,467,-0.053020477294921875,1,4.528045654296875,0.0,1.0033981323242187,0
1,468,-0.03227996826171875,1,1.7700194120407104,0.0,1.1000396752357482,0
1,469,-0.000335693359375,1,0.4844665229320526,0.0,1.189639282822609,0
1,470,0.001178741455078125,1,0.0877380296587944,0.0,1.2006027223169804,0
1,471,0.00023651123046875,1,0.8316039443016052,0.0,1.1838409435749053,0
1,472,0.0214385986328125,1,2.262115478515625,0.0,1.1976348876953125,0
1,473,0.01369476318359375,1,1.2893675565719604,0.0,1.2016021752357482,0
1,474,0.016490936279296875,1,2.017974853515625,0.0,1.1926223754882812,0
1,475,0.02468109130859375,1,2.288818359375,0.0,1.2035858154296875,0
1,476,0.014347076416015625,1,1.6441344022750854,0.0,1.1958114647865294,0
1,477,0.032901763916015625,1,4.7760009765625,0.0,1.1702835083007812,0
1,478,0.059131622314453125,1,5.092620372772217,0.0,1.2164108371734619,0
1,479,0.02478790283203125,1,0.9536742568016052,0.0,1.2305023205280303,0
1,480,0.0020294189453125,1,0.3890990912914276,0.0,1.1962768560647965,0
1,481,0.009143829345703125,1,1.2931822538375854,0.0,1.1924240136146544,0
1,482,0.010906219482421875,1,0.530242919921875,0.0,1.2112075805664062,0
1,483,-0.01772308349609375,1,3.154754400253296,0.0,1.1014587450027467,0
1,484,-0.04343414306640625,1,5.050658702850342,0.0,1.0121185398101806,0
1,485,-0.05216217041015625,1,4.55474853515625,0.0,1.0045806884765625,0
1,486,-0.030574798583984375,1,2.223968505859375,0.0,1.0943710327148437,0
1,487,-0.014736175537109375,1,0.1983642429113388,0.0,1.1665603640675544,0
1,488,0.01721954345703125,1,2.731323003768921,0.0,1.179812626838684,0
1,489,0.028995513916015625,1,2.0904541015625,0.0,1.2161819458007812,0
1,490,0.0021209716796875,1,1.2054443359375,0.0,1.180133056640625,0
1,491,-0.0232391357421875,1,2.353668212890625,0.0,1.1064483642578125,0
1,492,-0.01749420166015625,1,2.22015380859375,0.0,1.1206085205078125,0
1,493,-0.035068511962890625,1,3.871917486190796,0.0,1.052424626350403,0
1,494,-0.0370941162109375,1,2.746581792831421,0.0,1.0708801317214964,0
1,495,-0.018428802490234375,1,1.5335081815719604,0.0,1.132472231388092,0
1,496,-0.008106231689453125,1,0.156402587890625,0.0,1.1806594848632812,0
1,497,0.01734161376953125,1,2.3651123046875,0.0,1.1873809814453125,0
1,498,0.024662017822265625,1,2.975463628768921,0.0,1.1898147630691527,0
1,499,0.03375244140625,1,4.35638427734375,0.0,1.180377197265625,0
1,500,0.05838775634765625,1,6.343841075897217,0.0,1.1898986911773681,0
1,501,0.05352783203125,1,5.058288097381592,0.0,1.2058899021148681,0
1,502,0.025943756103515625,1,0.7858275771141052,0.0,1.236170960664749,0
1,503,-0.041477203369140625,1,4.6234130859375,0.0,1.0245773315429687,0
1,504,-0.024723052978515625,1,0.9078978896141052,0.0,1.1323959362506866,0
1,505,0.01952362060546875,1,3.593444585800171,0.0,1.1671783494949342,0
1,506,0.04620361328125,1,4.299163818359375,0.0,1.2064239501953125,0
1,507,0.036899566650390625,1,2.498626708984375,0.0,1.2238265991210937,0
1,508,0.00658416748046875,1,0.2288818210363388,0.0,1.2085906985402106,0
1,509,-0.00720977783203125,1,0.9307860732078552,0.0,1.1669647228717803,0
1,510,-0.011707305908203125,1,1.5563963651657104,0.0,1.1454574608802794,0
1,511,-0.01778411865234375,1,1.8196104764938354,0.0,1.1280395531654357,0
1,512,-0.008525848388671875,1,0.7286071181297302,0.0,1.1683761608600616,0
1,513,-0.014751434326171875,1,0.072479248046875,0.0,1.1690475463867187,0
1,514,0.0306854248046875,1,3.990173101425171,0.0,1.1815673875808717,0
1,515,0.03014373779296875,1,2.696990728378296,0.0,1.2063476610183714,0
1,516,0.015888214111328125,1,0.3280639350414276,0.0,1.2252151495218278,0
1,517,-0.006206512451171875,1,0.6446837782859802,0.0,1.1746932995319366,0
1,518,-0.000446319580078125,1,0.0038146970327943563,0.0,1.199031066899188,0
1,519,-0.00765228271484375,1,1.0528564453125,0.0,1.1636383056640625,0
1,520,-0.010128021240234375,1,0.583648681640625,0.0,1.1680709838867187,0
1,521,0.0012969970703125,1,0.3662109076976776,0.0,1.1952697759866715,0
1,522,2.288818359375e-05,1,0.2403259128332138,0.0,1.1952392581105231,0
1,523,-0.002735137939453125,1,0.4196166694164276,0.0,1.1861373907327653,0
1,524,0.01702880859375,1,2.38800048828125,0.0,1.186297607421875,0
1,525,0.0248260498046875,1,1.8234251737594604,0.0,1.2131835961341857,0
1,526,0.004917144775390625,1,0.011444090865552425,0.0,1.2096054077334701,0
1,527,0.000396728515625,1,0.019073486328125,0.0,1.2004119873046875,0
1,528,-0.000701904296875,1,0.1220703050494194,0.0,1.1961547853052616,0
1,529,0.0010833740234375,1,1.0223388671875,0.0,1.181719970703125,0
1,530,0.02756500244140625,1,3.940582036972046,0.0,1.1763183641433717,0
1,531,0.045597076416015625,1,3.906249761581421,0.0,1.213069157600403,0
1,532,0.01969146728515625,1,0.576019287109375,0.0,1.227862548828125,0
1,533,-0.003570556640625,1,0.0495910607278347,0.0,1.1918670655041932,0
1,534,0.01348876953125,1,1.2359619140625,0.0,1.20225830078125,0
1,535,-0.0010833740234375,1,1.5373228788375854,0.0,1.1670867943763732,0
1,536,-0.041751861572265625,1,4.2877197265625,0.0,1.0307418823242187,0
1,537,-0.031169891357421875,1,1.7852782011032104,0.0,1.101954653263092,0
1,538,-0.001972198486328125,1,0.255584716796875,0.0,1.1909439086914062,0
1,539,0.001712799072265625,1,1.068115234375,0.0,1.1820632934570312,0
1,540,0.02634429931640625,1,2.643584966659546,0.0,1.1998168992996214,0
1,541,0.017070770263671875,1,2.246856689453125,0.0,1.1892044067382812,0
1,542,0.038585662841796875,1,4.161834716796875,0.0,1.1939346313476562,0
1,543,0.031528472900390625,1,1.6899107694625854,0.0,1.2292587304115294,0
1,544,-0.006988525390625,1,2.868652105331421,0.0,1.1286499071121214,0
1,545,-0.043621063232421875,1,5.008697509765625,0.0,1.0125839233398437,0
1,546,0.0,1,5.008697509765625,0.0,1.0998260498046875,0
1,547,0.0,1,5.008697509765625,0.0,1.0998260498046875,0
1,548,0.0,1,5.008697509765625,0.0,1.0998260498046875,0
1,549,0.0,1,5.008697509765625,0.0,1.0998260498046875,0
1,550,0.0,1,5.008697509765625,0.0,1.0998260498046875,0
1,551,0.0,1,5.008697509765625,0.0,1.0998260498046875,0
1,552,0.0,1,5.008697509765625,0.0,1.0998260498046875,0
1,553,0.0,1,5.008697509765625,0.0,1.0998260498046875,0
1,554,0.0,1,5.008697509765625,0.0,1.0998260498046875,0
1,555,0.0,1,5.008697509765625,0.0,1.0998260498046875,0
1,556,0.0,1,5.008697509765625,0.0,1.0998260498046875,0
1,557,0.0,1,5.008697509765625,0.0,1.0998260498046875,0
1,558,0.0,1,5.008697509765625,0.0,1.0998260498046875,0
1,559,0.0,1,5.008697509765625,0.0,1.0998260498046875,0
1,560,0.0,1,5.008697509765625,0.0,1.0998260498046875,0
1,561,0.0,1,5.008697509765625,0.0,1.0998260498046875,0
1,562,0.0,1,5.008697509765625,0.0,1.0998260498046875,0
1,563,0.0,1,5.008697509765625,0.0,1.0998260498046875,0
1,564,0.0,1,5.008697509765625,0.0,1.0998260498046875,0
1,565,0.0,1,5.008697509765625,0.0,1.0998260498046875,0
1,566,0.0,1,5.008697509765625,0.0,1.0998260498046875,0
1,567,0.0,1,5.008697509765625,0.0,1.0998260498046875,0
1,568,0.0,1,5.008697509765625,0.0,1.0998260498046875,0
1,569,0.0,1,5.008697509765625,0.0,1.0998260498046875,0
1,570,0.0,1,5.008697509765625,0.0,1.0998260498046875,0
1,571,0.0,1,5.008697509765625,0.0,1.0998260498046875,0
1,572,0.0,1,5.008697509765625,0.0,1.0998260498046875,0
1,573,0.0,1,5.008697509765625,0.0,1.0998260498046875,0
1,574,0.0,1,5.008697509765625,0.0,1.0998260498046875,0
1,575,0.0,1,5.008697509765625,0.0,1.0998260498046875,0
1,576,0.0,1,5.008697509765625,0.0,1.0998260498046875,0
1,577,0.0,1,5.008697509765625,0.0,1.0998260498046875,0
1,578,0.0,1,5.008697509765625,0.0,1.0998260498046875,0
1,579,0.0,1,5.008697509765625,0.0,1.0998260498046875,0
1,580,0.0,1,5.008697509765625,0.0,1.0998260498046875,0
1,581,0.0,1,5.008697509765625,0.0,1.0998260498046875,0
1,582,0.037380218505859375,1,4.2572021484375,0.0,1.1896163940429687,0
1,583,0.0250701904296875,1,0.0,0.0,1.250140380859375,0
1,584,0.02077484130859375,1,0.0,0.0,1.2415496826171875,0
1,585,0.005092620849609375,1,0.0,0.0,1.2101852416992187,0
1,586,0.0,1,0.0,0.0,1.2,0
1,587,0.00550079345703125,1,0.0,0.0,1.2110015869140625,0
1,588,0.0,1,0.0,0.0,1.2,0
1,589,0.0,1,0.0,0.0,1.2,0
1,590,0.047061920166015625,1,3.528594732284546,0.0,1.2235519456863404,0
1,591,0.01462554931640625,1,0.1373291015625,0.0,1.2265045166015625,0
1,592,-0.001323699951171875,1,0.57220458984375,0.0,1.1859085083007812,0
1,593,0.023433685302734375,1,3.669738531112671,0.0,1.1734725999832154,0
1,594,0.036441802978515625,1,2.23541259765625,0.0,1.2281753540039062,0
1,595,0.008697509765625,1,0.4806518256664276,0.0,1.2077819830179215,0
1,596,0.00470733642578125,1,0.9498595595359802,0.0,1.1904174816608428,0
1,597,0.00759124755859375,1,0.7400512099266052,0.0,1.2003814709186553,0
1,598,-0.01505279541015625,1,1.209259033203125,0.0,1.145709228515625,0
1,599,-0.00804901123046875,1,0.6637572646141052,0.0,1.1706268322467803,0
1,600,-0.017391204833984375,1,3.677367925643921,0.0,1.091670231819153,0
1,601,-0.062007904052734375,1,6.744384288787842,0.0,0.9410965061187744,0
1,602,-0.0595550537109375,1,5.912780284881592,0.0,0.9626342868804931,0
1,603,-0.04384613037109375,1,2.738952398300171,0.0,1.057528691291809,0
1,604,-0.013263702392578125,1,0.6408690810203552,0.0,1.1606552135944366,0
1,605,-0.01067352294921875,1,2.346038818359375,0.0,1.131732177734375,0
1,606,-0.02521514892578125,1,1.3656615018844604,0.0,1.1222564721107482,0
1,607,0.00373077392578125,1,1.8692015409469604,0.0,1.1700775170326232,0
1,608,0.036304473876953125,1,5.214690685272217,0.0,1.1683151340484619,0
1,609,0.06284332275390625,1,6.622313976287842,0.0,1.1932403659820556,0
1,610,0.05786895751953125,1,4.261016845703125,0.0,1.230517578125,0
1,611,0.02480316162109375,1,1.190185546875,0.0,1.2258026123046875,0
1,612,0.00302886962890625,1,0.0038146970327943563,0.0,1.2059814453171567,0
1,613,0.0009918212890625,1,0.4386901557445526,0.0,1.193209839463234,0
1,614,0.008914947509765625,1,1.2741087675094604,0.0,1.192347719669342,0
1,615,0.017459869384765625,1,1.7395018339157104,0.0,1.200129702091217,0
1,616,-0.0003662109375,1,2.674102544784546,0.0,1.145785527229309,0
1,617,-0.042568206787109375,1,3.875732183456421,0.0,1.037348942756653,0
1,618,-0.026279449462890625,1,1.3618468046188354,0.0,1.120204164981842,0
1,619,-0.013240814208984375,1,2.20489501953125,0.0,1.1294204711914062,0
1,620,-0.025875091552734375,1,3.120422124862671,0.0,1.0858413743972777,0
1,621,-0.03600311279296875,1,4.2572021484375,0.0,1.0428497314453125,0
1,622,-0.0460662841796875,1,4.55474853515625,0.0,1.0167724609375,0
1,623,-0.04694366455078125,1,5.138396739959717,0.0,1.0033447360992431,0
1,624,-0.045928955078125,1,3.211974859237671,0.0,1.0439025926589967,0
1,625,-0.0205841064453125,1,2.300262451171875,0.0,1.1128265380859375,0
1,626,-0.020931243896484375,1,0.3890990912914276,0.0,1.1503555303812028,0
1,627,0.00234222412109375,1,0.3280639350414276,0.0,1.198123169541359,0
1,628,-0.004459381103515625,1,1.7433165311813354,0.0,1.156214907169342,0
1,629,-0.0162811279296875,1,0.293731689453125,0.0,1.1615631103515625,0
1,630,0.01709747314453125,1,2.967834234237671,0.0,1.174838261604309,0
1,631,0.03208160400390625,1,2.532958745956421,0.0,1.213504033088684,0
1,632,0.01972198486328125,1,1.4839171171188354,0.0,1.2097656273841857,0
1,633,0.016361236572265625,1,2.445220947265625,0.0,1.1838180541992187,0
1,634,0.023250579833984375,1,2.0751953125,0.0,1.2049972534179687,0
1,635,0.008975982666015625,1,0.560760498046875,0.0,1.2067367553710937,0
1,636,-0.019489288330078125,1,3.787994146347046,0.0,1.085261540412903,0
1,637,-0.049991607666015625,1,4.917144775390625,0.0,1.0016738891601562,0
1,638,-0.04227447509765625,1,2.525329351425171,0.0,1.064944462776184,0
1,639,-0.012020111083984375,1,0.25177001953125,0.0,1.1709243774414062,0
1,640,0.00536346435546875,1,1.239776611328125,0.0,1.185931396484375,0
1,641,0.01446533203125,1,0.9117125868797302,0.0,1.2106964123249053,0
1,642,0.003509521484375,1,0.274658203125,0.0,1.20152587890625,0
1,643,0.005809783935546875,1,1.24359130859375,0.0,1.1867477416992187,0
1,644,0.0115203857421875,1,0.14495849609375,0.0,1.2201416015625,0
1,645,-0.028537750244140625,1,5.027770519256592,0.0,1.0423690891265869,0
1,646,-0.05550384521484375,1,5.996703624725342,0.0,0.9690582370758056,0
1,647,-0.0490570068359375,1,3.532409429550171,0.0,1.0312377977371217,0
1,648,-0.017070770263671875,1,0.1907348483800888,0.0,1.1620437625050544,0
1,649,0.009792327880859375,1,0.7820128798484802,0.0,1.203944398164749,0
1,650,-0.006587982177734375,1,3.097533941268921,0.0,1.1248733568191527,0
1,651,-0.061634063720703125,1,6.473540782928467,0.0,0.9472610569000244,0
1,652,-0.06567764282226562,1,6.423949718475342,0.0,0.9401657199859619,0
1,653,-0.060272216796875,1,7.514953136444092,0.0,0.9291565036773681,0
1,654,-0.07951736450195312,1,7.427215099334717,0.0,0.8924209690093994,0
1,655,-0.07350540161132812,1,6.557464122772217,0.0,0.9218399143218994,0
1,656,-0.07753372192382812,1,9.853363037109375,0.0,0.8478652954101562,0
1,657,-0.0970001220703125,1,10.185240745544434,0.0,0.8022949409484863,0
1,658,-0.08794784545898438,1,5.413054943084717,0.0,0.9158432102203369,0
1,659,-0.027805328369140625,1,0.8277892470359802,0.0,1.127833558320999,0
1,660,0.001598358154296875,1,0.0839233323931694,0.0,1.2015182496607304,0
1,661,-0.004131317138671875,1,0.6942748427391052,0.0,1.177851868867874,0
1,662,-0.00817108154296875,1,0.7743834853172302,0.0,1.1681701672077178,0
1,663,-0.01363372802734375,1,2.986907720565796,0.0,1.1129943895339964,0
1,664,-0.05103302001953125,1,5.306243419647217,0.0,0.9918090915679931,0
1,665,-0.055187225341796875,1,5.596160411834717,0.0,0.9777023410797119,0
1,666,-0.055431365966796875,1,5.489348888397217,0.0,0.9793502902984619,0
1,667,-0.045742034912109375,1,4.4708251953125,0.0,1.0190994262695312,0
1,668,-0.0464324951171875,1,4.894256591796875,0.0,1.0092498779296875,0
1,669,-0.059627532958984375,1,7.007598400115967,0.0,0.9405929660797119,0
1,670,-0.06267166137695312,1,5.882262706756592,0.0,0.9570114231109619,0
1,671,-0.047153472900390625,1,3.398895025253296,0.0,1.037715153694153,0
1,672,-0.03041839599609375,1,3.120422124862671,0.0,1.076754765510559,0
1,673,-0.031463623046875,1,3.063201665878296,0.0,1.075808720588684,0
1,674,-0.028842926025390625,1,3.627776861190796,0.0,1.069758610725403,0
1,675,-0.040557861328125,1,3.086089849472046,0.0,1.057162480354309,0
1,676,-0.017803192138671875,1,0.308990478515625,0.0,1.1582138061523437,0
1,677,0.012615203857421875,1,2.964019536972046,0.0,1.1659500169754027,0
1,678,0.041561126708984375,1,4.199981689453125,0.0,1.1991226196289062,0
1,679,0.03759002685546875,1,2.4261474609375,0.0,1.2266571044921875,0
1,680,0.013378143310546875,1,0.4730224311351776,0.0,1.2172958379983903,0
1,681,8.7738037109375e-05,1,0.0495910607278347,0.0,1.199183654859662,0
1,682,-0.00312042236328125,1,1.09100341796875,0.0,1.1719390869140625,0
1,683,-0.009532928466796875,1,0.148773193359375,0.0,1.1779586791992187,0
1,684,0.002323150634765625,1,0.9574889540672302,0.0,1.1854965221881866,0
1,685,-0.0066070556640625,1,1.3275145292282104,0.0,1.1602355980873107,0
1,686,0.02095794677734375,1,1.02996826171875,0.0,1.2213165283203125,0
1,687,0.0050506591796875,1,0.9727477431297302,0.0,1.1906463634967803,0
1,688,0.010311126708984375,1,0.9689330458641052,0.0,1.2012435925006866,0
1,689,0.00551605224609375,1,0.1144409105181694,0.0,1.2087432862818241,0
1,690,0.001476287841796875,1,0.598907470703125,0.0,1.1909744262695312,0
1,691,0.008846282958984375,1,1.209259033203125,0.0,1.1935073852539062,0
1,692,0.013996124267578125,1,1.5144346952438354,0.0,1.1977035546302794,0
1,693,0.013431549072265625,1,0.9727477431297302,0.0,1.2074081432819366,0
1,694,0.00481414794921875,1,0.1907348483800888,0.0,1.2058135989308356,0
1,695,0.008983612060546875,1,2.590179204940796,0.0,1.1661636400222777,0
1,696,0.0374908447265625,1,3.833770513534546,0.0,1.1983062791824342,0
1,697,0.03603363037109375,1,3.410339117050171,0.0,1.2038604784011842,0
1,698,0.019191741943359375,1,0.4043578803539276,0.0,1.2302963262796403,0
1,699,-0.01934051513671875,1,2.010345458984375,0.0,1.121112060546875,0
1,700,-0.011577606201171875,1,0.0457763634622097,0.0,1.175929260328412,0
1,701,0.00879669189453125,1,1.007080078125,0.0,1.1974517822265625,0
1,702,0.013088226318359375,1,2.32696533203125,0.0,1.1796371459960937,0
1,703,0.033905029296875,1,3.051757574081421,0.0,1.2067749071121214,0
1,704,0.031726837158203125,1,4.703521728515625,0.0,1.1693832397460937,0
1,705,0.050289154052734375,1,3.524780035018921,0.0,1.2300827074050904,0
1,706,0.026226043701171875,1,3.238677740097046,0.0,1.187678532600403,0
1,707,0.04071044921875,1,5.588531017303467,0.0,1.1696502780914306,0
1,708,0.054706573486328125,1,3.604888677597046,0.0,1.2373153734207154,0
1,709,0.0201263427734375,1,1.9111632108688354,0.0,1.2020294213294982,0
1,710,0.021480560302734375,1,2.033233642578125,0.0,1.2022964477539062,0
1,711,0.020458221435546875,1,2.956390142440796,0.0,1.1817886400222777,0
1,712,0.03314971923828125,1,1.9073485136032104,0.0,1.2281524682044982,0
1,713,0.009601593017578125,1,0.6904601454734802,0.0,1.2053939831256866,0
1,714,-0.004825592041015625,1,2.11334228515625,0.0,1.1480819702148437,0
1,715,-0.020599365234375,1,1.4762877225875854,0.0,1.1292755150794982,0
1,716,-0.003696441650390625,1,0.4158019721508026,0.0,1.1842910772562028,0
1,717,-0.003307342529296875,1,2.140045166015625,0.0,1.1505844116210937,0
1,718,-0.022624969482421875,1,1.8234251737594604,0.0,1.118281557559967,0
1,719,-0.008243560791015625,1,0.1068115159869194,0.0,1.1813766480982304,0
1,720,0.0044708251953125,1,0.7362365126609802,0.0,1.1942169201374053,0
1,721,0.01099395751953125,1,1.4953612089157104,0.0,1.1920806908607482,0
1,722,0.01952362060546875,1,2.34222412109375,0.0,1.1922027587890625,0
1,723,0.015758514404296875,1,0.0991821214556694,2.980232241545089e-09,1.229533386260271,0
1,724,-0.008152008056640625,1,0.141143798828125,2.980232241545089e-09,1.180873107790947,0
1,725,0.007755279541015625,1,1.6822813749313354,0.0,1.1818649315834044,0
1,726,0.019989013671875,1,0.8735656142234802,0.0,1.2225067150592803,0
1,727,0.00318145751953125,1,0.522613525390625,0.0,1.19591064453125,0
1,728,0.009552001953125,1,1.3236998319625854,0.0,1.1926300072669982,0
1,729,0.009716033935546875,1,0.26702880859375,0.0,1.2140914916992187,0
1,730,-0.00472259521484375,1,0.26702880859375,0.0,1.1852142333984375,0
1,731,0.0033416748046875,1,0.9841918349266052,0.0,1.1869995129108428,0
1,732,0.009586334228515625,1,0.51116943359375,0.0,1.2089492797851562,0
1,733,-0.0026702880859375,1,0.7324218153953552,0.0,1.1800109875202178,0
1,734,-0.00983428955078125,1,0.7019042372703552,0.0,1.1662933361530303,0
1,735,0.003795623779296875,1,1.7585753202438354,0.0,1.172419741153717,0
1,736,0.02562713623046875,1,3.528594732284546,2.980232241545089e-09,1.1806823776960373,0
1,737,0.0385284423828125,1,3.757476568222046,2.980232241545089e-09,1.2019073532819748,0
1,738,0.03089141845703125,1,2.185821533203125,2.980232241545089e-09,1.2180664061307906,0
1,739,0.02429962158203125,1,3.192901372909546,2.980232241545089e-09,1.1847412155866623,0
1,740,0.032867431640625,1,3.631591558456421,0.0,1.1931030321121217,0
1,741,0.043727874755859375,1,5.813598155975342,2.980232241545089e-09,1.1711837862730026,0
1,742,0.05847930908203125,1,4.37164306640625,0.0,1.2295257568359375,0
1,743,0.02594757080078125,1,1.4419554471969604,2.980232241545089e-09,1.2230560325384139,0
1,744,0.008083343505859375,1,0.7743834853172302,0.0,1.200679017305374,0
1,745,0.0169219970703125,1,3.170013189315796,2.980232241545089e-09,1.1704437302350998,0
1,746,0.032100677490234375,1,2.632140874862671,2.980232241545089e-09,1.2115585373640059,0
1,747,0.02289581298828125,1,3.089904546737671,0.0,1.183993535041809,0
1,748,0.02564239501953125,1,0.3700256049633026,0.0,1.2438842779397965,0
1,749,-0.0112152099609375,1,1.064300537109375,0.0,1.1562835693359375,0
1,750,-0.00708770751953125,1,0.5035400390625,2.980232241545089e-09,1.1757537840604781,0
1,751,0.000431060791015625,1,0.8850097060203552,2.980232241545089e-09,1.1831619273424148,0
1,752,0.01485443115234375,1,0.8277892470359802,0.0,1.2131530773639678,0
1,753,0.00582122802734375,1,0.9040831923484802,0.0,1.1935607922077178,0
1,754,0.011646270751953125,1,1.5525816679000854,0.0,1.1922409081459044,0
1,755,0.012332916259765625,1,0.1869201511144638,2.980232241545089e-09,1.2209274293780326,0
1,756,-0.00179290771484375,1,1.003265380859375,0.0,1.176348876953125,0
1,757,0.009906768798828125,1,0.2479553073644638,0.0,1.2148544314503669,0
1,758,-0.02814483642578125,1,4.40216064453125,0.0,1.0556671142578125,0
1,759,-0.031307220458984375,1,0.57220458984375,2.980232241545089e-09,1.125941467165947,0
1,760,0.02728271484375,1,2.12860107421875,2.980232241545089e-09,1.2119934080839156,0
1,761,0.00600433349609375,1,0.7781981825828552,2.980232241545089e-09,1.196444703221321,0
1,762,-0.012996673583984375,1,0.8316039443016052,2.980232241545089e-09,1.1573745738267898,0
1,763,0.007236480712890625,1,2.685546636581421,2.980232241545089e-09,1.1607620285749434,0
1,764,0.032115936279296875,1,2.056121826171875,2.980232241545089e-09,1.223109435915947,0
1,765,0.013866424560546875,1,2.239227294921875,0.0,1.1829483032226562,0
1,766,0.037750244140625,1,4.215240478515625,0.0,1.1911956787109375,0
1,767,0.04029083251953125,1,3.139495611190796,0.0,1.2177917528152467,0
1,768,0.0213623046875,1,2.117156982421875,2.980232241545089e-09,1.2003814696073531,0
1,769,0.015682220458984375,1,0.6446837782859802,2.980232241545089e-09,1.2184707652330398,0
1,770,-0.004039764404296875,1,1.056671142578125,0.0,1.1707870483398437,0
1,771,0.000659942626953125,1,3.021239995956421,0.0,1.1408950853347777,0
1,772,0.036773681640625,1,2.712249517440796,0.0,1.219302372932434,0
1,773,0.013370513916015625,1,1.8310545682907104,2.980232241545089e-09,1.1901199363470076,0
1,774,0.025722503662109375,1,2.525329351425171,2.980232241545089e-09,1.2009384201765059,0
1,775,0.01092529296875,1,1.5640257596969604,2.980232241545089e-09,1.1905700706243514,0
1,776,-0.02735137939453125,1,3.028869390487671,2.980232241545089e-09,1.0847198532819746,0
1,777,-0.019664764404296875,1,0.3890990912914276,2.980232241545089e-09,1.1528884892463684,0
1,778,0.00046539306640625,1,1.6441344022750854,2.980232241545089e-09,1.1680480979681014,0
1,779,-0.030059814453125,1,4.2877197265625,0.0,1.0541259765625,0
1,780,-0.043346405029296875,1,3.211974859237671,0.0,1.049067692756653,0
1,781,-0.01171112060546875,1,0.9689330458641052,2.980232241545089e-09,1.157199097752571,0
1,782,0.016651153564453125,1,1.026153564453125,2.980232241545089e-09,1.2127792357206344,0
1,783,0.017665863037109375,1,4.72259521484375,0.0,1.1408798217773437,0
1,784,0.05527496337890625,1,1.8386839628219604,0.0,1.2737762475013732,0
1,785,-0.017498016357421875,1,0.9040831923484802,0.0,1.1469223034381866,0
1,786,-0.00388336181640625,1,1.3580321073532104,0.0,1.1650726342201232,0
1,787,-0.02967071533203125,1,4.31060791015625,0.0,1.0544464111328125,0
1,788,-0.06270217895507812,1,6.721496105194092,0.0,0.9401657199859619,0
1,789,-0.051166534423828125,1,1.5945433378219604,0.0,1.0657760643959044,0
1,790,0.008769989013671875,1,1.5029906034469604,0.0,1.1874801659584044,0
1,791,0.01273345947265625,1,0.7858275771141052,0.0,1.2097503674030303,0
1,792,-0.000553131103515625,1,0.8697509169578552,2.980232241545089e-09,1.1814987193346023,0
1,793,-0.014225006103515625,1,1.6365050077438354,2.980232241545089e-09,1.1388198875188826,0
1,794,-0.01494598388671875,1,0.7858275771141052,0.0,1.1543914806842803,0
1,795,0.006725311279296875,1,2.578735113143921,0.0,1.1618759202957152,0
1,796,0.037715911865234375,1,3.723144292831421,0.0,1.2009689378738404,0
1,797,0.026279449462890625,1,1.117706298828125,0.0,1.2302047729492187,0
1,798,0.002689361572265625,1,0.514984130859375,0.0,1.1950790405273437,0
1,799,0.014110565185546875,1,2.05230712890625,0.0,1.1871749877929687,0
1,800,0.02007293701171875,1,1.251220703125,2.980232241545089e-09,1.2151214598417281,0
1,801,0.00800323486328125,1,0.9803771376609802,2.980232241545089e-09,1.1963989268541335,0
1,802,0.001434326171875,1,1.5945433378219604,0.0,1.1709777855873107,0
1,803,-0.02695465087890625,1,2.639770269393921,0.0,1.093295292854309,0
1,804,-0.02069854736328125,1,1.4457701444625854,0.0,1.1296875023841857,0
1,805,0.00363922119140625,1,2.803802251815796,0.0,1.1512023973464964,0
1,806,0.040531158447265625,1,4.93621826171875,0.0,1.1823379516601562,0
1,807,0.049835205078125,1,3.627776861190796,0.0,1.2271148729324342,0
1,808,0.026458740234375,1,1.9760130643844604,0.0,1.2133972191810607,0
1,809,0.024425506591796875,1,4.76837158203125,0.0,1.1534835815429687,0
1,810,0.060565948486328125,1,4.8675537109375,0.0,1.2237808227539062,0
1,811,0.029315948486328125,1,1.2855528593063354,0.0,1.2329208397865294,0
1,812,0.00553131103515625,1,0.3814696967601776,0.0,1.203433228135109,0
1,813,0.000446319580078125,1,0.4463195502758026,0.0,1.1919662481546403,0
1,814,-0.003864288330078125,1,0.0915527269244194,0.0,1.1904403688013554,0
1,815,-0.014682769775390625,1,4.268646240234375,0.0,1.0852615356445312,0
1,816,-0.06250762939453125,1,6.553649425506592,0.0,0.9439117527008056,0
1,817,-0.060699462890625,1,5.390166759490967,0.0,0.9707977390289306,0
1,818,-0.037540435791015625,1,1.7471312284469604,0.0,1.0899765038490294,0
1,819,0.005596160888671875,1,2.761840581893921,0.0,1.1559555101394652,0
1,820,0.040225982666015625,1,3.253936529159546,0.0,1.2153732347488404,0
1,821,0.0052032470703125,1,3.143310308456421,0.0,1.1475402879714967,0
1,822,-0.05596923828125,1,4.8675537109375,0.0,0.99071044921875,0
1,823,-0.02703857421875,1,0.3318786323070526,0.0,1.139285278916359,0
1,824,0.00099945068359375,1,1.07574462890625,0.0,1.1804840087890625,0
1,825,-0.023193359375,1,2.300262451171875,0.0,1.1076080322265625,0
1,826,-0.01911163330078125,1,1.2893675565719604,0.0,1.1359893822669982,0
1,827,-0.009979248046875,1,1.2054443359375,0.0,1.1559326171875,0
1,828,-0.01895904541015625,1,2.506256103515625,0.0,1.111956787109375,0
1,829,-0.0289459228515625,1,2.796172857284546,0.0,1.086184697151184,0
1,830,-0.020832061767578125,1,1.6784666776657104,0.0,1.1247665429115294,0
1,831,-0.01319122314453125,1,1.7242430448532104,0.0,1.1391326928138732,0
1,832,-0.017547607421875,1,0.8430480360984802,0.0,1.1480438244342803,0
1,833,0.0090484619140625,1,2.01416015625,0.0,1.177813720703125,0
1,834,0.025482177734375,1,3.372192144393921,0.0,1.1835205125808717,0
1,835,0.033573150634765625,1,2.815246343612671,0.0,1.2108413743972777,0
1,836,0.015354156494140625,1,0.0457763634622097,0.0,1.229792785719037,0
1,837,-0.0102996826171875,1,1.7166136503219604,0.0,1.1450683617591857,0
1,838,-0.0252532958984375,1,3.616332769393921,0.0,1.0771667528152467,0
1,839,-0.039783477783203125,1,1.9645689725875854,0.0,1.081141664981842,0
1,840,-0.01096343994140625,1,1.9264219999313354,0.0,1.1395446801185607,0
1,841,-0.031070709228515625,1,3.875732183456421,0.0,1.0603439378738404,0
1,842,-0.045665740966796875,1,3.852843999862671,0.0,1.031611638069153,0
1,843,-0.024250030517578125,1,0.4463195502758026,0.0,1.1425735479593278,0
1,844,0.000774383544921875,1,1.178741455078125,0.0,1.1779739379882812,0
1,845,-0.0293121337890625,1,2.868652105331421,0.0,1.0840026903152464,0
1,846,-0.019073486328125,1,0.4463195502758026,0.0,1.152926636338234,0
1,847,0.004199981689453125,1,0.4730224311351776,0.0,1.1989395147562028,0
1,848,0.00514984130859375,1,1.010894775390625,0.0,1.190081787109375,0
1,849,0.010616302490234375,1,0.0457763634622097,0.0,1.2203170777112244,0
1,850,-0.011127471923828125,1,2.201080322265625,0.0,1.1337234497070312,0
1,851,-0.02435302734375,1,0.8201598525047302,0.0,1.1348907482624053,0
1,852,0.001132965087890625,1,0.0495910607278347,0.0,1.2012741089612244,0
1,853,-0.01727294921875,1,4.497528076171875,0.0,1.0755035400390625,0
1,854,-0.05584716796875,1,6.252288341522217,0.0,0.9632598972320556,0
1,855,-0.06467056274414062,1,7.724761486053467,0.0,0.9161636447906494,0
1,856,-0.09043121337890625,1,7.049560070037842,0.0,0.8781463718414306,0
1,857,-0.060031890869140625,1,5.825042247772217,0.0,0.9634353733062744,0
1,858,-0.06645965576171875,1,6.443023204803467,0.0,0.9382202243804931,0
1,859,-0.056659698486328125,1,5.867003917694092,0.0,0.9693405246734619,0
1,860,-0.059276580810546875,1,6.645202159881592,0.0,0.9485427951812744,0
1,861,-0.07105636596679688,1,5.397796154022217,0.0,0.9499313449859619,0
1,862,-0.033779144287109375,1,3.238677740097046,0.0,1.0676681566238404,0
1,863,-0.014892578125,1,0.6103515625,0.0,1.1580078125,0
1,864,0.015880584716796875,1,1.4419554471969604,0.0,1.2029220604896544,0
1,865,0.002559661865234375,1,1.3618468046188354,0.0,1.177882387638092,0
1,866,-0.0319976806640625,1,4.627227783203125,0.0,1.0434600830078125,0
1,867,-0.050167083740234375,1,4.38690185546875,0.0,1.0119277954101562,0
1,868,-0.04322052001953125,1,4.0740966796875,0.0,1.0320770263671875,0
1,869,-0.02719879150390625,1,1.3732908964157104,0.0,1.1181365990638732,0
1,870,-0.00037384033203125,1,0.263214111328125,0.0,1.193988037109375,0
1,871,0.0052490234375,1,0.8964537978172302,0.0,1.1925689709186553,0
1,872,-0.003208160400390625,1,2.567291021347046,0.0,1.1422378587722777,0
1,873,-0.0351715087890625,1,4.35638427734375,0.0,1.042529296875,0
1,874,-0.051921844482421875,1,6.332396984100342,0.0,0.9695083713531494,0
1,875,-0.061275482177734375,1,4.63104248046875,0.0,0.9848281860351562,0
1,876,-0.03031158447265625,1,2.147674560546875,0.0,1.09642333984375,0
1,877,-0.01618194580078125,1,1.4724730253219604,0.0,1.1381866478919982,0
1,878,-0.0159912109375,1,1.8997191190719604,0.0,1.1300231957435607,0
1,879,-0.026592254638671875,1,3.643035650253296,0.0,1.0739547777175904,0
1,880,-0.033233642578125,1,1.7662047147750854,0.0,1.0982086205482482,0
1,881,-0.003612518310546875,1,0.1678466647863388,0.0,1.1894180300831794,0
1,882,0.018962860107421875,1,3.887176275253296,0.0,1.160182194709778,0
1,883,0.044506072998046875,1,5.119323253631592,0.0,1.1866256809234619,0
1,884,0.039264678955078125,1,1.8997191190719604,0.0,1.240534975528717,0
1,885,0.01325225830078125,1,2.613067388534546,0.0,1.1742431688308714,0
1,886,0.035442352294921875,1,3.448486089706421,0.0,1.2019149827957154,0
1,887,0.02626800537109375,1,1.5830992460250854,0.0,1.2208740258216857,0
1,888,0.0071868896484375,1,0.3700256049633026,0.0,1.206973267197609,0
1,889,-0.00278472900390625,1,1.0223388671875,0.0,1.1739837646484375,0
1,890,-0.007114410400390625,1,0.019073486328125,0.0,1.1853897094726562,0
1,891,0.00650787353515625,1,0.7209777235984802,0.0,1.1985961925983428,0
1,892,0.003536224365234375,1,0.25177001953125,0.0,1.2020370483398437,0
1,893,-0.001129150390625,1,0.4310607612133026,0.0,1.189120483994484,0
1,894,0.007045745849609375,1,0.4806518256664276,0.0,1.2044784551858903,0
1,895,0.001201629638671875,1,0.152587890625,0.0,1.1993515014648437,0
1,896,0.001026153564453125,1,0.7400512099266052,0.0,1.187251282930374,0
1,897,0.015712738037109375,1,2.765655279159546,0.0,1.1761123704910277,0
1,898,0.0290985107421875,1,2.040863037109375,0.0,1.2173797607421875,0
1,899,0.014873504638671875,1,1.6822813749313354,0.0,1.196101381778717,0
1,900,0.0217132568359375,1,3.421783208847046,0.0,1.1749908494949342,0
1,901,0.05336761474609375,1,6.027221202850342,0.0,1.1861908054351806,0
1,902,0.055988311767578125,1,3.913879156112671,0.0,1.233699040412903,0
1,903,0.039623260498046875,1,5.050658702850342,0.0,1.1782333469390869,0
1,904,0.053203582763671875,1,6.111144542694092,0.0,1.1841842746734619,0
1,905,0.054157257080078125,1,4.18853759765625,0.0,1.2245437622070312,0
1,906,0.040119171142578125,1,5.138396739959717,0.0,1.1774704074859619,0
1,907,0.067047119140625,1,6.324767589569092,0.0,1.2075988864898681,0
1,908,0.0555419921875,1,5.947112560272217,0.0,1.1921417331695556,0
1,909,0.052089691162109375,1,4.2877197265625,0.0,1.2184249877929687,0
1,910,0.03855133056640625,1,4.15802001953125,0.0,1.1939422607421875,0
1,911,0.036670684814453125,1,3.482818365097046,0.0,1.2036850023269654,0
1,912,0.03514862060546875,1,3.856658697128296,0.0,1.1931640672683717,0
1,913,0.024440765380859375,1,0.7858275771141052,0.0,1.2331649792194366,0
1,914,-0.028118133544921875,1,3.593444585800171,0.0,1.071894841194153,0
1,915,-0.036205291748046875,1,3.776550054550171,0.0,1.052058415412903,0
1,916,-0.0359649658203125,1,2.048492431640625,0.0,1.0871002197265625,0
1,917,-0.00278472900390625,1,1.4228819608688354,0.0,1.1659729027748107,0
1,918,0.01979827880859375,1,1.2359619140625,0.0,1.2148773193359375,0
1,919,0.005649566650390625,1,0.4730224311351776,0.0,1.2018386846780778,0
1,920,0.003986358642578125,1,0.2403259128332138,0.0,1.2031661990284919,0
1,921,-0.00542449951171875,1,1.4991759061813354,0.0,1.1591674828529357,0
1,922,-0.01168060302734375,1,0.3776549994945526,0.0,1.1690856939554215,0
1,923,0.007915496826171875,1,1.6250609159469604,0.0,1.1833297753334044,0
1,924,0.0205230712890625,1,2.033233642578125,0.0,1.2003814697265625,0
1,925,0.02759552001953125,1,4.146575927734375,0.0,1.172259521484375,0
1,926,0.034702301025390625,1,0.8010863661766052,0.0,1.253382874727249,0
1,927,-0.01140594482421875,1,1.3084410429000854,0.0,1.1510192894935607,0
1,928,-0.005565643310546875,1,0.4119872748851776,0.0,1.1806289678812028,0
1,929,0.01694488525390625,1,2.578735113143921,0.0,1.182315068244934,0
1,930,0.0411529541015625,1,5.016326904296875,0.0,1.1819793701171875,0
1,931,0.04984283447265625,1,2.647399663925171,0.0,1.246737675666809,0
1,932,0.020263671875,1,2.998351812362671,0.0,1.1805603075027464,0
1,933,0.03678131103515625,1,3.833770513534546,0.0,1.1968872117996217,0
1,934,0.024036407470703125,1,0.03814697265625,0.0,1.2473098754882812,0
1,935,-0.00498199462890625,1,1.4228819608688354,0.0,1.1615783715248107,0
1,936,0.031955718994140625,1,3.780364751815796,0.0,1.1883041429519654,0
1,937,0.04230499267578125,1,4.72259521484375,0.0,1.1901580810546875,0
1,938,0.0547637939453125,1,6.320952892303467,0.0,1.1831085300445556,0
1,939,0.051357269287109375,1,3.734588384628296,0.0,1.228022770881653,0
1,940,0.006931304931640625,1,1.7356871366500854,0.0,1.1791488671302794,0
1,941,-0.021244049072265625,1,0.8125304579734802,0.0,1.141261292695999,0
1,942,0.00974273681640625,1,2.3193359375,0.0,1.1730987548828125,0
1,943,0.038974761962890625,1,5.367278575897217,0.0,1.1706039524078369,0
1,944,0.055938720703125,1,4.58526611328125,0.0,1.220172119140625,0
1,945,0.031238555908203125,1,1.3275145292282104,0.0,1.235926821231842,0
1,946,0.009807586669921875,1,2.010345458984375,0.0,1.1794082641601562,0
1,947,0.026641845703125,1,1.5754698514938354,0.0,1.2217742943763732,0
1,948,0.01309967041015625,1,1.9798277616500854,0.0,1.1866027855873107,0
1,949,0.0236053466796875,1,1.5907286405563354,0.0,1.2153961205482482,0
1,950,0.01389312744140625,1,1.9073485136032104,0.0,1.1896392846107482,0
1,951,0.02330780029296875,1,2.593993902206421,0.0,1.194735722541809,0
1,952,0.020538330078125,1,0.9231566786766052,0.0,1.2226135265827178,0
1,953,7.2479248046875e-05,1,0.3242492377758026,0.0,1.1936599737405778,0
1,954,0.0017242431640625,1,1.4152525663375854,0.0,1.1751434350013732,0
1,955,0.028594970703125,1,3.997802495956421,0.0,1.1772338914871217,0
1,956,0.041980743408203125,1,2.532958745956421,0.0,1.2333023118972777,0
1,957,0.01982879638671875,1,2.647399663925171,0.0,1.186709599494934,0
1,958,0.022708892822265625,1,1.0223388671875,0.0,1.2249710083007812,0
1,959,-0.004009246826171875,1,1.3580321073532104,0.0,1.164820864200592,0
1,960,-0.0180511474609375,1,2.307891845703125,0.0,1.1177398681640625,0
1,961,-0.0181427001953125,1,0.4081725776195526,0.0,1.155551148056984,0
1,962,0.003871917724609375,1,0.514984130859375,0.0,1.1974441528320312,0
1,963,-0.014881134033203125,1,0.9155272841453552,0.0,1.1519271862506866,0
1,964,0.001659393310546875,1,1.2779234647750854,0.0,1.177760317325592,0
1,965,0.023162841796875,1,2.979278326034546,0.0,1.186740117073059,0
1,966,0.0356903076171875,1,4.032135009765625,0.0,1.1907379150390625,0
1,967,0.035068511962890625,1,2.2125244140625,0.0,1.2258865356445312,0
1,968,0.0058441162109375,1,0.6866454482078552,0.0,1.1979553234577178,0
1,969,-0.003986358642578125,1,1.3084410429000854,0.0,1.165858461856842,0
1,970,0.022327423095703125,1,1.7852782011032104,0.0,1.208949282169342,0
1,971,-0.001628875732421875,1,2.719878911972046,0.0,1.1423446702957152,0
1,972,-0.048309326171875,1,5.744933605194092,0.0,0.9884826755523681,0
1,973,-0.052204132080078125,1,3.723144292831421,0.0,1.0211288499832154,0
1,974,-0.01381683349609375,1,0.8583068251609802,0.0,1.1552001965045928,0
1,975,0.029041290283203125,1,4.17327880859375,0.0,1.1746170043945312,0
1,976,0.04944610595703125,1,5.203246593475342,0.0,1.1948272800445556,0
1,977,0.05254364013671875,1,5.252837657928467,0.0,1.2000305271148681,0
1,978,0.052555084228515625,1,5.340575695037842,0.0,1.1982986545562744,0
1,979,0.060848236083984375,1,5.802154064178467,0.0,1.2056533908843994,0
1,980,0.046146392822265625,1,4.02069091796875,0.0,1.2118789672851562,0
1,981,0.032672882080078125,1,3.349303960800171,0.0,1.198359684944153,0
1,982,0.030651092529296875,1,2.35748291015625,0.0,1.2141525268554687,0
1,983,0.019687652587890625,1,2.155303955078125,0.0,1.1962692260742187,0
1,984,0.02405548095703125,1,2.548217535018921,0.0,1.197146611213684,0
1,985,0.022769927978515625,1,1.7204283475875854,0.0,1.2111312890052794,0
1,986,0.0178680419921875,1,2.548217535018921,0.0,1.1847717332839964,0
1,987,0.028903961181640625,1,2.586364507675171,0.0,1.2060806322097777,0
1,988,0.02198028564453125,1,2.689361333847046,0.0,1.1901733446121214,0
1,989,0.035213470458984375,1,3.711700201034546,0.0,1.196192936897278,0
1,990,0.033138275146484375,1,2.208709716796875,0.0,1.2221023559570312,0
1,991,0.01097869873046875,1,0.7667540907859802,0.0,1.2066223156452178,0
1,992,0.002086639404296875,1,0.4234313666820526,0.0,1.1957046514749528,0
1,993,0.000148773193359375,1,1.3351439237594604,0.0,1.1735946679115294,0
1,994,0.021373748779296875,1,1.9912718534469604,0.0,1.2029220604896544,0
1,995,0.0118560791015625,1,0.4730224311351776,0.0,1.2142517095804215,0
1,996,-0.0111541748046875,1,2.517699956893921,0.0,1.1273376512527464,0
1,997,-0.029430389404296875,1,2.307891845703125,0.0,1.0949813842773437,0
1,998,-0.01552581787109375,1,1.1749267578125,0.0,1.1454498291015625,0
1,999,-0.00780487060546875,1,0.26702880859375,0.0,1.1790496826171875,0
1,1000,0.0067291259765625,1,1.9416807889938354,0.0,13.174624636173249,0
2,2,0.0,1,1.110076904296875,0.04999999403953553,1.175798462152481,0
2,3,-0.008647918701171875,1,2.723693609237671,0.0,1.1282302904129027,0
2,4,-0.044391632080078125,1,4.207611083984375,1.1920928959241461e-08,1.027064513683319,0
2,5,-2.0885581970214844,1,1.9111632108688354,1.7881393435392745e-08,-3.015339658975601,0
2,6,0.000141143798828125,1,1.3465880155563354,0.05344743058085442,1.1712126300632952,0
2,7,0.0,1,1.3465880155563354,0.05344743058085442,1.170930342465639,0
2,8,0.00194549560546875,1,1.9454954862594604,2.8312206268310547e-07,1.1649810701608656,0
2,9,0.0,1,1.9454954862594604,2.8312206268310547e-07,1.161090078949928,0
2,10,0.002521514892578125,1,2.521514654159546,0.000116649270057681,1.1546080707311628,0
2,11,0.0,1,2.521514654159546,0.09977065324783325,1.1455788807868956,0
2,12,0.0,1,2.521514654159546,0.00011269748210906982,1.1495651990175246,0
2,13,0.0030670166015625,1,3.067016363143921,0.018529719114303587,1.1440525171756744,0
2,14,0.0,1,3.067016363143921,0.01852915287017822,1.1379185066223143,0
2,15,0.003582000732421875,1,3.582000494003296,0.005632284283638003,1.1352987002134325,0
2,16,0.00800323486328125,1,0.0,0.09436714947223664,1.212231783747673,0
2,17,0.0,1,0.0,0.003365415334701541,1.199865383386612,0
2,18,0.0040130615234375,1,4.0130615234375,0.0033654123544692993,1.1276302760839463,0
2,19,0.0,1,4.0130615234375,2.980232241545089e-09,1.1197387694120406,0
2,20,0.0,1,4.0130615234375,0.1,1.11573876953125,0
2,21,0.00397491455078125,1,3.974914312362671,0.07263052910566331,1.1255463216900827,0
2,22,0.0,1,3.974914312362671,0.02736946791410446,1.1194069350361824,0
2,23,0.003932952880859375,1,3.932952642440796,0.09999997913837433,1.1252068537473678,0
2,24,0.0,1,3.932952642440796,0.09956863522529602,1.1173582017421724,0
2,25,0.0,1,3.932952642440796,0.00042530000209808905,1.1213239351511002,0
2,26,0.0038909912109375,1,3.890990972518921,0.09999385476112366,1.1259624087810518,0
2,27,0.0,1,3.890990972518921,9.065866470335526e-06,1.122179817914963,0
2,28,0.003841400146484375,1,3.841399908065796,0.018452104926109318,1.1301167179346086,0
2,29,0.0,1,3.841399908065796,0.018460837006568913,1.1224335683584215,0
2,30,0.0,1,3.841399908065796,0.08566628396511078,1.1197453504800796,0
2,31,0.028961181640625,1,3.433227300643921,0.08566667437553407,1.1858311502933503,0
2,32,0.0304107666015625,1,3.921508550643921,0.011324140429496768,1.1819383965730668,0
2,33,0.05248260498046875,1,6.679534435272217,0.011324182152748108,1.1709215539693831,0
2,34,0.0918731689453125,1,8.85772705078125,0.1,1.202591796875,0
2,35,0.08129119873046875,1,6.599425792694092,0.0013860404491424574,1.23053843998909,0
2,36,0.04034423828125,1,2.849578619003296,0.08552087545394899,1.220276069164276,0
2,37,0.010448455810546875,1,0.06866455078125,0.0544136717915535,1.2173470737338066,0
2,38,-0.006229400634765625,1,1.026153564453125,0.02266799956560135,1.1661114074587822,0
2,39,-0.0119781494140625,1,2.3651123046875,0.09017161428928376,1.1251345905065535,0
2,40,-0.0457916259765625,1,3.860473394393921,3.1411647796603104e-06,1.0312071545124055,0
2,41,-0.0197601318359375,1,1.6288756132125854,2.980232241545089e-09,1.1279022239446639,0
2,42,-0.01976776123046875,1,0.0839233323931694,0.06307757347822189,1.1562629079520703,0
2,43,0.0180816650390625,1,3.772735357284546,0.06306966096162796,1.158185836493969,0
2,44,0.056941986083984375,1,5.229949474334717,7.88271427154541e-06,1.2092846673727036,0
2,45,0.03990936279296875,1,2.883910894393921,8.228421211238512e-06,1.2221401785612105,0
2,46,0.02030181884765625,1,2.761840581893921,0.00040664374828338484,1.1853505603075025,0
2,47,0.05438232421875,1,5.977630138397217,0.0004134923219680786,1.189195505976677,0
2,48,0.056354522705078125,1,6.389617443084717,0.0003871500492095975,1.1849012105464936,0
2,49,0.06555557250976562,1,7.236480236053467,0.0003885626792907715,1.1863659977912901,0
2,50,0.08106231689453125,1,7.705687999725342,0.0,1.2080108737945556,0
2,51,0.0635986328125,1,4.0435791015625,0.0,1.24632568359375,0
2,52,0.022449493408203125,1,1.5487669706344604,0.0,1.213923647403717,0
2,53,0.0065155029296875,1,0.1640319675207138,0.0,1.2097503665089606,0
2,54,-0.01145172119140625,1,1.2779234647750854,0.0,1.1515380883216857,0
2,55,-0.01222991943359375,1,1.9340513944625854,0.0,1.1368591332435607,0
2,56,-0.034297943115234375,1,3.822326421737671,0.0,1.054957585334778,0
2,57,-0.0360107421875,1,2.13623046875,0.004162600636482237,1.0850874022245407,0
2,58,-0.001140594482421875,1,0.9155272841453552,0.09583687186241151,1.1755747904777527,0
2,59,0.023456573486328125,1,4.291534423828125,0.0024380862712860135,1.1609849350452424,0
2,60,0.0655517578125,1,7.240294933319092,0.09756138622760774,1.1823951615095138,0
2,61,0.06415939331054688,1,7.152556896209717,0.0,1.1852676486968994,0
2,62,0.06873321533203125,1,5.661010265350342,6.079673767062088e-07,1.2242462010383606,0
2,63,0.03448486328125,1,2.338409423828125,6.049871444646637e-07,1.2222015138864517,0
2,64,0.015869140625,1,0.255584716796875,1.2397766113239617e-06,1.226626537322998,0
2,65,-0.017974853515625,1,1.9149779081344604,9.119510650593132e-07,1.125750698328018,0
2,66,-0.013042449951171875,1,1.4381407499313354,3.308057785061935e-07,1.1451522718667984,0
2,67,-0.017597198486328125,1,1.9607542753219604,0.0,1.1255905175209044,0
2,68,-0.023731231689453125,1,3.498077154159546,0.00030252635478973666,1.0825638924837113,0
2,69,-0.053928375244140625,1,6.515502452850342,0.00030252635478973666,0.9618210994005203,0
2,70,-0.072265625,1,7.823943614959717,2.3132562637327714e-05,0.8989889523983001,0
2,71,-0.0818634033203125,1,7.812499523162842,0.09987683594226837,0.8760281294584273,0
2,72,-0.06748580932617188,1,6.271361827850342,0.0998999685049057,0.9356051460504532,0
2,73,-0.06368255615234375,1,7.194518566131592,0.011060413718223569,0.9283020998239517,0
2,74,-0.085113525390625,1,8.647918701171875,0.011060413718223569,0.8563721586465836,0
2,75,-0.07712936401367188,1,4.21142578125,2.980232241545089e-09,0.9615127562284469,0
2,76,-0.006839752197265625,1,2.017974853515625,1.9669532775462573e-07,1.1459609906673431,0
2,77,0.055145263671875,1,8.7738037109375,0.09999797940254213,1.1308145339488982,0
2,78,0.12331771850585938,1,14.175414085388184,0.055388370901346205,1.1609116204679013,0
2,79,0.13371658325195312,1,15.415190696716309,0.04460973367094994,1.1573449632227422,0
2,80,0.17789077758789062,1,16.80755615234375,0.09999989569187165,1.2156304363012314,0
2,81,0.17420196533203125,1,18.199920654296875,0.00086216330528259,1.1843710310459137,0
2,82,0.2089080810546875,1,19.062042236328125,0.0991372972726822,1.2326098254919053,0
2,83,0.16370773315429688,1,16.7083740234375,0.000933313369750971,1.1932106533050537,0
2,84,0.15057373046875,1,11.318205833435059,0.0009290099143981906,1.274746183872223,0
2,85,0.0937957763671875,1,8.602142333984375,0.09998723566532136,1.2115492166280746,0
2,86,0.07049942016601562,1,6.240844249725342,7.864832878116956e-06,1.2161816407442092,0
2,87,0.03343963623046875,1,1.3389586210250854,0.015765136480331426,1.2394694945812224,0
2,88,-0.00388336181640625,1,1.0528564453125,0.0823549896478653,1.1678819478750229,0
2,89,-0.024150848388671875,1,5.947112560272217,0.039982815831899644,1.0311567393839358,0
2,90,-0.097808837890625,1,15.056609153747559,0.041862603276968,0.7015756370127201,0
2,91,-0.19713211059570312,1,22.033689498901367,0.1,0.36106198883056634,0
2,92,-0.22736740112304688,1,23.220060348510742,0.0,0.28086399078369134,0
2,93,-0.23219680786132812,1,22.666929244995117,2.086162566999894e-08,0.2822677985429763,0
2,94,-0.2136077880859375,1,20.671842575073242,1.4030933380128341e-05,0.3593470110893249,0
2,95,-0.20064544677734375,1,19.443511962890625,9.426176548003873e-05,0.40983509671688073,0
2,96,-0.18419265747070312,1,17.547607421875,0.00010831058025359552,0.4806582041978836,0
2,97,-0.17181396484375,1,12.512206077575684,0.00026801228523254395,0.606117228269577,0
2,98,-0.08311843872070312,1,8.052825927734375,0.0002680152654647855,0.8726958833932876,0
2,99,-0.0763397216796875,1,6.244658946990967,0.09999966323375703,0.9184273911714553,0
2,100,-0.03749847412109375,1,1.3656615018844604,0.09999966323375703,1.093689835190773,0
2,101,0.003570556640625,1,2.193450927734375,0.0,1.1632720947265625,0
2,102,0.045177459716796875,1,5.760192394256592,0.0,1.1751510715484619,0
2,103,0.061794281005859375,1,5.981444835662842,0.0,1.2039596652984619,0
2,104,0.06159210205078125,1,6.587981700897217,0.0,1.1914245700836181,0
2,105,0.08115005493164062,1,8.819580078125,1.728534698500206e-07,1.1859085013866424,0
2,106,0.07878875732421875,1,7.995604991912842,1.728534698500206e-07,1.1976654078960418,0
2,107,0.064239501953125,1,5.687713146209717,0.0008415877819061279,1.2146910774707793,0
2,108,0.053379058837890625,1,4.878997802734375,0.0008415520191192641,1.2091444995403289,0
2,109,0.04134368896484375,1,3.532409429550171,0.04117645248770714,1.2103921312391759,0
2,110,0.02986907958984375,1,2.948760747909546,0.041176488250494005,1.1991158846914767,0
2,111,0.031158447265625,1,2.674102544784546,8.597970008850098e-06,1.2088344997167586,0
2,112,0.01204681396484375,1,1.049041748046875,8.597970008850098e-06,1.2031124490499496,0
2,113,-0.02822113037109375,1,3.993987798690796,0.0,1.0636779832839967,0
2,114,-0.0400238037109375,1,3.582000494003296,0.0,1.0483123826980592,0
2,115,-0.027767181396484375,1,1.6288756132125854,1.8239021301255653e-06,1.1118880519866943,0
2,116,-0.008800506591796875,1,0.8773803114891052,1.8239021301255653e-06,1.164851307630539,0
2,117,-0.01033782958984375,1,0.7400512099266052,0.0001411557197570773,1.16451767039299,0
2,118,-0.000583648681640625,1,0.133514404296875,0.00014115273952483576,1.1961567684412002,0
2,119,-0.004364013671875,1,1.8539427518844604,0.07523115575313569,1.1511838713884353,0
2,120,-0.031833648681640625,1,4.28009033203125,0.07522807121276856,1.047721773147583,0
2,121,-0.04320526123046875,1,3.849029302597046,3.08752059936801e-06,1.0366087679862976,0
2,122,-0.026824951171875,1,0.7781981825828552,0.0,1.1307861340045928,0
2,123,0.00626373291015625,1,0.6484984755516052,0.0,1.1995574963092803,0
2,124,0.002227783203125,1,0.6294249892234802,2.652406692477127e-07,1.1918670560121536,0
2,125,0.018096923828125,1,2.758025884628296,0.09986666142940523,1.1770386635065078,0
2,126,0.034923553466796875,1,3.326415777206421,0.09986692667007446,1.1993241143226625,0
2,127,0.02455902099609375,1,1.4228819608688354,0.0,1.2206604027748107,0
2,128,0.006061553955078125,1,0.1220703050494194,0.0,1.209681701809168,0
2,129,-0.008892059326171875,1,0.3166198432445526,0.09498654007911683,1.1720840228796006,0
2,130,0.012218475341796875,1,0.7514953017234802,0.004718467593193054,1.2092183059453963,0
2,131,-0.00482177734375,1,1.4648436307907104,0.08253704011440277,1.1577580910921095,0
2,132,-0.0267333984375,1,4.253387451171875,0.01716222167015076,1.0607789652347563,0
2,133,-0.061328887939453125,1,3.818511724472046,5.745887756349044e-06,1.0009717597961427,0
2,134,-0.010417938232421875,1,0.7896422743797302,0.0,1.1633712780475616,0
2,135,-0.013858795166015625,1,1.5487669706344604,0.0,1.1413070702552794,0
2,136,-0.011020660400390625,1,0.8583068251609802,0.07452081143856049,1.1578117102384566,0
2,137,-0.01309967041015625,1,2.452850341796875,0.07452081143856049,1.1217628198862075,0
2,138,-0.033908843994140625,1,2.624511480331421,8.344650268693465e-08,1.07969207906723,0
2,139,-0.009159088134765625,1,0.034332275390625,0.09991250634193422,1.176998677968979,0
2,140,0.010181427001953125,1,1.6937254667282104,0.09991258382797241,1.182491841316223,0
2,141,0.0230865478515625,1,2.628326177597046,0.024398684501647953,1.192630624771118,0
2,142,0.022609710693359375,1,1.7356871366500854,0.024398675560951235,1.209529731631279,0
2,143,0.005268096923828125,1,0.8888244032859802,0.07743217051029205,1.1896624189615248,0
2,144,0.0309600830078125,1,4.238128662109375,0.02111437022686005,1.176313017964363,0
2,145,0.044708251953125,1,4.69207763671875,0.09004189968109132,1.1919732751846313,0
2,146,0.034389495849609375,1,2.506256103515625,0.09135590791702272,1.2149996333122253,0
2,147,0.0143585205078125,1,0.2174377292394638,0.0001348376274108859,1.224362892925739,0
2,148,-0.012359619140625,1,1.6784666776657104,4.5984983444227745e-06,1.141711244225502,0
2,149,-0.015460968017578125,1,1.3809202909469604,0.07709929347038269,1.138375686407089,0
2,150,-0.01424407958984375,1,2.002716064453125,0.02290070652961731,1.1305414912700653,0
2,151,-0.022556304931640625,1,0.9841918349266052,0.00023507475852966447,1.1351941504478453,0
2,152,0.015972137451171875,1,2.529144048690796,0.00023507177829742293,1.1813519910573957,0
2,153,0.02121734619140625,1,1.3618468046188354,2.980232241545089e-09,1.2151977561712264,0
2,154,0.002857208251953125,1,0.072479248046875,5.6624412533845536e-08,1.2042648292779923,0
2,155,0.006771087646484375,1,1.140594482421875,0.09972587525844576,1.1867412506341934,0
2,156,0.01450347900390625,1,1.9226073026657104,0.0002659380435943576,1.1905441744327545,0
2,157,0.0281982421875,1,3.879546880722046,0.0007214009761810289,1.1787766907215118,0
2,158,0.04547882080078125,1,4.92095947265625,0.0007286369800567627,1.1925093066692352,0
2,159,0.038665771484375,1,3.810882329940796,0.09999910295009613,1.1971139322519304,0
2,160,0.0455322265625,1,5.104064464569092,0.00019697546958923062,1.1889752848148345,0
2,161,0.0570220947265625,1,6.504058361053467,0.00010949969291686873,1.1839586422443389,0
2,162,0.07596588134765625,1,8.3160400390625,0.09991252124309541,1.1816144610643387,0
2,163,0.08769989013671875,1,8.97216796875,0.0006632059812545776,1.1959298926591873,0
2,164,0.09659957885742188,1,8.331298828125,0.05829272195696831,1.2242414722740649,0
2,165,0.06406402587890625,1,4.87518310546875,0.04104406908154488,1.2289826268851756,0
2,166,0.006229400634765625,1,3.292083501815796,0.09999998211860657,1.142617131948471,0
2,167,-0.0828399658203125,1,8.861541748046875,0.099787837266922,0.8530977199077606,0
2,168,-0.08338546752929688,1,7.675170421600342,0.00020840167999267717,0.8797173204421996,0
2,169,-0.06341934204101562,1,7.190703868865967,0.09999216794967652,0.9253475518226624,0
2,170,-0.0769805908203125,1,7.381438732147217,4.085898399355803e-06,0.8984098802804946,0
2,171,-0.06557846069335938,1,4.5318603515625,0.00017824470996856412,0.9781987417936324,0
2,172,-0.031463623046875,1,3.726958990097046,0.04907575123943389,1.0605705440547317,0
2,173,-0.041973114013671875,1,2.0599365234375,0.049253995949402454,1.0728848816659302,0
2,174,0.02419281005859375,1,2.750396490097046,0.0007933259010314969,1.1933459572792051,0
2,175,0.00919342041015625,1,0.9651183485984802,0.0007933050394058269,1.1990527416467667,0
2,176,-0.01747894287109375,1,0.0915527269244194,2.086162566999894e-08,1.1632110588848592,0
2,177,0.04232025146484375,1,5.882262706756592,0.0,1.1669952487945556,0
2,178,0.057079315185546875,1,5.844115734100342,0.0,1.1972763156890869,0
2,179,0.06182861328125,1,6.336211681365967,0.0,1.1969329929351806,0
2,180,0.060638427734375,1,5.130767345428467,4.738569259615799e-07,1.2186614896059036,0
2,181,0.03520965576171875,1,1.7547606229782104,0.010664758086204533,1.234897508740425,0
2,182,-0.001155853271484375,1,2.773284673690796,0.010665231943130495,1.14179599070549,0
2,183,-0.046649932861328125,1,5.100249767303467,9.149312973008583e-07,1.0046951023340225,0
2,184,-0.028812408447265625,1,0.4959106147289276,9.149312973008583e-07,1.1324569342136384,0
2,185,0.014774322509765625,1,2.830505132675171,0.00012317895889282088,1.172933615207672,0
2,186,0.04058837890625,1,5.092620372772217,7.31140375137343e-05,1.179321425795555,0
2,187,0.059955596923828125,1,9.46807861328125,0.09875799715518951,1.1265993016958236,0
2,188,0.15413284301757812,1,15.922545433044434,0.09880806207656861,1.185862454891205,0
2,189,0.16163253784179688,1,16.246795654296875,0.0,1.1983291625976562,0
2,190,0.14581680297851562,1,16.571044921875,0.0,1.1602127075195312,0
2,191,0.18475723266601562,1,15.834807395935059,0.0,1.25281831741333,0
2,192,0.13566207885742188,1,11.093138694763184,0.0,1.24946138381958,0
2,193,0.07879257202148438,1,8.296966552734375,1.6212463378878494e-06,1.1916457481384277,0
2,194,0.09376144409179688,1,11.051177024841309,4.234910011291504e-05,1.166497653722763,0
2,195,0.13773727416992188,1,10.581969261169434,0.0064929574728012085,1.263575444817543,0
2,196,0.058818817138671875,1,5.687713146209717,0.0053997248411178575,1.2036673823595048,0
2,197,0.051422119140625,1,3.807067632675171,0.002910205721855165,1.2265864773988724,0
2,198,0.0289764404296875,1,1.3122557401657104,0.0040471971035003634,1.2315458781719206,0
2,199,-0.005710601806640625,1,2.773284673690796,2.1159648895541228e-07,1.133113094449043,0
2,200,-0.045543670654296875,1,6.389617443084717,0.0,0.9811203098297119,0
2,201,-0.06998062133789062,1,6.301879405975342,0.0,0.9340011692047119,0
2,202,-0.048267364501953125,1,5.455016613006592,7.182359695462326e-07,0.994364910006523,0
2,203,-0.07542037963867188,1,7.778167247772217,7.182359695462326e-07,0.893595867037773,0
2,204,-0.06407928466796875,1,3.185271978378296,0.0,1.0081359910964967,0
2,205,-0.00867462158203125,1,0.9803771376609802,0.0,1.1630432140827178,0
2,206,-0.02138519287109375,1,3.623962163925171,0.0,1.0847503709793092,0
2,207,-0.045612335205078125,1,3.368377447128296,0.0,1.041407780647278,0
2,208,-0.001190185546875,1,1.9989012479782104,0.019127649068832398,1.1568764979839323,0
2,209,0.033840179443359375,1,3.498077154159546,0.019127649068832398,1.1969537098407745,0
2,210,0.03459930419921875,1,6.217956066131592,1.1014938354494963e-05,1.1448390464782714,0
2,211,0.1117706298828125,1,12.340544700622559,4.564821720123152e-05,1.1767285398244858,0
2,212,0.10265350341796875,1,8.144378662109375,5.6663155555726485e-05,1.2424171670675277,0
2,213,0.061244964599609375,1,4.7454833984375,0.00020069777965545793,1.2275722333192824,0
2,214,0.044040679931640625,1,5.191802501678467,5.561113357539782e-06,1.1842450873851775,0
2,215,0.054477691650390625,1,5.0048828125,0.00020622909069061002,1.2088494778871537,0
2,216,0.036441802978515625,1,2.170562744140625,0.09999997019767762,1.2254723522663116,0
2,217,0.007778167724609375,1,1.247406005859375,0.09999997913837433,1.1866082161664961,0
2,218,0.019847869873046875,1,2.807616949081421,2.086162566999894e-08,1.1835433999300002,0
2,219,0.032054901123046875,1,0.0,0.09999936223030091,1.2601098277568816,0
2,220,0.01751708984375,1,1.3580321073532104,0.09999935328960419,1.2038735634088515,0
2,221,-0.010951995849609375,1,1.4419554471969604,0.09997920989990235,1.1452577309608458,0
2,222,-0.00872802734375,1,0.9117125868797302,5.433857440948625e-05,1.164307520031929,0
2,223,-0.0101776123046875,1,0.7095336318016052,7.198750972747803e-05,1.1654512232542038,0
2,224,-0.00098419189453125,1,0.0991821214556694,0.09999686181545259,1.192048099309206,0
2,225,-0.006694793701171875,1,1.4991759061813354,5.960464476151284e-09,1.1566268942356108,0
2,226,-0.021610260009765625,1,2.857208013534546,0.0981719046831131,1.0957084435224531,0
2,227,-0.035976409912109375,1,3.986358404159546,0.09817187786102297,1.0443931369781494,0
2,228,-0.046848297119140625,1,7.183074474334717,0.09862374663352967,0.9586969664096832,0
2,229,-0.10359954833984375,1,12.458800315856934,0.09862377345561982,0.739679946064949,0
2,230,-0.13913345336914062,1,14.553069114685059,0.0,0.6306717109680176,0
2,231,-0.143402099609375,1,13.652800559997559,0.09177431464195251,0.6364688169956207,0
2,232,-0.1211700439453125,1,10.581969261169434,0.09177426099777222,0.7423495564460754,0
2,233,-0.08924484252929688,1,5.649566173553467,0.09953007996082305,0.904537788271904,0
2,234,-0.0313568115234375,1,2.574920415878296,0.09910229742527008,1.0818238767385482,0
2,235,-0.02227783203125,1,1.7356871366500854,0.0002442777156829862,1.1207208220958709,0
2,236,-0.011871337890625,1,0.9841918349266052,0.05186031349003315,1.1544990749806165,0
2,237,-0.009304046630859375,1,0.7247924208641052,0.042615558579564096,1.1651914359778166,0
2,238,-0.00301361083984375,1,0.8811950087547302,0.008323881030082698,1.1760159229040146,0
2,239,-0.021221160888671875,1,2.0294189453125,0.00550715029239654,1.1167490133047104,0
2,240,-0.014484405517578125,1,3.070831060409546,0.006611537933349607,1.1093501062393187,0
2,241,-0.058849334716796875,1,4.741668701171875,0.09999995529651642,0.983467958331108,0
2,242,-0.00279998779296875,1,1.8463133573532104,0.00571232736110687,1.157245264172554,0
2,243,0.023654937744140625,1,2.292633056640625,0.0057042986154556274,1.2012290424108505,0
2,244,0.016536712646484375,1,0.61798095703125,3.6603212356572934e-05,1.2207123420238495,0
2,245,-0.002574920654296875,1,0.9307860732078552,4.4631958007815276e-05,1.1762326519489288,0
2,246,-0.01317596435546875,1,0.7400512099266052,1.0728836059847868e-07,1.1588470427989959,0
2,247,0.012508392333984375,1,3.005981206893921,0.09999977350234986,1.1608971695899961,0
2,248,0.04376983642578125,1,6.496428966522217,0.09922631084918976,1.1536420410871506,0
2,249,0.08081436157226562,1,8.045196533203125,0.09719743728637696,1.1968368949890136,0
2,250,0.0692596435546875,1,7.259368419647217,0.002028948068618773,1.193250760793686,0
2,251,0.09288406372070312,1,8.022308349609375,0.09999995529651642,1.2213219622373581,0
2,252,0.05673980712890625,1,4.09698486328125,0.0,1.2315399169921875,0
2,253,0.005229949951171875,1,2.346038818359375,0.0,1.1635391235351562,0
2,254,-0.059326171875,1,7.225036144256592,4.768371582308806e-08,0.9368469314575195,0
2,255,-0.09186935424804688,1,12.367247581481934,0.021764039993286133,0.7680457782745361,0
2,256,-0.14179611206054688,1,17.2882080078125,0.021614429354667668,0.5697790385484695,0
2,257,-0.18055343627929688,1,19.69146728515625,0.05637940168380738,0.4428086056709289,0
2,258,-0.24297714233398438,1,22.857664108276367,0.03656578958034516,0.25542980158329004,0
2,259,-0.19869613647460938,1,20.538328170776367,0.01392511129379273,0.3912841591835021,0
2,260,-0.17566680908203125,1,15.476225852966309,0.02083026170730591,0.5383086543083191,0
2,261,-0.1328125,1,11.230467796325684,0.1,0.7057656440734863,0
2,262,-0.09231185913085938,1,6.153106212615967,0.0,0.8923141574859619,0
2,263,-0.03807830810546875,1,2.784728765487671,0.08620864748954774,1.064700462579727,0
2,264,-0.00963592529296875,1,0.9040831923484802,0.08619987666606904,1.15919849050045,0
2,265,0.036922454833984375,1,4.886627197265625,0.09999122917652131,1.1721127165555953,0
2,266,0.046260833740234375,1,6.595611095428467,0.09999502897262574,1.1566096444129943,0
2,267,0.0976715087890625,1,9.33837890625,1.43349170685092e-06,1.2085753821134566,0
2,268,0.0953216552734375,1,8.29315185546875,0.0015271931886673001,1.2247191857099533,0
2,269,0.05991363525390625,1,4.283905029296875,0.0015307307243347182,1.2340879406929015,0
2,270,0.02896881103515625,1,3.684997320175171,0.0,1.1842376756668092,0
2,271,0.059558868408203125,1,8.945465087890625,4.2524933814999666e-05,1.1402067340612412,0
2,272,0.14992904663085938,1,17.230987548828125,0.09995746910572054,1.1512400435209273,0
2,273,0.173583984375,1,19.199371337890625,2.384185791154403e-08,1.1631805410385132,0
2,274,0.172088623046875,1,16.063690185546875,0.03162518441677094,1.2216384350061416,0
2,275,0.16391754150390625,1,13.545989036560059,0.06837478578090668,1.254180310845375,0
2,276,0.1190643310546875,1,10.822295188903809,0.0,1.2216827583312988,0
2,277,0.08947372436523438,1,9.613037109375,0.014826792478561404,1.1860936348438262,0
2,278,0.0940399169921875,1,9.021759033203125,0.08350315690040588,1.2043045270442962,0
2,279,0.08700942993164062,1,6.282805919647217,0.0983299195766449,1.244429544687271,0
2,280,0.039886474609375,1,1.8539427518844604,2.9802322387695312e-08,1.2426940929889678,0
2,281,-0.00217437744140625,1,1.5602110624313354,0.0,1.1644470238685607,0
2,282,-0.026500701904296875,1,3.204345464706421,0.0,1.082911686897278,0
2,283,-0.03148651123046875,1,1.194000244140625,7.629394531277756e-07,1.113146942138672,0
2,284,0.005504608154296875,1,0.6752013564109802,0.019166821241378782,1.196738516330719,0
2,285,-0.009044647216796875,1,2.819061040878296,0.019163465499877932,1.124762946128845,0
2,286,-0.056964874267578125,1,5.619048595428467,0.09999500811100007,0.9696894792318344,0
2,287,-0.04454803466796875,1,4.390716552734375,0.09747289419174195,1.0191906838417053,0
2,288,-0.03694915771484375,1,3.314971685409546,0.002525606751441957,1.059701226592064,0
2,289,-0.0308380126953125,1,1.8348692655563354,0.09358524382114411,1.0978831795454025,0
2,290,-0.003997802734375,1,1.087188720703125,0.002370628714561465,1.170165794968605,0
2,291,0.0284576416015625,1,2.792358160018921,0.004043480753898619,1.2009063807725904,0
2,292,0.01738739013671875,1,2.727508306503296,0.09999063313007356,1.1762249888181684,0
2,293,0.056427001953125,1,7.690429210662842,9.31620597839633e-06,1.159045047044754,0
2,294,0.09108352661132812,1,5.462646007537842,0.09998919069766998,1.2689145654439926,0
2,295,0.018383026123046875,1,2.399444580078125,0.09998731911182404,1.1847776678800583,0
2,296,0.051177978515625,1,4.749298095703125,3.8343667984004626e-05,1.207368461370468,0
2,297,0.021541595458984375,1,1.8348692655563354,0.09995975494384766,1.2023874154090881,0
2,298,0.027400970458984375,1,1.6059874296188354,0.09999977350234986,1.2186822013854979,0
2,299,-0.0128936767578125,1,2.571105718612671,0.07115331888198853,1.1199443993568419,0
2,300,-0.026767730712890625,1,2.43377685546875,0.07115354537963868,1.0949428596496582,0
2,301,-0.01904296875,1,1.8234251737594604,8.940696717696373e-09,1.1254455586671828,0
2,302,-0.019100189208984375,1,1.4495848417282104,0.09999986588954926,1.128807930111885,0
2,303,-0.00402069091796875,1,0.3242492377758026,1.4901161193847656e-08,1.1854736328125,0
2,304,0.00954437255859375,1,1.3847349882125854,0.012378469109535217,1.1908989065885542,0
2,305,0.016231536865234375,1,0.8049010634422302,0.08762134909629823,1.212860198497772,0
2,306,0.000286102294921875,1,0.1716613620519638,2.980232234606195e-09,1.197138977229595,0
2,307,0.008014678955078125,1,0.3662109076976776,0.0999998390674591,1.2047051461935043,0
2,308,-0.00890350341796875,1,1.216888427734375,0.0002162069082260118,1.1578465763330459,0
2,309,-0.013973236083984375,1,2.490997314453125,0.09978367090225221,1.1182422347068786,0
2,310,-0.03684234619140625,1,4.886627197265625,0.09999954700469971,1.024582781791687,0
2,311,-0.05240631103515625,1,5.397796154022217,4.5299530029158097e-07,0.9872314367294311,0
2,312,-0.053531646728515625,1,5.249022960662842,0.09983106553554535,0.98396300470829,0
2,313,-0.056240081787109375,1,5.317687511444092,0.09983106553554535,0.9771728435754775,0
2,314,-0.04500579833984375,1,3.173827886581421,0.09849916696548462,1.0425718789100649,0
2,315,0.003322601318359375,1,2.094268798828125,0.09849563539028168,1.1608200012445449,0
2,316,0.0269927978515625,1,1.7013548612594604,0.005030727386474608,1.2197572693824767,0
2,317,0.008686065673828125,1,1.9187926054000854,0.09496574103832245,1.1751976495981216,0
2,318,0.041900634765625,1,4.70733642578125,0.0001233339309692355,1.1896496076583862,0
2,319,0.038364410400390625,1,1.9416807889938354,0.0001232624053955078,1.2378902745246887,0
2,320,0.005584716796875,1,0.4539489448070526,0.09999911189079286,1.1980904902219773,0
2,321,0.006984710693359375,1,0.52642822265625,8.16583633420076e-07,1.2034408242702483,0
2,322,-0.000682830810546875,1,0.133514404296875,0.09560866355895997,1.1921397037506103,0
2,323,0.01058197021484375,1,1.7318724393844604,0.004391312599182129,1.1863508391380309,0
2,324,0.02325439453125,1,1.7051695585250854,0.00021300315856933455,1.2123968777656555,0
2,325,0.008380889892578125,1,0.4959106147289276,0.09978697299957276,1.202852088570595,0
2,326,-0.0007476806640625,1,1.186370849609375,0.09999975860118866,1.17077723133564,0
2,327,-0.0269775390625,1,2.826690435409546,0.004471367597579955,1.0893322584629057,0
2,328,-0.01605987548828125,1,0.12969970703125,0.09552839100360871,1.1614651192426682,0
2,329,0.013645172119140625,1,1.8692015409469604,0.00021299123764038225,1.1898977937698363,0
2,330,0.0186767578125,1,2.105712890625,0.0007838815450668321,1.1952079025506972,0
2,331,0.021465301513671875,1,0.7438659071922302,0.09899080097675324,1.2240936528444288,0
2,332,-0.0082855224609375,1,0.308990478515625,0.09998026192188264,1.173249935030937,0
2,333,0.0092010498046875,1,2.25830078125,0.0002225250005722032,1.1732271829843521,0
2,334,0.04314422607421875,1,5.275725841522217,0.00022943913936614851,1.1807647577524185,0
2,335,0.06402969360351562,1,4.215240478515625,0.09998091161251069,1.2397553411722182,0
2,336,0.013828277587890625,1,0.4577636420726776,0.09998090267181398,1.2145020462274552,0
2,337,-0.014858245849609375,1,1.9226073026657104,0.09471090137958527,1.1280429261922835,0
2,338,-0.016002655029296875,1,1.5983580350875854,0.0022715747356414767,1.1359366662502288,0
2,339,-0.01999664306640625,1,1.8310545682907104,0.09698274433612825,1.119506312727928,0
2,340,-0.0143280029296875,1,1.087188720703125,0.09999951124191285,1.145600239276886,0
2,341,-0.00028228759765625,1,1.18255615234375,0.09999974668025971,1.1717843118906022,0
2,342,0.02722930908203125,1,3.562927007675171,5.081295967102051e-06,1.1831998747587205,0
2,343,0.031085968017578125,1,1.5220640897750854,0.09999393224716187,1.227730896949768,0
2,344,-0.04589080810546875,1,6.328582286834717,2.8854608535765214e-05,0.9816455838680267,0
2,345,-0.053195953369140625,1,3.543853521347046,0.0007570981979370117,1.0227007389068605,0
2,346,-0.00734710693359375,1,0.9727477431297302,0.0992130607366562,1.1618823088407515,0
2,347,0.024143218994140625,1,4.177093505859375,0.024261826276779173,1.1637740948200226,0
2,348,0.06503677368164062,1,7.843017101287842,0.024261754751205445,1.1722427351474762,0
2,349,0.08203125,1,7.244109630584717,7.450580596923828e-08,1.2191803044080733,0
2,350,0.0464324951171875,1,2.124786376953125,0.00010206401348113875,1.2503651801347733,0
2,351,-0.003662109375,1,0.293731689453125,0.00010206401348113875,1.1867970649003983,0
2,352,0.014644622802734375,1,1.232147216796875,0.0,1.2046463012695312,0
2,353,-0.00824737548828125,1,1.8005369901657104,2.980232241545089e-09,1.1474945091009139,0
2,354,-0.022106170654296875,1,3.356933355331421,0.00016661286354064525,1.0886423270702363,0
2,355,-0.046237945556640625,1,5.168914318084717,0.0001666158437728868,1.0041391578912735,0
2,356,-0.052364349365234375,1,3.379821538925171,1.3113021850308382e-07,1.0276748652458192,0
2,357,-0.01444244384765625,1,0.560760498046875,0.09999975860118868,1.1558999119997024,0
2,358,0.003643035888671875,1,1.224517822265625,0.09988747537136078,1.1788002163171767,0
2,359,0.02378082275390625,1,2.468109130859375,0.0009738147258758559,1.19816051030159,0
2,360,0.025714874267578125,1,3.009795904159546,0.0010754853487014784,1.1911908110380172,0
2,361,0.035366058349609375,1,5.462646007537842,1.074373722076416e-05,1.161478766798973,0
2,362,0.08004379272460938,1,9.86480712890625,0.0029756277799606323,1.1626724177598953,0
2,363,0.11117935180664062,1,10.822295188903809,0.002962219715118411,1.2057943110466003,0
2,364,0.0552520751953125,1,9.70458984375,1.3241171836847476e-05,1.1164118238687515,0
2,365,-0.09615707397460938,1,11.234282493591309,1.668930053738693e-07,0.7830001955032349,0
2,366,-0.11410140991210938,1,11.253355979919434,0.0,0.7467300605773926,0
2,367,-0.11413955688476562,1,9.14764404296875,0.08856011331081391,0.7852256008386611,0
2,368,-0.08587265014648438,1,10.334013938903809,0.08856011331081391,0.8180320163965225,0
2,369,-0.1123199462890625,1,12.329100608825684,0.0480451300740242,0.7268562900424004,0
2,370,-0.102630615234375,1,9.174346923828125,0.047814668715000154,0.8093392443060875,0
2,371,-0.08583450317382812,1,8.258819580078125,0.004252600669860843,0.8629844980239868,0
2,372,-0.07871627807617188,1,7.225036144256592,0.0044830620288848905,0.897887398481369,0
2,373,-0.059604644775390625,1,4.57763671875,2.0176172256469727e-05,0.9892371690273285,0
2,374,-0.026641845703125,1,1.171112060546875,2.017319202422818e-05,1.1232932604551316,0
2,375,0.003875732421875,1,1.5869139432907104,2.980232241545089e-09,1.1760131858587264,0
2,376,0.02707672119140625,1,3.318786382675171,0.0,1.1877777147293092,0
2,377,0.037563323974609375,1,4.4708251953125,0.09998093247413636,1.1817109067440033,0
2,378,0.05287933349609375,1,5.062102794647217,0.09998040199279785,1.2005173950195311,0
2,379,0.03586578369140625,1,1.7166136503219604,0.00032199621200561246,1.237386414527893,0
2,380,-0.00582122802734375,1,1.04522705078125,0.09967747330665588,1.1634659039974211,0
2,381,0.002147674560546875,1,1.5411375761032104,0.09987260401248932,1.1694776934385298,0
2,382,0.02042388916015625,1,1.2741087675094604,2.0429491996765137e-05,1.2153647857904433,0
2,383,-0.01276397705078125,1,1.5525816679000854,0.00010696649551391463,1.143416133880615,0
2,384,-0.0078582763671875,1,0.4539489448070526,0.005347096920013429,1.1749905844926836,0
2,385,-0.00057220458984375,1,0.2326965183019638,0.005347096920013429,1.1939877765774727,0
2,386,0.006519317626953125,1,1.7890928983688354,0.0,1.1772567772865294,0
2,387,0.0366973876953125,1,4.924774169921875,0.1,1.1708992919921875,0
2,388,0.057872772216796875,1,3.669738531112671,0.0,1.2423507738113404,0
2,389,0.0131378173828125,1,0.7781981825828552,0.09999955892562867,1.2067116887569427,0
2,390,0.007709503173828125,1,0.26702880859375,0.0999985545873642,1.2060784879922866,0
2,391,-0.017486572265625,1,2.769469976425171,0.06226025670766831,1.1071470456719397,0
2,392,-0.030750274658203125,1,3.482818365097046,0.05909150093793869,1.0664794233441353,0
2,393,-0.030426025390625,1,2.674102544784546,0.003169757127761838,1.0855391080379484,0
2,394,-0.025333404541015625,1,3.299712896347046,0.09998242259025575,1.0793396360874177,0
2,395,-0.049076080322265625,1,3.639220952987671,0.09998223781585694,1.0250641307830812,0
2,396,-0.013401031494140625,1,0.7781981825828552,0.002986845374107358,1.1575144995450972,0
2,397,0.0372772216796875,1,5.046844005584717,0.0029793739318847642,1.1734983882904053,0
2,398,0.05246734619140625,1,5.313872814178467,0.036222650110721594,1.1972083300948142,0
2,399,0.058673858642578125,1,5.599975109100342,0.0637696847319603,1.2027974277138709,0
2,400,0.055339813232421875,1,7.129668712615967,3.9845705032334755e-06,1.1680860928297043,0
2,401,0.08440017700195312,1,8.487701416015625,3.987550735468082e-06,1.1990461661815643,0
2,402,0.07457733154296875,1,6.931304454803467,0.09999675750732423,1.206528703689575,0
2,403,0.0769195556640625,1,8.014678955078125,0.09999676048755646,1.1895456618070601,0
2,404,0.0838775634765625,1,10.063170433044434,0.09999972879886627,1.1624917291402816,0
2,405,0.1049957275390625,1,10.784148216247559,0.09999972879886627,1.1903085016012191,0
2,406,0.11673736572265625,1,9.731292724609375,0.09985542297363281,1.2348546600341797,0
2,407,0.00629425048828125,1,8.81195068359375,0.0001445770263671861,1.0363437042236328,0
2,408,-0.08197402954101562,1,8.647918701171875,0.03081977963447571,0.8618607757091522,0
2,409,-0.0790557861328125,1,6.118773937225342,0.009366494417190552,0.9191382892131805,0
2,410,-0.0496673583984375,1,3.746032476425171,0.021453261375427246,1.0248865032196046,0
2,411,-0.01882171630859375,1,0.1602172702550888,0.061762275546789175,1.156681730955839,0
2,412,0.030307769775390625,1,6.267547130584717,0.03823424950242042,1.13373522695899,0
2,413,0.10937118530273438,1,10.936736106872559,5.3575634956358476e-05,1.2000055054426193,0
2,414,0.100067138671875,1,8.68988037109375,0.09994296729564667,1.222338951230049,0
2,415,-0.00313568115234375,1,5.947112560272217,0.006535780429840092,1.0745249552726746,0
2,416,-0.0462493896484375,1,3.150939702987671,0.09340528249740601,1.0407462153434754,0
2,417,-0.01050567626953125,1,0.7019042372703552,0.002188515663146977,1.1648630220890044,0
2,418,0.012432098388671875,1,0.1716613620519638,0.0004014611244201674,1.2214149110913275,0
2,419,-0.022632598876953125,1,3.959655523300171,0.09735109210014344,1.0716476480960846,0
2,420,-0.04837799072265625,1,4.43267822265625,0.1,1.0105904541015625,0
2,421,-0.02695465087890625,1,0.4692077338695526,0.1,1.1327065435647965,0
2,422,0.009212493896484375,1,1.06048583984375,0.0,1.1972152709960937,0
2,423,0.00231170654296875,1,0.54931640625,0.0035786122083663954,1.1934939404726028,0
2,424,0.024883270263671875,1,4.12750244140625,0.05422423705458641,1.1650475222170353,0
2,425,0.055545806884765625,1,5.466460704803467,0.05780239030718804,1.1994503040611744,0
2,426,0.040866851806640625,1,3.841399908065796,0.09998802542686464,1.2009061844348907,0
2,427,0.03070831298828125,1,2.677917242050171,0.006300258636474612,1.2076062707900999,0
2,428,-0.000232696533203125,1,2.094268798828125,0.0936850279569626,1.1539018298387527,0
2,429,-0.014064788818359375,1,0.3890990912914276,3.197789192201095e-06,1.164088312625885,0
2,430,0.010387420654296875,1,1.6784666776657104,7.450580596923828e-08,1.1872055047750472,0
2,431,0.012786865234375,1,2.414703369140625,6.8545341493087e-08,1.1772796603441238,0
2,432,-0.04045867919921875,1,5.455016613006592,5.960464476151284e-09,1.009982309103012,0
2,433,-0.062229156494140625,1,6.843566417694092,0.0,0.9386703586578369,0
2,434,-0.0516357421875,1,3.128051519393921,3.069639205946495e-07,1.0341674729585648,0
2,435,-0.00482940673828125,1,0.4615783393383026,5.662441254078443e-08,1.181109617471695,0
2,436,0.003108978271484375,1,0.1602172702550888,1.1622905730923616e-07,1.2030136064887045,0
2,437,0.001190185546875,1,0.9040831923484802,0.06710973680019379,1.1816143177747727,0
2,438,0.02355194091796875,1,2.746581792831421,0.06707751452922822,1.1894891453981398,0
2,439,0.02396392822265625,1,1.5258787870407104,3.235638141631941e-05,1.2174089864492414,0
2,440,0.008289337158203125,1,0.7057189345359802,0.08048360347747803,1.1992449514865875,0
2,441,0.005764007568359375,1,0.064849853515625,0.019516345858573918,1.2094503642320633,0
2,442,-0.004955291748046875,1,0.0495910607278347,0.09999978542327881,1.1850976038724184,0
2,443,0.0081024169921875,1,1.03759765625,1.5497207641462785e-07,1.195452874660492,0
2,444,0.008182525634765625,1,0.8430480360984802,8.940696717696373e-09,1.1995040901899336,0
2,445,0.010089874267578125,1,0.8125304579734802,0.0032579272985458346,1.2037988222837448,0
2,446,0.00498199462890625,1,0.7171630263328552,0.003257924318313593,1.1954904117584229,0
2,447,0.01203155517578125,1,1.3504027128219604,1.1324882507324219e-06,1.197055010795593,0
2,448,0.0173187255859375,1,2.586364507675171,1.135468482973967e-06,1.1829101155996322,0
2,449,0.038608551025390625,1,4.38690185546875,0.0,1.1894790649414062,0
2,450,-0.0304412841796875,1,1.7547606229782104,1.4930963516263107e-06,1.1040221594572066,0
2,451,0.02276611328125,1,4.87518310546875,5.512535572051863e-05,1.1480263594388962,0
2,452,-0.05487060546875,1,7.442473888397217,5.661845207214494e-05,0.9414070465564728,0
2,453,-0.06710052490234375,1,7.663726329803467,0.0,0.9125244235992431,0
2,454,-0.077911376953125,1,7.205962657928467,0.09998867809772492,0.8960584458112716,0
2,455,-0.06522369384765625,1,5.615233898162842,0.0034413248300552424,0.9571102813482284,0
2,456,-0.052387237548828125,1,3.879546880722046,0.09654735326766968,1.0137726931571962,0
2,457,-0.020923614501953125,1,2.208709716796875,2.7778744697573576e-05,1.1139774655103682,0
2,458,-0.02991485595703125,1,3.025054693222046,2.7760863304138184e-05,1.0796680837869643,0
2,459,-0.02106475830078125,1,0.02670287899672985,4.225671291351041e-05,1.1573347355499863,0
2,460,0.018215179443359375,1,1.9760130643844604,4.681050777435164e-05,1.1969082251787184,0
2,461,0.013500213623046875,1,1.6975401639938354,0.0538475763052702,1.190895720914006,0
2,462,0.02338409423828125,1,1.3847349882125854,0.053935862705111505,1.2169160542041062,0
2,463,0.00592803955078125,1,1.6899107694625854,7.987022399916222e-07,1.1780578317642212,0
2,464,0.0394134521484375,1,3.879546880722046,0.0,1.2012359666824342,0
2,465,0.01946258544921875,1,0.9613036513328552,0.09948868155479432,1.2157195506095886,0
2,466,0.008411407470703125,1,1.7166136503219604,0.0003029644489288344,1.1824784233570098,0
2,467,0.038005828857421875,1,3.875732183456421,0.09729814231395723,1.1946050883531572,0
2,468,0.033824920654296875,1,4.215240478515625,0.0024934858083724976,1.1832452923059462,0
2,469,0.04986572265625,1,4.734039306640625,1.56760215758861e-06,1.205050596475601,0
2,470,0.035182952880859375,1,1.5640257596969604,0.09999840557575226,1.2350854543447494,0
2,471,0.0016326904296875,1,0.1716613620519638,0.0999999910593033,1.1958321539759635,0
2,472,0.001644134521484375,1,0.3967284858226776,0.0,1.1953536993265153,0
2,473,0.004413604736328125,1,0.141143798828125,2.980232241545089e-09,1.2060043333768844,0
2,474,-0.0108489990234375,1,2.635955572128296,4.6193599700927734e-07,1.1255828720331191,0
2,475,-0.042133331298828125,1,3.391265630722046,0.008772310614585874,1.0475571323633195,0
2,476,-0.006458282470703125,1,0.141143798828125,0.025612354278564453,1.1832360649108886,0
2,477,-0.0040283203125,1,1.064300537109375,0.061871200799942024,1.1681825006008149,0
2,478,-0.012699127197265625,1,0.6904601454734802,0.09625632464885713,1.1569422897100448,0
2,479,0.005565643310546875,1,0.3776549994945526,1.2159347534193565e-06,1.2035781379938126,0
2,480,-0.030971527099609375,1,2.582549810409546,0.09908111989498139,1.0824427047967908,0
2,481,-0.010890960693359375,1,0.9193419814109802,0.0009154021739959731,1.1597946228981018,0
2,482,-0.015583038330078125,1,2.593993902206421,0.09999586641788483,1.1129542106389998,0
2,483,-0.0374755859375,1,3.253936529159546,3.3956766128537264e-05,1.059968739271164,0
2,484,-0.0133209228515625,1,0.12969970703125,0.03021084368228913,1.1695557264089584,0
2,485,0.001811981201171875,1,0.06866455078125,0.03024667799472809,1.2010408042669296,0
2,486,-0.00775909423828125,1,0.8583068251609802,0.0,1.1673156750202178,0
2,487,-0.002262115478515625,1,0.7095336318016052,2.3037195205702354e-06,1.1812850042581557,0
2,488,0.013378143310546875,1,1.4648436307907104,0.09999769032001496,1.1934595063924789,0
2,489,0.007350921630859375,1,0.0877380296587944,0.030165973305702212,1.2117404437363148,0
2,490,-0.00418853759765625,1,0.064849853515625,0.030161830782890323,1.1891194545030594,0
2,491,0.011875152587890625,1,1.5907286405563354,0.08769381940364838,1.1884279795885084,0
2,492,0.013275146484375,1,0.7476806044578552,0.08769796788692474,1.2080887621641159,0
2,493,-0.00467681884765625,1,0.4653930366039276,0.09999991953372955,1.17733850479126,0
2,494,0.005069732666015625,1,0.6790160536766052,8.046627044538956e-08,1.1965591410398482,0
2,495,0.005584716796875,1,0.8544921278953552,0.0,1.1940795910358428,0
2,496,0.014286041259765625,1,1.9187926054000854,6.207823753358321e-06,1.1901959820985792,0
2,497,0.022121429443359375,1,0.9040831923484802,0.09994005262851716,1.2221635929346084,0
2,498,-0.0057373046875,1,0.8888244032859802,5.37395477294908e-05,1.1707467529773712,0
2,499,-0.0063018798828125,1,0.7247924208641052,0.0,1.1729003918170928,0
2,500,-0.006496429443359375,1,0.2479553073644638,0.1,1.1780480349659919,0
2,501,0.01490020751953125,1,0.6637572646141052,0.1,1.2125252697467803,0
2,502,-0.01369476318359375,1,0.553131103515625,0.004840534925460813,1.1613542301654816,0
2,503,0.02101898193359375,1,1.6593931913375854,0.004840531945228571,1.2086564787626266,0
2,504,-0.0072784423828125,1,0.0457763634622097,6.10649585723877e-05,1.1845251453667878,0
2,505,0.024639129638671875,1,0.3623962104320526,5.5843591690064864e-05,1.2420281013250352,0
2,506,-0.029266357421875,1,3.166198492050171,1.4746189117433028e-05,1.0781427254676819,0
2,507,-0.020053863525390625,1,2.44903564453125,5.558133125305176e-06,1.1109113377332687,0
2,508,-0.037506103515625,1,3.303527593612671,0.0003437578678131062,1.058903490781784,0
2,509,-0.02834320068359375,1,3.105163335800171,0.0003581702709197984,1.0811960051059721,0
2,510,-0.03438568115234375,1,3.005981206893921,3.367662429823448e-07,1.0711090000867842,0
2,511,-0.018589019775390625,1,1.201629638671875,0.003534978628158568,1.1386479685306548,0
2,512,-0.00370025634765625,1,0.7171630263328552,0.0035323441028594985,1.178114933013916,0
2,513,-0.013916015625,1,0.7705687880516052,2.926588058470292e-06,1.1567564759254454,0
2,514,0.027866363525390625,1,2.32696533203125,3.069639205946495e-07,1.2091934081315994,0
2,515,-0.0077056884765625,1,1.5983580350875854,3.5166740417619247e-07,1.152621448278427,0
2,516,-0.013240814208984375,1,2.3193359375,0.09996923804283142,1.123132883310318,0
2,517,-0.035655975341796875,1,4.665374755859375,0.09996915757656098,1.0313817878961562,0
2,518,-0.050537109375,1,6.000518321990967,0.07227917164564134,0.9760242479443549,0
2,519,-0.07818222045898438,1,6.374358654022217,0.07227925211191177,0.9132572159171104,0
2,520,-0.0479278564453125,1,4.29534912109375,0.047330226935446265,1.0163440956100822,0
2,521,-0.038360595703125,1,4.29534912109375,0.0037489263340830803,1.0372218691185116,0
2,522,-0.038356781005859375,1,2.025604248046875,0.04983427152037621,1.0807809821665286,0
2,523,0.005069732666015625,1,0.3662109076976776,0.09875331223011016,1.1988651146888734,0
2,524,-0.042083740234375,1,4.276275634765625,0.09999819397926331,1.026307079076767,0
2,525,-0.031524658203125,1,4.001617431640625,8.940696716308594e-08,1.0569183313846588,0
2,526,-0.056400299072265625,1,6.752013683319092,8.940696716308594e-08,0.9521591246128082,0
2,527,-0.07816696166992188,1,5.882262706756592,2.980232241545089e-09,0.9260208224058151,0
2,528,-0.028900146484375,1,0.2593994140625,0.0008960723876953111,1.1369758758544921,0
2,529,0.055019378662109375,1,8.75091552734375,0.0007824331521987943,1.1349891494512558,0
2,530,0.11009597778320312,1,12.504576683044434,4.4572353363032946e-05,1.170098639011383,0
2,531,0.137481689453125,1,15.090941429138184,6.906986236572543e-05,1.1731417875289916,0
2,532,0.17929840087890625,1,15.850066184997559,8.434057235731651e-07,1.2415954443216324,0
2,533,0.13405227661132812,1,15.556334495544434,1.1113286018368806e-05,1.1569774187803268,0
2,534,0.1709442138671875,1,16.773223876953125,1.1947751045224275e-05,1.2064234722852707,0
2,535,0.060924530029296875,1,10.776518821716309,0.09998816549777985,1.1023191570043565,0
2,536,-0.06038665771484375,1,3.250121831893921,1.1825561523438888e-05,1.0142237749099732,0
2,537,-0.01592254638671875,1,1.071929931640625,0.032765907049179074,1.1454056723117827,0
2,538,-0.00867462158203125,1,0.8125304579734802,0.005789053440093995,1.1661685855388642,0
2,539,0.041683197021484375,1,6.618499279022217,0.07302314639091492,1.1480754826068877,0
2,540,0.07820892333984375,1,10.597228050231934,0.0,1.1444732856750488,0
2,541,-0.12019729614257812,1,12.645720481872559,2.017617225645585e-06,0.7066909173727035,0
2,542,-0.13504791259765625,1,11.142729759216309,2.0086765289278885e-06,0.7070494992733002,0
2,543,-0.0904693603515625,1,10.604857444763184,8.940696717696373e-09,0.8069641300439835,0
2,544,-0.135894775390625,1,12.737273216247559,0.0,0.6734649848937988,0
2,545,-0.11275482177734375,1,13.107298851013184,5.364418029923934e-08,0.7123443772792816,0
2,546,-0.14297866821289062,1,14.942168235778809,5.364418029923934e-08,0.6151992967128753,0
2,547,-0.13986968994140625,1,9.860992431640625,0.0035350918769836426,0.7228993678092956,0
2,548,-0.02098846435546875,1,2.929687261581421,0.01314889192581177,1.0989033703804014,0
2,549,0.0720977783203125,1,11.245726585388184,0.010737177729606633,1.118851537823677,0
2,550,0.17976760864257812,1,20.000457763671875,0.005944809317588805,1.1592882696390152,0
2,551,0.20143890380859375,1,23.799894332885742,0.002790281176567079,1.1267683097124102,0
2,552,0.24377822875976562,1,23.860929489135742,0.0027908504009246868,1.2102262337207796,0
2,553,0.19298171997070312,1,20.473478317260742,0.09989829659461977,1.1724979417324066,0
2,554,-0.18357086181640625,1,15.918730735778809,0.0992381513118744,0.5105141355991363,0
2,555,-0.1226348876953125,1,9.143829345703125,0.003956338763236998,0.771695384144783,0
2,556,-0.053958892822265625,1,2.109527587890625,0.004617911577224729,1.0497069461345672,0
2,557,0.027431488037109375,1,7.213592052459717,9.96291637420793e-06,1.1105907365083694,0
2,558,0.10836410522460938,1,16.36505126953125,0.005687943100929259,1.0891996673345565,0
2,559,0.2147674560546875,1,24.433134078979492,0.005397340655326842,1.1406563369035723,0
2,560,-0.23687744140625,1,25.527952194213867,0.008610844612121582,0.21534163951873778,0
2,561,-0.24521255493164062,1,24.593351364135742,0.008911409974098207,0.21735140645503992,0
2,562,-0.22576904296875,1,25.997159957885742,0.0998973697423935,0.2245228201150894,0
2,563,-0.26909637451171875,1,26.508329391479492,0.0951017051935196,0.12783659493923186,0
2,564,-0.2734413146972656,1,24.600980758666992,0.00474432110786438,0.16090798258781427,0
2,565,-0.24025726318359375,1,21.961210250854492,0.09966141283512116,0.27627481210231775,0
2,566,-0.16427230834960938,1,14.217375755310059,0.0002244710922241211,0.587098889350891,0
2,567,-0.099578857421875,1,8.50677490234375,0.0999358743429184,0.8267093521356582,0
2,568,-0.09014511108398438,1,6.385802745819092,1.3530254363985916e-06,0.8919936687946319,0
2,569,-0.023769378662109375,1,1.5182493925094604,4.982948303222656e-05,1.1220942616462706,0
2,570,-0.019924163818359375,1,2.140045166015625,4.982948303222656e-05,1.1173487758636473,0
2,571,-0.02477264404296875,1,2.914428472518921,0.0016184478998184232,1.0921014045476911,0
2,572,-0.03302764892578125,1,2.368927001953125,0.0016184478998184232,1.0865014241933821,0
2,573,-0.00628662109375,1,0.545501708984375,0.09999997913837433,1.1725167244672774,0
2,574,0.01947784423828125,1,3.070831060409546,0.09806188344955445,1.1736165919303894,0
2,575,0.054302215576171875,1,10.814665794372559,0.09806190431118011,1.0883886390924453,0
2,576,0.19797134399414062,1,25.669095993041992,0.09404310584068298,1.078799043893814,0
2,577,0.29863739013671875,1,32.073974609375,0.0030185520648956313,1.155674546003342,0
2,578,0.3270606994628906,1,32.75299072265625,0.011865317821502692,1.1985869717597963,0
2,579,0.32239532470703125,1,32.65380859375,0.08519634008407592,1.1883066239356996,0
2,580,0.33329010009765625,1,32.93609619140625,0.09740120470523835,1.2039622281789781,0
2,581,0.3091087341308594,1,28.556821823120117,0.09739673137664795,1.2431851625442507,0
2,582,-0.043369293212890625,1,21.060941696166992,0.09999551773071289,0.6880427589416503,0
2,583,-0.16891098022460938,1,12.634276390075684,0.09949111938476562,0.605512866973877,0
2,584,-0.07182693481445312,1,4.63104248046875,0.00032118856906890314,0.9637124332189559,0
2,585,-0.00917816162109375,1,2.033233642578125,0.00018768310546875278,1.1409714965820312,0
2,586,0.0503997802734375,1,4.634857177734375,7.450580596923828e-08,1.2081024140119552,0
2,587,0.03826141357421875,1,4.52423095703125,0.09980354011058808,1.182046066403389,0
2,588,0.054973602294921875,1,7.698058605194092,0.030352549254894255,1.1547719305157662,0
2,589,0.10798263549804688,1,11.001585960388184,0.030548934638500214,1.19471159440279,0
2,590,0.12320709228515625,1,14.862059593200684,0.0,1.1491729927062988,0
2,591,-0.08834457397460938,1,15.647887229919434,0.1,0.7063531074523925,0
2,592,-0.12062835693359375,1,12.054442405700684,0.043730351328849795,0.7159052239656448,0
2,593,-0.1514739990234375,1,11.531828880310059,0.043730348348617554,0.6646662104129791,0
2,594,-0.0719451904296875,1,4.856109619140625,0.09087752997875215,0.9553523255586623,0
2,595,-0.029094696044921875,1,1.8272398710250854,0.09087753295898438,1.1016307091712951,0
2,596,0.004833221435546875,1,3.738403081893921,0.0,1.1348983812332154,0
2,597,0.08854293823242188,1,13.385771751403809,0.0004999250173568712,1.1093504444360733,0
2,598,0.17589187622070312,1,18.062591552734375,0.0004986435174942003,1.190511975646019,0
2,599,0.16521453857421875,1,12.615202903747559,0.09985819756984711,1.2741306911706924,0
2,600,0.019893646240234375,1,10.440825462341309,0.09985947906970978,1.0269764040708542,0
2,601,-0.10672760009765625,1,10.265349388122559,1.6391277313232422e-07,0.7812378054857254,0
2,602,-0.0898590087890625,1,7.709502696990967,0.09999983608722687,0.8620919350385665,0
2,603,-0.07580947875976562,1,8.731842041015625,0.07461985945701599,0.8707594072818756,0
2,604,-0.097442626953125,1,9.944915771484375,0.02538014054298401,0.8052012250423431,0
2,605,-0.06385421752929688,1,4.314422607421875,0.0,0.9860031127929687,0
2,606,-0.031345367431640625,1,2.880096197128296,2.980232238769531e-07,1.0797073292732238,0
2,607,-0.0320587158203125,1,1.8806456327438354,1.5342235565186935e-05,1.0982690420150756,0
2,608,-0.001354217529296875,1,1.5144346952438354,0.09998418390750885,1.163003503680229,0
2,609,0.030975341796875,1,2.330780029296875,0.08500140011310578,1.2119350270032883,0
2,610,-0.005702972412109375,1,2.452850341796875,0.08500157594680786,1.1361369853019714,0
2,611,-0.035549163818359375,1,3.257751226425171,0.1,1.059746647834778,0
2,612,-0.02020263671875,1,2.1820068359375,0.1,1.11195458984375,0
2,613,-0.033069610595703125,1,3.417968511581421,0.00038959980010986467,1.065485824584961,0
2,614,-0.022716522216796875,1,0.2593994140625,0.09961040019989015,1.1453945512771606,0
2,615,0.02510833740234375,1,4.11224365234375,0.0,1.1679718017578125,0
2,616,0.049663543701171875,1,5.710601329803467,0.009940373897552493,1.1847174458503722,0
2,617,0.06287002563476562,1,6.076812267303467,0.09005960822105408,1.2006014215946197,0
2,618,0.047039031982421875,1,4.856109619140625,1.3908743858336015e-05,1.196955315232277,0
2,619,0.052791595458984375,1,4.26483154296875,1.3926625251771407e-05,1.2202860029935836,0
2,620,0.031948089599609375,1,2.3956298828125,0.09999613463878632,1.2119837361574173,0
2,621,0.018890380859375,1,1.6822813749313354,3.838539123536544e-06,1.2041349806785582,0
2,622,0.01517486572265625,1,0.9880065321922302,0.09999997317790986,1.2065896018743514,0
2,623,0.000762939453125,1,1.2893675565719604,0.09999935626983643,1.1717385535240172,0
2,624,0.040874481201171875,1,4.57000732421875,0.0998988538980484,1.1863528617620467,0
2,625,0.030246734619140625,1,1.4686583280563354,0.09887398183345794,1.2271653434038161,0
2,626,-0.0015869140625,1,0.278472900390625,0.09346884787082672,1.1875179599523544,0
2,627,0.005496978759765625,1,0.2403259128332138,0.02090721130371094,1.2053511508107184,0
2,628,-0.00905609130859375,1,1.117706298828125,0.025210440158843994,1.1585252737998961,0
2,629,-0.004913330078125,1,0.274658203125,0.0012024074792861966,1.1846320794820786,0
2,630,0.008411407470703125,1,0.8277892470359802,0.09999917149543763,1.1962670631408692,0
2,631,0.003498077392578125,1,0.274658203125,3.522634506224198e-06,1.201502849817276,0
2,632,-0.012218475341796875,1,1.4839171171188354,0.09875701665878296,1.141934426307678,0
2,633,-0.0088348388671875,1,0.6599425673484802,0.0003467887639999334,1.1691175993680953,0
2,634,0.0210113525390625,1,3.234863042831421,0.09841448366642,1.1733888648748398,0
2,635,0.033290863037109375,1,1.9721983671188354,0.06231009289622307,1.224645355015993,0
2,636,-0.005504608154296875,1,0.522613525390625,0.037689811736345294,1.1770309207141398,0
2,637,0.00244903564453125,1,0.4577636420726776,0.1,1.191742798447609,0
2,638,-0.014385223388671875,1,1.6479490995407104,0.09999616146087648,1.134270724773407,0
2,639,-0.006458282470703125,1,0.60272216796875,3.7878751754788498e-06,1.1750288401842117,0
2,640,0.02740478515625,1,3.829955816268921,0.09715536236763,1.1743242394924165,0
2,641,0.0402984619140625,1,4.180908203125,0.09715541303157807,1.1930925432443618,0
2,642,0.03255462646484375,1,3.459930181503296,0.09977027773857117,1.1919198381900789,0
2,643,0.044193267822265625,1,4.451751708984375,8.141696453094205e-05,1.1993482447862625,0
2,644,0.039829254150390625,1,4.627227783203125,0.09985149502754212,1.183119892835617,0
2,645,0.0396881103515625,1,5.748748302459717,5.003809928898206e-06,1.1644010545015335,0
2,646,-0.040599822998046875,1,3.257751226425171,0.09986191987991333,1.0496508526802064,0
2,647,-0.0172119140625,1,1.3198851346969604,0.0001328766345977811,1.1391731541156769,0
2,648,-0.015094757080078125,1,0.8773803114891052,0.08783203959465027,1.1487495980262756,0
2,649,0.00740814208984375,1,1.6555784940719604,0.012167939543724061,1.1812179967164993,0
2,650,0.01470947265625,1,0.0038146970327943563,0.09980949759483337,1.2253502714680509,0
2,651,-0.02774810791015625,1,2.521514654159546,0.00018991529941558838,1.0940658944845199,0
2,652,-0.005619049072265625,1,1.8501280546188354,8.067488670347733e-06,1.151759018063545,0
2,653,-0.039150238037109375,1,2.895354986190796,0.09950065612792969,1.059812397956848,0
2,654,-0.008026123046875,1,0.9918212294578552,0.0003851354122161865,1.1640959239006041,0
2,655,-0.024204254150390625,1,2.29644775390625,0.0001055687665939345,1.10565831387043,0
2,656,-0.0094451904296875,1,0.2326965183019638,0.09998641908168793,1.172456232011318,0
2,657,0.000102996826171875,1,0.3662109076976776,1.3574957847595215e-05,1.1928812325000764,0
2,658,0.007923126220703125,1,0.6561278700828552,0.09999561905860901,1.1987238702774048,0
2,659,-0.004245758056640625,1,1.9760130643844604,3.9398670196519325e-06,1.1519880650043486,0
2,660,-0.02799224853515625,1,2.288818359375,0.000151944160461423,1.098233057975769,0
2,661,0.002979278564453125,1,1.7700194120407104,0.00015237033367156844,1.170552074074745,0
2,662,0.023731231689453125,1,1.064300537109375,0.09999597370624543,1.2221766136884689,0
2,663,-0.0026397705078125,1,0.0762939453125,0.09999598860740662,1.1891947405338288,0
2,664,0.013759613037109375,1,2.09808349609375,0.09999996125698091,1.1815575577020645,0
2,665,0.0231781005859375,1,2.3345947265625,0.029754991829395293,1.1984741069674492,0
2,666,0.020229339599609375,1,1.3847349882125854,0.0639882043004036,1.2102044512629508,0
2,667,0.0048370361328125,1,0.3204345405101776,0.09316396117210389,1.1995388230085373,0
2,668,0.0054473876953125,1,0.7286071181297302,0.012911367416381839,1.1958061783313751,0
2,669,0.013702392578125,1,2.792358160018921,0.013490578532218932,1.1710179988145826,0
2,670,0.042438507080078125,1,3.829955816268921,0.09993934631347656,1.2042803239822388,0
2,671,0.020145416259765625,1,1.4648436307907104,0.00047971010208129605,1.2109747714996337,0
2,672,-0.0017242431640625,1,1.155853271484375,0.09945969879627228,1.1694560602903366,0
2,673,-0.015743255615234375,1,1.3313292264938354,0.1,1.1378869042396544,0
2,674,-0.007080078125,1,0.7705687880516052,0.1,1.1664284679889678,0
2,675,-0.011226654052734375,1,1.4533995389938354,0.098745596408844,1.1445288772583007,0
2,676,-0.013866424560546875,1,0.9994506239891052,0.0012544035911560072,1.1522279622554779,0
2,677,-0.003063201904296875,1,0.007629394065588713,0.09961747527122498,1.1897363092992455,0
2,678,0.0030670166015625,1,1.07574462890625,0.09961717426776887,1.1806344536542892,0
2,679,0.0149078369140625,1,1.9721983671188354,0.09999407529830934,1.1863719434738158,0
2,680,0.010845184326171875,1,0.4158019721508026,0.008550471067428587,1.2130323103666305,0
2,681,-0.01378631591796875,1,1.8653868436813354,0.008556020259857175,1.1347773904800413,0
2,682,-0.016010284423828125,1,0.6713866591453552,0.0999999225139618,1.1505517010688782,0
2,683,0.0042724609375,1,1.7700194120407104,0.00015898346900939525,1.1731381742954252,0
2,684,0.03185272216796875,1,2.811431646347046,0.09982021749019623,1.2034840027093885,0
2,685,0.010921478271484375,1,0.52642822265625,0.09997068345546722,1.207315564751625,0
2,686,0.006519317626953125,1,0.7400512099266052,0.09757758975028993,1.1943345074653624,0
2,687,0.004367828369140625,1,0.29754638671875,0.014860585331916809,1.2021903055906296,0
2,688,-0.013225555419921875,1,1.2817381620407104,0.08272533714771271,1.1446051124334333,0
2,689,-0.009075164794921875,1,1.9264219999313354,0.09999451637268067,1.1393214497566222,0
2,690,-0.036235809326171875,1,4.21142578125,0.008341315388679507,1.0429662131071091,0
2,691,-0.037994384765625,1,4.23431396484375,0.008263510465621952,1.03899441075325,0
2,692,-0.0387420654296875,1,2.643584966659546,8.310079574584683e-05,1.0696408457756041,0
2,693,-0.002349853515625,1,1.4266966581344604,0.09995836913585664,1.1627680250406265,0
2,694,0.023235321044921875,1,2.262115478515625,0.09967348873615266,1.1972413929700851,0
2,695,0.01662445068359375,1,1.9187926054000854,0.09735151529312135,1.1909789886474609,0
2,696,0.022914886474609375,1,2.292633056640625,0.0976362317800522,1.1960716625452041,0
2,697,0.017383575439453125,1,0.1907348483800888,3.743171691897307e-06,1.2309523041844368,0
2,698,-0.008396148681640625,1,0.9841918349266052,0.027376835048198697,1.1624287925362586,0
2,699,0.011501312255859375,1,2.338409423828125,0.02635034769773483,1.1751804221272468,0
2,700,0.030414581298828125,1,3.196716070175171,0.0008450597524642944,1.1968610388040544,0
2,701,0.028156280517578125,1,1.3351439237594604,0.0003410816192626967,1.2295960392951963,0
2,702,-0.00016021728515625,1,0.4272460639476776,0.0005261331796646146,1.1911135988235475,0
2,703,-0.002948760986328125,1,0.0877380296587944,0.04228784143924713,1.190656203776598,0
2,704,0.00131988525390625,1,0.4005431830883026,0.042287608981132506,1.1929374024868011,0
2,705,-0.0118255615234375,1,1.3961790800094604,3.814697265638878e-07,1.1484252800941466,0
2,706,-0.011829376220703125,1,1.224517822265625,0.0006646066904067993,1.1518243068456648,0
2,707,-0.00959014892578125,1,0.4043578803539276,0.09933525621891022,1.1687591342926027,0
2,708,0.008808135986328125,1,2.132415771484375,0.0,1.1749679565429687,0
2,709,0.03018951416015625,1,2.521514654159546,0.08753278255462646,1.2064474239349363,0
2,710,0.009616851806640625,1,0.6332396864891052,0.08753278553485871,1.2030675984621046,0
2,711,-0.020542144775390625,1,3.414153814315796,0.09999999701976776,1.0866326342821122,0
2,712,-0.0416259765625,1,3.662109136581421,0.015261271595954896,1.0428954132795334,0
2,713,-0.01847076416015625,1,0.0534057579934597,0.014194121956825262,1.1614225916415453,0
2,714,0.00984954833984375,1,0.6103515625,0.0010294020175933838,1.2074508893489837,0
2,715,-0.01221466064453125,1,2.376556396484375,3.763139247894148e-05,1.1280380455255508,0
2,716,-0.026050567626953125,1,0.0915527269244194,2.384185791154403e-08,1.1460678092539311,0
2,717,0.031826019287109375,1,4.749298095703125,0.09772861301898957,1.1647569321393967,0
2,718,0.049041748046875,1,5.882262706756592,0.0022247284650802612,1.180349252820015,0
2,719,0.01222991943359375,1,6.656646251678467,4.644989967346469e-05,1.0913250558376313,0
2,720,-0.06576919555664062,1,5.649566173553467,0.09999993443489075,0.9514702880382537,0
2,721,-0.035846710205078125,1,2.254486083984375,3.2365322113064865e-06,1.0832167284488678,0
2,722,-0.00415802001953125,1,0.9346007704734802,0.09993923902511598,1.1689943749904632,0
2,723,-0.02964019775390625,1,2.601623296737671,0.09994247555732727,1.0846894395351407,0
2,724,0.000823974609375,1,2.559661626815796,2.980232241545089e-09,1.1504547165632246,0
2,725,0.04962158203125,1,5.187987804412842,0.010149183869361873,1.1950774406194686,0
2,726,0.03570556640625,1,2.361297607421875,0.08984991312026978,1.2205911841392516,0
2,727,0.009616851806640625,1,0.6599425673484802,2.7078390121462736e-05,1.2060337691307068,0
2,728,-0.02507781982421875,1,2.750396490097046,2.6366114616392655e-05,1.0948353759050369,0
2,729,-0.01474761962890625,1,0.03051757626235485,0.0020671457052230807,1.1698117233887313,0
2,730,0.01361846923828125,1,0.06866455078125,0.002068638801574707,1.2257809019088746,0
2,731,-0.034595489501953125,1,5.069732189178467,2.750754356385665e-06,1.02941426718235,0
2,732,-0.04846954345703125,1,2.975463628768921,0.09946734309196473,1.0395729467868804,0
2,733,0.00238800048828125,1,1.7127989530563354,0.09947020113468172,1.1665412138700484,0
2,734,0.01575469970703125,1,1.0986328125,9.536743164617612e-08,1.2095367393493652,0
2,735,0.007320404052734375,1,0.6942748427391052,1.0728836059847868e-07,1.2007553069591521,0
2,736,0.011608123779296875,1,2.23541259765625,2.518296241760254e-06,1.178507894873619,0
2,737,0.039142608642578125,1,4.634857177734375,2.515316009518709e-06,1.1855879731178283,0
2,738,0.04560089111328125,1,4.123687744140625,0.09999999701976776,1.2047280274629593,0
2,739,0.032958984375,1,2.895354986190796,0.09147042632102967,1.2043520519733428,0
2,740,0.01613616943359375,1,2.155303955078125,0.09136738777160645,1.1855115642547607,0
2,741,-0.01821136474609375,1,3.005981206893921,4.294216632843434e-05,1.1034559286832808,0
2,742,-0.0507354736328125,1,6.145476818084717,0.09985395669937133,0.9716253581047057,0
2,743,-0.065338134765625,1,6.683349132537842,3.874301909845279e-08,0.9356567462682723,0
2,744,-0.06725311279296875,1,7.122039318084717,5.69224357607756e-07,0.9230529652833939,0
2,745,-0.07804107666015625,1,8.1787109375,0.0999986082315445,0.8763436836004257,0
2,746,-0.0814208984375,1,7.633208751678467,0.09999927580356599,0.880494057059288,0
2,747,-0.07265853881835938,1,6.301879405975342,2.980232241545089e-09,0.9286453341245651,0
2,748,-0.058460235595703125,1,4.520416259765625,0.09999973177909852,0.9886712143421172,0
2,749,-0.02809906005859375,1,3.307342290878296,0.08786328732967377,1.0741405025720596,0
2,750,-0.041706085205078125,1,2.952575445175171,0.01213405132293701,1.0570509586334227,0
2,751,-0.001155853271484375,1,0.4882812201976776,2.2172927856486946e-06,1.1879225803613662,0
2,752,-0.0010223388671875,1,1.094818115234375,0.0035543262958526653,1.1759167869091034,0
2,753,0.0519256591796875,1,8.327484130859375,0.0013033002614974976,1.1372495037317276,0
2,754,0.09972763061523438,1,11.589049339294434,0.09774879813194276,1.1637643225193024,0
2,755,0.1089019775390625,1,12.035368919372559,5.960464477539063e-08,1.177096574306488,0
2,756,0.15377426147460938,1,12.542723655700684,3.27825546292404e-08,1.2566940485239029,0
2,757,0.08815383911132812,1,9.174346923828125,0.015049734711647035,1.1922187503576278,0
2,758,0.04276275634765625,1,7.610320568084717,0.0721578449010849,1.1304327875375748,0
2,759,-0.0457305908203125,1,4.547119140625,0.012787419557571414,1.0170849387645722,0
2,760,-0.0618133544921875,1,4.87518310546875,0.08502087891101838,0.9754687937498092,0
2,761,-0.008052825927734375,1,1.8310545682907104,0.08460873663425447,1.1438889073133467,0
2,762,0.038509368896484375,1,5.153655529022217,0.00041681826114654125,1.1739289544820786,0
2,763,0.05728912353515625,1,4.9591064453125,0.09999919831752777,1.2113961502313613,0
2,764,0.0313568115234375,1,0.0,0.09999941289424896,1.258713646531105,0
2,765,-0.0038909912109375,1,1.6822813749313354,0.08045942485332488,1.1553540130853652,0
2,766,0.01033782958984375,1,1.3198851346969604,0.01954055726528168,1.193496334195137,0
2,767,0.0006866455078125,1,0.4005431830883026,0.09999999403953552,1.1893624275922776,0
2,768,-0.021148681640625,1,3.971099615097046,0.09999882876873017,1.0742806912660599,0
2,769,-0.038188934326171875,1,5.126952648162842,0.0001894146203994737,1.0210755017995834,0
2,770,-0.07715988159179688,1,8.869171142578125,0.03611086010932922,0.8668523795604706,0
2,771,-0.09855270385742188,1,8.87298583984375,0.047033751010894784,0.8235535254478454,0
2,772,-0.07781219482421875,1,8.6212158203125,0.08196157813072205,0.8686728308200836,0
2,773,-0.08619308471679688,1,8.533477783203125,0.00042785406112671315,0.8569271607398986,0
2,774,-0.07689285278320312,1,5.340575695037842,0.00094565749168396,0.9393649542331696,0
2,775,-0.0077056884765625,1,2.746581792831421,4.419684410096603e-06,1.1296568104028701,0
2,776,0.047115325927734375,1,6.637572765350342,0.042340329289436346,1.1597855833768844,0
