time_s,episode,step,residual_mpa,timing_accurate,episode_done,sander_active,current_force,target_force,force_error,force_error_dot,force_error_int,pi_output
0.2888193010003306,1,1,0.048,1,0,1,-28.828094,-30.0,-1.1719055,-104.95185,-67.121864,0.21405801
0.2898669240021263,1,2,0.096,0,0,1,-29.847212,-30.0,-0.15278816,84.705345,-67.13517,0.20651832
0.3016019770002458,1,3,0.14400000000000002,1,0,1,-29.950005,-30.0,-0.049995422,102.79273,-67.13522,0.20540282
0.4018860290016164,1,4,0.192,1,0,1,-29.832884,-30.0,-0.16711617,32.989502,-67.13654,0.20662346
0.5014456850003626,1,5,0.2,1,0,1,-29.830826,-30.0,-0.1691742,-163.13933,-67.135796,0.20498976
0.6023407120010233,1,6,0.199999475479126,1,0,1,-29.902884,-30.0,-0.09711647,15.11383,-67.137146,0.2057089
0.7018799760007823,1,7,0.1999999761581421,1,0,1,-29.421167,-30.0,-0.5788326,60.811993,-67.14119,0.21255355
0.8015337799988629,1,8,0.19999998807907104,1,0,1,-29.188457,-30.0,-0.8115425,-110.26954,-67.14734,0.21448816
0.9020410470002389,1,9,0.19999998807907104,1,0,1,-29.593311,-30.0,-0.4066887,121.29783,-67.155304,0.21290664
1.0015191300008155,1,10,0.19999998807907104,1,0,1,-29.461552,-30.0,-0.53844833,-109.23385,-67.15796,0.21352592
1.1018554250003945,1,11,0.19999895095825196,1,0,1,-29.468714,-30.0,-0.53128624,25.516508,-67.164246,0.21526532
1.2019701829995029,1,12,0.19999921321868896,1,0,1,-29.170412,-30.0,-0.82958794,22.109983,-67.17116,0.22015278
1.301277572001709,1,13,0.1999999761581421,1,0,1,-29.374302,-30.0,-0.6256981,-106.13059,-67.17741,0.21751767
1.4016635949992633,1,14,0.19999994039535524,1,0,1,-28.54151,-30.0,-1.4584904,46.285625,-67.18865,0.23137526
1.5024030150016188,1,15,0.19999831914901733,1,0,1,-28.817667,-30.0,-1.182333,-11.96289,-67.20069,0.2290309
1.6021509660022275,1,16,0.19999934434890748,1,0,1,-28.851124,-30.0,-1.1488762,-56.55479,-67.21131,0.23059134
1.7018662320006115,1,17,0.19999998807907104,1,0,1,-28.710756,-30.0,-1.2892437,76.22337,-67.223724,0.2356827
1.802036863999092,1,18,0.2,1,0,1,-28.907213,-30.0,-1.0927868,-122.84087,-67.233665,0.23308423
1.9017593930002477,1,19,0.19999970197677613,1,0,1,-28.89764,-30.0,-1.1023598,38.455963,-67.24638,0.23671803
2.001729161002004,1,20,0.19999996423721314,1,0,1,-28.562595,-30.0,-1.4374046,-100.25596,-67.257965,0.242015
2.1018039699993096,1,21,0.19999855756759644,1,0,1,-29.011175,-30.0,-0.98882484,-19.191742,-67.27036,0.23915824
2.201987453001493,1,22,0.1999999761581421,1,0,1,-28.73856,-30.0,-1.2614403,54.443356,-67.28343,0.24543467
2.301965882001241,1,23,0.19999991655349733,1,0,1,-28.566483,-30.0,-1.4335175,-89.70641,-67.2963,0.24908917
2.4015138069989916,1,24,0.19999868869781495,1,0,1,-28.611557,-30.0,-1.388443,22.869108,-67.31023,0.2518655
2.5020939900023222,1,25,0.19999961853027345,1,0,1,-28.810877,-30.0,-1.1891232,39.648056,-67.32323,0.25224867
2.601348861000588,1,26,0.19999988079071046,1,0,1,-29.097263,-30.0,-0.90273666,41.963573,-67.333664,0.25079927
2.7022841190009785,1,27,0.19999893903732302,1,0,1,-29.358751,-30.0,-0.6412487,-15.872954,-67.340866,0.24862568
2.8020214550015226,1,28,0.1999999761581421,1,0,1,-29.847286,-30.0,-0.15271378,52.831646,-67.3447,0.24442203
2.901372987002105,1,29,0.19999996423721314,1,0,1,-30.159853,-30.0,0.15985298,55.227276,-67.34437,0.24125113
3.0017975640002987,1,30,0.19999877214431763,1,0,1,-30.697262,-30.0,0.6972618,-21.329878,-67.33888,0.23325612
3.101020308000443,1,31,0.19999967813491823,1,0,1,-30.094713,-30.0,0.09471321,-72.561264,-67.33621,0.23915847
3.201971770002274,1,32,0.2,1,0,1,-29.693644,-30.0,-0.30635643,-150.21515,-67.33617,0.24343544
3.3011336119998305,1,33,0.19999978542327881,1,0,1,-30.274323,-30.0,0.2743225,36.611557,-67.337,0.2379636
3.401448677999724,1,34,0.2,1,0,1,-29.951414,-30.0,-0.04858589,-156.74973,-67.33381,0.2401864
3.502326665999135,1,35,0.19999927282333374,1,0,1,-29.615545,-30.0,-0.38445473,11.718749,-67.33843,0.24545133
3.6017483200012066,1,36,0.19999922513961793,1,0,1,-29.78671,-30.0,-0.21328926,-2.0561218,-67.34096,0.24433635
3.701121363999846,1,37,0.19999932050704958,1,0,1,-29.52295,-30.0,-0.47705078,1.6784667,-67.345184,0.24806643
3.8017205460018886,1,38,0.1999979019165039,1,0,1,-29.246662,-30.0,-0.75333786,-28.785704,-67.3521,0.2519469
3.9019856060003804,1,39,0.19999966621398926,1,0,1,-29.324806,-30.0,-0.6751938,-72.402954,-67.35851,0.2518828
4.001198853002279,1,40,0.1999999761581421,1,0,1,-29.242435,-30.0,-0.75756454,60.279842,-67.36649,0.25554582
4.101397703001567,1,41,0.19999865293502808,1,0,1,-29.232264,-30.0,-0.76773643,18.318176,-67.37443,0.25666898
4.201024971000152,1,42,0.19999847412109376,1,0,1,-29.01627,-30.0,-0.9837303,4.8103333,-67.383514,0.26086497
4.301517714000511,1,43,0.19999932050704958,1,0,1,-29.24607,-30.0,-0.75392914,-58.164593,-67.39083,0.258693
4.401885580999078,1,44,0.2,1,0,1,-28.635393,-30.0,-1.3646069,-131.44875,-67.40115,0.26726195
4.502093651000905,1,45,0.19999998807907104,1,0,1,-28.889618,-30.0,-1.1103821,107.891075,-67.41594,0.26832226
4.602301999999327,1,46,0.19999945163726807,1,0,1,-29.418207,-30.0,-0.58179283,-63.117977,-67.42302,0.26249906
4.701949942002102,1,47,0.2,1,0,1,-28.90649,-30.0,-1.0935097,-123.43215,-67.43018,0.2697891
4.801165983000828,1,48,0.2,1,0,1,-28.636127,-30.0,-1.3638725,-130.8899,-67.4406,0.27468506
4.9022467940012575,1,49,0.19999946355819703,1,0,1,-28.891554,-30.0,-1.1084461,32.320023,-67.45326,0.27504346
5.001410314001987,1,50,0.19999921321868896,1,0,1,-28.906038,-30.0,-1.0939617,-7.9650874,-67.46407,0.27665937
5.102120127001399,1,51,0.1999991536140442,1,0,1,-29.137804,-30.0,-0.86219597,11.341094,-67.47382,0.27565604
5.201308790001349,1,52,0.19999998807907104,1,0,1,-29.326044,-30.0,-0.6739559,104.898445,-67.48195,0.27614602
5.301437240999803,1,53,0.19999998807907104,1,0,1,-30.059566,-30.0,0.059566498,110.034935,-67.48505,0.2683557
5.402294559000438,1,54,0.19999998807907104,1,0,1,-29.866503,-30.0,-0.13349724,94.985954,-67.486115,0.2708609
5.5020578789990395,1,55,0.19999998807907104,1,0,1,-29.629244,-30.0,-0.37075615,78.762054,-67.48819,0.2741638
5.601208829000825,1,56,0.19999836683273317,1,0,1,-30.13615,-30.0,0.13615036,-27.757643,-67.487206,0.2671524
5.701248722001765,1,57,0.19999924898147584,1,0,1,-30.021038,-30.0,0.021038055,-7.6255794,-67.486984,0.26829815
5.801377174000663,1,58,0.19999998807907104,1,0,1,-30.241245,-30.0,0.24124527,145.58983,-67.48706,0.26719773
5.902097883001261,1,59,0.19999932050704958,1,0,1,-30.241648,-30.0,0.24164772,-3.3454893,-67.48396,0.26570085
6.001333201998932,1,60,0.1999999761581421,1,0,1,-30.241816,-30.0,0.24181557,-106.95457,-67.481026,0.26388952
6.102205605999188,1,61,0.2,1,0,1,-30.335238,-30.0,0.3352375,-123.373024,-67.47794,0.2618742
6.201071324001532,1,62,0.19999908208847048,1,0,1,-30.10775,-30.0,0.10774994,24.1127,-67.47738,0.26605275
6.3012067599993316,1,63,0.19999994039535524,1,0,1,-29.755657,-30.0,-0.2443428,-93.431465,-67.47609,0.26912865
6.401335491998907,1,64,0.19999933242797852,1,0,1,-29.876337,-30.0,-0.12366295,-56.11038,-67.47745,0.26758406
6.744125836001331,1,65,0.19995639324188233,1,0,1,-30.007217,-30.0,0.007217407,-52.429195,-67.478836,0.26620245
6.749420661999466,1,66,0.19999542236328127,0,0,1,-29.270662,-30.0,-0.7293377,58.155056,-67.49186,0.27834973
6.754127144002268,1,67,0.15199542236328129,0,0,1,-29.385738,-30.0,-0.6142616,115.07606,-67.49248,0.2776125
6.807744768000703,1,68,0.10399542236328128,1,0,1,-29.478645,-30.0,-0.5213547,-19.94896,-67.495026,0.2756476
6.907391036002082,1,69,0.05599542236328128,1,0,1,-30.262606,-30.0,0.26260567,100.50773,-67.49725,0.26789406
7.005832397000631,1,70,0.007995422363281282,1,0,1,-30.42158,-30.0,0.42157936,32.45163,-67.49383,0.2654842
7.107694038000773,1,71,-0.04000457763671872,1,0,1,-29.831627,-30.0,-0.16837311,2.1324158,-67.49354,0.27192354
7.206455553001433,1,72,0.007995422363281282,1,0,1,-29.84426,-30.0,-0.15574074,41.349407,-67.494705,0.27241933
7.306622559000971,1,73,0.05599542236328128,1,0,1,-29.377035,-30.0,-0.62296486,-69.690704,-67.49827,0.27731824
7.406059581000591,1,74,0.10399542236328128,1,0,1,-29.342588,-30.0,-0.6574116,48.28262,-67.50492,0.2798117
7.508365694000531,1,75,0.15199542236328129,1,0,1,-29.774982,-30.0,-0.22501755,-36.58676,-67.508545,0.27459547
7.606441365998762,1,76,0.16772677898406985,1,0,1,-29.896582,-30.0,-0.10341835,-38.33008,-67.510345,0.27350295
7.706514506000531,1,77,0.11972677898406985,1,0,1,-29.62156,-30.0,-0.37844086,-92.65708,-67.51253,0.27674136
7.806657766999706,1,78,0.08413671255111695,1,0,1,-29.98938,-30.0,-0.010620117,90.17562,-67.514854,0.274587
7.9066772690021025,1,79,0.036136712551116945,1,0,1,-30.357302,-30.0,0.3573017,-64.022064,-67.51253,0.2683844
8.008276864999061,1,80,-0.011863287448883056,1,0,1,-30.796583,-30.0,0.7965832,146.2822,-67.50839,0.26465133
8.105796320000081,1,81,0.036136712551116945,1,0,1,-31.243992,-30.0,1.2439919,-8.666992,-67.49644,0.2565313
8.206968765000056,1,82,-0.011863287448883056,1,0,1,-31.390953,-30.0,1.3909531,40.000916,-67.48319,0.25289652
8.30629934999888,1,83,-0.025227490067481997,1,0,1,-31.141245,-30.0,1.1412449,29.718397,-67.47018,0.25371894
8.405592780000006,1,84,0.022772509932518004,1,0,1,-31.607195,-30.0,1.6071949,-117.51174,-67.45512,0.24335068
8.507549126999947,1,85,0.070772509932518,1,0,1,-30.823301,-30.0,0.8233013,-85.35194,-67.44339,0.2512569
8.606419038002059,1,86,0.022772509932518004,1,0,1,-31.202978,-30.0,1.2029781,33.82492,-67.43291,0.24567871
8.706553919000726,1,87,-0.025227490067481997,1,0,1,-31.170004,-30.0,1.1700039,-51.525112,-67.4207,0.24301074
8.806076708999171,1,88,-0.00792016386985779,1,0,1,-30.878508,-30.0,0.8785076,-53.47633,-67.410286,0.24458164
8.90823559799901,1,89,-0.05592016386985779,1,0,1,-30.612717,-30.0,0.6127167,-59.6981,-67.40295,0.2458955
9.006712441001582,1,90,-0.00792016386985779,1,0,1,-30.661121,-30.0,0.66112137,-49.690243,-67.395645,0.24424681
9.106523816000845,1,91,-0.04478059709072113,1,0,1,-30.553879,-30.0,0.5538788,-4.2686462,-67.389336,0.244774
9.206692780000594,1,92,-0.0487854152917862,1,0,1,-30.620806,-30.0,0.62080574,51.71966,-67.383804,0.24336168
9.307818014000077,1,93,-0.07947506308555603,1,0,1,-30.496532,-30.0,0.49653244,31.118391,-67.37818,0.2436789
9.407583013999101,1,94,-0.03147506308555603,1,0,1,-30.218113,-30.0,0.21811295,20.696638,-67.37524,0.2458421
9.507091276998835,1,95,-0.07947506308555603,1,0,1,-30.370438,-30.0,0.37043762,-55.091854,-67.37141,0.24269757
9.607560839998769,1,96,-0.12747506308555603,1,0,1,-30.09885,-30.0,0.09885025,-16.91246,-67.369354,0.24596919
9.706588035001914,1,97,-0.07947506308555603,1,0,1,-30.07624,-30.0,0.07624054,-0.21934508,-67.369736,0.24591614
9.80670056800227,1,98,-0.03147506308555603,1,0,1,-30.071339,-30.0,0.07133865,-11.808394,-67.36925,0.245934
9.906304374999308,1,99,-0.0029397575184702887,1,0,1,-29.874218,-30.0,-0.12578201,-2.8991697,-67.368904,0.24867867
10.00632974600012,1,100,-0.05093975751847029,1,0,1,-29.87198,-30.0,-0.12801933,-4.655838,-67.36985,0.24867602
10.105847508999432,1,101,-0.0029397575184702887,1,0,1,-29.970943,-30.0,-0.02905655,-41.15295,-67.369354,0.24715494
10.207069125000999,1,102,0.04506024248152971,1,0,1,-29.985672,-30.0,-0.014328003,-24.602888,-67.36941,0.24690752
10.306863181001972,1,103,0.09306024248152972,1,0,1,-29.815756,-30.0,-0.18424416,-73.44055,-67.36906,0.24880688
10.407328273999155,1,104,0.04506024248152972,1,0,1,-30.080952,-30.0,0.08095169,99.603645,-67.37059,0.24709131
10.507642509001016,1,105,0.09306024248152972,1,0,1,-30.293911,-30.0,0.29391098,-34.130096,-67.36672,0.24345174
10.606754633001401,1,106,0.04506024248152972,1,0,1,-30.287899,-30.0,0.28789902,-66.20216,-67.363335,0.24197951
10.706667698999809,1,107,0.09306024248152972,1,0,1,-30.542183,-30.0,0.5421829,-94.316475,-67.358864,0.23778722
10.80617903700113,1,108,0.04506024248152972,1,0,1,-30.553087,-30.0,0.55308723,113.46053,-67.35436,0.23924054
10.906858964001003,1,109,0.09306024248152972,1,0,1,-30.925087,-30.0,0.925087,205.91544,-67.348145,0.23455451
11.006477299000835,1,110,0.1410602424815297,1,0,1,-31.499077,-30.0,1.4990768,-118.44062,-67.332466,0.22273125
11.106399585001782,1,111,0.0930602424815297,1,0,1,-31.269932,-30.0,1.2699318,40.552135,-67.31965,0.22439298
11.205690224000136,1,112,0.045060242481529705,1,0,1,-31.808836,-30.0,1.808836,-13.244628,-67.30405,0.21430165
11.30661934499949,1,113,-0.0029397575184702956,1,0,1,-31.579025,-30.0,1.5790253,-58.948513,-67.2877,0.21391027
11.407161824001378,1,114,-0.0509397575184703,1,0,1,-31.483839,-30.0,1.483839,-11.165618,-67.27276,0.2128407
11.50732743700064,1,115,-0.0029397575184702956,1,0,1,-31.43425,-30.0,1.4342499,5.53894,-67.259056,0.21051024
11.606351002999872,1,116,-0.0509397575184703,1,0,1,-31.313997,-30.0,1.3139973,9.626389,-67.24546,0.20989707
11.7058159670014,1,117,-0.0029397575184702956,1,0,1,-31.181051,-30.0,1.1810513,-24.976728,-67.232185,0.20891061
11.806733915000223,1,118,-0.0509397575184703,1,0,1,-31.131392,-30.0,1.1313915,-57.55615,-67.22073,0.20652954
11.905972314001701,1,119,-0.0029397575184702956,1,0,1,-31.207653,-30.0,1.207653,-99.782936,-67.20913,0.20312932
12.00661536500047,1,120,0.045060242481529705,1,0,1,-31.28058,-30.0,1.2805805,-76.480865,-67.19589,0.2003656
12.106253537000157,1,121,-0.0029397575184702956,1,0,1,-31.163437,-30.0,1.1634369,32.51648,-67.18369,0.20077588
12.20670494300066,1,122,-0.0509397575184703,1,0,1,-31.428717,-30.0,1.4287167,122.39074,-67.17162,0.19582124
12.306219633999717,1,123,-0.0029397575184702956,1,0,1,-30.9654,-30.0,0.9654007,30.258177,-67.15887,0.19871427
12.407042876999185,1,124,-0.0509397575184703,1,0,1,-31.161936,-30.0,1.1619358,46.100613,-67.14812,0.19387342
12.50681514399912,1,125,-0.0029397575184702956,1,0,1,-31.289278,-30.0,1.289278,-20.833967,-67.13551,0.18950745
12.606466166998871,1,126,-0.0509397575184703,1,0,1,-31.048643,-30.0,1.0486431,-116.933815,-67.123375,0.18934873
12.705880567998975,1,127,-0.0029397575184702956,1,0,1,-31.154943,-30.0,1.1549435,10.015488,-67.11356,0.18697068
12.8070809560013,1,128,-0.0509397575184703,1,0,1,-31.585314,-30.0,1.5853138,106.55784,-67.100426,0.18101856
12.906285552002373,1,129,-0.06539005041122437,1,0,1,-31.468218,-30.0,1.4682178,44.466015,-67.08436,0.17906585
13.006586381001398,1,130,-0.11339005041122437,1,0,1,-31.945107,-30.0,1.9451065,67.75093,-67.06772,0.17055856
13.107390068998939,1,131,-0.16139005041122437,1,0,1,-32.21321,-30.0,2.213211,78.258514,-67.04692,0.16401207
13.206343515001208,1,132,-0.19076859951019287,1,0,1,-33.024178,-30.0,3.0241776,27.488707,-67.01995,0.14931329
13.306437613002345,1,133,-0.14276859951019288,1,0,1,-32.992218,-30.0,2.992218,-2.6741025,-66.989174,0.14414263
13.405741105001653,1,134,-0.09476859951019288,1,0,1,-32.784115,-30.0,2.7841148,17.32254,-66.96029,0.14156143
13.50714598900231,1,135,-0.04676859951019288,1,0,1,-32.51739,-30.0,2.5173912,-35.964966,-66.93455,0.1390177
13.606733038999664,1,136,-0.028111422061920167,1,0,1,-32.551697,-30.0,2.5516968,33.21457,-66.9094,0.13435209
13.707693173000735,1,137,-0.001648823730647564,1,0,1,-32.519253,-30.0,2.5192528,-83.70208,-66.883995,0.1289729
13.805778350000764,1,138,0.04635117626935244,1,0,1,-32.156937,-30.0,2.1569366,31.22711,-66.862144,0.13051811
13.906525886999589,1,139,-0.001648823730647564,1,0,1,-31.748077,-30.0,1.7480774,-50.43411,-66.84256,0.13082367
14.005879945001652,1,140,0.04635117626935244,1,0,1,-31.967445,-30.0,1.9674454,-34.381866,-66.82519,0.12444289
14.106346438999026,1,141,-0.001648823730647564,1,0,1,-31.904371,-30.0,1.9043713,63.66348,-66.806274,0.12322833
14.205948853999871,1,142,-0.049648823730647565,1,0,1,-32.312645,-30.0,2.312645,81.26449,-66.78594,0.11476268
14.307486997000524,1,143,-0.001648823730647564,1,0,1,-31.727652,-30.0,1.7276516,4.6463013,-66.76677,0.11766663
14.405367956998816,1,144,0.04635117626935244,1,0,1,-31.600979,-30.0,1.6009789,19.2585,-66.75038,0.1159676
14.506514708002214,1,145,0.028933632373809817,1,0,1,-31.874891,-30.0,1.8748913,89.00451,-66.733475,0.11017075
14.606279994000943,1,146,0.07693363237380982,1,0,1,-31.75329,-30.0,1.7532902,-204.10536,-66.71343,0.10534927
14.705613660000381,1,147,0.12493363237380982,1,0,1,-31.257252,-30.0,1.2572517,79.64134,-66.70207,0.11121668
14.807870053999068,1,148,0.07693363237380982,1,0,1,-31.275745,-30.0,1.2757454,-22.577284,-66.68884,0.107868664
14.90639663100228,1,149,0.12493363237380982,1,0,1,-31.354204,-30.0,1.3542042,47.040936,-66.67676,0.10495576
15.006388204001269,1,150,0.07693363237380982,1,0,1,-31.188183,-30.0,1.1881828,-68.62259,-66.66274,0.10392995
15.106110468001134,1,151,0.028933632373809817,1,0,1,-30.983997,-30.0,0.98399734,-17.709732,-66.65251,0.10437972
15.206848228001036,1,152,-0.019066367626190184,1,0,1,-31.054552,-30.0,1.0545521,37.382126,-66.64325,0.10239377
15.306859077001718,1,153,0.028933632373809817,1,0,1,-30.822235,-30.0,0.8222351,-107.34176,-66.632706,0.1021055
15.407301826002367,1,154,0.044209280610084535,1,0,1,-30.070011,-30.0,0.07001114,-18.381119,-66.628174,0.11088805
15.507136116000765,1,155,-0.003790719389915466,1,0,1,-30.934362,-30.0,0.9343624,79.08821,-66.622765,0.10002877
15.606352448001417,1,156,0.044209280610084535,1,0,1,-30.945694,-30.0,0.94569397,12.983321,-66.61337,0.09803967
15.706396542998846,1,157,0.07351167798042298,1,0,1,-31.071886,-30.0,1.0718861,12.533187,-66.6032,0.094668165
15.805713727000693,1,158,0.12151167798042298,1,0,1,-31.154383,-30.0,1.1543827,62.183376,-66.59284,0.092343606
15.907845525001903,1,159,0.07351167798042298,1,0,1,-31.430685,-30.0,1.430685,21.686552,-66.57942,0.0862737
16.007082811000146,1,160,0.025511677980422975,1,0,1,-31.673773,-30.0,1.6737728,-1.4839171,-66.564445,0.08042112
16.107867226000963,1,161,-0.022488322019577026,1,0,1,-31.920979,-30.0,1.9209785,44.933315,-66.546585,0.0750716
16.20643459100029,1,162,-0.07048832201957703,1,0,1,-32.02313,-30.0,2.0231285,-36.769867,-66.526024,0.069673784
16.307191070001863,1,163,-0.022488322019577026,1,0,1,-32.07676,-30.0,2.0767593,-0.7286071,-66.50605,0.06531373
16.40637471700029,1,164,-0.07048832201957703,1,0,1,-32.016563,-30.0,2.0165634,-51.10168,-66.48485,0.061994847
16.50687334000031,1,165,-0.11848832201957703,1,0,1,-31.90861,-30.0,1.9086094,21.08383,-66.46547,0.060293015
16.607314974000474,1,166,-0.16648832201957703,1,0,1,-31.810198,-30.0,1.8101978,-63.571926,-66.44603,0.05719676
16.706985278000502,1,167,-0.11848832201957703,1,0,1,-31.67477,-30.0,1.6747704,29.819487,-66.42917,0.056289997
16.806769564002025,1,168,-0.07048832201957703,1,0,1,-31.83345,-30.0,1.8334503,-61.111446,-66.410866,0.050059754
16.906682356999227,1,169,-0.022488322019577026,1,0,1,-31.49699,-30.0,1.4969902,-31.583784,-66.39393,0.051484063
17.007508120001148,1,170,-0.07048832201957703,1,0,1,-31.53572,-30.0,1.5357208,8.127213,-66.37938,0.048175186
17.106235842002206,1,171,-0.066525137424469,1,0,1,-31.532686,-30.0,1.5326862,30.49278,-66.3654,0.045883372
17.20671072100231,1,172,-0.018525137424469,1,0,1,-31.346052,-30.0,1.3460522,-84.14268,-66.349976,0.044440996
17.30673218800075,1,173,0.029474862575531002,1,0,1,-31.061033,-30.0,1.0610332,-15.750884,-66.33759,0.0461511
17.407839272000274,1,174,0.077474862575531,1,0,1,-31.101107,-30.0,1.1011066,-34.68132,-66.326675,0.043058485
17.507184952999523,1,175,0.11083751916885376,1,0,1,-31.135979,-30.0,1.1359787,-1.2836455,-66.31548,0.040943675
17.60668093300046,1,176,0.06283751916885376,1,0,1,-31.028324,-30.0,1.0283241,-2.9792783,-66.30376,0.04042749
17.70659428699946,1,177,0.11083751916885376,1,0,1,-31.08649,-30.0,1.0864906,-37.166595,-66.29349,0.03698763
17.806887578000897,1,178,0.06283751916885376,1,0,1,-31.090492,-30.0,1.0904922,-13.860702,-66.28277,0.035276633
17.907574217999354,1,179,0.014837519168853758,1,0,1,-31.179176,-30.0,1.1791763,-0.5340576,-66.27033,0.032504033
18.006064479999623,1,180,0.06283751916885376,1,0,1,-30.96968,-30.0,0.9696808,-15.260695,-66.26019,0.032628506
18.10740427700148,1,181,0.11083751916885376,1,0,1,-31.125177,-30.0,1.1251774,0.017166138,-66.249886,0.029116254
18.207098328999564,1,182,0.06283751916885376,1,0,1,-31.080666,-30.0,1.0806656,-44.969555,-66.238106,0.027347319
18.30731758800175,1,183,0.11083751916885376,1,0,1,-31.039785,-30.0,1.0397854,-49.039837,-66.22709,0.025330652
18.406679472998803,1,184,0.06283751916885376,1,0,1,-30.583464,-30.0,0.58346367,125.10871,-66.22092,0.03128345
18.50635955600228,1,185,0.023011140525341034,1,0,1,-30.779045,-30.0,0.7790451,-45.955654,-66.213875,0.02562155
18.605937670999992,1,186,0.06376842856407165,1,0,1,-30.253508,-30.0,0.2535076,-56.88476,-66.20946,0.031010322
18.706989163001708,1,187,0.11176842856407165,1,0,1,-29.974833,-30.0,-0.025167465,-74.83482,-66.2085,0.033848193
18.806758645001537,1,188,0.15976842856407164,1,0,1,-30.70513,-30.0,0.7051296,-67.668915,-66.203964,0.024231825
18.907354769999074,1,189,0.11176842856407164,1,0,1,-30.32532,-30.0,0.3253193,-82.130424,-66.20002,0.027931748
19.00772824100204,1,190,0.06376842856407164,1,0,1,-29.046286,-30.0,-0.9537144,-29.069899,-66.20546,0.04436261
19.10682193500179,1,191,0.015768428564071638,1,0,1,-29.753916,-30.0,-0.24608421,-22.331236,-66.21129,0.03631275
19.2073420730012,1,192,0.06376842856407164,1,0,1,-29.79071,-30.0,-0.20928955,-64.907074,-66.214775,0.036391947
19.306024541001534,1,193,0.015768428564071638,1,0,1,-29.14404,-30.0,-0.85596085,-133.6422,-66.21955,0.04492757
19.40647399899899,1,194,-0.03223157143592836,1,0,1,-29.443245,-30.0,-0.55675507,142.9367,-66.22939,0.044838097
19.50750789200174,1,195,-0.08023157143592836,1,0,1,-29.107985,-30.0,-0.89201546,-185.46675,-66.23369,0.047500428
19.606189801001165,1,196,-0.03223157143592836,1,0,1,-28.472797,-30.0,-1.5272026,-54.565426,-66.24705,0.057905916
19.70642498700181,1,197,0.015768428564071638,1,0,1,-28.746548,-30.0,-1.2534523,67.27219,-66.2612,0.05821353
19.805846379000286,1,198,-0.02564506530761719,1,0,1,-28.579782,-30.0,-1.4202175,141.33263,-66.275925,0.06372251
19.907767538999906,1,199,0.02235493469238281,1,0,1,-28.697285,-30.0,-1.3027153,-64.38255,-66.288994,0.062486555
20.008244096999988,1,200,0.07035493469238281,1,0,1,-28.668745,-30.0,-1.331255,-81.81571,-66.30331,0.06507634
20.10713245900115,1,201,0.02235493469238281,1,0,1,-28.992867,-30.0,-1.0071335,-80.81245,-66.31465,0.063836254
20.206327284999134,1,202,-0.02564506530761719,1,0,1,-28.056908,-30.0,-1.9430923,169.2314,-66.33241,0.08048932
20.30649234900193,1,203,0.02235493469238281,1,0,1,-28.795341,-30.0,-1.2046585,-102.82516,-66.34487,0.071472056
20.4064830899988,1,204,-0.02564506530761719,1,0,1,-28.902735,-30.0,-1.0972652,-69.53049,-66.35469,0.07298934
20.50717643600001,1,205,0.02235493469238281,1,0,1,-28.76691,-30.0,-1.2330894,-75.73128,-66.36707,0.07577488
20.607245957999112,1,206,0.07035493469238281,1,0,1,-28.938204,-30.0,-1.0617962,-53.129192,-66.37777,0.07642415
20.706934984002146,1,207,0.02235493469238281,1,0,1,-28.815596,-30.0,-1.1844044,132.35855,-66.3903,0.082044914
20.80681202300184,1,208,0.028982463479042056,1,0,1,-29.129955,-30.0,-0.8700447,-75.29259,-66.39909,0.07780782
20.905835878002108,1,209,0.07698246347904206,1,0,1,-29.235086,-30.0,-0.76491356,43.495174,-66.40848,0.07925855
21.00679099199988,1,210,0.028982463479042056,1,0,1,-29.739777,-30.0,-0.2602234,20.650862,-66.412476,0.07441937
21.10636631500165,1,211,0.07698246347904206,1,0,1,-29.88897,-30.0,-0.11103058,101.70936,-66.415825,0.0739657
21.206718557001295,1,212,0.028982463479042056,1,0,1,-29.854952,-30.0,-0.14504814,-58.09402,-66.41638,0.07339783
21.30577817000085,1,213,0.060129988193511966,1,0,1,-30.358662,-30.0,0.35866165,41.580196,-66.41596,0.06801422
21.408671805998893,1,214,0.10812998819351197,1,0,1,-30.498499,-30.0,0.49849892,79.639435,-66.41161,0.0666615
21.506110816000728,1,215,0.060129988193511966,1,0,1,-30.029726,-30.0,0.029726028,-32.356262,-66.40845,0.07043394
21.606107145998976,1,216,0.06959995031356812,1,0,1,-30.433893,-30.0,0.4338932,149.6296,-66.406296,0.06693596
21.707083492001402,1,217,0.10166890621185304,1,0,1,-30.73234,-30.0,0.73233986,-99.07531,-66.39794,0.0597032
21.80679319200135,1,218,0.05366890621185304,1,0,1,-30.643993,-30.0,0.6439934,69.223404,-66.39144,0.061311506
21.90682360500068,1,219,0.0056689062118530364,1,0,1,-30.703846,-30.0,0.703846,-39.42299,-66.38383,0.05829889
22.007346260001214,1,220,0.05366890621185304,1,0,1,-30.604637,-30.0,0.60463715,14.324187,-66.377686,0.0587136
22.106239093001932,1,221,0.10166890621185304,1,0,1,-30.77201,-30.0,0.7720108,64.92424,-66.371994,0.05558869
22.20610328299881,1,222,0.05366890621185304,1,0,1,-30.493145,-30.0,0.493145,-4.8236847,-66.36566,0.057577837
22.3066181159993,1,223,0.10166890621185304,1,0,1,-30.284824,-30.0,0.28482437,29.796598,-66.362816,0.059538737
22.406306026001403,1,224,0.14966890621185303,1,0,1,-30.353992,-30.0,0.35399246,3.5343168,-66.35955,0.05787738
22.50787407000098,1,225,0.19639713764190675,1,0,1,-30.402328,-30.0,0.4023285,23.899076,-66.35573,0.056913875
22.606795957999566,1,226,0.14839713764190676,1,0,1,-30.168634,-30.0,0.16863441,23.34976,-66.35348,0.05902928
22.707235642999876,1,227,0.12585623264312745,1,0,1,-29.858074,-30.0,-0.14192581,-77.93617,-66.35291,0.061562676
22.80589381000027,1,228,0.07785623264312745,1,0,1,-30.282162,-30.0,0.2821617,83.95194,-66.354065,0.057811096
22.90715511000235,1,229,0.10988342761993408,1,0,1,-29.923294,-30.0,-0.07670593,-146.16966,-66.35161,0.060295362
23.0063493810012,1,230,0.06188342761993408,1,0,1,-30.20375,-30.0,0.20375061,40.002823,-66.35256,0.05794718
23.107133245001023,1,231,0.01388342761993408,1,0,1,-30.673813,-30.0,0.67381287,25.373457,-66.34803,0.05209368
23.206765562001237,1,232,0.039537692070007326,1,0,1,-29.595543,-30.0,-0.4044571,22.333143,-66.34773,0.06508491
23.30732118400192,1,233,0.01636658012866974,1,0,1,-30.55455,-30.0,0.5545502,78.37486,-66.3458,0.053560577
23.40594834100193,1,234,-0.03163341987133026,1,0,1,-30.746307,-30.0,0.7463074,-65.12833,-66.338165,0.04872618
23.507930406001833,1,235,0.01636658012866974,1,0,1,-30.821833,-30.0,0.82183266,17.73262,-66.33044,0.047388926
23.606789158999163,1,236,-0.03163341987133026,1,0,1,-31.548742,-30.0,1.5487423,40.42625,-66.31805,0.036997702
23.707043624999642,1,237,-0.06534262895584107,1,0,1,-31.915543,-30.0,1.9155426,-57.897564,-66.2995,0.028657164
23.8073777110003,1,238,-0.017342628955841072,1,0,1,-31.316248,-30.0,1.3162479,-49.179073,-66.28363,0.033034995
23.906010736001917,1,239,0.03065737104415893,1,0,1,-31.003508,-30.0,1.0035076,45.078274,-66.27298,0.03535378
24.007087376001436,1,240,-0.013840913772583008,1,0,1,-30.941212,-30.0,0.9412117,-61.113354,-66.263054,0.032904595
24.107303569999203,1,241,-0.06184091377258301,1,0,1,-30.800032,-30.0,0.80003166,-1.3732909,-66.25435,0.03368962
24.206423530002212,1,242,-0.10984091377258301,1,0,1,-30.497538,-30.0,0.4975376,-13.076781,-66.246346,0.036160324
24.306103340000845,1,243,-0.06184091377258301,1,0,1,-30.581347,-30.0,0.5813465,-43.661114,-66.24065,0.033044547
24.406239075000485,1,244,-0.03372258245944977,1,0,1,-30.93708,-30.0,0.9370804,93.40858,-66.23301,0.028994545
24.507000032001088,1,245,-0.08172258245944977,1,0,1,-30.69995,-30.0,0.69994926,-45.248028,-66.224014,0.029002586
24.606597710000642,1,246,-0.09169241786003113,1,0,1,-30.533058,-30.0,0.53305817,-8.024216,-66.217674,0.029956758
24.706049558000814,1,247,-0.04369241786003113,1,0,1,-30.091248,-30.0,0.09124756,-22.104261,-66.21495,0.034334805
24.807299965999846,1,248,-0.08332950472831727,1,0,1,-30.079653,-30.0,0.079652786,-17.688751,-66.21474,0.033846658
24.90585784200084,1,249,-0.035329504728317265,1,0,1,-29.968508,-30.0,-0.031492233,-50.67062,-66.213974,0.03519018
25.00866739200137,1,250,0.012670495271682736,1,0,1,-30.031002,-30.0,0.031002045,6.534576,-66.21427,0.034750797
25.10780383599922,1,251,0.05726120471954346,1,0,1,-30.028336,-30.0,0.028335571,16.767502,-66.21402,0.03495846
25.20756801600146,1,252,0.009261204719543462,1,0,1,-29.81413,-30.0,-0.18586922,-36.613464,-66.21405,0.037147388
25.306599138999445,1,253,-0.03873879528045654,1,0,1,-29.861341,-30.0,-0.13865852,-27.971266,-66.21507,0.03671582
25.406042884998897,1,254,-0.03609191179275513,1,0,1,-29.871948,-30.0,-0.12805176,15.89775,-66.21687,0.037159782
25.50569671500125,1,255,-0.026000818610191347,1,0,1,-29.90583,-30.0,-0.09416962,-37.99057,-66.217514,0.036406655
25.606463541000267,1,256,-0.07400081861019135,1,0,1,-29.968145,-30.0,-0.03185463,58.084484,-66.21854,0.03683245
25.705989702000807,1,257,-0.02600081861019135,1,0,1,-29.98161,-30.0,-0.018390656,-74.3618,-66.21734,0.03544019
25.808013116999064,1,258,0.02199918138980865,1,0,1,-29.889023,-30.0,-0.11097717,-21.230696,-66.21814,0.037011236
25.90811393400145,1,259,0.06999918138980865,1,0,1,-29.636286,-30.0,-0.36371422,53.401943,-66.22141,0.04119134
26.007068791001075,1,260,0.02199918138980865,1,0,1,-29.778345,-30.0,-0.22165489,-11.468886,-66.22358,0.03931067
26.107911325001623,1,261,0.06814101338386536,1,0,1,-30.018274,-30.0,0.018274307,44.071194,-66.224625,0.03715246
26.206387907001044,1,262,0.020141013383865355,1,0,1,-30.116098,-30.0,0.116098404,41.070934,-66.22403,0.035924196
26.306460787000105,1,263,-0.027858986616134646,1,0,1,-30.141542,-30.0,0.14154243,15.501021,-66.22221,0.035262723
26.40549107300103,1,264,0.020141013383865355,1,0,1,-30.569483,-30.0,0.5694828,12.819289,-66.21871,0.029334512
26.506122127000708,1,265,-0.027858986616134646,1,0,1,-30.810703,-30.0,0.8107033,17.009735,-66.21153,0.025740648
26.606280773001345,1,266,-0.023328810930252075,1,0,1,-30.815485,-30.0,0.815485,13.662337,-66.20353,0.024244994
26.70611926700076,1,267,0.024671189069747926,1,0,1,-30.733892,-30.0,0.73389244,-6.2084193,-66.19579,0.023592744
26.80657376200179,1,268,-0.023328810930252075,1,0,1,-30.189608,-30.0,0.18960762,-33.52928,-66.19157,0.028870398
26.90642147499966,1,269,-0.07132881093025208,1,0,1,-30.281845,-30.0,0.2818451,39.46495,-66.189964,0.027786354
27.00602669699947,1,270,-0.023328810930252075,1,0,1,-30.063116,-30.0,0.06311607,-11.907577,-66.18815,0.029672246
27.106395707000047,1,271,-0.07132881093025208,1,0,1,-30.109024,-30.0,0.10902405,9.336472,-66.18729,0.028956844
27.205897842999548,1,272,-0.023328810930252075,1,0,1,-30.072433,-30.0,0.07243347,17.946243,-66.186676,0.029431017
27.30630317000032,1,273,0.0037599813193082803,1,0,1,-29.991219,-30.0,-0.008781433,26.61514,-66.186775,0.030373808
27.405518118001055,1,274,-0.04424001868069172,1,0,1,-29.952078,-30.0,-0.047922134,-54.92973,-66.18659,0.030086191
27.50763344599909,1,275,-0.047251087427139286,1,0,1,-29.703527,-30.0,-0.29647255,31.192778,-66.18899,0.034246612
27.606117851999443,1,276,-0.09525108742713928,1,0,1,-29.904873,-30.0,-0.095127106,-27.10533,-66.19015,0.031491343
27.707404580000002,1,277,-0.14325108742713927,1,0,1,-29.968182,-30.0,-0.03181839,-0.29945374,-66.19114,0.031087792
27.806900571998995,1,278,-0.17677611112594604,1,0,1,-29.70766,-30.0,-0.29233932,-41.906353,-66.192375,0.034163643
27.906003215000965,1,279,-0.12877611112594606,1,0,1,-29.649385,-30.0,-0.35061455,-26.714323,-66.19558,0.035308953
28.007542211998953,1,280,-0.08077611112594606,1,0,1,-29.40822,-30.0,-0.5917797,-35.907745,-66.20045,0.038766477
28.10624983100206,1,281,-0.032776111125946056,1,0,1,-29.516775,-30.0,-0.48322487,16.435623,-66.20612,0.038972273
28.206437813001685,1,282,-0.08077611112594606,1,0,1,-29.397345,-30.0,-0.6026554,-10.604857,-66.2113,0.04130602
28.305538222000905,1,283,-0.032776111125946056,1,0,1,-29.513973,-30.0,-0.48602676,6.5746303,-66.21653,0.040985696
28.40671208600179,1,284,0.015223888874053945,1,0,1,-29.451744,-30.0,-0.5482559,-2.2716522,-66.22114,0.04266357
28.507292856000277,1,285,0.06322388887405395,1,0,1,-29.556759,-30.0,-0.44324112,-39.19792,-66.22545,0.041723557
28.607075478001207,1,286,0.015223888874053945,1,0,1,-29.540728,-30.0,-0.45927238,32.211304,-66.23019,0.043472525
28.707242229000258,1,287,-0.032776111125946056,1,0,1,-29.885118,-30.0,-0.114881516,30.971525,-66.23297,0.039899774
28.805999298001552,1,288,-0.04826608002185822,1,0,1,-29.81321,-30.0,-0.18679047,-50.6134,-66.2338,0.040380787
28.906533694000245,1,289,-0.03430764675140381,1,0,1,-29.993696,-30.0,-0.006303787,-9.115219,-66.234985,0.038557895
29.00662725100119,1,290,0.01369235324859619,1,0,1,-30.275793,-30.0,0.27579308,32.218933,-66.23281,0.0359274
29.10659481300172,1,291,0.06169235324859619,1,0,1,-30.95078,-30.0,0.95078087,79.582214,-66.226555,0.02722478
29.20617293900068,1,292,0.10969235324859619,1,0,1,-30.882393,-30.0,0.8823929,24.648664,-66.21736,0.026197314
29.305797160999646,1,293,0.06169235324859619,1,0,1,-30.660557,-30.0,0.6605568,-45.64285,-66.20944,0.026632529
29.406353907001176,1,294,0.01369235324859619,1,0,1,-30.935152,-30.0,0.93515205,0.21171568,-66.20201,0.022136929
29.50671286099896,1,295,-0.03430764675140381,1,0,1,-30.300575,-30.0,0.30057526,-102.336876,-66.19579,0.027576039
29.60716708000109,1,296,0.01369235324859619,1,0,1,-30.30139,-30.0,0.3013897,23.420332,-66.19364,0.028292894
29.706477575000463,1,297,0.06169235324859619,1,0,1,-30.101892,-30.0,0.10189247,-14.827727,-66.18994,0.029881457
29.806922296000266,1,298,0.10969235324859619,1,0,1,-29.786589,-30.0,-0.21341133,-167.15048,-66.18856,0.031748716
29.907046025000454,1,299,0.09335744380950928,1,0,1,-30.03335,-30.0,0.03334999,55.66978,-66.18955,0.030777251
30.007600815999467,1,300,0.0,1,1,1,-29.972496,-30.0,-0.027503967,-46.55456,-66.189186,0.030489385
31.750797042001068,2,1,0.048,1,0,1,-31.37245,-30.0,1.3724499,-25.243757,-66.16878,0.011487807
31.855705198999203,2,2,0.0,1,0,1,-31.176006,-30.0,1.1760063,-72.14546,-66.155174,0.010730802
31.95413904399902,2,3,0.009027369320392609,1,0,1,-30.807598,-30.0,0.8075981,16.28685,-66.14652,0.013826932
32.05531794200215,2,4,-0.03897263067960739,1,0,1,-30.706068,-30.0,0.70606804,-17.345428,-66.13833,0.013342396
32.15483069900074,2,5,-0.0869726306796074,1,0,1,-30.629126,-30.0,0.6291256,51.28288,-66.132,0.013669102
32.25567966500239,2,6,-0.10002228021621705,1,0,1,-30.519848,-30.0,0.51984787,-72.51167,-66.12514,0.012454651
32.35547178900015,2,7,-0.14802228021621705,1,0,1,-30.44973,-30.0,0.44972992,2.8400419,-66.12077,0.013061511
32.455169207001745,2,8,-0.10002228021621705,1,0,1,-30.326818,-30.0,0.32681847,4.0359497,-66.11731,0.01374946
32.554177709000214,2,9,-0.07507378458976746,1,0,1,-30.389088,-30.0,0.38908768,-5.56755,-66.11323,0.012314343
32.65520798500074,2,10,-0.02707378458976746,1,0,1,-30.142462,-30.0,0.14246178,-44.40498,-66.11051,0.014107209
32.7553311590018,2,11,0.02092621541023254,1,0,1,-29.950666,-30.0,-0.049333572,-22.993086,-66.10991,0.016420448
32.855345659001614,2,12,0.06767094731330872,1,0,1,-29.790379,-30.0,-0.20962143,-12.952804,-66.111404,0.018512143
32.954355837999174,2,13,0.11567094731330872,1,0,1,-30.197506,-30.0,0.19750595,50.02403,-66.111046,0.014425867
33.05611945000055,2,14,0.06767094731330872,1,0,1,-29.919275,-30.0,-0.080724716,5.491256,-66.11047,0.017325109
33.15525310800149,2,15,0.0734497606754303,1,0,1,-30.073473,-30.0,0.07347298,-25.098799,-66.11111,0.014647972
33.2554679140012,2,16,0.025449760675430297,1,0,1,-29.689642,-30.0,-0.31035805,-27.204512,-66.11272,0.020038355
33.35500777099878,2,17,0.0734497606754303,1,0,1,-30.16063,-30.0,0.16062927,-26.22032,-66.11384,0.0139487265
33.45516642399889,2,18,0.1214497606754303,1,0,1,-29.664196,-30.0,-0.335804,-71.60187,-66.114655,0.020158738
33.555036213001586,2,19,0.0734497606754303,1,0,1,-29.526995,-30.0,-0.4730053,-41.57829,-66.11774,0.02245864
33.65532924299987,2,20,0.025449760675430297,1,0,1,-29.580107,-30.0,-0.41989326,-85.60561,-66.12181,0.021898419
33.75589577199935,2,21,0.01584586054086685,1,0,1,-29.626741,-30.0,-0.3732586,18.247604,-66.12487,0.023567526
33.854369289001625,2,22,0.06384586054086686,1,0,1,-30.073156,-30.0,0.07315636,-92.281334,-66.12596,0.016699702
33.95616251500178,2,23,0.03212495744228363,1,0,1,-29.96528,-30.0,-0.034719467,28.585432,-66.126564,0.019776244
34.05624993099991,2,24,0.06813069581985474,1,0,1,-30.36134,-30.0,0.36133957,87.15629,-66.12555,0.0152776465
34.15496705500118,2,25,0.0723888635635376,1,0,1,-29.898697,-30.0,-0.1013031,70.50514,-66.12578,0.020858502
34.25545284799955,2,26,0.024388863563537602,1,0,1,-30.150213,-30.0,0.15021324,-50.926205,-66.124435,0.01665207
34.355405329999485,2,27,-0.0236111364364624,1,0,1,-30.56047,-30.0,0.5604706,126.68609,-66.122475,0.012736783
34.454940718002035,2,28,0.024388863563537602,1,0,1,-30.37765,-30.0,0.3776493,15.489577,-66.11694,0.013583681
34.555955071002245,2,29,-0.0236111364364624,1,0,1,-30.52086,-30.0,0.5208607,35.230637,-66.11264,0.010826394
34.655893027000275,2,30,0.024388863563537602,1,0,1,-30.622494,-30.0,0.62249374,-23.221968,-66.10615,0.008208164
34.75435844399908,2,31,-0.0236111364364624,1,0,1,-30.371672,-30.0,0.37167168,-52.556988,-66.10058,0.009922791
34.85575385300035,2,32,0.014508846402168277,1,0,1,-30.280445,-30.0,0.2804451,-22.392271,-66.09803,0.010235197
34.954963781001425,2,33,-0.033491153597831724,1,0,1,-29.991411,-30.0,-0.008588791,-29.991148,-66.09668,0.013503195
35.0554132569996,2,34,0.014508846402168277,1,0,1,-30.072794,-30.0,0.07279396,53.737637,-66.096596,0.013185367
35.15621110199936,2,35,-0.033491153597831724,1,0,1,-29.869415,-30.0,-0.13058472,-55.46188,-66.0963,0.014549692
35.25518217100034,2,36,0.014508846402168277,1,0,1,-30.212778,-30.0,0.21277809,65.59563,-66.09727,0.0111974375
35.35522544900232,2,37,-0.033491153597831724,1,0,1,-29.535358,-30.0,-0.46464157,-98.73008,-66.09814,0.018367874
35.45527319499888,2,38,0.014508846402168277,1,0,1,-30.409576,-30.0,0.40957642,46.043392,-66.09857,0.009219245
35.55571457000042,2,39,-0.033491153597831724,1,0,1,-29.889502,-30.0,-0.11049843,-45.51887,-66.09672,0.014775244
35.65504183200028,2,40,0.014508846402168277,1,0,1,-29.255913,-30.0,-0.7440872,60.31799,-66.10182,0.023907255
35.75565501700112,2,41,-0.033491153597831724,1,0,1,-29.50691,-30.0,-0.49308968,-16.273499,-66.10548,0.021040866
35.855369201999565,2,42,-0.08149115359783173,1,0,1,-29.681368,-30.0,-0.31863213,-10.850905,-66.10998,0.018952658
35.95574325000052,2,43,-0.033491153597831724,1,0,1,-29.540228,-30.0,-0.4597721,39.812088,-66.11477,0.022498583
36.055093140999816,2,44,0.014508846402168277,1,0,1,-29.410164,-30.0,-0.5898361,6.889343,-66.119804,0.024460828
36.15540070000134,2,45,0.06250884640216828,1,0,1,-29.731733,-30.0,-0.26826668,23.517607,-66.12313,0.02165319
36.255765527999756,2,46,0.014508846402168277,1,0,1,-29.480648,-30.0,-0.51935196,-126.92069,-66.12635,0.023834983
36.354836333001,2,47,0.06250884640216828,1,0,1,-29.479982,-30.0,-0.5200176,22.956846,-66.131035,0.026127327
36.454795522000495,2,48,0.014508846402168277,1,0,1,-29.903889,-30.0,-0.0961113,104.49409,-66.13378,0.022436585
36.55431806100023,2,49,-0.033491153597831724,1,0,1,-30.096313,-30.0,0.09631348,93.179695,-66.13379,0.019944405
36.65506031499899,2,50,-0.08149115359783173,1,0,1,-30.290503,-30.0,0.29050255,-10.017395,-66.13072,0.016361287
36.75531786799911,2,51,-0.033491153597831724,1,0,1,-29.57304,-30.0,-0.42696,-105.05103,-66.13127,0.02415002
36.85594641900025,2,52,0.014508846402168277,1,0,1,-30.491777,-30.0,0.49177742,190.24466,-66.13215,0.015821686
36.955551093000395,2,53,-0.004250160604715347,1,0,1,-31.314646,-30.0,1.3146458,106.49108,-66.12175,0.004403845
37.05586116700215,2,54,0.04374983939528465,1,0,1,-30.820877,-30.0,0.8208771,-40.235516,-66.11124,0.006922316
37.15498114100046,2,55,0.09174983939528465,1,0,1,-30.39908,-30.0,0.39908028,-38.656235,-66.10618,0.010679767
37.25660954400155,2,56,0.04374983939528465,1,0,1,-30.32478,-30.0,0.3247795,-34.942627,-66.10121,0.010889426
37.35466233899933,2,57,-0.00425016060471535,1,0,1,-30.24675,-30.0,0.24674988,-56.974407,-66.098465,0.010539284
37.45549399000083,2,58,-0.05225016060471535,1,0,1,-30.41905,-30.0,0.41905022,40.48347,-66.0967,0.008723084
37.55502770499879,2,59,-0.02206954210996628,1,0,1,-30.218994,-30.0,0.21899414,93.582146,-66.09527,0.01176179
37.656109669002035,2,60,0.02593045789003372,1,0,1,-30.466993,-30.0,0.46699333,-13.305663,-66.09154,0.007301981
37.75497234800059,2,61,-0.02206954210996628,1,0,1,-30.106667,-30.0,0.106666565,-53.2093,-66.08843,0.010500627
37.85633591300211,2,62,-0.07006954210996628,1,0,1,-30.22881,-30.0,0.22880936,41.028973,-66.086006,0.009668392
37.95550198300043,2,63,-0.11806954210996629,1,0,1,-29.674948,-30.0,-0.32505226,-100.44288,-66.087,0.014484432
38.0553874210018,2,64,-0.07006954210996628,1,0,1,-30.016901,-30.0,0.016901016,30.195234,-66.08782,0.012131874
38.155618994002,2,65,-0.022069542109966284,1,0,1,-29.955235,-30.0,-0.044765472,1.6250609,-66.087654,0.012744725
38.25547258500228,2,66,0.025930457890033717,1,0,1,-29.188473,-30.0,-0.81152725,-48.236843,-66.09146,0.021718962
38.35501971100166,2,67,0.07393045789003372,1,0,1,-29.226727,-30.0,-0.77327347,32.43637,-66.10042,0.022789266
38.45533565200094,2,68,0.12193045789003372,1,0,1,-30.117409,-30.0,0.11740875,-100.107185,-66.10272,0.011660625
38.55621898699974,2,69,0.16993045789003372,1,0,1,-29.544786,-30.0,-0.45521355,-27.561186,-66.10614,0.019993179
38.65535153499877,2,70,0.12193045789003372,1,0,1,-29.902956,-30.0,-0.09704399,-14.909743,-66.10866,0.016480606
38.754560068999126,2,71,0.07812153697013856,1,0,1,-29.68517,-30.0,-0.31483078,-9.658813,-66.111534,0.0196536
38.85494110500076,2,72,0.031012526154518133,1,0,1,-29.860836,-30.0,-0.13916397,153.4481,-66.11482,0.019746652
38.95486733100188,2,73,0.07901252615451813,1,0,1,-29.941254,-30.0,-0.058746338,-2.2907257,-66.114586,0.017633926
39.054727069000364,2,74,0.12701252615451813,1,0,1,-28.988325,-30.0,-1.0116749,-124.91035,-66.11955,0.02859638
39.15492735400039,2,75,0.07901252615451813,1,0,1,-28.993181,-30.0,-1.0068188,-100.16631,-66.12953,0.029682035
39.25440938899919,2,76,0.031012526154518133,1,0,1,-29.905668,-30.0,-0.09433174,61.06567,-66.136734,0.021478647
39.35516421600187,2,77,0.025515356659889223,1,0,1,-29.729572,-30.0,-0.2704277,-107.25211,-66.13745,0.023050228
39.45581679500174,2,78,0.07351535665988923,1,0,1,-29.583443,-30.0,-0.4165573,26.861189,-66.14305,0.026338927
39.55560166199939,2,79,0.05370060205459595,1,0,1,-29.170538,-30.0,-0.82946205,144.9337,-66.15105,0.03437044
39.65529853100088,2,80,0.10170060205459595,1,0,1,-29.859737,-30.0,-0.1402626,92.4797,-66.15374,0.026547886
39.75481437000053,2,81,0.07941735982894899,1,0,1,-30.168919,-30.0,0.16891861,-68.06564,-66.15189,0.020970248
39.855197361001046,2,82,0.031417359828948985,1,0,1,-30.807062,-30.0,0.80706215,-64.352036,-66.14686,0.012610778
39.95666848399924,2,83,0.07941735982894899,1,0,1,-31.07901,-30.0,1.07901,12.952804,-66.13837,0.009028977
40.054978578999,2,84,0.12741735982894897,1,0,1,-30.89243,-30.0,0.89242935,-152.35329,-66.12703,0.0079444535
40.155972544002,2,85,0.08268544673919678,1,0,1,-30.357527,-30.0,0.35752678,14.217376,-66.122154,0.014505239
40.25454831599927,2,86,0.03468544673919678,1,0,1,-30.666376,-30.0,0.6663761,-52.35481,-66.1163,0.009064886
40.35512015900167,2,87,0.023305557668209076,1,0,1,-30.353819,-30.0,0.3538189,-39.066315,-66.11113,0.012175945
40.455080749001354,2,88,-0.024694442331790925,1,0,1,-30.344381,-30.0,0.34438133,27.027128,-66.10789,0.012053067
40.555917431000125,2,89,0.023305557668209076,1,0,1,-30.356344,-30.0,0.35634422,-68.27164,-66.10363,0.010000507
40.65573275200222,2,90,-0.014706638455390927,1,0,1,-29.68324,-30.0,-0.3167591,12.674331,-66.10495,0.018928314
40.755613165001705,2,91,-0.01629188358783722,1,0,1,-30.514647,-30.0,0.51464653,27.185438,-66.10241,0.008996295
40.855691648001084,2,92,-0.018953242897987367,1,0,1,-30.261568,-30.0,0.26156807,4.219055,-66.0985,0.0113555
40.95547903199986,2,93,0.0005205291789025061,1,0,1,-30.003202,-30.0,0.0032024384,-96.424095,-66.09727,0.012631557
41.054916928998864,2,94,0.04852052917890251,1,0,1,-30.010214,-30.0,0.010213852,12.620925,-66.09759,0.013767967
41.156440573999134,2,95,0.058449918031692506,1,0,1,-29.994507,-30.0,-0.005493164,18.354416,-66.097595,0.013933131
41.25620952000099,2,96,0.010449918031692505,1,0,1,-29.87378,-30.0,-0.1262207,-48.818584,-66.09819,0.014873121
41.35516299500159,2,97,-0.037550081968307496,1,0,1,-29.900286,-30.0,-0.09971428,-1.0604858,-66.0994,0.014960785
41.45446260600147,2,98,0.010449918031692505,1,0,1,-29.68564,-30.0,-0.31435966,49.44801,-66.10153,0.01881535
41.555461322001065,2,99,0.058449918031692506,1,0,1,-29.562418,-30.0,-0.43758202,-16.420364,-66.10548,0.019616028
41.654750876001344,2,100,0.010449918031692505,1,0,1,-29.761713,-30.0,-0.23828697,108.560555,-66.110435,0.019433996
41.7549598250007,2,101,0.058449918031692506,1,0,1,-29.61324,-30.0,-0.3867607,-119.40574,-66.11273,0.019872617
41.853941797002335,2,102,0.010449918031692505,1,0,1,-29.568806,-30.0,-0.4311943,-81.79473,-66.11626,0.021105465
41.95492459000161,2,103,0.058449918031692506,1,0,1,-30.085539,-30.0,0.085538864,169.65292,-66.119736,0.017871117
42.055652601000475,2,104,0.10644991803169251,1,0,1,-30.057812,-30.0,0.057811737,-44.471737,-66.11748,0.016555581
42.15567186000044,2,105,0.05844991803169251,1,0,1,-30.361742,-30.0,0.36174202,44.078823,-66.115555,0.013208774
42.25457784399987,2,106,0.10644991803169251,1,0,1,-30.570333,-30.0,0.5703335,-14.076232,-66.111374,0.009305474
42.354885689001094,2,107,0.1544499180316925,1,0,1,-29.97876,-30.0,-0.021240234,-10.740279,-66.11052,0.016173689
42.455748354001116,2,108,0.1064499180316925,1,0,1,-30.685139,-30.0,0.6851387,151.40533,-66.10687,0.009044105
42.55641574300171,2,109,0.0584499180316925,1,0,1,-31.033394,-30.0,1.0333939,-126.29699,-66.0963,0.0006271811
42.654531400999986,2,110,0.010449918031692498,1,0,1,-30.323238,-30.0,0.32323837,-78.94325,-66.08975,0.00841473
42.75614025500181,2,111,-0.0375500819683075,1,0,1,-30.483032,-30.0,0.48303223,122.73788,-66.08745,0.007258133
42.854656804000115,2,112,0.010449918031692498,1,0,1,-30.835205,-30.0,0.8352051,-2.9544828,-66.08199,0.0007352524
42.95515908800007,2,113,-0.0375500819683075,1,0,1,-30.183546,-30.0,0.18354607,-177.09921,-66.075615,0.0066408985
43.05479701299919,2,114,-0.03161579966545105,1,0,1,-30.098904,-30.0,0.098903656,-55.553432,-66.07518,0.0075492533
43.155757737000386,2,115,0.016384200334548953,1,0,1,-29.917902,-30.0,-0.08209801,104.12978,-66.07762,0.01165714
43.255251788999885,2,116,0.06438420033454895,1,0,1,-29.875593,-30.0,-0.124406815,-53.565975,-66.07646,0.011211957
43.355564383000456,2,117,0.016384200334548946,1,0,1,-30.233345,-30.0,0.23334503,-71.676254,-66.075485,0.0060673207
43.45446562000143,2,118,-0.031615799665451055,1,0,1,-29.898794,-30.0,-0.101205826,120.206825,-66.076584,0.0121646775
43.555804884999816,2,119,0.016384200334548946,1,0,1,-29.382236,-30.0,-0.6177635,-112.75291,-66.07798,0.01660595
43.65460862400141,2,120,-0.031615799665451055,1,0,1,-29.732262,-30.0,-0.26773834,33.37097,-66.08441,0.013790314
43.754967035001755,2,121,0.016384200334548946,1,0,1,-29.610653,-30.0,-0.38934708,184.24223,-66.090385,0.018066933
43.85523828499936,2,122,-0.031615799665451055,1,0,1,-29.740976,-30.0,-0.25902367,-153.34702,-66.09098,0.01398386
43.95552825100094,2,123,-0.0775503158569336,1,0,1,-29.771278,-30.0,-0.22872162,85.60371,-66.096924,0.016040774
44.0545200029992,2,124,-0.0295503158569336,1,0,1,-29.196062,-30.0,-0.8039379,-51.614758,-66.10151,0.023305893
44.15572964400053,2,125,-0.05133476257324219,1,0,1,-28.975874,-30.0,-1.024126,-3.7078855,-66.110794,0.027808623
44.25497450200055,2,126,-0.003334762573242188,1,0,1,-29.060476,-30.0,-0.9395237,-39.16359,-66.12119,0.027617946
44.3547998819995,2,127,-0.05133476257324219,1,0,1,-29.38987,-30.0,-0.6101303,89.60342,-66.13074,0.026911058
44.45505129700177,2,128,-0.003334762573242188,1,0,1,-28.99119,-30.0,-1.00881,-95.00312,-66.13742,0.031645007
44.55590977400061,2,129,0.03974322080612183,1,0,1,-29.291348,-30.0,-0.7086525,165.47011,-66.147446,0.031995267
44.65523620800013,2,130,0.08774322080612183,1,0,1,-29.063025,-30.0,-0.9369755,38.974762,-66.15358,0.035539676
44.75495794500239,2,131,0.06236281991004944,1,0,1,-29.490973,-30.0,-0.5090275,97.82981,-66.15987,0.03175049
44.854661523000686,2,132,0.014362819910049437,1,0,1,-29.237917,-30.0,-0.76208305,-68.014145,-66.16525,0.033971928
44.955128608999075,2,133,-0.033637180089950564,1,0,1,-29.17296,-30.0,-0.8270397,51.19705,-66.17406,0.03753447
45.0552392239988,2,134,-0.08163718008995056,1,0,1,-29.211359,-30.0,-0.788641,-94.95544,-66.181694,0.036911327
45.15533894300097,2,135,-0.033637180089950564,1,0,1,-29.549757,-30.0,-0.450243,79.67186,-66.18871,0.03595843
45.25502659799895,2,136,0.014362819910049437,1,0,1,-29.301086,-30.0,-0.6989136,45.87936,-66.19529,0.039879914
45.35514112300007,2,137,-0.033637180089950564,1,0,1,-29.935036,-30.0,-0.064964294,39.00528,-66.19793,0.03309804
45.45502433400179,2,138,-0.08163718008995056,1,0,1,-30.52338,-30.0,0.5233803,-4.1999817,-66.19558,0.02517308
45.55570625299879,2,139,-0.046288713812828064,1,0,1,-30.631166,-30.0,0.63116646,-90.01731,-66.18983,0.022655616
45.654083681001794,2,140,-0.019756056368350983,1,0,1,-31.02554,-30.0,1.0255394,-0.5970001,-66.182434,0.017420387
45.75617332700131,2,141,-0.06775605636835098,1,0,1,-31.258673,-30.0,1.2586727,17.091751,-66.16979,0.013409151
45.85465272299916,2,142,-0.019756056368350983,1,0,1,-31.125803,-30.0,1.125803,-19.163132,-66.157005,0.012219788
45.95477898399986,2,143,-0.06775605636835098,1,0,1,-30.720636,-30.0,0.72063637,20.99037,-66.149254,0.015218426
46.05462783300027,2,144,-0.11575605636835098,1,0,1,-30.671356,-30.0,0.6713562,97.00965,-66.14309,0.0155130355
46.15550419200008,2,145,-0.06775605636835098,1,0,1,-30.801432,-30.0,0.80143166,16.12091,-66.13498,0.0118622845
46.25506669099923,2,146,-0.11575605636835098,1,0,1,-30.505041,-30.0,0.5050411,47.40524,-66.12837,0.014666687
46.35484933100088,2,147,-0.06775605636835098,1,0,1,-30.637812,-30.0,0.63781166,48.81477,-66.12179,0.011779292
46.45438473200193,2,148,-0.019756056368350983,1,0,1,-30.291832,-30.0,0.29183197,125.60844,-66.11932,0.015546484
46.555243769998924,2,149,0.02824394363164902,1,0,1,-30.598114,-30.0,0.598114,-90.698235,-66.11341,0.00916497
46.65474229499887,2,150,0.07624394363164902,1,0,1,-30.287153,-30.0,0.28715324,-5.292892,-66.10932,0.012782588
46.75442743700114,2,151,0.02824394363164902,1,0,1,-29.91068,-30.0,-0.08931923,-60.096737,-66.10809,0.016203914
46.85465622600168,2,152,0.02430112659931183,1,0,1,-30.143225,-30.0,0.14322472,97.94425,-66.10804,0.014748609
46.95502833000137,2,153,0.07230112659931183,1,0,1,-29.90123,-30.0,-0.09877014,-44.033047,-66.10805,0.016288728
47.05492914199931,2,154,0.12030112659931183,1,0,1,-30.242115,-30.0,0.24211502,5.4225917,-66.10808,0.01237737
47.155573349002225,2,155,0.07230112659931183,1,0,1,-29.683182,-30.0,-0.31681824,19.487381,-66.10963,0.019939117
47.255471927001054,2,156,0.02430112659931183,1,0,1,-30.067047,-30.0,0.06704712,45.25947,-66.1098,0.015633287
47.35564093100038,2,157,-0.023698873400688172,1,0,1,-30.480173,-30.0,0.4801731,-91.24755,-66.10449,0.008824285
47.454946414000005,2,158,-0.07169887340068817,1,0,1,-30.293554,-30.0,0.2935543,68.54248,-66.10241,0.011992125
47.55557218300237,2,159,-0.023698873400688172,1,0,1,-30.546377,-30.0,0.5463772,-69.75746,-66.09609,0.0070049446
47.654862301998946,2,160,0.02430112659931183,1,0,1,-29.74155,-30.0,-0.25844955,82.841866,-66.09607,0.017431945
47.75548415999947,2,161,0.07230112659931183,1,0,1,-30.280977,-30.0,0.28097725,11.201858,-66.095215,0.009802704
47.8550427500013,2,162,0.02430112659931183,1,0,1,-31.050571,-30.0,1.0505714,-19.996643,-66.08773,0.0
47.95540898800027,2,163,-0.023698873400688172,1,0,1,-30.646294,-30.0,0.64629364,-90.80886,-66.07836,0.002576988
48.055121509001765,2,164,0.02430112659931183,1,0,1,-30.307215,-30.0,0.30721474,-51.343914,-66.074646,0.005546828
48.15532459699898,2,165,0.07230112659931183,1,0,1,-30.783312,-30.0,0.78331184,8.716583,-66.068825,0.0
48.25490246299887,2,166,0.02430112659931183,1,0,1,-29.595049,-30.0,-0.4049511,95.24535,-66.06938,0.014520664
48.35516561500117,2,167,-0.023698873400688172,1,0,1,-30.187696,-30.0,0.18769646,137.64572,-66.071335,0.0075895563
48.45504910800082,2,168,0.02430112659931183,1,0,1,-30.304464,-30.0,0.30446434,-68.704605,-66.06798,0.004141318
48.555136260001746,2,169,0.004392245411872865,1,0,1,-29.985308,-30.0,-0.0146923065,3.656387,-66.06662,0.008216653
48.6554550059991,2,170,-0.043607754588127136,1,0,1,-29.959618,-30.0,-0.040382385,-33.201218,-66.06623,0.008161626
48.755778501999885,2,171,-0.09160775458812714,1,0,1,-30.403107,-30.0,0.4031067,108.54911,-66.0653,0.0039639925
48.85478534499998,2,172,-0.04360775458812714,1,0,1,-30.49041,-30.0,0.49040985,-7.3089595,-66.05911,0.0014162619
48.954714375999174,2,173,0.004392245411872858,1,0,1,-29.339283,-30.0,-0.660717,13.56697,-66.06131,0.015331825
49.05514878000031,2,174,0.02200770527124405,1,0,1,-29.956268,-30.0,-0.04373169,107.78617,-66.06423,0.008838889
49.15537980600129,2,175,-0.02599229472875595,1,0,1,-28.881258,-30.0,-1.118742,-117.71583,-66.06874,0.020671971
49.25522167500094,2,176,0.02200770527124405,1,0,1,-28.794567,-30.0,-1.2054329,9.298325,-66.081085,0.024058115
49.355373639999016,2,177,0.06593783497810364,1,0,1,-29.736298,-30.0,-0.2637024,66.783905,-66.087715,0.014895547
49.45542950299932,2,178,0.01877247542142868,1,0,1,-29.039295,-30.0,-0.9607048,-150.68054,-66.09346,0.022626163
49.55503810099981,2,179,-0.02922752457857132,1,0,1,-28.776237,-30.0,-1.2237625,59.644695,-66.10455,0.029695723
49.65631116399891,2,180,-0.07722752457857132,1,0,1,-29.42676,-30.0,-0.5732403,67.33894,-66.111855,0.0234395
49.75497354899926,2,181,-0.02922752457857132,1,0,1,-28.899824,-30.0,-1.1001759,-155.39742,-66.11735,0.029056938
49.85505958399881,2,182,0.01877247542142868,1,0,1,-28.904924,-30.0,-1.0950756,59.621807,-66.1292,0.03216514
49.954437147000135,2,183,0.06677247542142868,1,0,1,-28.795803,-30.0,-1.2041969,-158.34618,-66.13888,0.03343352
50.055514653999126,2,184,0.01877247542142868,1,0,1,-28.965336,-30.0,-1.0346642,-82.69691,-66.150215,0.03400551
50.15473996199944,2,185,0.06677247542142868,1,0,1,-29.117582,-30.0,-0.8824177,-73.36235,-66.16018,0.03394489
50.2551430780004,2,186,0.03132269084453583,1,0,1,-29.064606,-30.0,-0.9353943,-46.73576,-66.16927,0.036826406
50.35480671199912,2,187,0.042390224337577824,1,0,1,-29.135025,-30.0,-0.864975,-34.52301,-66.17809,0.037637517
50.45446894899942,2,188,0.06945751905441284,1,0,1,-29.110912,-30.0,-0.8890877,50.49705,-66.18751,0.040458437
50.554734896999435,2,189,0.021457519054412844,1,0,1,-29.651691,-30.0,-0.34830856,158.5083,-66.19422,0.036506243
50.65514108800198,2,190,-0.026542480945587157,1,0,1,-29.408922,-30.0,-0.5910778,-29.11949,-66.19767,0.038683753
50.75533104799979,2,191,-0.07454248094558716,1,0,1,-29.731678,-30.0,-0.268322,69.16237,-66.2024,0.036388587
50.85560398099915,2,192,-0.026542480945587157,1,0,1,-30.163267,-30.0,0.16326714,-5.292892,-66.20261,0.030744173
50.956108787999256,2,193,-0.07454248094558716,1,0,1,-30.309803,-30.0,0.309803,-33.901215,-66.19963,0.028511362
51.05564475199935,2,194,-0.10576969385147095,1,0,1,-30.656525,-30.0,0.65652466,41.856762,-66.1948,0.024441233
51.155177085001924,2,195,-0.057769693851470946,1,0,1,-30.91609,-30.0,0.91609,66.21742,-66.18572,0.020642195
51.255453928999486,2,196,-0.09237250685691833,1,0,1,-30.977343,-30.0,0.9773426,-11.405944,-66.17562,0.017085414
51.35379001500041,2,197,-0.044372506856918334,1,0,1,-30.98687,-30.0,0.9868698,-73.20595,-66.16528,0.014344661
51.454991282000265,2,198,0.003627493143081667,1,0,1,-30.694117,-30.0,0.6941166,-26.252745,-66.15721,0.016786823
51.5549479729998,2,199,-0.044372506856918334,1,0,1,-30.973967,-30.0,0.9739666,25.760649,-66.149315,0.012223289
51.65608749999956,2,200,-0.09237250685691833,1,0,1,-30.969286,-30.0,0.96928596,-6.3400264,-66.13981,0.010536417
51.75508736200209,2,201,-0.09159176945686341,1,0,1,-30.643826,-30.0,0.64382553,-49.236294,-66.13198,0.012525288
51.854954934999114,2,202,-0.04359176945686341,1,0,1,-30.453117,-30.0,0.45311737,-25.247572,-66.12626,0.013886988
51.95503538599951,2,203,-0.024231788516044617,1,0,1,-30.701593,-30.0,0.7015934,-40.60554,-66.12027,0.009271404
52.054126320999785,2,204,0.023768211483955384,1,0,1,-30.45099,-30.0,0.45099068,-160.5053,-66.11334,0.010338543
52.15704764700058,2,205,0.07176821148395539,1,0,1,-30.727695,-30.0,0.72769547,101.44424,-66.1092,0.0083407555
52.256132155998785,2,206,0.023768211483955387,1,0,1,-30.397774,-30.0,0.39777374,-50.71449,-66.10233,0.010077573
52.3551730850013,2,207,-0.024231788516044614,1,0,1,-29.754034,-30.0,-0.24596596,-7.808685,-66.103,0.017486557
52.45469172999947,2,208,-0.07223178851604461,1,0,1,-30.141716,-30.0,0.141716,9.366989,-66.10285,0.013138682
52.55509931800043,2,209,-0.11075083017349244,1,0,1,-30.70651,-30.0,0.70651054,74.88251,-66.099556,0.0062127532
52.65559965700231,2,210,-0.06275083017349244,1,0,1,-30.295794,-30.0,0.29579353,-59.257504,-66.09486,0.009386997
52.75675092000165,2,211,-0.014750830173492435,1,0,1,-29.977262,-30.0,-0.022737503,58.746334,-66.09398,0.014237686
52.85481434599933,2,212,0.033249169826507566,1,0,1,-29.90253,-30.0,-0.09746933,128.72887,-66.09557,0.015620179
52.9553465329991,2,213,-0.014750830173492435,1,0,1,-30.371862,-30.0,0.3718624,46.80824,-66.09394,0.009018413
53.05524595500174,2,214,-0.06275083017349244,1,0,1,-30.449354,-30.0,0.44935417,-10.540008,-66.08964,0.006964439
53.155063523001445,2,215,-0.015993700921535493,1,0,1,-30.811865,-30.0,0.81186485,63.74168,-66.08257,0.0025895468
53.25533841300057,2,216,-0.0639937009215355,1,0,1,-30.87866,-30.0,0.8786602,58.357235,-66.07455,3.2597847e-05
53.355548211002315,2,217,-0.0159937009215355,1,0,1,-30.031067,-30.0,0.031066895,-84.749214,-66.069885,0.008106399
53.45605301999967,2,218,0.0320062990784645,1,0,1,-30.36142,-30.0,0.36141968,63.133236,-66.069435,0.004631755
53.55541941100091,2,219,-0.0159937009215355,1,0,1,-30.338255,-30.0,0.33825493,-46.26846,-66.06467,0.0038491534
53.655230554999434,2,220,0.017228049039840695,1,0,1,-30.910719,-30.0,0.9107189,24.316786,-66.05778,0.0
53.75519143800193,2,221,0.0652280490398407,1,0,1,-30.206585,-30.0,0.20658493,-238.78287,-66.049675,0.0010897017
53.855515777999244,2,222,0.1132280490398407,1,0,1,-29.625565,-30.0,-0.37443542,-122.60055,-66.05123,0.008591642
53.9554302860015,2,223,0.0652280490398407,1,0,1,-29.375021,-30.0,-0.624979,4.9877167,-66.05746,0.013289072
54.055244782000955,2,224,0.0876452386379242,1,0,1,-29.973724,-30.0,-0.026275635,4.8923492,-66.05879,0.006974121
54.155433349002124,2,225,0.0396452386379242,1,0,1,-29.793184,-30.0,-0.20681572,27.383802,-66.06026,0.00944221
54.255329420000635,2,226,0.03561303317546845,1,0,1,-29.644371,-30.0,-0.35562897,-26.17645,-66.062325,0.011457739
54.35620746299901,2,227,-0.012386966824531553,1,0,1,-29.330055,-30.0,-0.66994476,73.1163,-66.06729,0.01671215
54.45547691500178,2,228,-0.060386966824531554,1,0,1,-30.291492,-30.0,0.29149246,13.235091,-66.067055,0.0047470247
54.5567840650001,2,229,-0.10838696682453156,1,0,1,-29.483147,-30.0,-0.51685333,56.200024,-66.06898,0.015290706
54.655289172002085,2,230,-0.060386966824531554,1,0,1,-29.501957,-30.0,-0.49804306,-58.959957,-66.072845,0.014286356
54.75582778600074,2,231,-0.012386966824531553,1,0,1,-29.641489,-30.0,-0.35851097,30.494688,-66.07728,0.014173361
54.85465584100166,2,232,-0.03302296996116638,1,0,1,-29.679798,-30.0,-0.32020187,34.3132,-66.079666,0.0146336425
54.95508689900089,2,233,0.01497703003883362,1,0,1,-29.54636,-30.0,-0.45363998,-33.643723,-66.08269,0.015910763
55.05500895200021,2,234,-0.03302296996116638,1,0,1,-29.452496,-30.0,-0.5475044,197.76534,-66.09083,0.020028433
55.15531541200107,2,235,0.01497703003883362,1,0,1,-29.453093,-30.0,-0.5469074,24.785994,-66.09378,0.019956522
55.25559198100018,2,236,-0.03302296996116638,1,0,1,-29.334728,-30.0,-0.66527176,61.124798,-66.09862,0.022417495
55.3551589589988,2,237,0.01497703003883362,1,0,1,-29.560398,-30.0,-0.4396019,66.75339,-66.10452,0.020282142
55.45490975999928,2,238,0.06179553270339966,1,0,1,-29.470827,-30.0,-0.5291729,9.788513,-66.10899,0.021780029
55.554620892002276,2,239,0.07384920716285706,1,0,1,-29.348791,-30.0,-0.6512089,121.71363,-66.11618,0.025491133
55.65562297500219,2,240,0.02584920716285706,1,0,1,-29.534641,-30.0,-0.46535873,-242.0082,-66.11757,0.020811196
55.75517654500072,2,241,-0.02215079283714294,1,0,1,-29.079285,-30.0,-0.92071533,219.14099,-66.12879,0.03159686
55.855070942001475,2,242,0.02584920716285706,1,0,1,-29.666027,-30.0,-0.33397293,21.219252,-66.133,0.024136867
55.95404259100178,2,243,0.07384920716285706,1,0,1,-29.5714,-30.0,-0.4286003,-45.65048,-66.13607,0.025479328
56.05567129400151,2,244,0.02584920716285706,1,0,1,-30.12236,-30.0,0.12236023,74.31221,-66.13887,0.02004898
56.1545331519992,2,245,-0.02215079283714294,1,0,1,-30.544271,-30.0,0.54427147,33.123016,-66.13494,0.014474749
56.2551924540021,2,246,0.02584920716285706,1,0,1,-30.331696,-30.0,0.33169556,100.107185,-66.1319,0.017138656
56.354061017002095,2,247,0.07384920716285706,1,0,1,-31.03679,-30.0,1.0367908,-78.393936,-66.12297,0.005753189
56.455056955001055,2,248,0.08937265276908875,1,0,1,-30.613838,-30.0,0.6138382,32.144547,-66.11624,0.010506805
56.554577000999416,2,249,0.04137265276908875,1,0,1,-30.882778,-30.0,0.88277817,-29.146193,-66.107414,0.0055123735
56.65543856400109,2,250,0.08937265276908875,1,0,1,-30.529354,-30.0,0.5293541,-42.222973,-66.100235,0.008192004
56.75503683400166,2,251,0.04137265276908875,1,0,1,-30.495382,-30.0,0.4953823,32.938004,-66.095894,0.008205482
56.85507706000135,2,252,-0.006627347230911254,1,0,1,-30.331703,-30.0,0.3317032,-123.56376,-66.08977,0.008008037
56.9552212109993,2,253,0.04137265276908875,1,0,1,-30.2936,-30.0,0.29360008,-52.097317,-66.08691,0.007697407
57.05549638500088,2,254,0.08937265276908875,1,0,1,-30.311392,-30.0,0.31139183,25.667189,-66.085,0.0080445735
57.15477058900069,2,255,0.12446897029876709,1,0,1,-30.309614,-30.0,0.30961418,-6.818771,-66.08169,0.0072737657
57.25540949800052,2,256,0.07646897029876709,1,0,1,-30.247313,-30.0,0.24731255,-16.42418,-66.0792,0.007415586
57.35567349700068,2,257,0.12446897029876709,1,0,1,-30.242884,-30.0,0.24288368,43.918606,-66.07734,0.007659059
57.45601460100079,2,258,0.07646897029876709,1,0,1,-30.10696,-30.0,0.1069603,26.55792,-66.07553,0.008876871
57.555031510000845,2,259,0.02846897029876709,1,0,1,-30.100325,-30.0,0.10032463,31.188963,-66.07465,0.0087919235
57.65532819600048,2,260,-0.01953102970123291,1,0,1,-30.062035,-30.0,0.062034607,-72.08061,-66.073395,0.007738835
57.75494574199911,2,261,-0.05290407538414002,1,0,1,-29.756643,-30.0,-0.2433567,34.91211,-66.07522,0.012812279
57.85504072600088,2,262,-0.004904075384140019,1,0,1,-30.05022,-30.0,0.05022049,10.259627,-66.07569,0.0090670185
57.95394756400128,2,263,0.04309592461585998,1,0,1,-29.960701,-30.0,-0.03929901,-2.2525787,-66.075485,0.01024779
58.05564555100136,2,264,-0.004904075384140019,1,0,1,-30.191944,-30.0,0.19194412,32.981873,-66.074814,0.0076286355
58.15477085499879,2,265,-0.05290407538414002,1,0,1,-30.062351,-30.0,0.062351227,-5.943298,-66.07337,0.008649808
58.25591150599939,2,266,-0.004904075384140019,1,0,1,-29.913189,-30.0,-0.086811066,-77.02637,-66.07312,0.0094600655
58.35518319699986,2,267,0.04309592461585998,1,0,1,-29.990728,-30.0,-0.009271622,72.11304,-66.07393,0.010292937
58.456948791001196,2,268,0.09109592461585998,1,0,1,-30.069132,-30.0,0.06913185,37.58049,-66.0733,0.009110582
58.555614815999434,2,269,0.04309592461585998,1,0,1,-30.436335,-30.0,0.4363346,42.169567,-66.07058,0.0040726266
58.65411657500226,2,270,-0.004904075384140019,1,0,1,-31.21254,-30.0,1.2125397,-3.4408567,-66.06162,0.0
58.754971714999556,2,271,-0.05290407538414002,1,0,1,-30.865915,-30.0,0.8659153,-29.556273,-66.05112,0.0
58.85475660299926,2,272,-0.004904075384140019,1,0,1,-30.59882,-30.0,0.59881973,-11.7321005,-66.0441,0.0
58.954997696000646,2,273,-0.05290407538414002,1,0,1,-30.690107,-30.0,0.69010735,21.289824,-66.03785,0.0
59.054688717002136,2,274,-0.10090407538414002,1,0,1,-30.745827,-30.0,0.7458267,-72.01576,-66.029434,0.0
59.15427413699945,2,275,-0.05290407538414002,1,0,1,-30.208965,-30.0,0.2089653,-32.01866,-66.0253,0.0
59.25512452800103,2,276,-0.08060147166252137,1,0,1,-30.315472,-30.0,0.31547165,8.136749,-66.02255,0.0
59.35515665500134,2,277,-0.07055387496948243,1,0,1,-30.28361,-30.0,0.2836094,-36.71646,-66.01902,0.0
59.45512871900064,2,278,-0.11855387496948243,1,0,1,-30.247595,-30.0,0.24759483,11.478423,-66.016975,0.0
59.555018089999066,2,279,-0.07055387496948243,1,0,1,-30.271294,-30.0,0.27129364,-14.146804,-66.014084,0.0
59.65565867799887,2,280,-0.11855387496948243,1,0,1,-30.23315,-30.0,0.23315048,8.235931,-66.01158,0.0
59.755100784001115,2,281,-0.07055387496948243,1,0,1,-30.079302,-30.0,0.079301834,37.334442,-66.01097,0.0
59.85546787199928,2,282,-0.07650683522224427,1,0,1,-30.010643,-30.0,0.010643005,49.997326,-66.01102,0.0
59.95407104200058,2,283,-0.028506835222244273,1,0,1,-29.592844,-30.0,-0.407156,-119.998924,-66.012146,0.0017351676
60.0556226430017,2,284,-0.025368928909301758,1,0,1,-29.364862,-30.0,-0.63513756,-78.70102,-66.01831,0.005405847
60.155185436000465,2,285,0.022631071090698243,1,0,1,-29.562943,-30.0,-0.4370575,-0.36048886,-66.02217,0.0052358955
60.25610064099965,2,286,-0.025368928909301758,1,0,1,-29.525911,-30.0,-0.47408867,-31.782148,-66.02677,0.0054876064
60.35617076299968,2,287,-0.00015825923765078187,1,0,1,-29.57686,-30.0,-0.42313957,-19.464493,-66.03233,0.0057331696
60.45503765399917,2,288,0.04784174076234922,1,0,1,-29.515076,-30.0,-0.48492432,-14.211654,-66.03743,0.007606767
60.554865007001354,2,289,0.09584174076234922,1,0,1,-29.228498,-30.0,-0.77150154,-46.14639,-66.04325,0.0121875
60.65390901700084,2,290,0.04784174076234922,1,0,1,-29.28652,-30.0,-0.71348,-24.875639,-66.05094,0.012527772
60.75448814600168,2,291,-0.00015825923765078187,1,0,1,-29.157217,-30.0,-0.842783,-41.416164,-66.05862,0.015459803
60.85486557200056,2,292,-0.04815825923765078,1,0,1,-29.273136,-30.0,-0.72686386,4.858017,-66.066795,0.015859634
60.95519327000147,2,293,-0.00015825923765078187,1,0,1,-29.07183,-30.0,-0.92816925,27.523039,-66.076546,0.020271976
61.0553242950009,2,294,0.04784174076234922,1,0,1,-29.110325,-30.0,-0.88967514,-37.477493,-66.08508,0.021037394
61.15506392699899,2,295,-0.00015825923765078187,1,0,1,-29.03579,-30.0,-0.9642105,46.667095,-66.09471,0.024421494
61.25551119500233,2,296,0.03789105117321015,1,0,1,-29.28296,-30.0,-0.7170391,45.459743,-66.1033,0.023008648
61.355418447001284,2,297,0.08589105117321015,1,0,1,-29.38724,-30.0,-0.61276054,-14.869689,-66.10864,0.0226745
61.45491167900036,2,298,0.03789105117321015,1,0,1,-29.62551,-30.0,-0.37449074,74.06044,-66.11467,0.021402627
61.555675188999885,2,299,0.08589105117321015,1,0,1,-29.736708,-30.0,-0.2632923,-3.7403104,-66.11761,0.020181306
61.65475384200181,2,300,0.0,1,1,1,-29.853327,-30.0,-0.1466732,42.49954,-66.12055,0.019698922
63.3985414939998,3,1,0.048,1,0,1,-29.749065,-30.0,-0.2509346,-25.892256,-66.08343,0.013737209
63.50441908599896,3,2,0.0,1,0,1,-29.415447,-30.0,-0.58455276,-88.55247,-66.086365,0.017760852
63.60323290100132,3,3,0.009215979278087616,1,0,1,-29.827444,-30.0,-0.17255592,-5.9967036,-66.089745,0.013705608
63.70361926999976,3,4,0.057215979278087616,1,0,1,-30.016352,-30.0,0.0163517,-93.34373,-66.08988,0.01111812
63.80318178699963,3,5,0.10521597927808762,1,0,1,-30.040499,-30.0,0.040498734,-134.07707,-66.088615,0.010368645
63.9038047790018,3,6,0.05721597927808762,1,0,1,-29.938293,-30.0,-0.061706543,61.767574,-66.09121,0.013259104
64.00271330000032,3,7,0.009215979278087622,1,0,1,-30.603346,-30.0,0.6033459,-26.613234,-66.086754,0.004835896
64.10238700500122,3,8,0.03051723539829254,1,0,1,-31.159206,-30.0,1.1592064,110.595695,-66.07831,0.0
64.20276331599962,3,9,0.07851723539829254,1,0,1,-31.303997,-30.0,1.303997,-66.16974,-66.064415,0.0
64.30404952400204,3,10,0.03051723539829254,1,0,1,-30.649944,-30.0,0.6499443,33.91838,-66.05673,0.0
64.40311588600161,3,11,0.07851723539829254,1,0,1,-30.349375,-30.0,0.34937477,-117.97904,-66.04868,0.0005757948
64.50343353100106,3,12,0.03051723539829254,1,0,1,-30.525167,-30.0,0.52516747,-74.95117,-66.04317,0.0
64.60362993099989,3,13,0.00596241056919098,1,0,1,-31.040258,-30.0,1.0402584,-130.2414,-66.03417,0.0
64.70332598599998,3,14,0.05396241056919098,1,0,1,-30.183887,-30.0,0.18388748,38.978577,-66.03113,0.0
64.80312624599901,3,15,0.09938766360282898,1,0,1,-30.13527,-30.0,0.13526917,-37.21428,-66.02994,0.0
64.90294857499975,3,16,0.14738766360282898,1,0,1,-30.242113,-30.0,0.24211311,30.662535,-66.02773,0.0
65.00249963900205,3,17,0.1905395030975342,1,0,1,-30.825588,-30.0,0.8255882,73.46153,-66.023224,0.0
65.10258960099964,3,18,0.14253950309753421,1,0,1,-30.409552,-30.0,0.40955162,32.865524,-66.01663,0.0
65.20337686100174,3,19,0.17229470014572146,1,0,1,-29.758053,-30.0,-0.24194717,-107.78617,-66.01435,0.0006967266
65.30391269100073,3,20,0.18465534448623658,1,0,1,-29.921015,-30.0,-0.078985214,3.267288,-66.01556,0.0
65.40303297300125,3,21,0.19225170612335207,1,0,1,-29.788603,-30.0,-0.21139717,53.82919,-66.01788,0.0019040387
65.50394203700125,3,22,0.14425170612335209,1,0,1,-29.934803,-30.0,-0.06519699,161.14615,-66.02112,0.0015256308
65.60327603400219,3,23,0.09625170612335208,1,0,1,-29.797495,-30.0,-0.20250511,-9.885788,-66.02187,0.0019506504
65.70300282099925,3,24,0.048251706123352084,1,0,1,-29.262966,-30.0,-0.73703384,46.581264,-66.02891,0.009726413
65.80237229799968,3,25,0.09625170612335208,1,0,1,-28.953299,-30.0,-1.0467014,-16.906738,-66.036804,0.014476324
65.90365683100026,3,26,0.048251706123352084,1,0,1,-29.277838,-30.0,-0.72216225,-9.683609,-66.045815,0.011876965
66.00333724300071,3,27,0.09625170612335208,1,0,1,-29.373701,-30.0,-0.6262989,7.9040523,-66.052246,0.012454953
66.10350766299962,3,28,0.14425170612335209,1,0,1,-29.592445,-30.0,-0.40755463,113.48914,-66.058395,0.011912026
66.20298441699924,3,29,0.1806400775909424,1,0,1,-29.872496,-30.0,-0.12750435,84.88082,-66.061005,0.009041019
66.30303163700228,3,30,0.13264007759094237,1,0,1,-29.78175,-30.0,-0.21825027,-80.05142,-66.061485,0.008847039
66.40343951899922,3,31,0.08464007759094237,1,0,1,-29.348476,-30.0,-0.6515236,-77.106476,-66.06565,0.014626185
66.50330040100016,3,32,0.03664007759094237,1,0,1,-30.005825,-30.0,0.0058250427,-60.38284,-66.068245,0.0070909625
66.6025866279997,3,33,0.08464007759094237,1,0,1,-29.817211,-30.0,-0.18278885,96.92191,-66.07229,0.011498572
66.70363370099949,3,34,0.03664007759094237,1,0,1,-30.100231,-30.0,0.10023117,-25.638578,-66.071655,0.0074084047
66.80538617400089,3,35,0.08464007759094237,1,0,1,-29.828264,-30.0,-0.17173576,-37.84752,-66.072685,0.010710353
66.90352895400065,3,36,0.03664007759094237,1,0,1,-29.323044,-30.0,-0.6769562,108.65592,-66.0787,0.019084685
67.00316858000224,3,37,-0.01135992240905763,1,0,1,-30.745268,-30.0,0.74526787,172.99269,-66.07675,0.0027923707
67.10332475399991,3,38,-0.05935992240905763,1,0,1,-31.325815,-30.0,1.3258152,54.191586,-66.06555,0.0
67.20277301299939,3,39,-0.10735992240905763,1,0,1,-30.90337,-30.0,0.9033699,-48.77853,-66.054276,0.0
67.30329655300011,3,40,-0.05935992240905763,1,0,1,-30.438383,-30.0,0.4383831,-107.378,-66.046745,0.0
67.4036580610009,3,41,-0.01135992240905763,1,0,1,-30.640932,-30.0,0.6409321,10.343551,-66.040695,0.0
67.5030680480013,3,42,-0.05935992240905763,1,0,1,-30.273697,-30.0,0.2736969,-109.28916,-66.03531,0.0
67.60359521999999,3,43,-0.08499444127082825,1,0,1,-30.440226,-30.0,0.4402256,69.71741,-66.0326,0.0
67.70285407100164,3,44,-0.03699444127082825,1,0,1,-29.97061,-30.0,-0.029390335,-116.51801,-66.028854,0.0009325246
67.80210314299984,3,45,0.01100555872917175,1,0,1,-30.059475,-30.0,0.059474945,86.60888,-66.03106,0.00096027553
67.90251996599909,3,46,-0.03699444127082825,1,0,1,-30.60567,-30.0,0.6056709,130.96619,-66.02824,0.0
68.00214171300104,3,47,0.01100555872917175,1,0,1,-30.31264,-30.0,0.31263924,-1.0318756,-66.02274,0.0
68.10334271800093,3,48,0.05900555872917175,1,0,1,-29.923908,-30.0,-0.07609177,-88.24729,-66.02139,0.0
68.20254932600074,3,49,0.01100555872917175,1,0,1,-29.001074,-30.0,-0.99892616,-13.12065,-66.02834,0.012322595
68.30203194899877,3,50,-0.03699444127082825,1,0,1,-30.01276,-30.0,0.012760162,112.38479,-66.03448,0.0020248587
68.40348550099952,3,51,0.01100555872917175,1,0,1,-29.979595,-30.0,-0.020404816,64.49127,-66.03623,0.0028024956
68.50312792100158,3,52,0.021242815256118777,1,0,1,-29.943895,-30.0,-0.05610466,38.52272,-66.03718,0.003703834
68.60486810300063,3,53,-0.026757184743881224,1,0,1,-28.984026,-30.0,-1.015974,-91.64619,-66.04171,0.014626845
68.70254546200158,3,54,-0.004636526852846146,1,0,1,-29.912634,-30.0,-0.087366104,16.763687,-66.04759,0.004833652
68.80262984000001,3,55,-0.003615069016814232,1,0,1,-29.720654,-30.0,-0.27934647,-44.77882,-66.04797,0.007851456
68.90276590099893,3,56,0.04438493098318577,1,0,1,-29.450546,-30.0,-0.54945374,15.188216,-66.05308,0.011620578
69.00337995800146,3,57,-0.003615069016814229,1,0,1,-29.918844,-30.0,-0.08115578,47.464367,-66.0554,0.0074030813
69.1034939500023,3,58,0.027805209159851074,1,0,1,-29.83215,-30.0,-0.1678505,-68.24112,-66.05665,0.007140634
69.20302769699992,3,59,0.07580520915985108,1,0,1,-29.884666,-30.0,-0.11533356,1.390457,-66.05883,0.0073582637
69.30453963800028,3,60,0.12110501527786255,1,0,1,-30.055737,-30.0,0.05573654,-2.8324125,-66.05978,0.005736434
69.40344229699986,3,61,0.07310501527786255,1,0,1,-30.098883,-30.0,0.098882675,-79.28467,-66.05748,0.0047620917
69.50268662099916,3,62,0.12110501527786255,1,0,1,-30.590414,-30.0,0.59041405,0.9040832,-66.053505,0.0
69.60223852800118,3,63,0.11624432802200318,1,0,1,-30.639942,-30.0,0.63994217,86.75193,-66.04775,0.0
69.70343115300057,3,64,0.16424432802200317,1,0,1,-31.077564,-30.0,1.0775642,49.16572,-66.03877,0.0
69.80313727099929,3,65,0.11624432802200317,1,0,1,-30.621298,-30.0,0.62129784,26.037214,-66.03144,0.0
69.90234779300226,3,66,0.06824432802200317,1,0,1,-30.864069,-30.0,0.864069,7.61795,-66.02295,0.0
70.00308561000202,3,67,0.07612673640251161,1,0,1,-30.735302,-30.0,0.735302,84.47265,-66.016174,0.0
70.10325407900018,3,68,0.028843882679939273,1,0,1,-30.838728,-30.0,0.83872795,83.11843,-66.00922,0.0
70.20312614000068,3,69,-0.019156117320060728,1,0,1,-30.591822,-30.0,0.5918217,-55.099483,-66.00144,0.0
70.30392513799961,3,70,-0.06715611732006073,1,0,1,-30.797752,-30.0,0.7977524,20.740507,-65.99452,0.0
70.40279120099876,3,71,-0.019156117320060728,1,0,1,-30.580574,-30.0,0.58057404,-99.96604,-65.98657,0.0
70.5035161679989,3,72,-0.06715611732006073,1,0,1,-30.40121,-30.0,0.40121078,92.5846,-65.98229,0.0
70.60314406299949,3,73,-0.11515611732006073,1,0,1,-30.836287,-30.0,0.83628654,-107.79952,-65.9731,0.0
70.7028071599998,3,74,-0.06715611732006073,1,0,1,-29.970575,-30.0,-0.029424667,-21.631239,-65.97149,0.0
70.80217384800198,3,75,-0.11515611732006073,1,0,1,-29.877861,-30.0,-0.12213898,88.02413,-65.97297,0.0
70.90410903000156,3,76,-0.06715611732006073,1,0,1,-30.26667,-30.0,0.26667023,-50.262447,-65.97063,0.0
71.00231467200138,3,77,-0.019156117320060728,1,0,1,-29.659233,-30.0,-0.3407669,3.8795469,-65.97225,0.0
71.10306981100075,3,78,0.028843882679939273,1,0,1,-30.036146,-30.0,0.036146164,-16.275406,-65.972595,0.0
71.2041210790012,3,79,-0.019156117320060728,1,0,1,-29.45986,-30.0,-0.54014015,84.28191,-65.97732,0.0025984896
71.30273319900152,3,80,-0.06715611732006073,1,0,1,-29.962997,-30.0,-0.037002563,68.841934,-65.980354,0.0
71.40287401100068,3,81,-0.11515611732006073,1,0,1,-29.751526,-30.0,-0.24847412,-65.80353,-65.98118,0.0
71.50267204100237,3,82,-0.06715611732006073,1,0,1,-29.60498,-30.0,-0.39501953,157.238,-65.98734,0.0032091644
71.60424376900119,3,83,-0.019156117320060728,1,0,1,-30.434492,-30.0,0.4344921,61.18011,-65.98586,0.0
71.70313385900226,3,84,0.028843882679939273,1,0,1,-29.593924,-30.0,-0.40607643,-155.51758,-65.98409,0.000961147
71.80288328000097,3,85,-0.019156117320060728,1,0,1,-29.188303,-30.0,-0.811697,18.80455,-65.99109,0.00748804
71.90318500899957,3,86,0.028843882679939273,1,0,1,-29.579468,-30.0,-0.42053223,80.604546,-65.99629,0.004906276
72.00442121800006,3,87,0.038228759169578554,1,0,1,-29.30675,-30.0,-0.69325066,-36.958694,-66.00131,0.007954774
72.10354597600235,3,88,-0.009771240830421447,1,0,1,-29.847576,-30.0,-0.15242386,-104.47501,-66.004616,0.000967994
72.20350939200216,3,89,-0.05777124083042145,1,0,1,-29.63174,-30.0,-0.36825943,15.178679,-66.008255,0.0058390996
72.3035071689992,3,90,-0.04231112003326416,1,0,1,-29.842543,-30.0,-0.15745735,57.74307,-66.01073,0.0043439316
72.40340297900184,3,91,-0.026659533381462097,1,0,1,-29.895163,-30.0,-0.10483742,24.293898,-66.0121,0.0035505886
72.5037083390016,3,92,-0.02715091109275818,1,0,1,-30.202965,-30.0,0.20296478,69.10515,-66.01145,0.00049041247
72.60380864499894,3,93,0.012174051254987713,1,0,1,-30.589664,-30.0,0.58966446,136.6787,-66.008415,0.0
72.70315019199916,3,94,-0.035825948745012284,1,0,1,-30.693577,-30.0,0.6935768,15.657424,-66.00111,0.0
72.80288089700116,3,95,0.012174051254987717,1,0,1,-29.960754,-30.0,-0.039245605,-142.48085,-65.99596,0.0
72.90357150400087,3,96,-0.035825948745012284,1,0,1,-28.623697,-30.0,-1.3763027,-81.33697,-66.00512,0.015875945
73.00375841400091,3,97,0.012174051254987717,1,0,1,-29.17096,-30.0,-0.8290405,38.240433,-66.01497,0.012317562
73.1033407750001,3,98,0.06017405125498772,1,0,1,-28.808807,-30.0,-1.1911926,73.287964,-66.02538,0.018905498
73.20417665300192,3,99,0.012174051254987717,1,0,1,-28.731127,-30.0,-1.2688732,-127.71606,-66.03608,0.019619273
73.30285973400169,3,100,0.06017405125498772,1,0,1,-29.116514,-30.0,-0.8834858,244.5278,-66.05064,0.02056608
73.40384674899906,3,101,0.012174051254987717,1,0,1,-29.172958,-30.0,-0.8270416,115.070335,-66.05803,0.021276733
73.50314974399953,3,102,0.044990977644920355,1,0,1,-28.52225,-30.0,-1.4777508,-46.098705,-66.06878,0.029107498
73.60302795499956,3,103,0.023112452030181887,1,0,1,-29.89176,-30.0,-0.10824013,151.5007,-66.07759,0.015864894
73.70324056699974,3,104,0.0181136354804039,1,0,1,-28.92877,-30.0,-1.0712299,-117.83599,-66.08353,0.026680633
73.8036157710012,3,105,-0.0298863645195961,1,0,1,-28.825314,-30.0,-1.1746864,76.099396,-66.097046,0.031305976
73.90321740999934,3,106,-0.0778863645195961,1,0,1,-28.77814,-30.0,-1.2218609,19.30809,-66.107956,0.034010157
74.00271260899899,3,107,-0.05426379442214966,1,0,1,-29.469099,-30.0,-0.53090096,5.9089656,-66.1141,0.027166232
74.10311351500059,3,108,-0.006263794422149659,1,0,1,-30.259453,-30.0,0.25945282,36.00502,-66.11458,0.018047223
74.20348480699977,3,109,-0.0003632601117715241,1,0,1,-29.726608,-30.0,-0.27339172,-11.972426,-66.1136,0.024611088
74.30329625000013,3,110,0.047636739888228474,1,0,1,-29.577625,-30.0,-0.42237473,86.28463,-66.117325,0.027162006
74.40331107100064,3,111,-0.00036326011177152673,1,0,1,-29.219513,-30.0,-0.78048706,-127.96401,-66.121826,0.030325545
74.50439502700101,3,112,0.007324017584323883,1,0,1,-29.884102,-30.0,-0.11589813,146.29745,-66.12794,0.025614666
74.60391341500144,3,113,-0.04067598241567612,1,0,1,-30.212896,-30.0,0.21289635,-78.86124,-66.12448,0.020208327
74.70338850199914,3,114,-0.08867598241567612,1,0,1,-30.361408,-30.0,0.36140823,123.23188,-66.123566,0.01931274
74.8036136869996,3,115,-0.04067598241567612,1,0,1,-30.633821,-30.0,0.6338215,-28.728483,-66.11632,0.014409686
74.90372656600084,3,116,-0.029432427883148194,1,0,1,-30.375444,-30.0,0.3754444,-19.042969,-66.11146,0.016241895
75.00283456599936,3,117,0.018567572116851807,1,0,1,-30.857103,-30.0,0.85710335,208.28246,-66.107414,0.011611959
75.10256387499976,3,118,-0.029432427883148194,1,0,1,-31.191296,-30.0,1.1912956,-53.21121,-66.095,0.003757172
75.20459823700003,3,119,0.018567572116851807,1,0,1,-31.860872,-30.0,1.8608723,131.91605,-66.081406,0.0
75.30412640299983,3,120,-0.029432427883148194,1,0,1,-31.73442,-30.0,1.7344208,-58.17413,-66.06276,0.0
75.40300224800012,3,121,0.018567572116851807,1,0,1,-31.6332,-30.0,1.6331997,82.27538,-66.04642,0.0
75.50307545800024,3,122,0.06656757211685181,1,0,1,-31.827484,-30.0,1.8274841,56.394573,-66.02906,0.0
75.60305983000217,3,123,0.01856757211685181,1,0,1,-31.77488,-30.0,1.7748795,-169.52513,-66.0082,0.0
75.70364456099924,3,124,-0.02943242788314819,1,0,1,-31.590105,-30.0,1.590105,-72.273254,-65.99126,0.0
75.80262181700164,3,125,0.01856757211685181,1,0,1,-31.469446,-30.0,1.4694462,-61.916348,-65.97645,0.0
75.9030118289993,3,126,-0.02943242788314819,1,0,1,-31.242231,-30.0,1.2422314,34.029007,-65.96449,0.0
76.00257938700088,3,127,-0.05198203325271607,1,0,1,-31.385225,-30.0,1.3852253,69.39125,-65.95289,0.0
76.10274087700236,3,128,-0.0670797049999237,1,0,1,-31.329485,-30.0,1.3294849,-131.00052,-65.938484,0.0
76.20314625500032,3,129,-0.019079704999923702,1,0,1,-30.150946,-30.0,0.15094566,-117.60139,-65.93193,0.0
76.30425340000147,3,130,0.0289202950000763,1,0,1,-30.049166,-30.0,0.049165726,154.31786,-65.932556,0.0012698616
76.40436404600041,3,131,-0.00834186151623726,1,0,1,-29.795115,-30.0,-0.20488548,-33.77533,-65.93065,0.0026968354
76.50366397100152,3,132,0.03965813848376274,1,0,1,-30.409698,-30.0,0.4096985,-110.97907,-65.9278,0.0
76.60306837900134,3,133,-0.00834186151623726,1,0,1,-29.358938,-30.0,-0.6410618,69.187164,-65.93139,0.008385389
76.70344414400097,3,134,0.014824791252613066,1,0,1,-29.936216,-30.0,-0.063783646,70.783615,-65.93254,0.0018913865
76.80382857000222,3,135,0.022623160481452943,1,0,1,-29.912886,-30.0,-0.087114334,71.50078,-65.933655,0.002241528
76.90300222199949,3,136,-0.010385218262672427,1,0,1,-29.891775,-30.0,-0.10822487,-73.711395,-65.93312,0.0010908699
77.00308130100166,3,137,0.037614781737327574,1,0,1,-29.849432,-30.0,-0.15056801,-146.39473,-65.93301,0.00088714994
77.10369368900137,3,138,0.08561478173732757,1,0,1,-29.025469,-30.0,-0.9745312,-57.859417,-65.93811,0.012285886
77.20465919699927,3,139,0.037614781737327574,1,0,1,-30.07371,-30.0,0.07370949,94.48051,-65.94372,0.0009388801
77.30423737200181,3,140,-0.010385218262672427,1,0,1,-30.171427,-30.0,0.17142677,-57.199474,-65.94054,0.0
77.40405300800194,3,141,-0.05838521826267243,1,0,1,-29.850576,-30.0,-0.1494236,-139.98413,-65.94057,0.0019242805
77.50428713400106,3,142,-0.10638521826267243,1,0,1,-29.674244,-30.0,-0.32575607,5.1364894,-65.94409,0.005621324
77.60332277999987,3,143,-0.1470528244972229,1,0,1,-30.188217,-30.0,0.18821716,-60.937878,-65.9445,0.0
77.70320825900126,3,144,-0.11630959510803224,1,0,1,-30.487486,-30.0,0.4874859,157.57751,-65.94306,0.0
77.80319263300044,3,145,-0.06830959510803224,1,0,1,-31.321976,-30.0,1.3219757,82.13996,-65.933395,0.0
77.90398493400062,3,146,-0.08375047445297241,1,0,1,-30.972473,-30.0,0.97247314,5.2795405,-65.92156,0.0
78.00319406700146,3,147,-0.07156372666358948,1,0,1,-30.703236,-30.0,0.7032356,52.398678,-65.91365,0.0
78.10412158200052,3,148,-0.0756211817264557,1,0,1,-30.71817,-30.0,0.71817017,-53.802486,-65.90615,0.0
78.20304743700035,3,149,-0.027621181726455696,1,0,1,-30.555534,-30.0,0.55553436,9.969711,-65.90024,0.0
78.30339275200095,3,150,-0.0756211817264557,1,0,1,-30.661846,-30.0,0.66184616,-24.087904,-65.892914,0.0
78.40322319600091,3,151,-0.027621181726455696,1,0,1,-30.297815,-30.0,0.29781532,68.18581,-65.889015,0.0
78.50334976700105,3,152,-0.0756211817264557,1,0,1,-30.415234,-30.0,0.4152336,19.857407,-65.885155,0.0
78.60385683700224,3,153,-0.027621181726455696,1,0,1,-30.201927,-30.0,0.20192719,-56.568142,-65.88132,0.0
78.70311234499968,3,154,0.020378818273544305,1,0,1,-30.237465,-30.0,0.2374649,-78.36151,-65.879364,0.0
78.80330875900108,3,155,0.0683788182735443,1,0,1,-29.93309,-30.0,-0.06690979,0.13923645,-65.878876,0.0
78.9031352919992,3,156,0.020378818273544305,1,0,1,-30.046515,-30.0,0.04651451,5.2452083,-65.879265,0.0
79.00465338900176,3,157,0.05638118386268616,1,0,1,-30.15141,-30.0,0.15140915,-54.681774,-65.87721,0.0
79.10273807300109,3,158,0.0863886833190918,1,0,1,-29.542469,-30.0,-0.45753098,36.087036,-65.87993,0.0
79.20343175900052,3,159,0.13438868331909182,1,0,1,-29.741163,-30.0,-0.25883675,-8.34465,-65.88303,0.0
79.30357844600076,3,160,0.08757550120353699,1,0,1,-29.804417,-30.0,-0.19558334,3.1337736,-65.885506,0.0
79.40247440999883,3,161,0.10582572221755981,1,0,1,-29.374233,-30.0,-0.62576675,-7.257461,-65.88958,0.0023760255
79.50310076900132,3,162,0.05782572221755981,1,0,1,-29.434614,-30.0,-0.5653858,-19.338608,-65.894684,0.0024528573
79.60296362000008,3,163,0.10582572221755981,1,0,1,-29.482828,-30.0,-0.51717186,-15.165328,-65.900826,0.0024903729
79.70474460100013,3,164,0.05782572221755981,1,0,1,-29.749516,-30.0,-0.25048447,-36.97014,-65.904686,0.0
79.80358441299904,3,165,0.009825722217559812,1,0,1,-29.452833,-30.0,-0.5471668,-151.22986,-65.908134,0.0034791315
79.90391436500067,3,166,-0.03817427778244019,1,0,1,-29.26694,-30.0,-0.73306084,-37.322998,-65.91551,0.00762431
80.00308606500039,3,167,0.009825722217559812,1,0,1,-29.954746,-30.0,-0.045253754,139.69994,-65.92047,0.0022462148
80.10347775700211,3,168,0.05782572221755981,1,0,1,-29.667025,-30.0,-0.3329754,90.755455,-65.92181,0.0063596256
80.20321126199997,3,169,0.009825722217559812,1,0,1,-30.430943,-30.0,0.43094254,-23.101805,-65.91918,0.0
80.30325123200237,3,170,0.026271221041679383,1,0,1,-30.801868,-30.0,0.80186844,1.0223389,-65.91276,0.0
80.4036929310023,3,171,-0.008433526754379275,1,0,1,-30.854826,-30.0,0.854826,-73.57025,-65.90283,0.0
80.50365998599955,3,172,-0.05643352675437928,1,0,1,-31.7403,-30.0,1.7402992,44.258114,-65.889496,0.0
80.603677608,3,173,-0.008433526754379278,1,0,1,-31.37369,-30.0,1.3736897,38.07068,-65.87475,0.0
80.70244255099897,3,174,-0.03747377991676331,1,0,1,-30.435976,-30.0,0.43597603,-107.151024,-65.865845,0.0
80.80385057899912,3,175,0.010526220083236691,1,0,1,-30.523632,-30.0,0.52363205,194.50568,-65.86396,0.0
80.90255294300005,3,176,-0.005227808281779288,1,0,1,-30.575146,-30.0,0.5751457,-97.57613,-65.856865,0.0
81.00365953499931,3,177,0.04277219171822071,1,0,1,-30.263096,-30.0,0.26309586,-58.82835,-65.85417,0.0
81.10316284299915,3,178,0.03065694570541382,1,0,1,-30.599466,-30.0,0.5994663,-37.914276,-65.84897,0.0
81.20412584099904,3,179,-0.017343054294586182,1,0,1,-30.611322,-30.0,0.6113224,-92.956535,-65.843216,0.0
81.30291201500222,3,180,-0.06534305429458619,1,0,1,-29.779142,-30.0,-0.22085762,84.88082,-65.84315,0.0
81.40380628899948,3,181,-0.017343054294586185,1,0,1,-29.779282,-30.0,-0.22071838,-39.813995,-65.84271,0.0
81.50386665300175,3,182,0.030656945705413816,1,0,1,-30.047384,-30.0,0.047384262,-77.8923,-65.84189,0.0
81.60335264199966,3,183,-0.017343054294586185,1,0,1,-29.86664,-30.0,-0.13335991,68.3918,-65.843315,0.0
81.70353453200005,3,184,0.030656945705413816,1,0,1,-29.672226,-30.0,-0.32777405,-26.580809,-65.84616,0.0
81.80343230600192,3,185,0.028328871726989748,1,0,1,-30.014761,-30.0,0.014760971,-25.121687,-65.84649,0.0
81.90414303600119,3,186,0.07632887172698975,1,0,1,-29.710667,-30.0,-0.28933334,-64.546585,-65.84835,0.0
82.00267331299983,3,187,0.02832887172698975,1,0,1,-29.805054,-30.0,-0.19494629,-34.742355,-65.850365,0.0
82.10357345400189,3,188,-0.01967112827301025,1,0,1,-29.526075,-30.0,-0.47392464,-19.424438,-65.85466,0.0020033326
82.2041271800008,3,189,0.02832887172698975,1,0,1,-29.771559,-30.0,-0.22844124,1.9969939,-65.85883,0.0
82.30336090100172,3,190,-0.009367024898529051,1,0,1,-29.747295,-30.0,-0.25270462,-100.87394,-65.86008,0.0
82.4023205630001,3,191,-0.05736702489852905,1,0,1,-29.67324,-30.0,-0.32675934,-18.268585,-65.86303,0.0020793276
82.50325255200005,3,192,-0.009367024898529051,1,0,1,-29.455114,-30.0,-0.54488564,-21.183012,-65.86638,0.0057173674
82.60359954800151,3,193,0.019365628063678742,1,0,1,-29.39241,-30.0,-0.6075897,-31.761168,-65.8719,0.006843438
82.70427647600081,3,194,-0.02863437193632126,1,0,1,-30.256483,-30.0,0.25648308,-144.49501,-65.8719,0.0
82.80323334599962,3,195,0.019365628063678742,1,0,1,-29.867395,-30.0,-0.1326046,174.94963,-65.87569,0.003556065
82.90343116000076,3,196,-0.02863437193632126,1,0,1,-30.014952,-30.0,0.014951706,20.370481,-65.87546,0.0010388031
83.00358036599937,3,197,0.019365628063678742,1,0,1,-30.138426,-30.0,0.13842583,82.58437,-65.87472,0.0
83.10362452900154,3,198,0.04505254626274109,1,0,1,-30.985548,-30.0,0.985548,31.202314,-65.86762,0.0
83.20265934200143,3,199,0.09305254626274109,1,0,1,-31.068153,-30.0,1.0681534,59.854504,-65.85721,0.0
83.30298678200052,3,200,0.1410525462627411,1,0,1,-31.065853,-30.0,1.0658531,-46.83494,-65.845505,0.0
83.40368522200151,3,201,0.0930525462627411,1,0,1,-30.862461,-30.0,0.8624611,9.870529,-65.83667,0.0
83.50329161799891,3,202,0.1410525462627411,1,0,1,-30.982489,-30.0,0.98248863,2.1686554,-65.827515,0.0
83.60345898300147,3,203,0.0930525462627411,1,0,1,-30.822498,-30.0,0.8224983,15.577315,-65.81925,0.0
83.70433901100114,3,204,0.07113232612609864,1,0,1,-30.791172,-30.0,0.791172,-0.63514704,-65.8117,0.0
83.80389484300031,3,205,0.02313232612609864,1,0,1,-30.521809,-30.0,0.5218086,-27.706144,-65.80519,0.0
83.90265168699989,3,206,-0.02486767387390136,1,0,1,-30.603277,-30.0,0.6032772,-14.6427145,-65.79918,0.0
84.0032182670002,3,207,-0.012788742780685425,1,0,1,-30.471153,-30.0,0.47115326,-10.309218,-65.79392,0.0
84.10319370700017,3,208,-0.060788742780685426,1,0,1,-30.01791,-30.0,0.017910004,-85.31379,-65.79018,0.0
84.20396254699881,3,209,-0.10878874278068543,1,0,1,-30.077919,-30.0,0.07791901,-20.038605,-65.78963,0.0
84.30299009800001,3,210,-0.060788742780685426,1,0,1,-30.15643,-30.0,0.15642929,-15.188216,-65.788506,0.0
84.4024031730005,3,211,-0.012788742780685425,1,0,1,-30.057266,-30.0,0.057266235,-48.9006,-65.78677,0.0
84.50352569200186,3,212,0.035211257219314576,1,0,1,-29.978527,-30.0,-0.02147293,-19.38057,-65.78707,0.0
84.60409590400013,3,213,0.08321125721931458,1,0,1,-29.785852,-30.0,-0.21414757,49.739834,-65.78923,0.0
84.70305892100077,3,214,0.035211257219314576,1,0,1,-29.68514,-30.0,-0.3148594,-21.821974,-65.79098,0.0
84.80328439500227,3,215,-0.012788742780685425,1,0,1,-30.015963,-30.0,0.0159626,-105.552666,-65.79204,0.0
84.90285894599947,3,216,-0.060788742780685426,1,0,1,-29.793556,-30.0,-0.20644379,36.144257,-65.793724,0.0
85.00311012100065,3,217,-0.012788742780685425,1,0,1,-29.544897,-30.0,-0.45510292,-26.11923,-65.797005,0.0
85.10300650200224,3,218,-0.014517343044281006,1,0,1,-29.766705,-30.0,-0.23329544,-16.578674,-65.80024,0.0
85.2029847369995,3,219,0.033482656955718997,1,0,1,-29.874962,-30.0,-0.12503815,46.33903,-65.804016,0.0
85.30319121399953,3,220,-0.014517343044281004,1,0,1,-29.842777,-30.0,-0.15722275,-42.52815,-65.805275,0.0
85.40381618199899,3,221,0.033482656955718997,1,0,1,-29.950237,-30.0,-0.049762726,-161.75269,-65.804726,0.0
85.50307560700094,3,222,0.02192336916923523,1,0,1,-29.868755,-30.0,-0.13124466,65.309525,-65.80727,0.0
85.60318765900229,3,223,-0.02607663083076477,1,0,1,-30.597431,-30.0,0.5974312,99.31182,-65.80479,0.0
85.70366232900051,3,224,-0.03714444637298584,1,0,1,-31.361156,-30.0,1.3611565,15.228271,-65.793434,0.0
85.80412945500211,3,225,-0.08514444637298585,1,0,1,-31.201075,-30.0,1.2010746,2.0561218,-65.78088,0.0
85.90352409499974,3,226,-0.13314444637298584,1,0,1,-31.142246,-30.0,1.1422462,-4.6215057,-65.76911,0.0
86.00267205400087,3,227,-0.08514444637298584,1,0,1,-30.903408,-30.0,0.90340805,-15.579223,-65.759056,0.0
86.10431950400016,3,228,-0.037144446372985834,1,0,1,-30.877625,-30.0,0.8776245,-45.047756,-65.75037,0.0
86.2038602520006,3,229,-0.08514444637298584,1,0,1,-31.042002,-30.0,1.0420017,-43.94531,-65.74039,0.0
86.30335350699897,3,230,-0.11821041107177735,1,0,1,-30.739172,-30.0,0.739172,-43.16711,-65.73106,0.0
86.40199860700159,3,231,-0.07021041107177735,1,0,1,-30.890318,-30.0,0.8903179,36.84044,-65.72354,0.0
86.50328343900037,3,232,-0.1100705623626709,1,0,1,-30.570484,-30.0,0.57048416,-55.1815,-65.71627,0.0
86.6044758019998,3,233,-0.0620705623626709,1,0,1,-30.412897,-30.0,0.4128971,-25.194166,-65.71125,0.0
86.70369053000104,3,234,-0.062022894620895386,1,0,1,-30.352839,-30.0,0.35283852,-14.320373,-65.70719,0.0
86.80385370699878,3,235,-0.014022894620895385,1,0,1,-30.237226,-30.0,0.23722649,20.717619,-65.70482,0.0
86.9021959749989,3,236,0.033977105379104616,1,0,1,-30.225407,-30.0,0.22540665,-16.225815,-65.7021,0.0
87.00292403099957,3,237,0.012637920677661896,1,0,1,-30.071766,-30.0,0.0717659,34.612656,-65.70148,0.0
87.10250500799884,3,238,0.0606379206776619,1,0,1,-30.286457,-30.0,0.28645706,8.506775,-65.69949,0.0
87.20308807300171,3,239,0.04949505925178528,1,0,1,-29.883806,-30.0,-0.11619377,-59.326168,-65.69913,0.0
87.30351245800193,3,240,0.00149505925178528,1,0,1,-30.058832,-30.0,0.05883217,-28.390882,-65.69916,0.0
87.40303029899951,3,241,-0.00334373563528061,1,0,1,-30.226915,-30.0,0.22691536,103.10554,-65.698784,0.0
87.50351670300006,3,242,-0.04954559206962586,1,0,1,-30.007963,-30.0,0.007963181,-39.302826,-65.69688,0.0
87.60318344700136,3,243,-0.001545592069625859,1,0,1,-29.59037,-30.0,-0.40962982,-86.62032,-65.69767,0.0
87.70336841600147,3,244,-0.04954559206962586,1,0,1,-29.872772,-30.0,-0.12722778,20.124434,-65.70004,0.0
87.8026172280006,3,245,-0.001545592069625859,1,0,1,-29.827066,-30.0,-0.17293358,143.77975,-65.70414,0.0
87.90390318000209,3,246,0.03024818301200867,1,0,1,-29.90169,-30.0,-0.09831047,172.60931,-65.707,0.0
88.00252928400005,3,247,-0.01751772612333298,1,0,1,-30.118856,-30.0,0.11885643,-5.931854,-65.70562,0.0
88.10298384099951,3,248,0.03048227387666702,1,0,1,-30.335348,-30.0,0.33534813,99.67994,-65.70439,0.0
88.20193987699895,3,249,0.07848227387666702,1,0,1,-30.367575,-30.0,0.3675747,28.919218,-65.70038,0.0
88.30302859600124,3,250,0.0645610511302948,1,0,1,-30.877935,-30.0,0.8779354,49.516674,-65.693855,0.0
88.40225422100048,3,251,0.016561051130294796,1,0,1,-31.199478,-30.0,1.1994781,-1.8272399,-65.682816,0.0
88.50378629500119,3,252,-0.031438948869705205,1,0,1,-31.596716,-30.0,1.5967159,65.73677,-65.669495,0.0
88.60257108000224,3,253,0.016561051130294796,1,0,1,-31.087116,-30.0,1.0871162,-40.660854,-65.65618,0.0
88.70370310100043,3,254,-0.031438948869705205,1,0,1,-31.002039,-30.0,1.002039,-74.20921,-65.64467,0.0
88.8031522199999,3,255,-0.006235157698392869,1,0,1,-31.193336,-30.0,1.1933365,-23.513792,-65.633125,0.0
88.903318192999,3,256,-0.05423515769839287,1,0,1,-30.6636,-30.0,0.6636009,10.730742,-65.624664,0.0
89.00329838700054,3,257,-0.006235157698392869,1,0,1,-30.805756,-30.0,0.8057556,1.8157958,-65.61716,0.0
89.10476536900023,3,258,0.04176484230160713,1,0,1,-30.640373,-30.0,0.64037323,6.622314,-65.610695,0.0
89.20358954499898,3,259,0.08976484230160714,1,0,1,-30.645863,-30.0,0.6458626,-50.34065,-65.60352,0.0
89.30370355600098,3,260,0.07683663964271546,1,0,1,-30.564686,-30.0,0.5646858,-45.795437,-65.59701,0.0
89.4021991970003,3,261,0.02883663964271546,1,0,1,-30.403568,-30.0,0.40356827,86.11297,-65.59295,0.0
89.50416233400028,3,262,0.07683663964271546,1,0,1,-30.128897,-30.0,0.12889671,-29.264448,-65.58985,0.0
89.60385059100008,3,263,0.12483663964271546,1,0,1,-30.247961,-30.0,0.24796104,-39.14833,-65.58749,0.0
89.70375368100213,3,264,0.0788713037967682,1,0,1,-29.937143,-30.0,-0.062856674,-46.665188,-65.58632,0.0
89.80314608900153,3,265,0.030871303796768196,1,0,1,-30.080317,-30.0,0.08031654,41.21017,-65.5856,0.0
89.90270807300112,3,266,0.0788713037967682,1,0,1,-30.460222,-30.0,0.46022224,19.254684,-65.582184,0.0
90.00265111200133,3,267,0.1268713037967682,1,0,1,-30.17508,-30.0,0.17507935,38.806915,-65.578636,0.0
90.10354120400007,3,268,0.0788713037967682,1,0,1,-30.241013,-30.0,0.24101257,1.1425018,-65.57583,0.0
90.20283862699944,3,269,0.030871303796768196,1,0,1,-30.158964,-30.0,0.15896416,51.963802,-65.574684,0.0
90.30345605700131,3,270,-0.017128696203231805,1,0,1,-30.072906,-30.0,0.072906494,-1.516342,-65.57359,0.0
90.40337311500116,3,271,-0.0651286962032318,1,0,1,-30.336273,-30.0,0.3362732,36.37123,-65.57139,0.0
90.5033195069991,3,272,-0.024627399444580075,1,0,1,-30.358578,-30.0,0.35857773,48.141476,-65.56785,0.0
90.6030222920017,3,273,0.023372600555419926,1,0,1,-30.41417,-30.0,0.4141693,115.43464,-65.56643,0.0
90.70316647599975,3,274,0.07137260055541993,1,0,1,-31.678705,-30.0,1.6787052,171.26082,-65.554855,0.0
90.80306705299881,3,275,0.023372600555419926,1,0,1,-31.980053,-30.0,1.980053,-60.745235,-65.53423,0.0
90.90340400000059,3,276,-0.024627399444580075,1,0,1,-31.378557,-30.0,1.3785572,-140.77759,-65.516914,0.0
91.00323194100201,3,277,-0.07262739944458008,1,0,1,-31.686699,-30.0,1.6866989,-76.68114,-65.50158,0.0
91.10370186599903,3,278,-0.024627399444580075,1,0,1,-31.21372,-30.0,1.2137203,25.913237,-65.48795,0.0
91.20256487599909,3,279,0.023372600555419926,1,0,1,-31.352482,-30.0,1.3524818,119.07577,-65.47633,0.0
91.30334964800204,3,280,-0.024627399444580075,1,0,1,-31.344883,-30.0,1.344883,-61.33079,-65.46238,0.0
91.40294655300022,3,281,-0.07262739944458008,1,0,1,-30.653175,-30.0,0.65317535,-89.841835,-65.45146,0.0
91.50276583400046,3,282,-0.11275169849395753,1,0,1,-30.991428,-30.0,0.9914284,10.808944,-65.44498,0.0
91.60223311400114,3,283,-0.06475169849395752,1,0,1,-30.95625,-30.0,0.95624924,-14.287948,-65.43496,0.0
91.70385514699956,3,284,-0.016751698493957523,1,0,1,-31.166824,-30.0,1.1668243,-29.581068,-65.42376,0.0
91.80251505900014,3,285,0.031248301506042478,1,0,1,-30.654959,-30.0,0.6549587,-13.988494,-65.415634,0.0
91.90501960999973,3,286,0.07924830150604248,1,0,1,-30.674953,-30.0,0.67495346,-52.11067,-65.40789,0.0
92.00307525199969,3,287,0.1272483015060425,1,0,1,-30.36557,-30.0,0.36557007,-111.2709,-65.40186,0.0
92.10293811600059,3,288,0.15439752340316773,1,0,1,-30.632507,-30.0,0.6325073,-72.042465,-65.39645,0.0
92.20219950300088,3,289,0.16692099571228028,1,0,1,-30.407206,-30.0,0.40720558,-21.804808,-65.3912,0.0
92.30440988199916,3,290,0.11892099571228028,1,0,1,-30.472599,-30.0,0.47259903,38.49411,-65.38713,0.0
92.40249709199998,3,291,0.07092099571228028,1,0,1,-30.338617,-30.0,0.33861732,1.2111664,-65.38357,0.0
92.50374449499941,3,292,0.022920995712280276,1,0,1,-30.123245,-30.0,0.12324524,-15.542983,-65.38089,0.0
92.60294917200008,3,293,-0.025079004287719725,1,0,1,-30.15609,-30.0,0.15608978,-24.757383,-65.37932,0.0
92.70314085000064,3,294,-0.07307900428771973,1,0,1,-29.988506,-30.0,-0.011493683,-0.95748895,-65.37823,0.0
92.80241508900144,3,295,-0.09236333966255189,1,0,1,-30.170132,-30.0,0.17013168,11.1522665,-65.37805,0.0
92.90255173200057,3,296,-0.04436333966255189,1,0,1,-30.240099,-30.0,0.24009895,-32.302856,-65.3761,0.0
93.0030459640002,3,297,0.003636660337448111,1,0,1,-30.030643,-30.0,0.030643463,-13.917922,-65.37587,0.0
93.10305996500028,3,298,-0.04436333966255189,1,0,1,-30.114843,-30.0,0.11484337,-37.252426,-65.374855,0.0
93.20257082800163,3,299,0.003636660337448111,1,0,1,-30.189636,-30.0,0.18963623,44.610973,-65.37356,0.0
93.3027407160007,3,300,0.0,1,1,1,-30.427612,-30.0,0.4276123,67.7681,-65.37028,0.0
95.03936008100209,4,1,-0.048,1,0,1,-29.712982,-30.0,-0.28701782,5.901336,-65.22217,0.0
95.1441110199994,4,2,0.0,1,0,1,-30.136732,-30.0,0.1367321,-27.837751,-65.22153,0.0
95.24398645800102,4,3,0.048,1,0,1,-30.448978,-30.0,0.44897842,50.035473,-65.217865,0.0
95.3439482190006,4,4,0.03987065851688385,1,0,1,-30.814634,-30.0,0.8146343,64.88228,-65.21226,0.0
95.44447681499878,4,5,-0.006117241457104683,1,0,1,-30.236008,-30.0,0.23600769,64.27765,-65.207115,0.0
95.54524482800116,4,6,-0.054117241457104684,1,0,1,-31.335249,-30.0,1.335249,32.230377,-65.19806,0.0
95.64473250599985,4,7,-0.006117241457104683,1,0,1,-30.75065,-30.0,0.7506504,12.754439,-65.18769,0.0
95.74445764499978,4,8,-0.020524178445339204,1,0,1,-31.471504,-30.0,1.4715042,108.66546,-65.1778,0.0
95.84384000200225,4,9,0.027475821554660797,1,0,1,-32.410477,-30.0,2.4104767,74.24927,-65.15723,0.0
95.9443012720003,4,10,-0.020524178445339204,1,0,1,-32.100334,-30.0,2.1003342,17.829895,-65.13453,0.0
96.04422587899899,4,11,0.027475821554660797,1,0,1,-31.962566,-30.0,1.9625664,-7.71141,-65.113785,0.0
96.14440303300216,4,12,0.025216647982597352,1,0,1,-31.943064,-30.0,1.9430637,-11.751174,-65.09452,0.0
96.24437876299999,4,13,-0.02278335201740265,1,0,1,-31.803267,-30.0,1.8032665,-9.349823,-65.07589,0.0
96.34360607200142,4,14,-0.07078335201740266,1,0,1,-31.81813,-30.0,1.8181305,13.471602,-65.05791,0.0
96.4454932280023,4,15,-0.022783352017402655,1,0,1,-31.845966,-30.0,1.8459663,35.793304,-65.03963,0.0
96.54309266800192,4,16,-0.07078335201740266,1,0,1,-32.117245,-30.0,2.1172447,48.969265,-65.02083,0.0
96.64440237400049,4,17,-0.022783352017402655,1,0,1,-31.47821,-30.0,1.4782104,-27.019499,-65.0038,0.0
96.74443872900156,4,18,-0.07078335201740266,1,0,1,-31.73652,-30.0,1.7365208,-18.569946,-64.98819,0.0
96.84354646900101,4,19,-0.022783352017402655,1,0,1,-31.323956,-30.0,1.3239555,-93.610756,-64.97339,0.0
96.9439507490024,4,20,0.025216647982597346,1,0,1,-30.55306,-30.0,0.55306053,-102.01835,-64.96292,0.0
97.04393402400092,4,21,-0.003320667520165445,1,0,1,-31.65915,-30.0,1.6591492,-96.82464,-64.950714,0.0
97.14495905600052,4,22,-0.03917762637138367,1,0,1,-30.556835,-30.0,0.5568352,10.334014,-64.94316,0.0
97.2442972730023,4,23,-0.08717762637138367,1,0,1,-31.303102,-30.0,1.3031025,-21.26312,-64.93268,0.0
97.34255881300123,4,24,-0.12481589317321778,1,0,1,-30.741318,-30.0,0.74131775,-0.5016327,-64.92306,0.0
97.44305584299946,4,25,-0.09727953672409058,1,0,1,-30.950909,-30.0,0.95090866,41.83769,-64.914856,0.0
97.54387945100098,4,26,-0.04927953672409058,1,0,1,-30.594635,-30.0,0.594635,-4.623413,-64.90746,0.0
97.64324197500173,4,27,-0.001279536724090577,1,0,1,-30.336023,-30.0,0.33602333,-95.1538,-64.90229,0.0
97.7432520700022,4,28,0.046720463275909424,1,0,1,-30.474007,-30.0,0.47400665,41.971203,-64.89853,0.0
97.84271991400237,4,29,0.07102723121643066,1,0,1,-30.436434,-30.0,0.4364338,23.521421,-64.89436,0.0
97.94414779400176,4,30,0.02302723121643066,1,0,1,-30.45148,-30.0,0.45148087,5.8689113,-64.89038,0.0
98.04340723100177,4,31,-0.01639588326215744,1,0,1,-30.231356,-30.0,0.23135567,-15.758513,-64.88725,0.0
98.14402830000108,4,32,-0.06439588326215745,1,0,1,-30.045092,-30.0,0.04509163,31.642912,-64.8857,0.0
98.24356207500023,4,33,-0.01639588326215745,1,0,1,-30.020884,-30.0,0.02088356,115.97251,-64.88523,0.0
98.34356965600091,4,34,-0.04441670179367066,1,0,1,-29.710201,-30.0,-0.28979874,-13.956069,-64.88693,0.0
98.44385324999894,4,35,0.003583298206329341,1,0,1,-29.895836,-30.0,-0.10416412,-31.76689,-64.888756,0.0
98.54446621800162,4,36,0.04921411573886872,1,0,1,-30.142817,-30.0,0.14281654,22.106169,-64.88875,0.0
98.64287414700084,4,37,0.0,1,0,0,-30.166477,-30.0,0.1664772,36.87668,-64.88784,0.0
98.73813557299945,4,38,0.0,1,0,0,-30.304314,-30.0,0.30431366,-57.46269,-64.88512,0.0
98.83769588900032,4,39,0.0,1,0,0,-30.35081,-30.0,0.3508091,88.17481,-64.884224,0.0
98.9374523200022,4,40,0.0,1,0,0,-30.495064,-30.0,0.49506378,144.25468,-64.88373,0.0
99.03809881200141,4,41,0.0,1,0,0,-30.495064,-30.0,0.49506378,144.25468,-64.88373,0.0
99.13779210700159,4,42,0.0,1,0,0,-30.495064,-30.0,0.49506378,144.25468,-64.88373,0.0
99.23785332600164,4,43,0.0,1,0,0,-30.495064,-30.0,0.49506378,144.25468,-64.88373,0.0
99.33799640000143,4,44,0.0,1,0,0,-30.495064,-30.0,0.49506378,144.25468,-64.88373,0.0
99.43780311700175,4,45,0.0,1,0,0,-30.495064,-30.0,0.49506378,144.25468,-64.88373,0.0
99.53784841300148,4,46,0.0,1,0,0,-30.698637,-30.0,0.698637,203.57321,-64.883026,0.0
99.63753137200183,4,47,0.0,1,0,0,-32.40859,-30.0,2.4085884,1709.9513,-64.880615,0.0
99.73831000599967,4,48,0.0,1,0,0,-32.40859,-30.0,2.4085884,1709.9513,-64.880615,0.0
99.8380971680017,4,49,0.0,1,0,0,-32.40859,-30.0,2.4085884,1709.9513,-64.880615,0.0
99.93773431099908,4,50,0.0,1,0,0,-32.40859,-30.0,2.4085884,1709.9513,-64.880615,0.0
100.03753236800185,4,51,0.0,1,0,0,-32.40859,-30.0,2.4085884,1709.9513,-64.880615,0.0
100.1382760810011,4,52,0.0,1,0,0,-22.470043,-30.0,-7.529957,-1.6937255,-64.895676,0.0
100.2380020620003,4,53,0.0,1,0,0,-22.464071,-30.0,-7.5359287,1.0147095,-64.97104,0.0
100.33749337500194,4,54,0.0,1,0,0,-22.492723,-30.0,-7.5072765,6.233215,-65.04628,0.0
100.43817646599928,4,55,0.0,1,0,0,-22.54599,-30.0,-7.45401,11.030196,-65.1211,0.0
100.53810526700181,4,56,0.0,1,0,0,-22.621693,-30.0,-7.3783073,0.0,-65.195206,0.0
100.63820531999954,4,57,0.0,1,0,0,-22.716822,-30.0,-7.2831783,9.998322,-65.2684,0.0
100.73787375300162,4,58,0.0,1,0,0,-22.747263,-30.0,-7.252737,0.76103204,-65.341034,0.0
100.83760615999927,4,59,0.0,1,0,0,-22.757105,-30.0,-7.242895,0.0,-65.41351,0.0
100.93748160299947,4,60,0.0,1,0,0,-22.77653,-30.0,-7.2234707,0.0,-65.48583,0.0
101.03762048900171,4,61,0.0,1,0,0,-22.82406,-30.0,-7.1759396,8.872986,-65.55783,0.0
101.13754510000217,4,62,0.0,1,0,0,-22.904787,-30.0,-7.095213,12.819289,-65.62912,0.0
101.23844190700038,4,63,0.0,1,0,0,-23.019201,-30.0,-6.9807987,14.383315,-65.699486,0.0
101.33808743100235,4,64,0.0,1,0,0,-23.110508,-30.0,-6.889492,0.0,-65.76879,0.0
101.43772876500225,4,65,0.0,1,0,0,-23.220594,-30.0,-6.7794056,0.0,-65.83703,0.0
101.5382252390009,4,66,0.0,1,0,0,-23.286997,-30.0,-6.713003,4.6539307,-65.90439,0.0
101.63780064399907,4,67,0.0,1,0,0,-23.283619,-30.0,-6.716381,-2.7294157,-65.971504,0.0
101.73779314200146,4,68,0.0,1,0,0,-23.267141,-30.0,-6.7328587,-15.539168,-66.038704,0.0
101.83768311300082,4,69,0.0,1,0,0,-22.048128,-30.0,-7.951872,-182.51418,-66.111984,0.0
101.93829245300003,4,70,0.0,1,0,0,-22.371302,-30.0,-7.6286983,171.01096,-66.19205,0.0
102.03774521500236,4,71,0.0,1,0,0,-21.84804,-30.0,-8.15196,-171.15782,-66.26956,0.0
102.13839366600223,4,72,0.0,1,0,0,-19.904882,-30.0,-10.095118,-150.34485,-66.36308,0.0
102.23810372500157,4,73,0.0,1,0,0,-17.252666,-30.0,-12.747334,-438.4899,-66.475586,0.0
102.33768751000025,4,74,0.0,1,0,0,-14.468839,-30.0,-15.531161,-71.38729,-66.62259,0.0
102.43841166900165,4,75,0.0,1,0,0,-11.340195,-30.0,-18.659805,-373.66483,-66.792885,0.0
102.53815413499979,4,76,0.0,1,0,0,-10.308359,-30.0,-19.69164,-68.61687,-66.98625,0.0
102.63812232900091,4,77,0.0,1,0,0,-9.237154,-30.0,-20.762846,-117.27332,-67.18824,0.0
102.73790111299968,4,78,0.0,1,0,0,-8.522146,-30.0,-21.477854,-64.26048,-67.39942,0.0
102.83775085700108,4,79,0.0,1,0,0,-7.811825,-30.0,-22.188175,121.10328,-67.621735,0.0
102.93823671700011,4,80,0.0,1,0,0,-7.4212,-30.0,-22.5788,-76.602936,-67.84411,0.0
103.0377439570002,4,81,0.0,1,0,0,-6.8319683,-30.0,-23.168032,-82.57484,-68.07317,0.0
103.13820858500185,4,82,0.0,1,0,0,-5.794433,-30.0,-24.205566,-86.208336,-68.311356,0.0
103.23783427699891,4,83,0.0,1,0,0,-2.9441373,-30.0,-27.055862,-404.2072,-68.56694,0.0
103.33779269300067,4,84,0.0,1,0,0,-0.754564,-30.0,-29.245436,-235.33438,-68.84981,0.0
103.43792292000217,4,85,0.0,1,0,0,-0.16395362,-30.0,-29.836046,-63.23051,-69.14603,0.0
103.53777461899881,4,86,0.0,1,0,0,0.30290526,-30.0,-30.302906,15.737533,-69.44688,0.0
103.63770733500132,4,87,0.0,1,0,0,0.13103287,-30.0,-30.131033,4.930496,-69.74832,0.0
103.73778392500026,4,88,0.0,1,0,0,-0.21803233,-30.0,-29.781967,-152.96555,-70.04469,0.0
