time_s,episode,step,residual_mpa,timing_accurate,episode_done,sander_active,current_force,target_force,force_error,force_error_dot,force_error_int,pi_output
0.2955606150026142,1,1,0.048,1,0,1,-28.993618,-30.0,-1.006382,-52.495953,-66.558754,0.21245164
0.2965205220025382,1,2,0.096,0,0,1,-29.083202,-30.0,-0.91679764,-2.1476746,-66.57855,0.21529381
0.3013686680023966,1,3,0.14400000000000002,1,0,1,-29.096046,-30.0,-0.90395355,12.844085,-66.57945,0.21560341
0.40202147200034233,1,4,0.192,1,0,1,-29.54958,-30.0,-0.45042038,24.89662,-66.58599,0.2115979
0.5015992700027709,1,5,0.19999758005142212,1,0,1,-29.37601,-30.0,-0.6239891,-33.39386,-66.59059,0.21442921
0.6017095419992984,1,6,0.1999993920326233,1,0,1,-29.53309,-30.0,-0.4669094,17.822266,-66.59642,0.21379042
0.7017290200019488,1,7,0.19999872446060182,1,0,1,-29.232674,-30.0,-0.76732635,-48.215862,-66.60169,0.21805401
0.8014255490015785,1,8,0.19999864101409914,1,0,1,-29.361738,-30.0,-0.6382618,-33.571243,-66.608315,0.21752308
0.9020688550008344,1,9,0.1999992370605469,1,0,1,-29.360167,-30.0,-0.63983345,0.08583068,-66.61521,0.21904603
1.0014435520024563,1,10,0.1999989986419678,1,0,1,-29.278976,-30.0,-0.72102356,-18.064499,-66.62188,0.22111884
1.1020960770001693,1,11,0.1999987840652466,1,0,1,-29.209076,-30.0,-0.7909241,16.414642,-66.62967,0.22373034
1.2018512739996368,1,12,0.19999860525131227,1,0,1,-29.166407,-30.0,-0.83359337,-29.22058,-66.63761,0.22515158
1.301803424001264,1,13,0.1999992847442627,1,0,1,-28.973047,-30.0,-1.0269527,5.9204097,-66.64699,0.2295879
1.4012088519993995,1,14,0.19999910593032838,1,0,1,-29.16474,-30.0,-0.8352604,18.508911,-66.65635,0.22903135
1.5017717000009725,1,15,0.19999980926513672,1,0,1,-28.786003,-30.0,-1.2139969,43.741222,-66.66611,0.23577785
1.6022155370010296,1,16,0.19999873638153076,1,0,1,-29.07055,-30.0,-0.9294491,-36.413193,-66.676735,0.23301679
1.7015405070014822,1,17,0.1999989986419678,1,0,1,-28.74711,-30.0,-1.2528896,-8.630753,-66.688576,0.23937497
1.802195546002622,1,18,0.19999992847442627,1,0,1,-29.07539,-30.0,-0.92461014,45.909878,-66.699684,0.2380406
1.9012134910008172,1,19,0.19999934434890748,1,0,1,-28.959978,-30.0,-1.0400219,-60.825344,-66.7085,0.24029027
2.001553125002829,1,20,0.19999966621398926,1,0,1,-28.900978,-30.0,-1.0990219,32.873154,-66.71964,0.24380678
2.101744414001587,1,21,0.1999988079071045,1,0,1,-28.987783,-30.0,-1.0122166,-4.047394,-66.72987,0.24426983
2.202054434001184,1,22,0.19999871253967286,1,0,1,-29.108692,-30.0,-0.89130783,-27.397154,-66.739044,0.24436745
2.3014157220022753,1,23,0.19999901056289673,1,0,1,-29.215364,-30.0,-0.78463554,24.7097,-66.748055,0.2451637
2.401832180999918,1,24,0.19999912977218628,1,0,1,-29.766909,-30.0,-0.23309135,31.164167,-66.75244,0.23992631
2.5022106470023573,1,25,0.1999999761581421,1,0,1,-29.865997,-30.0,-0.13400269,62.25967,-66.75471,0.23962477
2.6015403660021548,1,26,0.1999987840652466,1,0,1,-30.004633,-30.0,0.00463295,-40.0486,-66.75441,0.23722793
2.7022529550013132,1,27,0.19999895095825196,1,0,1,-30.044533,-30.0,0.044532776,-12.062072,-66.75421,0.23685457
2.8017039200021827,1,28,0.1999992847442627,1,0,1,-29.880043,-30.0,-0.11995697,12.584685,-66.755135,0.23925957
2.901416093001899,1,29,0.19999777078628542,1,0,1,-29.82976,-30.0,-0.1702404,-27.894972,-66.75647,0.23959921
3.001593413999217,1,30,0.19999834299087527,1,0,1,-29.660673,-30.0,-0.33932686,-27.16255,-66.75912,0.24201071
3.10200484500092,1,31,0.1999980926513672,1,0,1,-29.601221,-30.0,-0.39877892,-29.853819,-66.76283,0.24326892
3.2028629849992285,1,32,0.1999988555908203,1,0,1,-29.542873,-30.0,-0.45712662,-23.054121,-66.767456,0.24468437
3.3011875390002388,1,33,0.19999927282333374,1,0,1,-29.38299,-30.0,-0.6170101,4.343033,-66.773796,0.24791719
3.4016084680006315,1,34,0.19999909400939941,1,0,1,-29.523258,-30.0,-0.4767418,5.205154,-66.77918,0.24740598
3.501970731002075,1,35,0.1999991536140442,1,0,1,-29.40391,-30.0,-0.5960903,19.741058,-66.784904,0.25002193
3.6021178800001508,1,36,0.1999987840652466,1,0,1,-29.202124,-30.0,-0.79787636,-41.96739,-66.79141,0.25309572
3.7015501269997912,1,37,0.19999922513961793,1,0,1,-29.33686,-30.0,-0.66313934,3.568649,-66.79933,0.2529537
3.8010650670003088,1,38,0.199998676776886,1,0,1,-29.327488,-30.0,-0.67251205,-3.0746458,-66.805916,0.25461328
3.902149773999554,1,39,0.19999886751174928,1,0,1,-29.176277,-30.0,-0.82372284,16.048431,-66.81337,0.25792333
4.0016761680017225,1,40,0.19999980926513672,1,0,1,-29.202145,-30.0,-0.7978554,-80.713264,-66.82075,0.25784296
4.101919978002115,1,41,0.19999848604202272,1,0,1,-29.28814,-30.0,-0.71186066,19.203186,-66.82888,0.25910914
4.201723784000933,1,42,0.19999839067459108,1,0,1,-29.428125,-30.0,-0.5718746,-3.5037992,-66.83497,0.25863278
4.301961728000606,1,43,0.1999985456466675,1,0,1,-29.528387,-30.0,-0.47161293,0.23078917,-66.84006,0.2585294
4.402075632002379,1,44,0.19999998807907104,1,0,1,-29.758242,-30.0,-0.24175835,106.31751,-66.84536,0.25748372
4.501513466999313,1,45,0.1999987602233887,1,0,1,-29.90514,-30.0,-0.09486008,-9.977341,-66.84595,0.25540286
4.602131629999349,1,46,0.19999998807907104,1,0,1,-30.829992,-30.0,0.8299923,-110.092155,-66.839966,0.24254298
4.701025536000088,1,47,0.1999993681907654,1,0,1,-30.541538,-30.0,0.54153824,-4.5261383,-66.83367,0.24617319
4.801272978002089,1,48,0.19999895095825196,1,0,1,-30.530178,-30.0,0.53017807,-41.6069,-66.828476,0.24472812
4.901391072002298,1,49,0.19999897480010986,1,0,1,-30.30413,-30.0,0.30413055,-9.569168,-66.82451,0.24708988
5.002082988001348,1,50,0.1999990701675415,1,0,1,-30.443953,-30.0,0.44395256,-14.35089,-66.82079,0.24456295
5.101614131999668,1,51,0.1999985933303833,1,0,1,-30.306112,-30.0,0.3061123,-23.899076,-66.81714,0.24553256
5.201495601999341,1,52,0.19999917745590212,1,0,1,-30.26613,-30.0,0.26613045,18.648148,-66.81453,0.24585098
5.301948100001027,1,53,0.19999934434890748,1,0,1,-30.280064,-30.0,0.28006363,-1.9207,-66.81155,0.2449306
5.401465275001101,1,54,0.19999916553497316,1,0,1,-30.086632,-30.0,0.086631775,-31.179426,-66.80915,0.24665667
5.501780045000487,1,55,0.1999999523162842,1,0,1,-29.722929,-30.0,-0.277071,-97.90229,-66.8098,0.2500662
5.602027487002488,1,56,0.1999989151954651,1,0,1,-29.720793,-30.0,-0.27920723,-3.1051633,-66.812355,0.25154325
5.701580979999562,1,57,0.19999908208847048,1,0,1,-29.805134,-30.0,-0.19486618,-10.885238,-66.81481,0.25048095
5.801565257999755,1,58,0.19999892711639405,1,0,1,-29.768814,-30.0,-0.23118591,-0.65994257,-66.817314,0.2515733
5.901804039000126,1,59,0.19999874830245973,1,0,1,-29.715078,-30.0,-0.28492165,-25.888441,-66.82001,0.252433
6.00197241999922,1,60,0.19999877214431763,1,0,1,-29.573349,-30.0,-0.426651,19.27948,-66.82395,0.25529614
6.102148065001529,1,61,0.19999912977218628,1,0,1,-29.82187,-30.0,-0.1781292,10.244369,-66.82637,0.25286344
6.201863870999659,1,62,0.19999868869781495,1,0,1,-29.996956,-30.0,-0.0030441284,-11.285781,-66.82702,0.2507155
6.302130030002445,1,63,0.1999986171722412,1,0,1,-29.544392,-30.0,-0.45560837,-25.806425,-66.83004,0.256288
6.402364622001187,1,64,0.1999988079071045,1,0,1,-29.914661,-30.0,-0.08533859,21.352766,-66.83323,0.25280425
6.746008876001724,1,65,0.19998964071273806,1,0,1,-30.160675,-30.0,0.16067505,42.848583,-66.83278,0.25044778
6.7516096380022645,1,66,0.19538304805755616,0,0,1,-31.126925,-30.0,1.1269245,2.161026,-66.814865,0.23577726
6.7564664439996704,1,67,0.14738304805755614,0,0,1,-31.126925,-30.0,1.1269245,2.161026,-66.814865,0.23577726
6.8056032990025415,1,68,0.09938304805755614,1,0,1,-31.175531,-30.0,1.1755314,-5.374908,-66.80905,0.23433115
6.906454734002182,1,69,0.05138304805755614,1,0,1,-31.018045,-30.0,1.0180454,7.7743526,-66.79841,0.23432556
7.006213841999852,1,70,0.00338304805755614,1,0,1,-30.995722,-30.0,0.9957218,16.853333,-66.78961,0.23282945
7.106392838999454,1,71,-0.04461695194244386,1,0,1,-30.680138,-30.0,0.68013763,-43.487545,-66.78113,0.23464902
7.206215641999734,1,72,0.00338304805755614,1,0,1,-30.64074,-30.0,0.64073944,-73.41766,-66.773705,0.23340808
7.306257749001816,1,73,0.05138304805755614,1,0,1,-30.80205,-30.0,0.80204964,-0.8602142,-66.765884,0.23079245
7.406600456000888,1,74,0.09938304805755614,1,0,1,-30.545687,-30.0,0.5456867,-13.036727,-66.75945,0.23243159
7.508265968001069,1,75,0.14738304805755614,1,0,1,-30.39996,-30.0,0.39995956,86.76147,-66.75511,0.23417452
7.6064357530012785,1,76,0.09938304805755614,1,0,1,-30.917309,-30.0,0.9173088,33.060074,-66.74831,0.22615425
7.706408856000053,1,77,0.05138304805755614,1,0,1,-29.933634,-30.0,-0.066366196,43.607708,-66.74643,0.23747356
7.806793187999574,1,78,0.00338304805755614,1,0,1,-30.418283,-30.0,0.41828346,19.451141,-66.744095,0.23096307
7.9073532430011255,1,79,0.05138304805755614,1,0,1,-30.329737,-30.0,0.3297367,-87.19253,-66.739975,0.23030446
8.006312241999694,1,80,0.00338304805755614,1,0,1,-30.23259,-30.0,0.23258972,26.102064,-66.737946,0.2322236
8.106328368001414,1,81,0.05138304805755614,1,0,1,-30.325966,-30.0,0.32596588,58.10928,-66.73508,0.23107822
8.206345890001103,1,82,0.00338304805755614,1,0,1,-30.452324,-30.0,0.4523239,-44.673916,-66.73058,0.22769558
8.306153887002438,1,83,0.05138304805755614,1,0,1,-30.646336,-30.0,0.6463356,54.90112,-66.725266,0.22535878
8.406833511002333,1,84,0.01603328585624695,1,0,1,-30.601364,-30.0,0.60136414,-51.940914,-66.71795,0.22406997
8.506794601002184,1,85,0.05458275675773621,1,0,1,-31.11557,-30.0,1.1155701,-133.0204,-66.70794,0.21503249
8.60692890000064,1,86,0.1025827567577362,1,0,1,-31.54951,-30.0,1.549509,123.853676,-66.69678,0.21034147
8.707206234001205,1,87,0.057613182067871097,1,0,1,-32.2384,-30.0,2.2383995,-5.096435,-66.67679,0.19794114
8.806804985000781,1,88,0.009613182067871096,1,0,1,-32.331253,-30.0,2.331253,25.295256,-66.65337,0.19346246
8.907026725002652,1,89,-0.038386817932128905,1,0,1,-32.212048,-30.0,2.2120476,-26.130674,-66.62998,0.19017966
9.007032514000457,1,90,0.009613182067871096,1,0,1,-32.062775,-30.0,2.0627747,-0.579834,-66.60902,0.18795936
9.107213745999616,1,91,-0.038386817932128905,1,0,1,-31.916159,-30.0,1.9161587,-55.358883,-66.58894,0.18539478
9.20703403600055,1,92,0.009613182067871096,1,0,1,-31.71285,-30.0,1.7128506,-101.0456,-66.5702,0.1839293
9.306405102001008,1,93,0.057613182067871097,1,0,1,-31.52516,-30.0,1.5251598,62.313076,-66.55565,0.18454754
9.406353062000562,1,94,0.09482377767562866,1,0,1,-31.399439,-30.0,1.3994389,65.76729,-66.540634,0.18377542
9.506752479999705,1,95,0.04682377767562866,1,0,1,-31.211773,-30.0,1.2117729,-66.17737,-66.52536,0.1821472
9.606582825999794,1,96,-0.0011762223243713399,1,0,1,-31.627817,-30.0,1.6278172,-28.970716,-66.50936,0.17453991
9.706892288002564,1,97,-0.03512403666973114,1,0,1,-31.66501,-30.0,1.6650105,77.791214,-66.493164,0.1717901
9.806197982001322,1,98,0.012875963330268858,1,0,1,-31.473528,-30.0,1.4735279,-66.17546,-66.47804,0.16955736
9.905716833000042,1,99,0.06087596333026886,1,0,1,-31.568298,-30.0,1.5682983,-32.46689,-66.462166,0.16642836
10.005996962001518,1,100,0.012875963330268858,1,0,1,-30.87065,-30.0,0.87064934,-46.005245,-66.45042,0.17196055
10.107461329000216,1,101,0.06087596333026886,1,0,1,-31.065016,-30.0,1.0650158,-78.359604,-66.44014,0.16717982
10.206485140999575,1,102,0.012875963330268858,1,0,1,-31.185331,-30.0,1.1853313,95.28541,-66.42908,0.16566695
10.30627972900038,1,103,0.06087596333026886,1,0,1,-31.521984,-30.0,1.5219841,-124.6643,-66.413956,0.15685491
10.406353403999674,1,104,0.012875963330268858,1,0,1,-30.864805,-30.0,0.8648052,-44.96574,-66.40346,0.16294736
10.507680882001296,1,105,0.06087596333026886,1,0,1,-31.026812,-30.0,1.0268116,-129.99344,-66.393745,0.15839766
10.60707513500165,1,106,0.012875963330268858,1,0,1,-30.675587,-30.0,0.6755867,49.221035,-66.387,0.16319254
10.707451646001573,1,107,0.06087596333026886,1,0,1,-30.448885,-30.0,0.44888496,-60.239788,-66.380165,0.16385897
10.806317893999221,1,108,0.012875963330268858,1,0,1,-31.052446,-30.0,1.0524464,62.053677,-66.3713,0.15638186
10.906905047999317,1,109,0.06087596333026886,1,0,1,-31.137094,-30.0,1.1370945,-31.656263,-66.35838,0.15237346
11.00660632600193,1,110,0.08746615052223206,1,0,1,-31.388142,-30.0,1.3881416,-15.974044,-66.34632,0.14665884
11.106965236001997,1,111,0.039466150522232055,1,0,1,-31.587557,-30.0,1.5875568,8.729935,-66.33129,0.14228225
11.206870174002688,1,112,-0.008533849477767946,1,0,1,-32.085052,-30.0,2.0850525,122.65014,-66.31318,0.13441195
11.308355494002171,1,113,-0.05653384947776795,1,0,1,-32.4479,-30.0,2.4478989,-98.65951,-66.28803,0.12393792
11.407320360001904,1,114,-0.0827517330646515,1,0,1,-32.100887,-30.0,2.1008873,40.523525,-66.266495,0.12531213
11.506529672002216,1,115,-0.0347517330646515,1,0,1,-31.912212,-30.0,1.9122124,83.70971,-66.2464,0.124168895
11.606406114002311,1,116,-0.010424391180276871,1,0,1,-32.102844,-30.0,2.1028442,18.001556,-66.22499,0.11742707
11.7071444050016,1,117,0.03757560881972313,1,0,1,-31.854078,-30.0,1.8540783,-51.027294,-66.20519,0.115864135
11.806987882002431,1,118,-0.010424391180276868,1,0,1,-31.903044,-30.0,1.9030437,63.444134,-66.18714,0.112974994
11.906694748002337,1,119,-0.036906164884567265,1,0,1,-31.865108,-30.0,1.8651085,-90.08025,-66.167435,0.10839249
12.00618650099932,1,120,0.011093835115432736,1,0,1,-32.194145,-30.0,2.1941452,74.72992,-66.14858,0.102279656
12.106613856001786,1,121,-0.036906164884567265,1,0,1,-31.758032,-30.0,1.7580318,-5.7449336,-66.127914,0.103623964
12.206420177000837,1,122,-0.08490616488456726,1,0,1,-31.50133,-30.0,1.5013294,38.410187,-66.11273,0.103610456
12.306644152002264,1,123,-0.03690616488456726,1,0,1,-31.67941,-30.0,1.6794109,84.964745,-66.097595,0.09919356
12.407129057002749,1,124,-0.08490616488456726,1,0,1,-31.436094,-30.0,1.4360943,-61.4109,-66.08157,0.097893745
12.507101601000613,1,125,-0.03690616488456726,1,0,1,-31.428167,-30.0,1.4281673,-34.713745,-66.06729,0.09508922
12.607130578002398,1,126,0.011093835115432743,1,0,1,-31.386957,-30.0,1.3869572,-108.73794,-66.05232,0.09249565
12.706474546001118,1,127,0.059093835115432744,1,0,1,-31.702847,-30.0,1.7028465,-40.782925,-66.038185,0.086259775
12.80648284900235,1,128,0.011093835115432743,1,0,1,-31.566267,-30.0,1.566267,-152.70424,-66.01977,0.084495336
12.906124343000556,1,129,-0.03690616488456726,1,0,1,-31.780642,-30.0,1.7806416,189.17273,-66.00537,0.0817646
13.006867662999866,1,130,0.011093835115432743,1,0,1,-31.582983,-30.0,1.582983,-31.545637,-65.98603,0.079438455
13.107260097000108,1,131,-0.03690616488456726,1,0,1,-33.01131,-30.0,3.0113106,-5.023956,-65.96144,0.057759978
13.207864850999613,1,132,-0.08490616488456726,1,0,1,-32.97423,-30.0,2.9742317,55.976864,-65.93345,0.054134343
13.307365544002096,1,133,-0.0865250587463379,1,0,1,-32.542053,-30.0,2.5420532,40.6723,-65.90694,0.054592647
13.407170188002056,1,134,-0.05151931047439576,1,0,1,-31.977894,-30.0,1.9778938,-44.754025,-65.88256,0.056189325
13.505948157002422,1,135,-0.0035193104743957565,1,0,1,-32.382957,-30.0,2.3829575,-64.47983,-65.85991,0.04602219
13.60842830600086,1,136,0.033766016364097595,1,0,1,-32.21403,-30.0,2.2140312,38.99765,-65.83865,0.04519986
13.706274304000544,1,137,0.0817660163640976,1,0,1,-31.935143,-30.0,1.9351425,43.89381,-65.818054,0.045192398
13.807288610001706,1,138,0.10155638456344605,1,0,1,-31.68237,-30.0,1.6823692,-196.70485,-65.79757,0.042050388
13.906259621999197,1,139,0.05355638456344605,1,0,1,-31.341818,-30.0,1.3418179,122.02262,-65.78641,0.045911632
14.00733985899933,1,140,0.10155638456344605,1,0,1,-31.379923,-30.0,1.3799229,-117.95425,-65.77195,0.040700983
14.107240607001586,1,141,0.05355638456344605,1,0,1,-31.01662,-30.0,1.0166206,-19.392014,-65.760925,0.04399335
14.206683191001503,1,142,0.005556384563446051,1,0,1,-31.316847,-30.0,1.3168468,49.99351,-65.7491,0.039007094
14.306812180999259,1,143,0.05355638456344605,1,0,1,-31.281618,-30.0,1.2816181,112.57934,-65.73823,0.037653707
14.407175561002077,1,144,0.03640373647212982,1,0,1,-31.075777,-30.0,1.075777,-115.17715,-65.72558,0.036121644
14.507109833000868,1,145,-0.01159626352787018,1,0,1,-30.37149,-30.0,0.37149048,-53.443905,-65.71891,0.043353666
14.607935006999469,1,146,0.03640373647212982,1,0,1,-30.610476,-30.0,0.61047554,-79.43535,-65.71353,0.039151788
14.706475234001118,1,147,0.08440373647212981,1,0,1,-30.500877,-30.0,0.5008774,19.899368,-65.70936,0.040518552
14.806505608001316,1,148,0.03640373647212981,1,0,1,-31.160295,-30.0,1.1602955,2.7732847,-65.69996,0.031218184
14.907219315002294,1,149,0.08440373647212981,1,0,1,-30.885643,-30.0,0.885643,-80.20592,-65.68815,0.03215652
15.00702032800109,1,150,0.03640373647212981,1,0,1,-31.187956,-30.0,1.1879559,104.387276,-65.67932,0.027832424
15.107500204001553,1,151,-0.011596263527870188,1,0,1,-30.832098,-30.0,0.832098,-31.85272,-65.66829,0.02943452
15.205791234999197,1,152,-0.05959626352787019,1,0,1,-30.13247,-30.0,0.13246918,34.85489,-65.664894,0.037101723
15.30622641300215,1,153,-0.011596263527870188,1,0,1,-30.866896,-30.0,0.8668957,113.85917,-65.65997,0.027960844
15.40531112700046,1,154,0.03640373647212981,1,0,1,-31.01424,-30.0,1.0142403,20.086287,-65.65048,0.024073852
15.50719761900109,1,155,-0.011596263527870188,1,0,1,-30.566916,-30.0,0.5669155,16.889572,-65.64209,0.027969636
15.607054784999491,1,156,0.03640373647212981,1,0,1,-29.76164,-30.0,-0.23835945,-149.67918,-65.63855,0.03503944
15.707754524002667,1,157,-0.011596263527870188,1,0,1,-28.766556,-30.0,-1.2334442,-96.53091,-65.64712,0.047605135
15.808268204000342,1,158,0.03640373647212981,1,0,1,-28.84132,-30.0,-1.15868,-37.6606,-65.65932,0.049135394
15.906287689002056,1,159,-0.011596263527870188,1,0,1,-28.74558,-30.0,-1.2544193,12.3176565,-65.67205,0.05329543
16.006928482001967,1,160,-0.05959626352787019,1,0,1,-28.635899,-30.0,-1.3641014,1.9874572,-65.68547,0.05676552
16.10683230200084,1,161,-0.09927034974098206,1,0,1,-28.582182,-30.0,-1.4178181,-64.6534,-65.6992,0.059177853
16.206762662000983,1,162,-0.06643099784851074,1,0,1,-28.540215,-30.0,-1.4597855,27.200697,-65.71334,0.06356275
16.30698412300262,1,163,-0.01843099784851074,1,0,1,-28.458708,-30.0,-1.5412922,-13.570785,-65.728355,0.0664573
16.407331021000573,1,164,-0.06643099784851074,1,0,1,-28.712992,-30.0,-1.2870083,26.626585,-65.74325,0.06634497
16.507058000999677,1,165,-0.11443099784851074,1,0,1,-28.415218,-30.0,-1.5847816,-50.38261,-65.75746,0.07210782
16.60716324600071,1,166,-0.16243099784851073,1,0,1,-28.12578,-30.0,-1.8742199,34.25598,-65.774925,0.079537414
16.7069734780016,1,167,-0.11443099784851073,1,0,1,-28.830215,-30.0,-1.1697845,2.2659302,-65.78967,0.07326269
16.807572084999265,1,168,-0.06643099784851073,1,0,1,-28.468029,-30.0,-1.531971,-39.506912,-65.803635,0.08002423
16.906386651000503,1,169,-0.018430997848510725,1,0,1,-28.77952,-30.0,-1.22048,53.831097,-65.818275,0.07952207
17.006746400002157,1,170,-0.0039870403707027435,1,0,1,-28.735788,-30.0,-1.2642117,56.93626,-65.83122,0.08291822
17.106337887002155,1,171,0.0016080927103757862,1,0,1,-28.69525,-30.0,-1.3047504,97.03826,-65.84569,0.08627896
17.20698845700099,1,172,-0.04639190728962422,1,0,1,-28.744436,-30.0,-1.2555637,34.22928,-65.85811,0.0876449
17.30706353000278,1,173,0.0016080927103757844,1,0,1,-29.276423,-30.0,-0.7235775,109.2472,-65.868416,0.08399858
17.4065723240019,1,174,0.049608092710375785,1,0,1,-29.353546,-30.0,-0.64645386,20.843504,-65.87524,0.083685346
17.506495420999272,1,175,0.0976080927103758,1,0,1,-29.933891,-30.0,-0.0661087,71.863174,-65.87867,0.07828439
17.606080204001046,1,176,0.04960809271037579,1,0,1,-30.33707,-30.0,0.33707047,18.123627,-65.87703,0.072842665
17.70669501500015,1,177,0.0976080927103758,1,0,1,-30.827524,-30.0,0.8275242,103.59763,-65.87229,0.06707485
17.806642416002433,1,178,0.04960809271037579,1,0,1,-30.308968,-30.0,0.3089676,-62.6564,-65.866066,0.07101867
17.90708206400086,1,179,0.0016080927103757914,1,0,1,-30.344736,-30.0,0.3447361,3.5457609,-65.86302,0.070270516
18.007218318001833,1,180,0.04960809271037579,1,0,1,-30.434048,-30.0,0.4340477,-33.53691,-65.85896,0.06816439
18.10576022100213,1,181,0.0976080927103758,1,0,1,-30.185125,-30.0,0.18512535,-10.513305,-65.85631,0.070799164
18.207557036999788,1,182,0.04960809271037579,1,0,1,-29.914778,-30.0,-0.085222244,-25.564192,-65.85574,0.07367706
18.30725608099965,1,183,0.0976080927103758,1,0,1,-29.958618,-30.0,-0.041381836,25.480268,-65.8566,0.073487625
18.407164091000595,1,184,0.04960809271037579,1,0,1,-29.808937,-30.0,-0.19106293,94.6083,-65.85813,0.07649927
18.50598592100141,1,185,0.0976080927103758,1,0,1,-29.127182,-30.0,-0.872818,-152.06909,-65.86144,0.08297862
18.607203606999974,1,186,0.051153600215911865,1,0,1,-29.550602,-30.0,-0.44939804,136.8351,-65.86858,0.081556246
18.705896928000584,1,187,0.0031536002159118642,1,0,1,-29.542475,-30.0,-0.45752525,-20.139692,-65.872795,0.08068499
18.807485056000587,1,188,0.0018343649804592134,1,0,1,-29.32033,-30.0,-0.67967033,119.00901,-65.87972,0.08618456
18.906855283999903,1,189,-0.026409417390823364,1,0,1,-29.402721,-30.0,-0.5972786,35.80475,-65.88403,0.085593924
19.00717396500113,1,190,-0.07371414303779603,1,0,1,-29.959728,-30.0,-0.04027176,81.27021,-65.88843,0.079409204
19.106944807001128,1,191,-0.025714143037796025,1,0,1,-29.371311,-30.0,-0.6286888,86.96555,-65.89204,0.08779821
19.20718526500059,1,192,0.022285856962203976,1,0,1,-29.47074,-30.0,-0.52926064,-178.58694,-65.89396,0.08451267
19.307469864001177,1,193,-0.025714143037796025,1,0,1,-30.34531,-30.0,0.3453102,95.8023,-65.89796,0.07645443
19.407404413999757,1,194,-0.07371414303779603,1,0,1,-30.607807,-30.0,0.60780716,50.39787,-65.89386,0.073080465
19.50787898300041,1,195,-0.11316413879394532,1,0,1,-30.911959,-30.0,0.9119587,78.34053,-65.88661,0.06903403
19.607941205002135,1,196,-0.06516413879394532,1,0,1,-31.298853,-30.0,1.2988529,51.963802,-65.87486,0.06236468
19.708109866001905,1,197,-0.01716413879394532,1,0,1,-31.303389,-30.0,1.3033886,51.736828,-65.86189,0.060024153
19.80688587899931,1,198,0.03083586120605468,1,0,1,-31.285894,-30.0,1.2858944,-38.564682,-65.847885,0.056917958
19.90690200500103,1,199,-0.01716413879394532,1,0,1,-31.30919,-30.0,1.3091908,-26.317595,-65.8352,0.053985033
20.00812500000029,1,200,0.03083586120605468,1,0,1,-31.15556,-30.0,1.1555595,-96.52137,-65.822395,0.052969553
20.106815527000435,1,201,-0.01716413879394532,1,0,1,-30.938538,-30.0,0.9385376,53.129192,-65.81298,0.055014834
20.20641008700113,1,202,0.03083586120605468,1,0,1,-30.796461,-30.0,0.7964611,-88.06991,-65.80299,0.053677928
20.306301336000615,1,203,0.02990180552005768,1,0,1,-30.929276,-30.0,0.9292755,7.4062343,-65.7945,0.05130126
20.406916425999952,1,204,-0.01809819447994232,1,0,1,-30.788284,-30.0,0.7882843,71.352005,-65.786316,0.052136216
20.507251589999214,1,205,0.02990180552005768,1,0,1,-30.514126,-30.0,0.5141258,-9.35173,-65.77869,0.05340241
20.607211284001096,1,206,0.02078525722026825,1,0,1,-30.976954,-30.0,0.9769535,-11.690139,-65.76949,0.04605401
20.70700531300099,1,207,-0.02721474277973175,1,0,1,-30.725637,-30.0,0.72563744,19.464493,-65.76131,0.047991034
20.806751849999273,1,208,0.02078525722026825,1,0,1,-30.76017,-30.0,0.76017,49.59869,-65.75495,0.04617968
20.906617676002497,1,209,0.06878525722026825,1,0,1,-30.843172,-30.0,0.8431721,14.816283,-65.74601,0.043458145
21.007209300001705,1,210,0.02078525722026825,1,0,1,-30.91605,-30.0,0.91604996,12.781142,-65.738045,0.040662304
21.10623395100265,1,211,0.06878525722026825,1,0,1,-30.859327,-30.0,0.8593273,45.3968,-65.729164,0.040755063
21.205881032001344,1,212,0.02078525722026825,1,0,1,-30.864388,-30.0,0.8643875,19.584656,-65.720116,0.03868788
21.309620012001687,1,213,0.06878525722026825,1,0,1,-30.75098,-30.0,0.7509804,-4.7340393,-65.71223,0.03829134
21.40640944200277,1,214,0.07270779609680177,1,0,1,-30.725946,-30.0,0.7259464,151.09634,-65.70584,0.038928468
21.506502673000796,1,215,0.0957249939441681,1,0,1,-30.932486,-30.0,0.9324856,0.22888182,-65.69572,0.033565573
21.607105751001654,1,216,0.1437249939441681,1,0,1,-31.286804,-30.0,1.2868042,2.6741025,-65.68436,0.026899733
21.70657766899967,1,217,0.0957249939441681,1,0,1,-30.807903,-30.0,0.8079033,-21.244047,-65.67412,0.030564604
21.80679326400059,1,218,0.0477249939441681,1,0,1,-30.161867,-30.0,0.16186714,54.18014,-65.6703,0.03800546
21.90659260100074,1,219,-0.00027500605583190285,1,0,1,-30.298822,-30.0,0.2988224,-111.04774,-65.666664,0.033665605
22.006571851001354,1,220,0.0477249939441681,1,0,1,-29.862059,-30.0,-0.13794136,63.686367,-65.66779,0.04041446
22.106909529000404,1,221,0.08853804469108582,1,0,1,-30.425774,-30.0,0.42577362,52.816387,-65.666,0.033404544
22.206517220001842,1,222,0.04053804469108582,1,0,1,-30.144102,-30.0,0.1441021,9.25827,-65.66334,0.036238257
22.306883953002398,1,223,0.08853804469108582,1,0,1,-30.066488,-30.0,0.066488266,-13.010024,-65.661835,0.036546346
22.40702383900134,1,224,0.13653804469108582,1,0,1,-29.930702,-30.0,-0.06929779,-20.96176,-65.661705,0.03794559
22.5072573130019,1,225,0.16424527168273928,1,0,1,-29.849745,-30.0,-0.1502552,-22.380827,-65.66197,0.039090786
22.606335881999257,1,226,0.12789483070373536,1,0,1,-30.082457,-30.0,0.08245659,51.56898,-65.662224,0.036930025
22.707416399000067,1,227,0.13755542039871216,1,0,1,-29.747955,-30.0,-0.25204468,-75.38986,-65.66248,0.039786622
22.806297455001186,1,228,0.08955542039871216,1,0,1,-29.755823,-30.0,-0.24417686,-9.580612,-65.665375,0.04034951
22.905888942001184,1,229,0.06230334043502808,1,0,1,-29.843546,-30.0,-0.15645409,14.3909445,-65.66732,0.040070277
23.006765242000256,1,230,0.07700846791267396,1,0,1,-29.908545,-30.0,-0.09145546,-7.04956,-65.66858,0.039370406
23.106905685999664,1,231,0.02900846791267396,1,0,1,-29.773684,-30.0,-0.22631645,-68.58063,-65.66982,0.04057684
23.20687571700182,1,232,0.07700846791267396,1,0,1,-29.687172,-30.0,-0.31282806,37.773132,-65.67467,0.04301718
23.307621831001597,1,233,0.02900846791267396,1,0,1,-29.730871,-30.0,-0.2691288,-5.6629176,-65.67738,0.043126337
23.40610869900047,1,234,-0.01899153208732604,1,0,1,-29.677456,-30.0,-0.3225441,9.868622,-65.67971,0.04457539
23.507846848002373,1,235,0.02900846791267396,1,0,1,-30.141756,-30.0,0.14175606,60.020443,-65.68053,0.039474715
23.606351035999978,1,236,-0.01899153208732604,1,0,1,-30.668558,-30.0,0.6685581,49.982067,-65.67701,0.032499608
23.706274692001898,1,237,-0.009006502479314804,1,0,1,-30.798397,-30.0,0.79839706,-13.233184,-65.66898,0.029524397
23.80717864899998,1,238,-0.020299699902534486,1,0,1,-30.81969,-30.0,0.8196907,-12.678145,-65.660355,0.027943214
23.907231093002338,1,239,0.027700300097465515,1,0,1,-30.438446,-30.0,0.43844604,-11.63864,-65.65447,0.031165235
24.006377268000506,1,240,-0.020299699902534486,1,0,1,-30.463964,-30.0,0.46396446,-1.674652,-65.65017,0.02993645
24.106347299002664,1,241,-0.06829969990253448,1,0,1,-30.506847,-30.0,0.5068474,-31.934736,-65.64509,0.028148685
24.206586082000285,1,242,-0.11629969990253448,1,0,1,-30.238983,-30.0,0.23898315,-44.82078,-65.64175,0.03053327
24.306733231002,1,243,-0.06829969990253448,1,0,1,-30.22281,-30.0,0.22281075,4.5757294,-65.639755,0.030722836
24.406980395000573,1,244,-0.11629969990253448,1,0,1,-30.24642,-30.0,0.2464199,14.680861,-65.63794,0.030167034
24.50726331700207,1,245,-0.15185406208038332,1,0,1,-29.93635,-30.0,-0.06365013,5.0601954,-65.63718,0.03377891
24.608611469000607,1,246,-0.10385406208038332,1,0,1,-29.977465,-30.0,-0.022535324,34.12819,-65.637634,0.033573113
24.70642142900033,1,247,-0.05585406208038332,1,0,1,-29.804571,-30.0,-0.19542885,-45.23277,-65.63787,0.03499943
24.80697394100207,1,248,-0.03910039067268372,1,0,1,-29.909346,-30.0,-0.09065437,-0.3929138,-65.63992,0.033899687
24.90759573700052,1,249,0.008899609327316281,1,0,1,-29.702854,-30.0,-0.29714584,48.004147,-65.64374,0.03751565
25.00705368600029,1,250,0.05689960932731628,1,0,1,-29.938185,-30.0,-0.06181526,43.306347,-65.645645,0.03517854
25.107029025002703,1,251,0.07854056358337402,1,0,1,-29.698349,-30.0,-0.301651,44.025417,-65.648254,0.038708698
25.206318237000232,1,252,0.1011258602142334,1,0,1,-29.773983,-30.0,-0.226017,43.81561,-65.65151,0.038267832
25.306165904999943,1,253,0.053125860214233406,1,0,1,-29.925556,-30.0,-0.07444382,28.91731,-65.65296,0.036713965
25.406695230001787,1,254,0.005125860214233405,1,0,1,-29.791903,-30.0,-0.20809746,-27.85301,-65.65371,0.038150053
25.507858160002797,1,255,-0.042874139785766596,1,0,1,-29.930235,-30.0,-0.06976509,-36.93962,-65.65519,0.036055554
25.60748428900115,1,256,-0.07847235798835756,1,0,1,-30.243923,-30.0,0.24392319,-64.76021,-65.65377,0.03228432
25.70602060500096,1,257,-0.030472357988357554,1,0,1,-30.014656,-30.0,0.014656067,-15.714644,-65.65156,0.03544298
25.807170406002115,1,258,-0.07847235798835756,1,0,1,-30.655125,-30.0,0.65512466,140.92064,-65.64805,0.028816208
25.907529874999454,1,259,-0.030472357988357554,1,0,1,-30.517572,-30.0,0.5175724,-181.99728,-65.638016,0.026161404
26.006990898000367,1,260,-0.07847235798835756,1,0,1,-29.908741,-30.0,-0.091259,-76.48659,-65.636696,0.033242796
26.106649434001156,1,261,-0.030472357988357554,1,0,1,-31.226276,-30.0,1.2262764,-49.434658,-65.62924,0.016388796
26.206854413001565,1,262,-0.07847235798835756,1,0,1,-30.37991,-30.0,0.37990952,-117.19131,-65.621155,0.025102234
26.307097665001493,1,263,-0.12647235798835754,1,0,1,-30.586893,-30.0,0.5868931,68.56918,-65.61718,0.023063358
26.407286441000906,1,264,-0.07847235798835754,1,0,1,-30.745161,-30.0,0.74516106,19.735336,-65.6106,0.01981186
26.50633427900175,1,265,-0.03047235798835754,1,0,1,-30.342115,-30.0,0.3421154,-56.276318,-65.60563,0.022548508
26.606459080001514,1,266,-0.0068856425583362565,1,0,1,-29.75095,-30.0,-0.24905014,36.29875,-65.605995,0.030475134
26.706514597000933,1,267,0.041114357441663744,1,0,1,-29.990747,-30.0,-0.009252548,-1.3256072,-65.60679,0.027266318
26.80795410200153,1,268,-0.0068856425583362565,1,0,1,-29.995796,-30.0,-0.0042037964,5.943298,-65.6073,0.02732549
26.906911704001686,1,269,-0.05488564255833626,1,0,1,-29.997835,-30.0,-0.0021648407,20.252226,-65.60805,0.02756379
27.007066117999784,1,270,-0.07783258557319642,1,0,1,-30.112003,-30.0,0.11200333,14.85443,-65.607925,0.026059307
27.10734959900219,1,271,-0.12583258557319643,1,0,1,-29.623762,-30.0,-0.37623787,12.994765,-65.610596,0.032154612
27.206444650000776,1,272,-0.07783258557319643,1,0,1,-29.963053,-30.0,-0.03694725,37.433624,-65.612175,0.028774083
27.306328357000893,1,273,-0.02983258557319643,1,0,1,-30.011532,-30.0,0.01153183,37.000656,-65.61246,0.028459458
27.406729452002764,1,274,-0.07783258557319643,1,0,1,-29.956314,-30.0,-0.043685913,-60.76431,-65.61281,0.02792204
27.50685313500071,1,275,-0.02983258557319643,1,0,1,-30.127668,-30.0,0.12766838,9.881973,-65.61296,0.026675602
27.605995399000676,1,276,-0.03386029005050659,1,0,1,-30.346752,-30.0,0.34675217,4.295349,-65.609886,0.023794245
27.706679494000127,1,277,-0.0818602900505066,1,0,1,-30.376547,-30.0,0.37654686,20.029068,-65.60818,0.022996109
27.807704417002242,1,278,-0.1298602900505066,1,0,1,-31.40308,-30.0,1.40308,76.473236,-65.59968,0.010289223
27.907592034000118,1,279,-0.08186029005050659,1,0,1,-31.17303,-30.0,1.1730309,-17.374039,-65.58671,0.010484215
28.00589563700123,1,280,-0.033860290050506586,1,0,1,-30.405867,-30.0,0.40586662,-117.10166,-65.57885,0.016825093
28.10619532200144,1,281,0.014139709949493415,1,0,1,-30.131083,-30.0,0.13108253,-66.373825,-65.576675,0.019552307
28.206130711001606,1,282,-0.033860290050506586,1,0,1,-30.046791,-30.0,0.046791077,-20.830153,-65.576164,0.02074626
28.307896238002286,1,283,0.014139709949493415,1,0,1,-30.218922,-30.0,0.21892166,20.563124,-65.57495,0.0190173
28.4071770690025,1,284,0.062139709949493416,1,0,1,-29.95516,-30.0,-0.04483986,-23.502348,-65.573586,0.021781297
28.50729963500271,1,285,0.11013970994949342,1,0,1,-29.867857,-30.0,-0.13214302,-24.728773,-65.5738,0.02260907
28.605226091000077,1,286,0.062139709949493416,1,0,1,-29.905584,-30.0,-0.094415665,20.277021,-65.57477,0.022741782
28.706596592001006,1,287,0.014139709949493415,1,0,1,-29.883316,-30.0,-0.11668396,14.823913,-65.57605,0.02291099
28.806580591000966,1,288,-0.033860290050506586,1,0,1,-29.64503,-30.0,-0.35497093,1.9626616,-65.57856,0.026129913
28.906881114002317,1,289,-0.07889836430549622,1,0,1,-29.422495,-30.0,-0.5775051,57.897564,-65.5838,0.030244693
29.007029382002656,1,290,-0.030898364305496223,1,0,1,-29.608122,-30.0,-0.39187813,-66.94603,-65.58743,0.027395211
29.105683591002162,1,291,0.017101635694503778,1,0,1,-29.447042,-30.0,-0.55295753,-68.1057,-65.59152,0.030122677
29.207703342002787,1,292,0.06510163569450378,1,0,1,-29.33067,-30.0,-0.6693306,-47.67036,-65.59783,0.032349374
29.30758425500244,1,293,0.057844591140747074,1,0,1,-29.332186,-30.0,-0.66781425,20.341871,-65.60465,0.034457937
29.406011897001008,1,294,0.009844591140747073,1,0,1,-29.432432,-30.0,-0.5675678,-23.822783,-65.6103,0.03394467
29.506710239002132,1,295,-0.03815540885925293,1,0,1,-29.648508,-30.0,-0.35149193,-6.3457484,-65.61482,0.032293838
29.60686856400207,1,296,0.009844591140747073,1,0,1,-29.610126,-30.0,-0.3898735,69.37027,-65.61907,0.034529135
29.70658604699929,1,297,0.057844591140747074,1,0,1,-29.674734,-30.0,-0.32526588,116.14608,-65.6231,0.034980915
29.80708100999982,1,298,0.03910596072673798,1,0,1,-29.86061,-30.0,-0.13939095,66.26129,-65.62462,0.03303268
29.9056508499998,1,299,0.06279255151748657,1,0,1,-30.174397,-30.0,0.17439651,107.21587,-65.62495,0.029551525
30.00606982500176,1,300,0.0,1,1,1,-30.650623,-30.0,0.6506233,86.69662,-65.62009,0.023172304
31.74155212200276,2,1,0.02719497084617615,1,0,1,-29.60152,-30.0,-0.39847946,-116.3063,-65.58634,0.02694177
31.84712347400273,2,2,-0.020805029153823852,1,0,1,-29.793816,-30.0,-0.20618439,-5.53894,-65.589165,0.026049806
31.946145609999803,2,3,0.02719497084617615,1,0,1,-30.38139,-30.0,0.38138962,-4.5700073,-65.58849,0.018918896
32.046797298000456,2,4,-0.020805029153823852,1,0,1,-29.913445,-30.0,-0.08655548,68.09807,-65.58932,0.025575826
32.146316151000065,2,5,-0.06880502915382386,1,0,1,-30.726076,-30.0,0.7260761,94.02274,-65.58544,0.015849428
32.2468094370015,2,6,-0.11680502915382386,1,0,1,-30.949259,-30.0,0.9492588,-140.60974,-65.575226,0.0096089
32.34723064699938,2,7,-0.16480502915382386,1,0,1,-30.821327,-30.0,0.8213272,-112.06245,-65.56686,0.009587897
32.44651846200213,2,8,-0.11680502915382386,1,0,1,-30.915424,-30.0,0.91542435,68.81523,-65.5597,0.008534497
32.5478769500005,2,9,-0.06880502915382386,1,0,1,-30.787779,-30.0,0.78777885,-137.10213,-65.54879,0.0067938506
32.646692075999454,2,10,-0.02080502915382386,1,0,1,-30.070253,-30.0,0.07025337,-81.04705,-65.545586,0.014671891
32.74620059100198,2,11,0.027194970846176142,1,0,1,-29.832,-30.0,-0.16799927,7.9002376,-65.54646,0.018299514
32.84732468999937,2,12,0.05524702668190003,1,0,1,-30.311464,-30.0,0.3114643,33.130646,-65.54541,0.012489546
32.94717124100134,2,13,0.10324702668190003,1,0,1,-30.105614,-30.0,0.10561371,-49.38316,-65.542694,0.014095141
33.046935936999944,2,14,0.05524702668190003,1,0,1,-30.176788,-30.0,0.17678833,34.900665,-65.541794,0.013637833
33.14589549499942,2,15,0.026203024387359622,1,0,1,-29.942587,-30.0,-0.0574131,-28.461454,-65.541565,0.015722504
33.24558783500106,2,16,-0.02179697561264038,1,0,1,-29.794924,-30.0,-0.20507622,-98.86169,-65.5421,0.016953437
33.34629902800225,2,17,0.026203024387359622,1,0,1,-30.016577,-30.0,0.016576767,-93.49441,-65.5425,0.014172926
33.44599220600139,2,18,0.07420302438735962,1,0,1,-29.924643,-30.0,-0.07535744,23.685453,-65.542915,0.01679091
33.54680844100221,2,19,0.026203024387359622,1,0,1,-29.919394,-30.0,-0.08060646,8.794785,-65.54398,0.016560376
33.64624655700027,2,20,-0.02179697561264038,1,0,1,-29.826109,-30.0,-0.17389107,51.27525,-65.54523,0.018631391
33.74683566599924,2,21,0.026203024387359622,1,0,1,-29.729923,-30.0,-0.27007675,-43.43223,-65.546814,0.018992513
33.84686073299963,2,22,0.07420302438735962,1,0,1,-29.646492,-30.0,-0.353508,26.409147,-65.55038,0.021092655
33.94514170700131,2,23,0.06541326045989991,1,0,1,-29.65738,-30.0,-0.34262085,-2.6416776,-65.553154,0.021311188
34.04678040100043,2,24,0.06048108339309693,1,0,1,-29.624481,-30.0,-0.3755188,34.463882,-65.55711,0.022573829
34.14590925599987,2,25,0.10848108339309692,1,0,1,-29.787283,-30.0,-0.21271706,-40.876385,-65.56018,0.020309364
34.24580916600098,2,26,0.06048108339309692,1,0,1,-29.763315,-30.0,-0.2366848,41.16821,-65.56321,0.022214212
34.34573757200269,2,27,0.01248108339309692,1,0,1,-29.825136,-30.0,-0.17486382,-6.5441127,-65.5652,0.02137092
34.44681725100236,2,28,0.06048108339309692,1,0,1,-30.297253,-30.0,0.29725266,44.29626,-65.5655,0.016057419
34.546587255001214,2,29,0.01248108339309692,1,0,1,-30.693005,-30.0,0.6930046,146.30508,-65.56236,0.012273124
34.64594938200025,2,30,0.06048108339309692,1,0,1,-30.657393,-30.0,0.6573925,57.817455,-65.5553,0.011358564
34.745645633000095,2,31,0.08279260396957398,1,0,1,-30.585995,-30.0,0.5859947,-143.3258,-65.5463,0.008687209
34.84593945100278,2,32,0.13079260396957398,1,0,1,-29.989552,-30.0,-0.010448456,101.287834,-65.544174,0.017432597
34.946310095001536,2,33,0.08279260396957398,1,0,1,-29.98385,-30.0,-0.01614952,-62.00218,-65.54256,0.01514599
35.0472542810021,2,34,0.13079260396957398,1,0,1,-30.046898,-30.0,0.04689789,129.3068,-65.54482,0.016107775
35.146215516000666,2,35,0.08279260396957398,1,0,1,-30.27866,-30.0,0.27865982,18.411636,-65.54296,0.0123546105
35.24684066400005,2,36,0.13079260396957398,1,0,1,-29.856445,-30.0,-0.14355469,-44.265743,-65.542244,0.017019926
35.346540547001496,2,37,0.08279260396957398,1,0,1,-29.792564,-30.0,-0.20743561,-53.24554,-65.54197,0.017531175
35.44693549600197,2,38,0.1265868663787842,1,0,1,-30.048492,-30.0,0.04849243,57.838436,-65.543945,0.015087405
35.54641300200092,2,39,0.07858686637878419,1,0,1,-30.32835,-30.0,0.32835007,73.55118,-65.542656,0.012245351
35.64642158599963,2,40,0.1265868663787842,1,0,1,-30.158552,-30.0,0.15855217,51.450726,-65.539925,0.013988488
35.745967258000746,2,41,0.07858686637878419,1,0,1,-30.166103,-30.0,0.16610336,-53.657528,-65.53813,0.012340355
35.84634488600204,2,42,0.03058686637878419,1,0,1,-29.431871,-30.0,-0.5681286,19.27185,-65.54033,0.022444917
35.94575310900109,2,43,0.06485248804092407,1,0,1,-29.7418,-30.0,-0.2581997,-84.47837,-65.542625,0.017464325
36.045650784002646,2,44,0.11285248804092407,1,0,1,-29.238083,-30.0,-0.7619171,-28.596876,-65.54813,0.025024703
36.14531127600276,2,45,0.16085248804092406,1,0,1,-29.50019,-30.0,-0.49980927,-9.4947815,-65.55451,0.022753036
36.245853173000796,2,46,0.11285248804092406,1,0,1,-29.737183,-30.0,-0.26281738,28.36418,-65.55884,0.021316484
36.34565809800188,2,47,0.16085248804092406,1,0,1,-29.424026,-30.0,-0.5759735,-45.0592,-65.562386,0.025415294
36.44652266400226,2,48,0.11285248804092406,1,0,1,-29.512049,-30.0,-0.48795128,-89.32876,-65.56713,0.02439575
36.54640217999986,2,49,0.06485248804092406,1,0,1,-30.001625,-30.0,0.001625061,129.26483,-65.57171,0.021363601
36.64646496100249,2,50,0.016852488040924055,1,0,1,-29.546753,-30.0,-0.45324707,-10.040282,-65.57408,0.026509361
36.74578630100223,2,51,0.06485248804092406,1,0,1,-30.30786,-30.0,0.30785942,134.13239,-65.57521,0.019075286
36.84601586500139,2,52,0.11285248804092406,1,0,1,-30.94104,-30.0,0.94104004,-150.44403,-65.56581,0.0077095684
36.94673124900146,2,53,0.12406682968139648,1,0,1,-30.947046,-30.0,0.9470463,-56.13899,-65.557236,0.006580429
37.046268539001176,2,54,0.17206682968139647,1,0,1,-30.568613,-30.0,0.56861305,-33.636093,-65.55009,0.010205433
37.14585080799952,2,55,0.12406682968139647,1,0,1,-30.408812,-30.0,0.40881157,24.930952,-65.54484,0.011827986
37.24842370800252,2,56,0.07606682968139647,1,0,1,-30.359138,-30.0,0.3591385,62.61825,-65.541405,0.011953529
37.34675915900152,2,57,0.02806682968139647,1,0,1,-30.176529,-30.0,0.17652893,-32.70912,-65.53826,0.01241551
37.44583465500182,2,58,-0.019933170318603533,1,0,1,-30.336107,-30.0,0.33610725,73.480606,-65.53618,0.011235258
37.547135314001935,2,59,-0.06793317031860353,1,0,1,-30.25766,-30.0,0.2576599,19.844055,-65.53363,0.011111688
37.64635300900045,2,60,-0.019933170318603533,1,0,1,-30.263563,-30.0,0.26356316,-40.76576,-65.53087,0.009908239
37.74615625700244,2,61,-0.06793317031860353,1,0,1,-29.942902,-30.0,-0.05709839,-2.0065308,-65.53017,0.014029223
37.84619668900268,2,62,-0.11593317031860353,1,0,1,-29.992594,-30.0,-0.0074062347,21.930693,-65.5307,0.013495899
37.94619968600091,2,63,-0.14164477586746216,1,0,1,-29.896307,-30.0,-0.10369301,-16.979218,-65.53105,0.014414511
38.0461401040011,2,64,-0.09364477586746216,1,0,1,-30.062334,-30.0,0.06233406,84.11216,-65.53206,0.013446512
38.14746311300041,2,65,-0.045644775867462156,1,0,1,-29.747114,-30.0,-0.25288582,23.735044,-65.532875,0.017247893
38.24661906700203,2,66,0.002355224132537845,1,0,1,-29.59942,-30.0,-0.40057945,36.79657,-65.53666,0.019172318
38.345986502001324,2,67,0.050355224132537846,1,0,1,-29.16669,-30.0,-0.8333092,-34.08432,-65.54138,0.024891837
38.445154748002096,2,68,0.002355224132537845,1,0,1,-29.40067,-30.0,-0.5993309,3.6220548,-65.54853,0.023033522
38.54624923400115,2,69,0.050355224132537846,1,0,1,-29.491173,-30.0,-0.5088272,-77.19803,-65.552124,0.022469874
38.646192446001805,2,70,0.04326252639293671,1,0,1,-30.23131,-30.0,0.23130989,-43.15376,-65.55201,0.013896574
38.74634546300149,2,71,0.09126252639293671,1,0,1,-30.006056,-30.0,0.006055832,18.899918,-65.551315,0.01723171
38.84624816699943,2,72,0.04326252639293671,1,0,1,-30.528486,-30.0,0.52848625,93.553535,-65.54842,0.011473554
38.94545608300177,2,73,0.09126252639293671,1,0,1,-30.930523,-30.0,0.9305229,-21.333693,-65.53951,0.0042117364
39.04642820600202,2,74,0.1392625263929367,1,0,1,-30.373243,-30.0,0.37324333,103.42597,-65.53548,0.011146151
39.145724682002765,2,75,0.09126252639293671,1,0,1,-31.032856,-30.0,1.032856,20.565031,-65.52681,0.0013001398
39.24591876600243,2,76,0.04326252639293671,1,0,1,-30.393808,-30.0,0.39380836,-53.661343,-65.51948,0.0068295016
39.3463885860001,2,77,0.04829845130443573,1,0,1,-29.511196,-30.0,-0.48880386,-119.54116,-65.519775,0.016116912
39.447375236999505,2,78,0.09629845130443573,1,0,1,-29.331568,-30.0,-0.66843224,5.304336,-65.52741,0.019905826
39.546857492001436,2,79,0.14429845130443575,1,0,1,-29.48817,-30.0,-0.5118294,-69.553375,-65.53107,0.018906863
39.64590253700226,2,80,0.1729272484779358,1,0,1,-29.578058,-30.0,-0.42194176,-22.953032,-65.53566,0.018624458
39.746470136000426,2,81,0.1249272484779358,1,0,1,-29.291985,-30.0,-0.70801544,6.9274898,-65.54204,0.02338123
39.846560854002746,2,82,0.0769272484779358,1,0,1,-29.241945,-30.0,-0.75805473,145.74432,-65.55133,0.02663404
39.947463972999685,2,83,0.1249272484779358,1,0,1,-29.230669,-30.0,-0.769331,-115.44036,-65.55522,0.026225805
40.046724969000934,2,84,0.1729272484779358,1,0,1,-29.454473,-30.0,-0.5455265,-114.07661,-65.561226,0.023487331
40.14611643000171,2,85,0.1249272484779358,1,0,1,-29.26959,-30.0,-0.7304096,-184.89836,-65.56596,0.026299478
40.24735562900241,2,86,0.0769272484779358,1,0,1,-29.374353,-30.0,-0.6256466,154.73938,-65.57543,0.029389828
40.347137365999515,2,87,0.08675658106803895,1,0,1,-29.354824,-30.0,-0.64517593,-90.5342,-65.579544,0.028874934
40.44656430699979,2,88,0.03875658106803895,1,0,1,-29.486979,-30.0,-0.51302147,-5.456924,-65.58491,0.02880981
40.54587866200018,2,89,0.08675658106803895,1,0,1,-29.19031,-30.0,-0.8096905,34.553528,-65.591896,0.03397685
40.64636189200246,2,90,0.03875658106803895,1,0,1,-29.490543,-30.0,-0.50945663,15.258788,-65.59854,0.031104827
40.7465272010013,2,91,-0.009243418931961053,1,0,1,-29.6745,-30.0,-0.3255005,-54.02946,-65.60138,0.029407822
40.84590972300066,2,92,-0.057243418931961054,1,0,1,-29.14252,-30.0,-0.8574791,-105.70907,-65.60579,0.03617153
40.94565989200055,2,93,-0.009243418931961053,1,0,1,-28.930311,-30.0,-1.0696888,169.38208,-65.61674,0.04285066
41.04601796499992,2,94,0.03875658106803895,1,0,1,-30.483889,-30.0,0.48388863,197.76534,-65.618256,0.025117353
41.1460754380023,2,95,0.08675658106803895,1,0,1,-31.16336,-30.0,1.1633606,-63.747402,-65.606926,0.013641619
41.24621420800031,2,96,0.03875658106803895,1,0,1,-31.762924,-30.0,1.7629242,29.508589,-65.59127,0.0049129454
41.34644488900085,2,97,0.07998218536376954,1,0,1,-30.774923,-30.0,0.7749233,-72.711945,-65.57862,0.013191014
41.445537985000556,2,98,0.03198218536376954,1,0,1,-30.799603,-30.0,0.7996025,38.022995,-65.570335,0.012187127
41.54615922300218,2,99,-0.016017814636230462,1,0,1,-30.462358,-30.0,0.46235847,-107.94067,-65.561874,0.013399021
41.64596498600076,2,100,-0.06401781463623046,1,0,1,-30.368921,-30.0,0.36892128,-17.885208,-65.55838,0.01370525
41.74588948000019,2,101,-0.07846853137016296,1,0,1,-30.038883,-30.0,0.03888321,-140.35797,-65.55494,0.016379168
41.84581900299963,2,102,-0.12646853137016295,1,0,1,-30.449972,-30.0,0.44997215,-101.17721,-65.55239,0.010656174
41.94746943100108,2,103,-0.07846853137016295,1,0,1,-30.00034,-30.0,0.00033950806,-11.9915,-65.55181,0.016943278
42.04613593300019,2,104,-0.03046853137016295,1,0,1,-29.855661,-30.0,-0.14433861,28.789518,-65.552795,0.01922211
42.147314788002404,2,105,-0.07846853137016295,1,0,1,-30.095827,-30.0,0.0958271,-47.863003,-65.55243,0.015418095
42.24596005800049,2,106,-0.03046853137016295,1,0,1,-30.043945,-30.0,0.043945312,-184.08392,-65.55023,0.014538194
42.346478488001594,2,107,0.017531468629837052,1,0,1,-29.357903,-30.0,-0.6420975,45.68481,-65.554,0.025613647
42.44701703300234,2,108,0.01280980706214905,1,0,1,-29.982134,-30.0,-0.017866135,91.64237,-65.55621,0.018667515
42.54609811699993,2,109,-0.03519019293785095,1,0,1,-29.873344,-30.0,-0.12665558,-133.27599,-65.556694,0.017905882
42.64676684600272,2,110,0.01280980706214905,1,0,1,-30.197943,-30.0,0.19794273,44.09599,-65.557655,0.015894013
42.74589123199985,2,111,-0.03519019293785095,1,0,1,-29.253628,-30.0,-0.7463722,-65.86647,-65.559326,0.026942145
42.84562771200217,2,112,0.01280980706214905,1,0,1,-29.658363,-30.0,-0.34163666,44.824596,-65.56358,0.02362862
42.94567484900108,2,113,0.05562816858291626,1,0,1,-30.226881,-30.0,0.22688103,-42.905804,-65.562485,0.015773734
43.04690929800199,2,114,0.0076281685829162615,1,0,1,-30.201807,-30.0,0.20180702,-108.25347,-65.558914,0.015362715
43.14580041199952,2,115,0.05562816858291626,1,0,1,-29.993835,-30.0,-0.006164551,-5.1155086,-65.55872,0.018251428
43.24581598000077,2,116,0.10362816858291626,1,0,1,-30.653053,-30.0,0.6530533,165.86684,-65.55618,0.011753386
43.34790585299925,2,117,0.05562816858291626,1,0,1,-30.65688,-30.0,0.6568794,-49.949642,-65.54773,0.00876721
43.4468285360017,2,118,0.10362816858291626,1,0,1,-30.74804,-30.0,0.74803925,152.04811,-65.54172,0.008386259
43.54743273200074,2,119,0.15162816858291628,1,0,1,-30.776674,-30.0,0.7766743,-147.59254,-65.531944,0.0032356903
43.646798770001624,2,120,0.10362816858291628,1,0,1,-30.073286,-30.0,0.07328606,-14.102935,-65.53068,0.0119506195
43.74645423400216,2,121,0.12806798219680787,1,0,1,-30.33672,-30.0,0.3367195,27.278898,-65.528366,0.009202648
43.8470623409994,2,122,0.08006798219680787,1,0,1,-30.24519,-30.0,0.24518967,-39.64615,-65.52504,0.009287671
43.9467214360011,2,123,0.03206798219680787,1,0,1,-30.146252,-30.0,0.14625168,-45.270916,-65.522026,0.009726323
44.0472792569999,2,124,0.08006798219680787,1,0,1,-30.119055,-30.0,0.119054794,18.404007,-65.520546,0.010441617
44.14797340900259,2,125,0.03206798219680787,1,0,1,-30.061789,-30.0,0.06178856,6.3724513,-65.5195,0.010595577
44.246797195999534,2,126,0.08006798219680787,1,0,1,-30.021547,-30.0,0.021547318,-98.6309,-65.51962,0.009489336
44.34729746700032,2,127,0.03206798219680787,1,0,1,-29.745916,-30.0,-0.25408363,23.046492,-65.52105,0.014744562
44.44763849900119,2,128,0.08006798219680787,1,0,1,-29.926601,-30.0,-0.07339859,-12.153625,-65.522514,0.012064894
44.5469548100009,2,129,0.12806798219680787,1,0,1,-29.884645,-30.0,-0.11535454,15.99121,-65.523766,0.013380403
44.64701591500125,2,130,0.17606798219680786,1,0,1,-29.706,-30.0,-0.29400063,62.28256,-65.526764,0.016371995
44.74741030600126,2,131,0.12806798219680787,1,0,1,-29.898344,-30.0,-0.10165596,64.474106,-65.5287,0.014442857
44.846567378001055,2,132,0.08006798219680787,1,0,1,-29.941113,-30.0,-0.05888748,-48.437115,-65.528786,0.01298515
44.94737495300069,2,133,0.03206798219680787,1,0,1,-29.562382,-30.0,-0.43761826,-41.507717,-65.530846,0.018185504
45.047297213001,2,134,-0.01593201780319213,1,0,1,-29.99181,-30.0,-0.008190155,-40.733334,-65.532265,0.012988836
45.14636181400056,2,135,0.03206798219680787,1,0,1,-30.146545,-30.0,0.14654541,-18.924713,-65.531395,0.011280642
45.24807174700254,2,136,0.08006798219680787,1,0,1,-30.28972,-30.0,0.28972054,27.153013,-65.52955,0.009644719
45.34697515299922,2,137,0.08187320828437805,1,0,1,-30.715374,-30.0,0.715374,72.38388,-65.52528,0.004541254
45.44700469000236,2,138,0.03387320828437805,1,0,1,-30.650902,-30.0,0.6509018,38.63716,-65.51801,0.00435206
45.54635005499949,2,139,0.06474733948707581,1,0,1,-30.590584,-30.0,0.5905838,-22.560118,-65.51102,0.0029196395
45.64664638800241,2,140,0.01674733948707581,1,0,1,-29.787205,-30.0,-0.21279526,0.7247924,-65.509674,0.01235713
45.74660803900042,2,141,-0.03125266051292419,1,0,1,-30.068998,-30.0,0.06899834,-10.175704,-65.50937,0.008356861
45.846298702999775,2,142,0.01674733948707581,1,0,1,-29.92369,-30.0,-0.076309204,9.408951,-65.50951,0.01039909
45.94723003800027,2,143,-0.03125266051292419,1,0,1,-30.120771,-30.0,0.12077141,-45.36247,-65.50932,0.0070721153
46.04642119300115,2,144,-0.07925266051292419,1,0,1,-29.856277,-30.0,-0.14372253,5.2127833,-65.5098,0.01113488
46.147409519002395,2,145,-0.03125266051292419,1,0,1,-29.824501,-30.0,-0.17549896,11.053084,-65.51153,0.0117280735
46.24660207100169,2,146,-0.07925266051292419,1,0,1,-29.684893,-30.0,-0.31510735,-57.29484,-65.51379,0.012959776
46.34683079699971,2,147,-0.03125266051292419,1,0,1,-29.639828,-30.0,-0.36017227,-4.2495728,-65.51716,0.01470437
46.44666701100141,2,148,0.01674733948707581,1,0,1,-29.570963,-30.0,-0.4290371,24.57237,-65.52124,0.016539954
46.54751816800126,2,149,0.06474733948707581,1,0,1,-29.433477,-30.0,-0.5665226,-20.25604,-65.5259,0.018512532
46.64766755399978,2,150,0.11274733948707581,1,0,1,-29.488195,-30.0,-0.5118046,-20.521162,-65.53112,0.018796623
46.745761352001864,2,151,0.06474733948707581,1,0,1,-29.46346,-30.0,-0.5365391,-63.629147,-65.53561,0.019576317
46.84624709700074,2,152,0.08458189964294434,1,0,1,-29.38925,-30.0,-0.6107502,87.14103,-65.541336,0.023177182
46.946779494999646,2,153,0.12085752487182617,1,0,1,-29.314545,-30.0,-0.6854553,9.4127655,-65.54721,0.02420682
47.04685429000165,2,154,0.12870794534683228,1,0,1,-29.234,-30.0,-0.76600075,-0.26130676,-65.55475,0.026091272
47.146856169001694,2,155,0.08070794534683227,1,0,1,-29.640081,-30.0,-0.3599186,9.128571,-65.559654,0.022543866
47.24546093100071,2,156,0.03270794534683227,1,0,1,-29.700293,-30.0,-0.2997074,54.595943,-65.56357,0.023031173
47.34742453000217,2,157,-0.008740475028753282,1,0,1,-29.888588,-30.0,-0.11141205,85.87646,-65.56604,0.02154769
47.44713670500278,2,158,-0.006840575486421585,1,0,1,-30.403214,-30.0,0.4032135,61.941143,-65.56477,0.015142719
47.54653096000038,2,159,0.041159424513578416,1,0,1,-30.472115,-30.0,0.47211456,52.869793,-65.56146,0.0138343545
47.646065177999844,2,160,0.08915942451357842,1,0,1,-30.76781,-30.0,0.7678108,48.732754,-65.5553,0.009305973
47.74667105100161,2,161,0.13715942451357843,1,0,1,-30.599417,-30.0,0.59941673,-66.740036,-65.54719,0.00918351
47.84598121599993,2,162,0.08915942451357843,1,0,1,-30.419794,-30.0,0.41979408,18.943787,-65.54367,0.010978143
47.94616328800112,2,163,0.05196433663368225,1,0,1,-30.539318,-30.0,0.5393181,-12.71057,-65.53863,0.008345342
48.0471549670001,2,164,0.09996433663368226,1,0,1,-30.313063,-30.0,0.31306267,8.2912445,-65.534454,0.01064259
48.14678109700253,2,165,0.14796433663368225,1,0,1,-30.335295,-30.0,0.33529472,71.57707,-65.532074,0.010378572
48.24555403799968,2,166,0.09996433663368225,1,0,1,-30.079086,-30.0,0.0790863,11.001586,-65.528915,0.012656254
48.3452181620014,2,167,0.051964336633682245,1,0,1,-30.254107,-30.0,0.25410652,-35.53772,-65.52652,0.009136225
48.44793409799968,2,168,0.07364695072174073,1,0,1,-30.166286,-30.0,0.16628647,-55.171963,-65.52462,0.009485484
48.5475789459997,2,169,0.06560397744178773,1,0,1,-30.117525,-30.0,0.1175251,100.61454,-65.52505,0.011510317
48.64784650400179,2,170,0.017603977441787724,1,0,1,-30.135994,-30.0,0.13599396,21.413801,-65.52336,0.010708952
48.74726171200018,2,171,-0.030396022558212277,1,0,1,-30.081055,-30.0,0.08105469,25.259016,-65.52203,0.011139374
48.84681464700043,2,172,0.017603977441787724,1,0,1,-30.201742,-30.0,0.20174217,-21.013258,-65.520424,0.008667962
48.94652095600031,2,173,0.06560397744178773,1,0,1,-30.06687,-30.0,0.066869736,7.5321193,-65.51877,0.01061968
49.04771824999989,2,174,0.017603977441787724,1,0,1,-29.920427,-30.0,-0.07957268,1.6288756,-65.51844,0.012028276
49.14718988900131,2,175,-0.030396022558212277,1,0,1,-29.93361,-30.0,-0.066389084,12.662887,-65.51925,0.011948221
49.24915265000163,2,176,0.017603977441787724,1,0,1,-30.371687,-30.0,0.37168694,74.251175,-65.51777,0.0070910812
49.34774065000238,2,177,-0.030396022558212277,1,0,1,-30.30832,-30.0,0.3083191,-2.1018982,-65.51427,0.0067477906
49.4469421419999,2,178,-0.07839602255821228,1,0,1,-30.595892,-30.0,0.59589195,63.707348,-65.50947,0.0033899976
49.54644116000054,2,179,-0.12639602255821228,1,0,1,-31.00931,-30.0,1.0093098,-16.923904,-65.50098,0.0
49.64702328600106,2,180,-0.08854639530181885,1,0,1,-30.565807,-30.0,0.56580734,-32.777786,-65.49337,0.0
49.74572862000059,2,181,-0.04054639530181885,1,0,1,-30.385664,-30.0,0.385664,-13.303756,-65.48895,0.0011023592
49.84553633900214,2,182,0.007453604698181154,1,0,1,-29.899773,-30.0,-0.100227356,-99.22027,-65.48648,0.005852096
49.94798771400019,2,183,0.055453604698181155,1,0,1,-30.42986,-30.0,0.42985916,-83.37783,-65.48312,0.0
50.0464969320019,2,184,0.007453604698181154,1,0,1,-30.669338,-30.0,0.6693382,-47.090527,-65.47744,0.0
50.146485682002094,2,185,0.055453604698181155,1,0,1,-29.13415,-30.0,-0.86585045,7.4062343,-65.48023,0.014664431
50.24539523400017,2,186,0.09742250442504884,1,0,1,-29.729046,-30.0,-0.27095413,-1.3065337,-65.48473,0.007489522
50.3464899999999,2,187,0.07612786293029786,1,0,1,-29.528296,-30.0,-0.47170448,-118.60084,-65.48748,0.009646672
50.446806727002695,2,188,0.06348930597305298,1,0,1,-29.854532,-30.0,-0.14546776,135.49614,-65.49268,0.008555356
50.54644989799999,2,189,0.01548930597305298,1,0,1,-29.537996,-30.0,-0.4620037,-10.910033,-65.49579,0.012015194
50.64632997400258,2,190,-0.03251069402694702,1,0,1,-29.644787,-30.0,-0.35521317,71.172714,-65.50058,0.012106648
50.74665899300089,2,191,-0.08051069402694702,1,0,1,-29.009674,-30.0,-0.9903259,9.962082,-65.50916,0.020181539
50.846391841001605,2,192,-0.03251069402694702,1,0,1,-29.100706,-30.0,-0.8992939,103.16657,-65.51893,0.022262545
50.94677952799975,2,193,0.01548930597305298,1,0,1,-28.857405,-30.0,-1.1425953,-82.52143,-65.527534,0.025002146
51.04630676200031,2,194,-0.03251069402694702,1,0,1,-28.956297,-30.0,-1.0437031,81.525795,-65.537415,0.027305134
51.147848795000755,2,195,0.01548930597305298,1,0,1,-28.926702,-30.0,-1.0732975,43.645855,-65.54595,0.028971577
51.24613647500155,2,196,-0.03251069402694702,1,0,1,-29.555264,-30.0,-0.44473648,-65.96947,-65.55249,0.020968499
51.34668703300122,2,197,0.01548930597305298,1,0,1,-29.342407,-30.0,-0.6575928,-70.5719,-65.55928,0.024693651
51.44628243199986,2,198,0.06348930597305298,1,0,1,-29.906242,-30.0,-0.09375763,8.874893,-65.56405,0.019773481
51.54640555700098,2,199,0.01548930597305298,1,0,1,-30.099722,-30.0,0.09972191,101.69601,-65.56521,0.018957946
51.64658790899921,2,200,-0.03251069402694702,1,0,1,-30.531599,-30.0,0.53159904,69.88716,-65.56251,0.013224567
51.74657302600099,2,201,-0.044943618774414065,1,0,1,-30.256853,-30.0,0.2568531,-0.6580352,-65.55875,0.015638368
51.84618239400152,2,202,0.0030563812255859357,1,0,1,-31.426987,-30.0,1.4269867,118.24798,-65.549614,0.0013882886
51.94579120400158,2,203,-0.02649369537830353,1,0,1,-30.85691,-30.0,0.8569107,-49.884792,-65.53754,0.00491893
52.0460090350025,2,204,0.021506304621696472,1,0,1,-30.304943,-30.0,0.30494308,-5.7983394,-65.5306,0.010748414
52.14565472100003,2,205,0.06950630462169648,1,0,1,-30.504715,-30.0,0.50471497,66.29181,-65.52589,0.007691234
52.24662516800163,2,206,0.021506304621696476,1,0,1,-30.842138,-30.0,0.8421383,48.0957,-65.518456,0.0021833533
52.34618257400143,2,207,-0.026493695378303525,1,0,1,-30.701168,-30.0,0.70116806,-96.36878,-65.510735,0.0009155273
52.44773634000012,2,208,0.021506304621696476,1,0,1,-30.065645,-30.0,0.06564522,22.123335,-65.50811,0.008996892
52.545840196002246,2,209,-0.026493695378303525,1,0,1,-30.06359,-30.0,0.063589096,-148.96774,-65.5055,0.006782706
52.64752610399955,2,210,-0.07449369537830353,1,0,1,-30.199228,-30.0,0.19922829,-95.94344,-65.50555,0.004962202
52.74660774700169,2,211,-0.026493695378303525,1,0,1,-29.564804,-30.0,-0.43519592,-107.086174,-65.506615,0.013160801
52.845642176002,2,212,0.021506304621696476,1,0,1,-29.690973,-30.0,-0.30902672,-21.50154,-65.5109,0.012888902
52.94717638799921,2,213,-0.026493695378303525,1,0,1,-30.216007,-30.0,0.21600723,8.192062,-65.511406,0.007182451
53.047064006001165,2,214,-0.07374215722084046,1,0,1,-30.06458,-30.0,0.06458092,-15.260695,-65.50977,0.008903709
53.1468865320021,2,215,-0.02949914634227753,1,0,1,-30.35659,-30.0,0.35659027,92.03719,-65.50813,0.0059556738
53.24609416900057,2,216,-0.07749914634227753,1,0,1,-30.269459,-30.0,0.26945877,27.402876,-65.505264,0.005881632
53.34638770899983,2,217,-0.11768251657485962,1,0,1,-29.723112,-30.0,-0.2768879,54.681774,-65.5056,0.012977351
53.44652536099966,2,218,-0.06968251657485962,1,0,1,-29.889812,-30.0,-0.11018753,53.7281,-65.50709,0.010749356
53.5464238750028,2,219,-0.11768251657485962,1,0,1,-29.696562,-30.0,-0.3034382,14.139174,-65.509514,0.013314434
53.646710988999985,2,220,-0.06968251657485962,1,0,1,-30.613348,-30.0,0.613348,58.90083,-65.5079,0.0021635352
53.745868340000015,2,221,-0.08802196979522706,1,0,1,-31.213245,-30.0,1.2132454,-9.571075,-65.49725,0.0
53.84684186100276,2,222,-0.040021969795227055,1,0,1,-30.974585,-30.0,0.9745846,-18.655777,-65.48782,0.0
53.94564692900167,2,223,-0.08802196979522706,1,0,1,-29.76375,-30.0,-0.23624992,-39.4516,-65.485115,0.007971733
54.046498087001964,2,224,-0.040021969795227055,1,0,1,-30.521698,-30.0,0.521698,121.149055,-65.48377,0.0
54.14575573100228,2,225,-0.08802196979522706,1,0,1,-30.860876,-30.0,0.8608761,-67.23404,-65.47585,0.0
54.245942552002816,2,226,-0.040021969795227055,1,0,1,-30.549097,-30.0,0.54909706,17.232895,-65.471634,0.0
54.34598494000238,2,227,0.007978030204772946,1,0,1,-29.92292,-30.0,-0.07707977,97.438805,-65.47074,0.004604414
54.44576136999967,2,228,-0.040021969795227055,1,0,1,-30.248201,-30.0,0.24820137,131.24847,-65.47113,0.00052500743
54.54576967600224,2,229,-0.07130890488624574,1,0,1,-30.171453,-30.0,0.17145348,4.6043396,-65.468475,0.00028416124
54.64584642599948,2,230,-0.023308904886245735,1,0,1,-29.791231,-30.0,-0.20876884,-11.508941,-65.46863,0.0045027947
54.74598966600024,2,231,0.024691095113754266,1,0,1,-29.819048,-30.0,-0.18095207,-30.897139,-65.47068,0.0038600627
54.845330003001436,2,232,-0.023308904886245735,1,0,1,-29.603815,-30.0,-0.39618492,-31.099318,-65.473564,0.0069409786
54.946318050002446,2,233,0.024691095113754266,1,0,1,-29.734934,-30.0,-0.26506615,-22.42851,-65.47646,0.006066214
55.04661913300151,2,234,-0.023308904886245735,1,0,1,-29.76783,-30.0,-0.2321701,-57.226177,-65.47795,0.0057992134
55.145698541000456,2,235,0.024691095113754266,1,0,1,-29.781528,-30.0,-0.21847153,-3.973007,-65.47919,0.00670914
55.24572975400224,2,236,-0.019008722901344297,1,0,1,-29.440668,-30.0,-0.5593319,-67.928314,-65.481865,0.0104741575
55.345279058001324,2,237,0.028991277098655704,1,0,1,-29.538118,-30.0,-0.46188164,21.705626,-65.487686,0.010533941
55.44628722000198,2,238,-0.0030661981552839307,1,0,1,-29.762419,-30.0,-0.23758125,-18.58139,-65.491295,0.008194498
55.54621283300003,2,239,-0.05106619815528393,1,0,1,-29.49392,-30.0,-0.5060806,-11.526107,-65.49509,0.0124921
55.646362219002185,2,240,-0.0030661981552839307,1,0,1,-29.439068,-30.0,-0.56093216,37.891388,-65.50031,0.01453653
55.74702508200062,2,241,-0.05106619815528393,1,0,1,-29.452986,-30.0,-0.54701424,65.33241,-65.50552,0.015758721
55.84640704500271,2,242,-0.0030661981552839307,1,0,1,-30.312096,-30.0,0.31209564,28.568266,-65.50533,0.005058141
55.94641004300138,2,243,-0.05106619815528393,1,0,1,-30.304094,-30.0,0.3040943,145.67757,-65.503334,0.0063807173
56.04658401300185,2,244,-0.08801627159118652,1,0,1,-30.434046,-30.0,0.4340458,-208.34921,-65.49546,0.0007044341
56.14686861299924,2,245,-0.10120527744293213,1,0,1,-30.019995,-30.0,0.019994736,-84.712975,-65.49342,0.0056759133
56.24814357099967,2,246,-0.05320527744293213,1,0,1,-30.50103,-30.0,0.50102997,65.50598,-65.49225,0.0006933883
56.34649299100056,2,247,-0.00520527744293213,1,0,1,-30.455967,-30.0,0.45596695,-17.45224,-65.48707,0.00027753634
56.446085039002355,2,248,0.04279472255706787,1,0,1,-30.39899,-30.0,0.39899063,-23.895262,-65.48275,0.0
56.54510214699985,2,249,0.08822553157806397,1,0,1,-30.248507,-30.0,0.24850655,-15.0585165,-65.479576,0.0012242612
56.64551832900179,2,250,0.13622553157806397,1,0,1,-30.155853,-30.0,0.15585327,-49.654003,-65.47766,0.0012622975
56.74568838900086,2,251,0.08822553157806397,1,0,1,-29.90446,-30.0,-0.09553909,27.685163,-65.4778,0.0051777796
56.845791120002104,2,252,0.04022553157806397,1,0,1,-30.037313,-30.0,0.03731346,-17.091751,-65.478096,0.0029605543
56.94564996400004,2,253,0.08822553157806397,1,0,1,-29.753567,-30.0,-0.24643326,-41.28265,-65.47914,0.0063744234
57.04563564000273,2,254,0.10778274536132813,1,0,1,-29.708212,-30.0,-0.2917881,50.92239,-65.48231,0.008298272
57.14652171900161,2,255,0.09906545877456666,1,0,1,-30.281803,-30.0,0.28180313,70.16182,-65.482216,0.0016811115
57.24696108799981,2,256,0.051065458774566655,1,0,1,-29.922714,-30.0,-0.07728577,26.418684,-65.48147,0.0057389424
57.34551612300129,2,257,0.09906545877456666,1,0,1,-29.48436,-30.0,-0.51564026,-96.330635,-65.48407,0.0098295
57.44665782300217,2,258,0.051065458774566655,1,0,1,-29.606153,-30.0,-0.3938465,-0.8068084,-65.49,0.009717837
57.54670356399947,2,259,0.030855995416641236,1,0,1,-29.53147,-30.0,-0.46853065,-59.062954,-65.49262,0.01145634
57.64702084900273,2,260,-0.017144004583358765,1,0,1,-29.766926,-30.0,-0.23307419,65.08827,-65.49627,0.010163036
57.745535097001266,2,261,-0.05078326463699341,1,0,1,-29.719553,-30.0,-0.280447,63.236233,-65.49932,0.011525737
57.846020282999234,2,262,-0.05661113858222962,1,0,1,-30.062416,-30.0,0.062416077,11.127471,-65.4998,0.006930053
57.94600260700099,2,263,-0.008611138582229616,1,0,1,-29.937132,-30.0,-0.06286812,-1.3256072,-65.50025,0.008384628
58.046826107001834,2,264,-0.05661113858222962,1,0,1,-30.72231,-30.0,0.7223091,127.4681,-65.496765,1.1232923e-05
58.145552952999424,2,265,-0.10461113858222962,1,0,1,-30.954723,-30.0,0.95472336,-0.63133234,-65.48761,0.0
58.24552745500114,2,266,-0.05661113858222962,1,0,1,-30.744205,-30.0,0.7442055,-43.44177,-65.479256,0.0
58.34626435099926,2,267,-0.008611138582229616,1,0,1,-30.651415,-30.0,0.6514149,93.093864,-65.47465,0.0
58.44710628900066,2,268,0.039388861417770385,1,0,1,-30.305162,-30.0,0.30516243,-33.216476,-65.469,0.0
58.54754677600067,2,269,-0.008611138582229616,1,0,1,-29.796879,-30.0,-0.20312119,-68.28499,-65.46771,0.0039131707
58.646054598000774,2,270,0.039388861417770385,1,0,1,-30.169693,-30.0,0.169693,29.285429,-65.46669,7.0063346e-05
58.74589137200019,2,271,-0.008611138582229616,1,0,1,-29.998678,-30.0,-0.0013217926,-49.812313,-65.46705,0.00077629014
58.84580552999978,2,272,0.039388861417770385,1,0,1,-30.103964,-30.0,0.10396385,81.86721,-65.46776,0.0015655382
58.94557022700246,2,273,-0.008611138582229616,1,0,1,-29.899338,-30.0,-0.10066223,44.170376,-65.46732,0.0035403527
59.046923687001254,2,274,-0.05661113858222962,1,0,1,-29.595407,-30.0,-0.4045925,14.236449,-65.46913,0.0070425393
59.14595867599928,2,275,-0.008611138582229616,1,0,1,-29.48358,-30.0,-0.51642036,-133.5907,-65.47174,0.0072025945
59.24555267899996,2,276,0.029176342487335208,1,0,1,-29.638851,-30.0,-0.36114883,157.82928,-65.47885,0.0089162225
59.34524474000136,2,277,0.07717634248733521,1,0,1,-29.533031,-30.0,-0.46696854,113.25454,-65.48234,0.01101085
59.446528358999785,2,278,0.029176342487335208,1,0,1,-29.450994,-30.0,-0.5490055,-7.513046,-65.48605,0.011714565
59.546859334001056,2,279,-0.018823657512664793,1,0,1,-29.893448,-30.0,-0.106552124,-77.94762,-65.48725,0.0058452617
59.64690535400223,2,280,-0.0668236575126648,1,0,1,-29.814024,-30.0,-0.18597603,13.528823,-65.48922,0.007944987
59.745540288000484,2,281,-0.018823657512664793,1,0,1,-29.495026,-30.0,-0.50497437,-46.285625,-65.492744,0.011613826
59.84573996000108,2,282,-0.012794005870819093,1,0,1,-29.885025,-30.0,-0.114974976,-17.910004,-65.49646,0.0076493444
59.94558288000189,2,283,0.035205994129180906,1,0,1,-29.980663,-30.0,-0.0193367,-22.027967,-65.49612,0.007254014
60.04576355500103,2,284,0.08320599412918091,1,0,1,-29.888088,-30.0,-0.11191177,-78.57895,-65.496475,0.0074152024
60.14652084500267,2,285,0.04867119193077088,1,0,1,-30.16463,-30.0,0.16463089,79.56123,-65.49741,0.005627364
60.24593326000104,2,286,0.0006711919307708786,1,0,1,-30.552874,-30.0,0.5528736,50.910946,-65.49399,0.00046998917
60.34616980800274,2,287,-0.04732880806922912,1,0,1,-30.506681,-30.0,0.50668144,-38.78212,-65.48845,0.0
60.44536822699956,2,288,0.0006711919307708786,1,0,1,-30.645283,-30.0,0.64528275,25.699614,-65.48214,0.0
60.54615624800135,2,289,0.04867119193077088,1,0,1,-30.354713,-30.0,0.35471344,-83.58192,-65.474785,0.0
60.64638050400026,2,290,0.09667119193077088,1,0,1,-30.753233,-30.0,0.75323296,206.78519,-65.47217,0.0
60.74651396600166,2,291,0.04867119193077088,1,0,1,-30.541552,-30.0,0.5415516,-19.548416,-65.46479,0.0
60.84694914500142,2,292,0.0006711919307708786,1,0,1,-30.7053,-30.0,0.7052994,-23.071287,-65.45751,0.0
60.94573382100134,2,293,0.04867119193077088,1,0,1,-30.632168,-30.0,0.6321678,30.107496,-65.45166,0.0
61.04574603700166,2,294,0.02747201919555664,1,0,1,-30.262909,-30.0,0.26290894,-13.172149,-65.44658,0.0
61.145895423000184,2,295,-0.02052798080444336,1,0,1,-30.448885,-30.0,0.44888496,-106.74857,-65.44181,0.0
61.246126944002754,2,296,0.02747201919555664,1,0,1,-29.940453,-30.0,-0.059547424,49.352642,-65.441475,0.0
61.34719042100187,2,297,0.07547201919555664,1,0,1,-29.856897,-30.0,-0.14310265,-50.30441,-65.4419,0.0
61.44597202300065,2,298,0.02747201919555664,1,0,1,-29.805016,-30.0,-0.19498444,7.2059627,-65.443985,0.0
61.54590685400035,2,299,0.07547201919555664,1,0,1,-29.796862,-30.0,-0.20313835,-14.793395,-65.44664,0.0
61.644720584001334,2,300,0.0,1,1,1,-29.543081,-30.0,-0.45691872,-48.01559,-65.44963,0.0031360337
63.37927288600258,3,1,0.048,1,0,1,-30.65489,-30.0,0.65489006,14.720916,-65.41911,0.0
63.48361083100099,3,2,0.0,1,0,1,-30.311165,-30.0,0.31116486,-38.92517,-65.414345,0.0
63.58423765599946,3,3,-0.03950272500514984,1,0,1,-30.118567,-30.0,0.11856651,-1.4495848,-65.413086,0.0
63.684815593001986,3,4,0.00849727499485016,1,0,1,-29.84104,-30.0,-0.15896034,-102.05268,-65.41253,0.0
63.78401568700065,3,5,0.05649727499485016,1,0,1,-29.500755,-30.0,-0.4992447,77.30293,-65.416695,0.00087149657
63.884187981999276,3,6,0.00849727499485016,1,0,1,-29.462927,-30.0,-0.53707314,-43.172832,-65.422714,0.0006663925
63.98474664199966,3,7,0.05649727499485016,1,0,1,-29.678335,-30.0,-0.3216648,60.87112,-65.427315,0.0005683405
64.08425404100126,3,8,0.04655877351760865,1,0,1,-29.20353,-30.0,-0.79647064,80.00946,-65.434044,0.007250377
64.18367567500172,3,9,0.09455877351760865,1,0,1,-29.602262,-30.0,-0.3977375,78.819275,-65.44001,0.0037279474
64.28346272099952,3,10,0.04655877351760865,1,0,1,-29.708973,-30.0,-0.29102707,-0.10299682,-65.44355,0.002374477
64.38424906500222,3,11,0.09455877351760865,1,0,1,-29.606865,-30.0,-0.39313507,-9.0065,-65.44667,0.004361619
64.48432665400105,3,12,0.04655877351760865,1,0,1,-29.795227,-30.0,-0.20477295,-13.727187,-65.449814,0.0022196076
64.58326107000175,3,13,0.09455877351760865,1,0,1,-29.77258,-30.0,-0.2274208,23.67401,-65.452736,0.0035891603
64.68349510500047,3,14,0.10193254947662354,1,0,1,-29.915508,-30.0,-0.08449173,70.12749,-65.454445,0.0029186665
64.78343301000132,3,15,0.12585620880126955,1,0,1,-29.994095,-30.0,-0.0059051514,18.762589,-65.45504,0.0014921599
64.8835005410001,3,16,0.17385620880126956,1,0,1,-30.5731,-30.0,0.57309914,29.058455,-65.4517,0.0
64.98359181900014,3,17,0.19511518478393555,1,0,1,-30.825527,-30.0,0.8255272,9.567261,-65.44409,0.0
65.08429938200061,3,18,0.14711518478393554,1,0,1,-30.934916,-30.0,0.93491554,-35.110474,-65.43481,0.0
65.18375146700055,3,19,0.12948647737503052,1,0,1,-30.942553,-30.0,0.94255257,12.474059,-65.42514,0.0
65.28431655200257,3,20,0.17273330688476562,1,0,1,-30.632174,-30.0,0.63217354,-74.25308,-65.41715,0.0
65.38447767199978,3,21,0.19572999477386477,1,0,1,-30.290773,-30.0,0.2907734,-46.854015,-65.412445,0.0
65.48452453000209,3,22,0.14772999477386478,1,0,1,-30.337961,-30.0,0.3379612,25.447844,-65.40897,0.0
65.58441578000202,3,23,0.10610975027084352,1,0,1,-30.129591,-30.0,0.12959099,-5.6228633,-65.407295,0.0
65.68294343800153,3,24,0.058109750270843516,1,0,1,-30.252934,-30.0,0.2529335,-10.894774,-65.405174,0.0
65.78424884700144,3,25,0.10610975027084352,1,0,1,-30.031256,-30.0,0.031255722,-14.324187,-65.404076,0.0
65.88385514300171,3,26,0.058109750270843516,1,0,1,-29.893744,-30.0,-0.106256485,-67.19971,-65.40366,0.0
65.98410761600098,3,27,0.10610975027084352,1,0,1,-29.945145,-30.0,-0.054855347,-9.788513,-65.40482,0.0
66.08418157300184,3,28,0.1541097502708435,1,0,1,-29.602375,-30.0,-0.39762497,-27.40669,-65.4068,0.0
66.18367221000153,3,29,0.1061097502708435,1,0,1,-29.758034,-30.0,-0.24196625,4.9419403,-65.41041,0.0
66.28364447700005,3,30,0.0581097502708435,1,0,1,-29.555838,-30.0,-0.44416237,-38.35106,-65.41332,0.0011938439
66.38385225100137,3,31,0.010109750270843501,1,0,1,-29.59842,-30.0,-0.4015808,21.512983,-65.41785,0.0019052646
66.48406980300206,3,32,-0.0378902497291565,1,0,1,-29.694155,-30.0,-0.30584526,25.806425,-65.421776,0.0014196677
66.58415772900116,3,33,0.010109750270843501,1,0,1,-29.5736,-30.0,-0.42639923,27.85301,-65.425415,0.0039741183
66.68515276100152,3,34,0.017797690629959107,1,0,1,-29.554806,-30.0,-0.44519424,20.036697,-65.429085,0.004631561
66.78453500400065,3,35,0.0657976906299591,1,0,1,-29.704563,-30.0,-0.29543686,54.862972,-65.433624,0.0037273418
66.88386388700019,3,36,0.017797690629959104,1,0,1,-30.09923,-30.0,0.09922981,6.4067836,-65.43508,0.0
66.98455161500169,3,37,0.04970464408397675,1,0,1,-30.136322,-30.0,0.13632202,11.255263,-65.43383,0.0
67.08514798900069,3,38,0.0017046440839767474,1,0,1,-30.756983,-30.0,0.7569828,86.01951,-65.4298,0.0
67.18456710900136,3,39,-0.046295355916023254,1,0,1,-30.847113,-30.0,0.84711266,18.741608,-65.42104,0.0
67.28480086399941,3,40,0.0017046440839767474,1,0,1,-30.781975,-30.0,0.7819748,-2.5596616,-65.41275,0.0
67.38483515100233,3,41,0.04970464408397675,1,0,1,-30.494371,-30.0,0.4943714,3.9100645,-65.40701,0.0
67.48458057199969,3,42,0.09419890642166139,1,0,1,-30.508379,-30.0,0.508379,-3.8127897,-65.40137,0.0
67.58357030300249,3,43,0.046198906421661384,1,0,1,-30.505697,-30.0,0.50569725,-9.48143,-65.39598,0.0
67.68413762300042,3,44,0.09419890642166139,1,0,1,-30.583221,-30.0,0.58322144,15.247344,-65.39081,0.0
67.7843736140021,3,45,0.046198906421661384,1,0,1,-30.433695,-30.0,0.43369484,-24.520872,-65.385895,0.0
67.88446461200147,3,46,-0.0018010935783386167,1,0,1,-30.30409,-30.0,0.3040905,-4.8599243,-65.38322,0.0
67.98470172000088,3,47,0.04500404298305512,1,0,1,-30.217865,-30.0,0.21786499,51.87225,-65.38176,0.0
68.08337576600024,3,48,0.03145391345024109,1,0,1,-30.073349,-30.0,0.073349,21.188734,-65.38054,0.0
68.18347067500144,3,49,0.03969795107841492,1,0,1,-29.955692,-30.0,-0.04430771,10.025024,-65.38033,0.0
68.28330242100128,3,50,-0.008302048921585078,1,0,1,-29.976694,-30.0,-0.023305893,-22.729872,-65.3803,0.0
68.3842275240022,3,51,0.03969795107841492,1,0,1,-29.912222,-30.0,-0.08777809,-1.1196136,-65.38169,0.0
68.48363455400249,3,52,0.08769795107841492,1,0,1,-29.82132,-30.0,-0.17868042,-68.01987,-65.38257,0.0
68.58296419900216,3,53,0.0642844557762146,1,0,1,-29.57506,-30.0,-0.4249401,-58.723446,-65.38527,0.0
68.68427344800148,3,54,0.016284455776214596,1,0,1,-29.611647,-30.0,-0.38835335,14.986037,-65.3901,0.0
68.78362404500149,3,55,-0.031715544223785405,1,0,1,-29.57796,-30.0,-0.42204094,9.593964,-65.39364,0.0
68.88427187400157,3,56,-0.0039297409355640404,1,0,1,-29.738401,-30.0,-0.2615986,34.309387,-65.3972,0.0
68.98506064799949,3,57,-0.051929740935564045,1,0,1,-29.671253,-30.0,-0.3287468,-42.503353,-65.39885,0.0
69.08420307699998,3,58,-0.03877629637718201,1,0,1,-30.17916,-30.0,0.17915916,61.477657,-65.40046,0.0
69.18528267800139,3,59,0.009223703622817991,1,0,1,-30.372461,-30.0,0.37246132,37.672043,-65.39794,0.0
69.28425524900013,3,60,0.05722370362281799,1,0,1,-30.934772,-30.0,0.9347725,71.78116,-65.39089,0.0
69.3842008749998,3,61,0.105223703622818,1,0,1,-31.173292,-30.0,1.1732922,-17.974854,-65.3793,0.0
69.48596074799934,3,62,0.153223703622818,1,0,1,-31.031132,-30.0,1.0311317,63.781734,-65.368996,0.0
69.58444274000067,3,63,0.17839053869247437,1,0,1,-31.068726,-30.0,1.0687256,-22.880552,-65.35857,0.0
69.68366367400085,3,64,0.17632355690002444,1,0,1,-30.665457,-30.0,0.6654568,-27.065275,-65.3503,0.0
69.7834936399995,3,65,0.12832355690002445,1,0,1,-30.88357,-30.0,0.8835697,2.8610227,-65.34313,0.0
69.88266512100017,3,66,0.08032355690002445,1,0,1,-30.566387,-30.0,0.5663872,-19.147873,-65.335884,0.0
69.98456663400066,3,67,0.03232355690002445,1,0,1,-30.59891,-30.0,0.5989094,-36.17859,-65.32947,0.0
70.08348975199988,3,68,-0.015676443099975554,1,0,1,-30.558292,-30.0,0.5582924,-0.20599364,-65.32431,0.0
70.18311158200231,3,69,-0.06367644309997555,1,0,1,-30.331844,-30.0,0.33184433,5.1212306,-65.320305,0.0
70.28285074900123,3,70,-0.015676443099975554,1,0,1,-30.153357,-30.0,0.15335655,-35.58731,-65.31769,0.0
70.38332550400082,3,71,0.03232355690002445,1,0,1,-30.19967,-30.0,0.19967079,36.512375,-65.31625,0.0
70.48261963000186,3,72,0.0012197880074381814,1,0,1,-30.06526,-30.0,0.06525993,-27.023314,-65.31435,0.0
70.58403279800041,3,73,-0.04678021199256182,1,0,1,-29.927252,-30.0,-0.072748184,-35.282135,-65.31435,0.0
70.68405971900211,3,74,-0.08843311071395875,1,0,1,-29.786943,-30.0,-0.21305656,-36.449432,-65.316154,0.0
70.78254338400075,3,75,-0.09423654675483704,1,0,1,-29.906,-30.0,-0.09399986,30.555723,-65.31727,0.0
70.88429487100075,3,76,-0.04623654675483704,1,0,1,-29.948032,-30.0,-0.05196762,21.980284,-65.31806,0.0
70.9837521469999,3,77,0.0017634532451629575,1,0,1,-29.648327,-30.0,-0.35167313,30.95436,-65.32045,0.0
71.08429562500169,3,78,0.04976345324516296,1,0,1,-30.005634,-30.0,0.005634308,43.90144,-65.32169,0.0
71.18429739800195,3,79,0.08579062819480897,1,0,1,-29.843653,-30.0,-0.15634727,67.95311,-65.322845,0.0
71.2843561640002,3,80,0.03779062819480897,1,0,1,-30.171127,-30.0,0.17112732,-73.93646,-65.3217,0.0
71.38334912299979,3,81,-0.010209371805191034,1,0,1,-30.470598,-30.0,0.47059822,192.58498,-65.320114,0.0
71.48412280400225,3,82,-0.04369987845420838,1,0,1,-30.90296,-30.0,0.9029598,-67.583084,-65.31191,0.0
71.58345827400262,3,83,-0.09169987845420838,1,0,1,-31.498882,-30.0,1.4988823,114.49241,-65.30104,0.0
71.68383636300132,3,84,-0.04369987845420838,1,0,1,-31.377518,-30.0,1.3775177,-56.953426,-65.28489,0.0
71.78352384200116,3,85,-0.09169987845420838,1,0,1,-31.5223,-30.0,1.5223007,65.32669,-65.27131,0.0
71.88394187900121,3,86,-0.04369987845420838,1,0,1,-31.02499,-30.0,1.0249901,-143.63861,-65.25802,0.0
71.98306446400238,3,87,0.004300121545791624,1,0,1,-30.984364,-30.0,0.98436356,56.10084,-65.24982,0.0
72.08284441200158,3,88,0.0063216425478458405,1,0,1,-30.787172,-30.0,0.7871723,22.418974,-65.241135,0.0
72.1836468649999,3,89,-0.04167835745215416,1,0,1,-30.739668,-30.0,0.7396679,-29.489515,-65.23222,0.0
72.28384922600162,3,90,-0.08967835745215416,1,0,1,-30.594213,-30.0,0.5942135,-81.91871,-65.22464,0.0
72.38346238899976,3,91,-0.09190409779548646,1,0,1,-30.146833,-30.0,0.14683342,-82.1495,-65.221924,0.0
72.4827785790003,3,92,-0.04390409779548646,1,0,1,-30.43947,-30.0,0.4394703,-46.524044,-65.21791,0.0
72.58368719300051,3,93,0.0040959022045135435,1,0,1,-30.297106,-30.0,0.2971058,-20.690916,-65.214836,0.0
72.68406053000217,3,94,-0.04390409779548646,1,0,1,-30.222048,-30.0,0.2220478,-48.265453,-65.21165,0.0
72.78320462600095,3,95,0.0040959022045135435,1,0,1,-29.826527,-30.0,-0.17347336,-21.625517,-65.21199,0.0
72.88310246800029,3,96,-0.04390409779548646,1,0,1,-30.429867,-30.0,0.4298668,91.62902,-65.21004,0.0
72.98230802300168,3,97,0.0040959022045135435,1,0,1,-29.810438,-30.0,-0.18956184,-175.81366,-65.206314,0.0
73.0824369050024,3,98,-0.019198799133300783,1,0,1,-29.966818,-30.0,-0.033182144,42.62733,-65.208694,0.0
73.183289083001,3,99,-0.06719879913330079,1,0,1,-30.008432,-30.0,0.008432388,-45.198437,-65.20935,0.0
73.28440638599932,3,100,-0.01919879913330079,1,0,1,-29.331636,-30.0,-0.6683636,-13.441085,-65.21365,0.00051217247
73.38282522699956,3,101,-0.06719879913330079,1,0,1,-30.498325,-30.0,0.49832535,68.86482,-65.2141,0.0
73.48387520200049,3,102,-0.01919879913330079,1,0,1,-30.55595,-30.0,0.55595016,163.56657,-65.21077,0.0
73.58333191299971,3,103,0.02880120086669921,1,0,1,-31.399519,-30.0,1.399519,-20.397184,-65.200516,0.0
73.68363680000039,3,104,-0.01919879913330079,1,0,1,-31.581507,-30.0,1.5815067,-96.24671,-65.18395,0.0
73.7845216650021,3,105,-0.06719879913330079,1,0,1,-32.339558,-30.0,2.3395576,50.991055,-65.16457,0.0
73.88326625199988,3,106,-0.11519879913330079,1,0,1,-31.617373,-30.0,1.6173725,74.57733,-65.14672,0.0
73.98348732399973,3,107,-0.06719879913330079,1,0,1,-31.692705,-30.0,1.6927052,-33.27751,-65.12848,0.0
74.08254089700131,3,108,-0.01919879913330079,1,0,1,-31.427351,-30.0,1.427351,11.333465,-65.113335,0.0
74.18266446800044,3,109,-0.05174103975296021,1,0,1,-30.438541,-30.0,0.4385414,5.3710933,-65.105675,0.0
74.28410220899968,3,110,-0.0037410397529602096,1,0,1,-31.157825,-30.0,1.1578255,-158.97751,-65.09446,0.0
74.38354522699956,3,111,-0.05174103975296021,1,0,1,-30.464962,-30.0,0.464962,113.14773,-65.08988,0.0
74.48366097600228,3,112,-0.0037410397529602096,1,0,1,-30.979084,-30.0,0.979084,75.49286,-65.082146,0.0
74.58271007900112,3,113,-0.05174103975296021,1,0,1,-31.00363,-30.0,1.0036297,84.8503,-65.07273,0.0
74.68361477600047,3,114,-0.09974103975296021,1,0,1,-29.929445,-30.0,-0.07055473,-217.54073,-65.06462,0.0
74.78333102200122,3,115,-0.05174103975296021,1,0,1,-30.332048,-30.0,0.33204842,53.323742,-65.06394,0.0
74.88402730400048,3,116,-0.010150902718305585,1,0,1,-29.833515,-30.0,-0.16648483,-64.83078,-65.06345,0.0
74.98289229800139,3,117,0.037849097281694416,1,0,1,-29.885517,-30.0,-0.11448288,-30.567167,-65.06476,0.0
75.08327009500135,3,118,-0.010150902718305585,1,0,1,-29.871529,-30.0,-0.12847137,-62.904354,-65.06425,0.0
75.18265472100029,3,119,-0.058150902718305586,1,0,1,-29.994314,-30.0,-0.0056858063,-40.26222,-65.065025,0.0
75.28339123300248,3,120,-0.027001944184303284,1,0,1,-29.92444,-30.0,-0.075559616,-33.382416,-65.06606,0.0
75.38270629600083,3,121,0.020998055815696717,1,0,1,-29.783726,-30.0,-0.21627426,-1.8920897,-65.06606,0.0
75.48356349599999,3,122,0.06899805581569672,1,0,1,-30.04973,-30.0,0.0497303,57.790752,-65.067276,0.0
75.58294169800138,3,123,0.02099805581569672,1,0,1,-30.22727,-30.0,0.22727013,9.311676,-65.06495,0.0
75.68383745200117,3,124,-0.02700194418430328,1,0,1,-30.429867,-30.0,0.4298668,35.718918,-65.06158,0.0
75.78316592400006,3,125,0.02099805581569672,1,0,1,-30.764034,-30.0,0.7640343,-34.91783,-65.0543,0.0
75.8832758000026,3,126,-0.02700194418430328,1,0,1,-31.292145,-30.0,1.2921448,34.973145,-65.04285,0.0
75.98423357200227,3,127,-0.024509139358997345,1,0,1,-31.408451,-30.0,1.4084511,-21.65985,-65.0289,0.0
76.08343325100213,3,128,0.023490860641002656,1,0,1,-31.15402,-30.0,1.1540203,50.884243,-65.016685,0.0
76.18337159099974,3,129,0.07149086064100266,1,0,1,-31.578094,-30.0,1.5780945,-69.107056,-65.000725,0.0
76.28286433200265,3,130,0.11949086064100266,1,0,1,-31.531961,-30.0,1.5319614,82.14568,-64.98716,0.0
76.38409812400278,3,131,0.07149086064100266,1,0,1,-31.213005,-30.0,1.2130051,-111.80305,-64.97338,0.0
76.48328606900031,3,132,0.023490860641002656,1,0,1,-30.662388,-30.0,0.66238785,25.138853,-64.96512,0.0
76.58370297500005,3,133,-0.024509139358997345,1,0,1,-31.0461,-30.0,1.0461006,-24.578093,-64.955635,0.0
76.68331752300219,3,134,-0.04021061360836029,1,0,1,-30.435207,-30.0,0.43520737,124.494545,-64.94932,0.0
76.78284211199934,3,135,-0.001302915252745153,1,0,1,-31.222734,-30.0,1.2227345,-45.860287,-64.93942,0.0
76.88317911500053,3,136,0.006307732313871384,1,0,1,-30.81645,-30.0,0.8164501,-87.17536,-64.928894,0.0
76.98284785700162,3,137,0.054307732313871385,1,0,1,-30.060741,-30.0,0.060741425,-58.219906,-64.9247,0.0
77.08398107200264,3,138,0.10230773231387139,1,0,1,-30.467484,-30.0,0.46748352,38.459778,-64.921585,0.0
77.18351711200012,3,139,0.054307732313871385,1,0,1,-30.24197,-30.0,0.24197006,-25.226591,-64.91902,0.0
77.28335264099951,3,140,0.006307732313871384,1,0,1,-30.240417,-30.0,0.24041748,27.683256,-64.916725,0.0
77.3825836060023,3,141,-0.04169226768612862,1,0,1,-30.414858,-30.0,0.41485786,20.595549,-64.91339,0.0
77.48457058400163,3,142,-0.08969226768612862,1,0,1,-30.353935,-30.0,0.35393524,-14.1010275,-64.910225,0.0
77.58259493800142,3,143,-0.13769226768612863,1,0,1,-30.159576,-30.0,0.15957642,110.98861,-64.909966,0.0
77.68349264100107,3,144,-0.08969226768612863,1,0,1,-30.963781,-30.0,0.96378136,176.97333,-64.90467,0.0
77.78341812800136,3,145,-0.04169226768612863,1,0,1,-31.498402,-30.0,1.4984016,-21.411894,-64.88981,0.0
77.88278430699938,3,146,0.00630773231387137,1,0,1,-31.48443,-30.0,1.4844303,-48.408504,-64.8747,0.0
77.98369848999937,3,147,-0.027513816952705383,1,0,1,-31.361118,-30.0,1.3611183,-40.153503,-64.85983,0.0
78.0830266740013,3,148,-0.07551381695270538,1,0,1,-31.119919,-30.0,1.1199188,-11.274337,-64.84646,0.0
78.18369081900164,3,149,-0.027513816952705383,1,0,1,-31.124847,-30.0,1.1248474,-100.46958,-64.8348,0.0
78.28430132400172,3,150,-0.07551381695270538,1,0,1,-30.776655,-30.0,0.7766552,96.06742,-64.827415,0.0
78.38356022299922,3,151,-0.027513816952705383,1,0,1,-30.800158,-30.0,0.80015755,-131.46782,-64.81824,0.0
78.48350414500237,3,152,-0.06434901356697083,1,0,1,-30.957685,-30.0,0.9576855,6.89125,-64.8103,0.0
78.58274656200228,3,153,-0.016349013566970827,1,0,1,-30.621906,-30.0,0.6219063,-36.59439,-64.80193,0.0
78.68394765999983,3,154,0.031650986433029174,1,0,1,-30.862595,-30.0,0.8625946,-4.180908,-64.79507,0.0
78.78413631300282,3,155,0.07965098643302918,1,0,1,-30.631216,-30.0,0.63121605,-75.777054,-64.78661,0.0
78.88356590700278,3,156,0.031650986433029174,1,0,1,-30.361511,-30.0,0.36151123,10.332107,-64.78334,0.0
78.9837984170008,3,157,0.04031016230583191,1,0,1,-30.115885,-30.0,0.11588478,-52.69241,-64.78071,0.0
79.08257818900165,3,158,0.08831016230583191,1,0,1,-30.558558,-30.0,0.5585575,45.80688,-64.77867,0.0
79.18318813199949,3,159,0.13631016230583193,1,0,1,-29.664177,-30.0,-0.33582306,-36.04889,-64.77711,0.0
79.28261828399991,3,160,0.08831016230583193,1,0,1,-30.405962,-30.0,0.405962,126.39617,-64.77621,0.0
79.38370539600146,3,161,0.13631016230583193,1,0,1,-29.932606,-30.0,-0.06739426,-23.5939,-64.77475,0.0
79.48421141200015,3,162,0.08831016230583193,1,0,1,-29.918444,-30.0,-0.08155632,-22.144316,-64.7754,0.0
79.5838309790015,3,163,0.13328313827514648,1,0,1,-29.955652,-30.0,-0.044347763,21.999357,-64.77642,0.0
79.68377713299924,3,164,0.08528313827514648,1,0,1,-30.124933,-30.0,0.12493324,-7.2555537,-64.775215,0.0
79.78308324300087,3,165,0.03728313827514648,1,0,1,-30.240034,-30.0,0.2400341,36.55243,-64.77382,0.0
79.88327384500008,3,166,-0.010716861724853519,1,0,1,-30.900824,-30.0,0.9008236,109.22813,-64.76881,0.0
79.98361642500095,3,167,0.03728313827514648,1,0,1,-31.533098,-30.0,1.5330982,28.01895,-64.75461,0.0
80.08494798500033,3,168,0.07499967217445373,1,0,1,-32.000675,-30.0,2.0006752,-108.509056,-64.735664,0.0
80.1845113950003,3,169,0.02699967217445373,1,0,1,-31.690245,-30.0,1.6902447,-51.30958,-64.71981,0.0
80.28477016300167,3,170,0.0415992558002472,1,0,1,-31.607712,-30.0,1.6077118,28.343199,-64.704475,0.0
80.38456126200253,3,171,-0.0064007441997528045,1,0,1,-31.28191,-30.0,1.28191,-88.03367,-64.68944,0.0
80.4845571400001,3,172,-0.006203157454729081,1,0,1,-31.314224,-30.0,1.3142242,-105.81779,-64.675674,0.0
80.58461923000141,3,173,0.04179684254527092,1,0,1,-31.219582,-30.0,1.2195816,106.323235,-64.66536,0.0
80.68369960400014,3,174,-0.006203157454729082,1,0,1,-31.1675,-30.0,1.1674995,59.11636,-64.654686,0.0
80.78382678799971,3,175,0.04179684254527092,1,0,1,-30.959461,-30.0,0.9594612,-48.54011,-64.644005,0.0
80.8833586260007,3,176,0.04822227060794831,1,0,1,-30.670395,-30.0,0.6703949,-27.023314,-64.63623,0.0
80.98542996200194,3,177,0.0962222706079483,1,0,1,-30.79038,-30.0,0.7903805,-44.990536,-64.62841,0.0
81.0833947980027,3,178,0.0482222706079483,1,0,1,-30.151487,-30.0,0.15148735,-71.82503,-64.62447,0.0
81.18364797600225,3,179,0.00022227060794829945,1,0,1,-30.479805,-30.0,0.479805,-12.306212,-64.62092,0.0
81.28495382999972,3,180,-0.0477777293920517,1,0,1,-30.441284,-30.0,0.44128418,28.0323,-64.61673,0.0
81.38467927199963,3,181,0.00022227060794829945,1,0,1,-30.064095,-30.0,0.06409454,7.848739,-64.61493,0.0
81.4847852210005,3,182,0.0482222706079483,1,0,1,-30.15985,-30.0,0.15984917,-10.032654,-64.61385,0.0
81.5839882370019,3,183,0.00022227060794829945,1,0,1,-30.38476,-30.0,0.3847599,-29.243467,-64.61099,0.0
81.68477948600048,3,184,0.0482222706079483,1,0,1,-30.273876,-30.0,0.2738762,-37.79602,-64.60762,0.0
81.7860213640015,3,185,0.00022227060794829945,1,0,1,-30.427183,-30.0,0.42718315,26.691435,-64.60414,0.0
81.88654804500038,3,186,0.029513439536094668,1,0,1,-30.403341,-30.0,0.4033413,-0.7820129,-64.60058,0.0
81.98413879800137,3,187,-0.018486560463905333,1,0,1,-30.202028,-30.0,0.20202827,26.229856,-64.59764,0.0
82.0845355700003,3,188,0.024643528461456298,1,0,1,-30.039814,-30.0,0.039813995,21.677015,-64.596436,0.0
82.18387743100175,3,189,0.0726435284614563,1,0,1,-30.42629,-30.0,0.4262905,64.93759,-64.5936,0.0
82.28432365200206,3,190,0.11109466552734376,1,0,1,-31.413792,-30.0,1.4137917,79.91791,-64.58355,0.0
82.3837001560023,3,191,0.06309466552734376,1,0,1,-31.240652,-30.0,1.2406521,-14.307021,-64.56943,0.0
82.48381140900165,3,192,0.015094665527343759,1,0,1,-31.22906,-30.0,1.2290592,-31.557081,-64.557365,0.0
82.58368826900187,3,193,-0.03290533447265624,1,0,1,-31.1098,-30.0,1.1098003,26.205061,-64.54572,0.0
82.68492399699971,3,194,-0.08090533447265624,1,0,1,-31.010262,-30.0,1.0102615,-36.161423,-64.535065,0.0
82.78399654299938,3,195,-0.03290533447265624,1,0,1,-31.288197,-30.0,1.2881966,78.26996,-64.5236,0.0
82.88465759900282,3,196,0.015094665527343759,1,0,1,-30.93911,-30.0,0.9391098,-51.52702,-64.51145,0.0
82.98345607699957,3,197,0.06309466552734376,1,0,1,-30.851545,-30.0,0.85154533,-8.785248,-64.502815,0.0
83.08374500799982,3,198,0.015094665527343759,1,0,1,-30.854946,-30.0,0.85494614,45.36247,-64.49432,0.0
83.18469214200013,3,199,0.06309466552734376,1,0,1,-30.867096,-30.0,0.86709595,-24.394987,-64.48521,0.0
83.28397197900267,3,200,0.11109466552734376,1,0,1,-30.572008,-30.0,0.57200813,-74.28551,-64.47811,0.0
83.38373792399943,3,201,0.06309466552734376,1,0,1,-30.685005,-30.0,0.6850052,-3.4523008,-64.47192,0.0
83.48433751800258,3,202,0.11109466552734376,1,0,1,-30.997358,-30.0,0.9973583,-0.3814697,-64.464195,0.0
83.58336005300225,3,203,0.06309466552734376,1,0,1,-30.25129,-30.0,0.25128937,38.44452,-64.45953,0.0
83.68339894500241,3,204,0.11109466552734376,1,0,1,-30.450562,-30.0,0.45056152,14.762877,-64.456024,0.0
83.78342638400136,3,205,0.06309466552734376,1,0,1,-30.492876,-30.0,0.49287605,-91.596596,-64.45018,0.0
83.88478475100055,3,206,0.015094665527343759,1,0,1,-29.732592,-30.0,-0.26740837,-109.897606,-64.44825,0.0
83.98411151999971,3,207,-0.03290533447265624,1,0,1,-30.367487,-30.0,0.36748695,37.628174,-64.44781,0.0
84.08505250400049,3,208,-0.08090533447265624,1,0,1,-30.578829,-30.0,0.5788288,28.913496,-64.4434,0.0
84.18384790600248,3,209,-0.12890533447265623,1,0,1,-30.541275,-30.0,0.541275,95.56007,-64.4381,0.0
84.28345879600238,3,210,-0.08090533447265623,1,0,1,-30.797018,-30.0,0.79701805,109.754555,-64.431076,0.0
84.38427154800229,3,211,-0.03290533447265623,1,0,1,-31.576416,-30.0,1.576416,49.348827,-64.418526,0.0
84.4836066980024,3,212,0.015094665527343773,1,0,1,-31.78979,-30.0,1.7897892,35.015106,-64.40077,0.0
84.58374979400105,3,213,0.06309466552734377,1,0,1,-31.590174,-30.0,1.5901737,-51.60522,-64.38351,0.0
84.68337465300283,3,214,0.10278993844985962,1,0,1,-31.317553,-30.0,1.3175526,-1.9607543,-64.369865,0.0
84.78336325500277,3,215,0.05478993844985962,1,0,1,-31.487885,-30.0,1.4878845,16.515732,-64.355415,0.0
84.88375247600197,3,216,0.006789938449859617,1,0,1,-31.26069,-30.0,1.2606907,-19.262314,-64.34159,0.0
84.98306443500041,3,217,0.05478993844985962,1,0,1,-31.226103,-30.0,1.2261028,6.5383906,-64.32953,0.0
85.08458204099952,3,218,0.006789938449859617,1,0,1,-30.87033,-30.0,0.8703308,107.748024,-64.32151,0.0
85.18370374699953,3,219,0.05478993844985962,1,0,1,-31.237616,-30.0,1.2376156,20.713804,-64.31058,0.0
85.28322691100038,3,220,0.006789938449859617,1,0,1,-31.115053,-30.0,1.1150532,62.017437,-64.299,0.0
85.38449811100145,3,221,0.05478993844985962,1,0,1,-30.6752,-30.0,0.6751995,47.51968,-64.290375,0.0
85.48442524799975,3,222,0.10278993844985962,1,0,1,-30.45883,-30.0,0.45882988,38.73253,-64.2847,0.0
85.58332457300276,3,223,0.05478993844985962,1,0,1,-30.386744,-30.0,0.38674355,8.623123,-64.280045,0.0
85.68340592499953,3,224,0.006789938449859617,1,0,1,-30.485197,-30.0,0.48519707,36.20529,-64.27578,0.0
85.78478887299934,3,225,-0.041210061550140384,1,0,1,-30.603064,-30.0,0.6030636,-44.652935,-64.27004,0.0
85.88399103600022,3,226,-0.08921006155014038,1,0,1,-30.38423,-30.0,0.38422966,44.96574,-64.26598,0.0
85.98390084900166,3,227,-0.041210061550140384,1,0,1,-30.08479,-30.0,0.084789276,-28.287886,-64.26338,0.0
86.08400901700224,3,228,4.357397556305209e-05,1,0,1,-30.422798,-30.0,0.42279816,11.774062,-64.26098,0.0
86.18430129099943,3,229,-0.04795642602443695,1,0,1,-30.364786,-30.0,0.36478615,19.838333,-64.257286,0.0
86.28349870400052,3,230,-0.093491530418396,1,0,1,-30.318409,-30.0,0.31840897,-13.982772,-64.254486,0.0
86.38426898500256,3,231,-0.045491530418396,1,0,1,-30.260397,-30.0,0.26039696,-0.16975401,-64.25127,0.0
86.48378069300088,3,232,-0.093491530418396,1,0,1,-30.734573,-30.0,0.73457336,46.077724,-64.24653,0.0
86.5851460369995,3,233,-0.04624670147895813,1,0,1,-31.355047,-30.0,1.3550472,85.891716,-64.2361,0.0
86.68364278400259,3,234,-0.022203134000301362,1,0,1,-31.873137,-30.0,1.8731365,42.596813,-64.21942,0.0
86.78328495800088,3,235,0.02579686599969864,1,0,1,-31.733795,-30.0,1.7337952,-39.49547,-64.20222,0.0
86.88348196399966,3,236,0.07379686599969865,1,0,1,-31.499897,-30.0,1.499897,4.5776367,-64.18708,0.0
86.98448663499948,3,237,0.025796865999698645,1,0,1,-31.311773,-30.0,1.3117733,-17.185211,-64.17277,0.0
87.08453110300252,3,238,0.07379686599969865,1,0,1,-31.265184,-30.0,1.2651844,-22.344587,-64.15944,0.0
87.18323653799962,3,239,0.07268257141113281,1,0,1,-31.364782,-30.0,1.3647823,-47.365185,-64.14559,0.0
87.28416633800225,3,240,0.02468257141113281,1,0,1,-31.222239,-30.0,1.2222385,-17.889023,-64.13317,0.0
87.38390684800106,3,241,0.07268257141113281,1,0,1,-31.042683,-30.0,1.0426826,-85.23177,-64.12142,0.0
87.48435668499951,3,242,0.02468257141113281,1,0,1,-30.58507,-30.0,0.58506966,-39.96277,-64.11377,0.0
87.58320404100232,3,243,0.07268257141113281,1,0,1,-30.848803,-30.0,0.84880257,24.70207,-64.10606,0.0
87.6837371319998,3,244,0.02468257141113281,1,0,1,-30.529768,-30.0,0.529768,-49.77989,-64.0991,0.0
87.7827962520023,3,245,0.07268257141113281,1,0,1,-30.510859,-30.0,0.51085854,26.80969,-64.09422,0.0
87.88450326400198,3,246,0.02468257141113281,1,0,1,-30.588472,-30.0,0.58847237,-16.210556,-64.088486,0.0
87.98268906299927,3,247,0.002771847508847715,1,0,1,-30.380545,-30.0,0.38054466,40.647503,-64.08468,0.0
88.08334647100128,3,248,0.050771847508847716,1,0,1,-30.293274,-30.0,0.29327393,-23.42224,-64.08083,0.0
88.18328253900108,3,249,0.09877184750884771,1,0,1,-30.423883,-30.0,0.42388344,37.85324,-64.077805,0.0
88.28350692000095,3,250,0.10605274438858033,1,0,1,-30.449375,-30.0,0.44937515,-4.945755,-64.07299,0.0
88.38369107100152,3,251,0.058052744388580324,1,0,1,-30.488375,-30.0,0.4883747,48.837658,-64.06885,0.0
88.48335614700045,3,252,0.010052744388580323,1,0,1,-31.084717,-30.0,1.0847168,99.89356,-64.06088,0.0
88.5827552610026,3,253,0.058052744388580324,1,0,1,-32.076912,-30.0,2.076912,63.58337,-64.04429,0.0
88.68332802000077,3,254,0.010052744388580323,1,0,1,-32.164597,-30.0,2.1645966,8.205414,-64.02273,0.0
88.78340014200148,3,255,0.058052744388580324,1,0,1,-31.854515,-30.0,1.8545151,-59.722897,-64.001976,0.0
88.8832660850021,3,256,0.010052744388580323,1,0,1,-31.87085,-30.0,1.8708496,-19.512177,-63.983368,0.0
88.98373407600229,3,257,0.058052744388580324,1,0,1,-31.803259,-30.0,1.8032589,-68.85147,-63.964657,0.0
89.08381457699943,3,258,0.01738752275705338,1,0,1,-31.797712,-30.0,1.7977123,66.95366,-63.947224,0.0
89.18441079900003,3,259,0.06538752275705338,1,0,1,-31.631872,-30.0,1.6318722,-37.88376,-63.929974,0.0
89.28364424200117,3,260,0.01738752275705338,1,0,1,-31.39556,-30.0,1.3955593,-2.8381345,-63.915096,0.0
89.38407926600121,3,261,0.024565573036670688,1,0,1,-31.520174,-30.0,1.520174,-41.313168,-63.90015,0.0
89.48301629500202,3,262,0.07256557303667069,1,0,1,-31.190195,-30.0,1.1901951,10.6544485,-63.887527,0.0
89.58471017299962,3,263,0.12056557303667069,1,0,1,-30.975895,-30.0,0.9758949,22.298811,-63.876514,0.0
89.6837516859996,3,264,0.1685655730366707,1,0,1,-30.62795,-30.0,0.62795067,5.0563807,-63.868866,0.0
89.7838263199992,3,265,0.12056557303667069,1,0,1,-30.74883,-30.0,0.7488308,-26.746748,-63.86081,0.0
89.88353469399954,3,266,0.1685655730366707,1,0,1,-30.551422,-30.0,0.5514221,15.081405,-63.85538,0.0
89.9836562599994,3,267,0.12089399099349976,1,0,1,-30.487667,-30.0,0.48766708,-24.267195,-63.850536,0.0
90.08336379500179,3,268,0.07289399099349976,1,0,1,-30.440493,-30.0,0.44049263,8.958817,-63.84602,0.0
90.1841538990011,3,269,0.02489399099349976,1,0,1,-30.321508,-30.0,0.3215084,11.661529,-63.842068,0.0
90.2845783039993,3,270,-0.02310600900650024,1,0,1,-30.515102,-30.0,0.5151024,10.957717,-63.837765,0.0
90.38400339399959,3,271,-0.07110600900650024,1,0,1,-30.184456,-30.0,0.18445587,7.1620936,-63.834175,0.0
90.48385005599994,3,272,-0.02310600900650024,1,0,1,-30.424417,-30.0,0.4244175,-12.449264,-63.830666,0.0
90.58369392500026,3,273,0.02489399099349976,1,0,1,-30.548964,-30.0,0.54896355,5.7125087,-63.825832,0.0
90.68371687200124,3,274,0.007664968073368073,1,0,1,-30.565748,-30.0,0.5657482,72.05963,-63.82124,0.0
90.78339842599962,3,275,-0.04005927443504334,1,0,1,-31.401714,-30.0,1.4017143,110.73875,-63.811993,0.0
90.88337890500043,3,276,-0.08805927443504334,1,0,1,-32.246414,-30.0,2.2464142,22.525785,-63.793278,0.0
90.98316717600028,3,277,-0.1132891893386841,1,0,1,-31.98763,-30.0,1.9876308,-25.133131,-63.772198,0.0
91.08373601399944,3,278,-0.06528918933868409,1,0,1,-31.818819,-30.0,1.818819,-14.0419,-63.75367,0.0
91.18335470600141,3,279,-0.01728918933868409,1,0,1,-31.66579,-30.0,1.6657906,27.624128,-63.73633,0.0
91.28405708400169,3,280,0.03071081066131591,1,0,1,-31.622812,-30.0,1.6228123,-54.54826,-63.71942,0.0
91.38431358299931,3,281,-0.01728918933868409,1,0,1,-31.545454,-30.0,1.545454,64.60762,-63.70478,0.0
91.48395294800139,3,282,-0.06528918933868409,1,0,1,-31.898466,-30.0,1.8984661,42.348858,-63.688004,0.0
91.58336630100166,3,283,-0.01728918933868409,1,0,1,-31.463413,-30.0,1.4634132,1.6212462,-63.671574,0.0
91.68415444600032,3,284,-0.06528918933868409,1,0,1,-30.973946,-30.0,0.9739456,-53.64227,-63.65954,0.0
91.78407039000012,3,285,-0.01728918933868409,1,0,1,-31.1068,-30.0,1.1068001,-61.41853,-63.647697,0.0
91.88379999099925,3,286,0.03071081066131591,1,0,1,-30.600933,-30.0,0.6009331,86.80343,-63.640602,0.0
91.98379778800154,3,287,0.07871081066131591,1,0,1,-30.993301,-30.0,0.9933014,-38.99765,-63.631077,0.0
92.08380536299956,3,288,0.1267108106613159,1,0,1,-30.591553,-30.0,0.59155273,-35.77423,-63.624165,0.0
92.18373890400107,3,289,0.17471081066131589,1,0,1,-30.608625,-30.0,0.6086254,25.671003,-63.618916,0.0
92.28290361200197,3,290,0.1267108106613159,1,0,1,-30.838703,-30.0,0.83870316,9.393692,-63.610928,0.0
92.38360263499999,3,291,0.0787108106613159,1,0,1,-31.064978,-30.0,1.0649776,15.3102865,-63.602108,0.0
92.48308666600133,3,292,0.030710810661315896,1,0,1,-30.770271,-30.0,0.7702713,98.266594,-63.594154,0.0
92.58392369800276,3,293,-0.017289189338684105,1,0,1,-30.57302,-30.0,0.57302094,47.042843,-63.58834,0.0
92.68323898800008,3,294,-0.0652891893386841,1,0,1,-30.67523,-30.0,0.67523,10.60295,-63.58175,0.0
92.78413692400136,3,295,-0.11328918933868411,1,0,1,-30.733128,-30.0,0.7331276,-53.03764,-63.573868,0.0
92.8837857819999,3,296,-0.0652891893386841,1,0,1,-31.96432,-30.0,1.9643192,166.21397,-63.5611,0.0
92.98361008600114,3,297,-0.017289189338684105,1,0,1,-32.311016,-30.0,2.311016,-20.309446,-63.53802,0.0
93.08288905500012,3,298,-0.0652891893386841,1,0,1,-31.922863,-30.0,1.922863,-106.445305,-63.516018,0.0
93.18387079900276,3,299,-0.017289189338684105,1,0,1,-31.656532,-30.0,1.6565323,63.276287,-63.498966,0.0
93.28378617800263,3,300,0.0,1,1,1,-32.036003,-30.0,2.036003,-46.615597,-63.47866,0.0
95.011491174002,4,1,-0.048,1,0,1,-31.178238,-30.0,1.1782379,73.01712,-63.321747,0.0
95.1158767880006,4,2,-0.03224895596504212,1,0,1,-32.633053,-30.0,2.6330528,49.13711,-63.301155,0.0
95.21572399400247,4,3,0.015751044034957883,1,0,1,-32.52651,-30.0,2.5265083,14.60266,-63.275265,0.0
95.31739215100242,4,4,0.026254555583000185,1,0,1,-32.587738,-30.0,2.587738,81.302635,-63.250412,0.0
95.41666804000124,4,5,-0.021745444416999816,1,0,1,-32.221676,-30.0,2.2216759,-67.60025,-63.22532,0.0
95.51684686199951,4,6,-0.06974544441699981,1,0,1,-32.061222,-30.0,2.061222,52.841183,-63.20448,0.0
95.6165837160006,4,7,-0.021745444416999812,1,0,1,-32.57064,-30.0,2.5706406,18.306732,-63.180645,0.0
95.71689468100158,4,8,0.02625455558300019,1,0,1,-31.453499,-30.0,1.4534988,-195.69205,-63.159595,0.0
95.81626667400269,4,9,0.07425455558300019,1,0,1,-31.568047,-30.0,1.5680466,69.99016,-63.14599,0.0
95.91730623900003,4,10,0.02625455558300019,1,0,1,-31.573862,-30.0,1.5738621,61.378475,-63.129368,0.0
96.01627258100052,4,11,0.07425455558300019,1,0,1,-31.63299,-30.0,1.6329899,-94.18487,-63.11168,0.0
96.11655476700253,4,12,0.02625455558300019,1,0,1,-31.762163,-30.0,1.7621632,-86.87591,-63.09538,0.0
96.2161899260027,4,13,-0.021745444416999812,1,0,1,-31.167389,-30.0,1.1673889,-166.39899,-63.079926,0.0
96.31705432500166,4,14,-0.06974544441699981,1,0,1,-30.837189,-30.0,0.8371887,83.29009,-63.070995,0.0
96.41536693500166,4,15,-0.031652987003326416,1,0,1,-31.653803,-30.0,1.6538029,-56.94389,-63.057026,0.0
96.5166772119992,4,16,-0.07965298700332642,1,0,1,-30.943735,-30.0,0.9437351,-89.36309,-63.04575,0.0
96.616321032001,4,17,-0.031652987003326416,1,0,1,-31.178778,-30.0,1.1787777,54.416653,-63.0356,0.0
96.71638502800124,4,18,0.016347012996673585,1,0,1,-30.185349,-30.0,0.18534851,-75.61493,-63.029514,0.0
96.81633140900158,4,19,0.06434701299667359,1,0,1,-30.500874,-30.0,0.50087357,-130.33867,-63.02378,0.0
96.9159045439992,4,20,0.11234701299667359,1,0,1,-30.86411,-30.0,0.86411095,-86.55547,-63.016987,0.0
97.016986851002,4,21,0.06434701299667359,1,0,1,-30.287691,-30.0,0.28769112,48.40469,-63.013943,0.0
97.11566152399973,4,22,0.016347012996673585,1,0,1,-30.917421,-30.0,0.91742134,9.275436,-63.0087,0.0
97.21721876400261,4,23,-0.031652987003326416,1,0,1,-30.60456,-30.0,0.60456085,-123.71253,-63.00114,0.0
97.31771746100276,4,24,-0.07965298700332642,1,0,1,-30.489304,-30.0,0.4893036,116.46079,-62.998,0.0
97.41663993800103,4,25,-0.07750500440597535,1,0,1,-31.860914,-30.0,1.8609142,197.10158,-62.98707,0.0
97.51713807600026,4,26,-0.029505004405975352,1,0,1,-32.32471,-30.0,2.3247108,140.35034,-62.96675,0.0
97.61537245799991,4,27,0.01849499559402465,1,0,1,-31.634787,-30.0,1.6347866,-37.826538,-62.945656,0.0
97.71748676700008,4,28,0.06649499559402465,1,0,1,-32.52477,-30.0,2.5247688,156.35681,-62.92586,0.0
97.81553005800015,4,29,0.11449499559402465,1,0,1,-32.04007,-30.0,2.0400696,-176.92183,-62.90009,0.0
97.91748595900208,4,30,0.06649499559402465,1,0,1,-31.44614,-30.0,1.4461403,-71.762085,-62.881863,0.0
98.01563764400271,4,31,0.01849499559402465,1,0,1,-31.875362,-30.0,1.8753624,-43.489452,-62.863388,0.0
98.1157728750004,4,32,-0.029505004405975352,1,0,1,-31.712618,-30.0,1.7126179,-50.077435,-62.843002,0.0
98.21557369600123,4,33,0.01849499559402465,1,0,1,-32.25412,-30.0,2.2541199,-118.06106,-62.8227,0.0
98.31655039600082,4,34,-0.029505004405975352,1,0,1,-31.785086,-30.0,1.7850857,-23.395536,-62.803925,0.0
98.41580867599987,4,35,0.01849499559402465,1,0,1,-32.088757,-30.0,2.0887566,114.89295,-62.785923,0.0
98.51656159900085,4,36,0.018610247969627382,1,0,1,-31.032532,-30.0,1.0325317,-148.26584,-62.76984,0.0
98.61629034200087,4,37,0.06661024796962739,1,0,1,-31.267654,-30.0,1.2676544,63.413616,-62.76028,0.0
98.71585285900073,4,38,0.01861024796962739,1,0,1,-31.050888,-30.0,1.0508881,42.747494,-62.74748,0.0
98.81653202700181,4,39,-0.029389752030372612,1,0,1,-31.10013,-30.0,1.1001301,78.21655,-62.73625,0.0
98.91633396299949,4,40,0.01861024796962739,1,0,1,-30.923586,-30.0,0.9235859,-133.52776,-62.722588,0.0
99.01585093900212,4,41,0.06439675092697143,1,0,1,-31.4952,-30.0,1.4951992,45.66955,-62.710346,0.0
99.11508407200017,4,42,0.09623085260391236,1,0,1,-31.587555,-30.0,1.5875549,-167.11424,-62.69337,0.0
99.21636528599993,4,43,0.14423085260391236,1,0,1,-31.27206,-30.0,1.2720604,-82.834236,-62.68004,0.0
99.31593925299967,4,44,0.18426203727722168,1,0,1,-31.23579,-30.0,1.2357903,106.62078,-62.66858,0.0
99.41544701000021,4,45,0.1362620372772217,1,0,1,-31.450232,-30.0,1.4502316,-126.41334,-62.651787,0.0
99.51667681899926,4,46,0.08826203727722169,1,0,1,-32.60637,-30.0,2.606369,19.248962,-62.631363,0.0
99.61618764800005,4,47,0.04026203727722169,1,0,1,-32.68818,-30.0,2.688179,-126.67846,-62.602375,0.0
99.71619604100124,4,48,0.08826203727722169,1,0,1,-32.641537,-30.0,2.6415367,171.36763,-62.578884,0.0
99.81598568399932,4,49,0.10335032939910889,1,0,1,-33.27027,-30.0,3.2702713,25.787352,-62.54774,0.0
99.91626869600077,4,50,0.05535032939910889,1,0,1,-33.022022,-30.0,3.0220222,9.513855,-62.51695,0.0
100.01545321500089,4,51,0.10335032939910889,1,0,1,-32.6731,-30.0,2.6730995,-56.98776,-62.48868,0.0
100.11677102400063,4,52,0.05535032939910889,1,0,1,-31.497206,-30.0,1.4972057,-95.367424,-62.468143,0.0
100.21732474800228,4,53,0.0073503293991088875,1,0,1,-31.3302,-30.0,1.3302002,-89.792244,-62.452816,0.0
100.31722278500092,4,54,-0.014229781925678253,1,0,1,-31.69277,-30.0,1.69277,-19.397736,-62.43818,0.0
100.41620755300028,4,55,0.03377021807432175,1,0,1,-31.142282,-30.0,1.1422825,6.429672,-62.42315,0.0
100.51620923700102,4,56,-0.014229781925678253,1,0,1,-31.573051,-30.0,1.5730515,-127.23922,-62.40753,0.0
100.61611900800199,4,57,0.03377021807432175,1,0,1,-31.354187,-30.0,1.354187,-61.29646,-62.393185,0.0
100.71581617600168,4,58,0.08177021807432175,1,0,1,-31.015434,-30.0,1.0154343,-116.10793,-62.379967,0.0
100.81523425100022,4,59,0.11296722888946534,1,0,1,-30.894112,-30.0,0.89411163,56.73408,-62.372337,0.0
100.91624139300257,4,60,0.06496722888946534,1,0,1,-31.215088,-30.0,1.2150879,-8.325577,-62.3613,0.0
101.01585670200075,4,61,0.016967228889465336,1,0,1,-30.97564,-30.0,0.97563934,-35.21347,-62.351154,0.0
101.11621626000124,4,62,0.06496722888946534,1,0,1,-31.104572,-30.0,1.1045723,70.8313,-62.34145,0.0
101.21593661299994,4,63,0.016967228889465336,1,0,1,-30.9116,-30.0,0.9116001,-55.738445,-62.3298,0.0
101.3160005940008,4,64,-0.031032771110534665,1,0,1,-30.803148,-30.0,0.80314827,120.035164,-62.322346,0.0
101.41573240100115,4,65,0.016967228889465336,1,0,1,-30.82002,-30.0,0.8200207,-12.073516,-62.31323,0.0
101.51610592699944,4,66,0.06496722888946534,1,0,1,-30.76122,-30.0,0.76122093,-50.235744,-62.30542,0.0
101.61521613100194,4,67,0.016967228889465336,1,0,1,-30.745924,-30.0,0.745924,-49.79896,-62.29762,0.0
101.71557038000174,4,68,-0.031032771110534665,1,0,1,-31.079466,-30.0,1.0794659,7.4958797,-62.288197,0.0
101.81563743399965,4,69,-0.03155868351459503,1,0,1,-32.141,-30.0,2.1409988,77.941895,-62.271652,0.0
101.91571454299992,4,70,0.01644131648540497,1,0,1,-32.012836,-30.0,2.0128365,53.003307,-62.25022,0.0
102.01535052200052,4,71,-0.03155868351459503,1,0,1,-32.14689,-30.0,2.1468887,1.0986328,-62.22933,0.0
102.11682980200203,4,72,0.01644131648540497,1,0,1,-32.00353,-30.0,2.0035286,-8.968353,-62.208763,0.0
102.21684572800223,4,73,-0.03155868351459503,1,0,1,-31.962135,-30.0,1.9621353,98.72817,-62.18928,0.0
102.31677309299994,4,74,0.01644131648540497,1,0,1,-32.099136,-30.0,2.0991364,-18.299103,-62.168507,0.0
102.41717427399999,4,75,0.06444131648540496,1,0,1,-31.923681,-30.0,1.9236813,-32.413483,-62.148308,0.0
102.51623055500022,4,76,0.016441316485404964,1,0,1,-31.920345,-30.0,1.9203453,28.688429,-62.128685,0.0
102.61592715900042,4,77,0.031249681115150453,1,0,1,-31.427282,-30.0,1.4272823,-25.121687,-62.111507,0.0
102.71558688500227,4,78,0.07924968111515046,1,0,1,-31.590315,-30.0,1.5903149,-56.163784,-62.095226,0.0
102.8168599870005,4,79,0.03124968111515046,1,0,1,-31.476273,-30.0,1.4762726,-133.68034,-62.078842,0.0
102.9156514210008,4,80,0.07924968111515046,1,0,1,-31.181364,-30.0,1.181364,10.612487,-62.06619,0.0
103.01566538800034,4,81,0.03124968111515046,1,0,1,-31.296387,-30.0,1.2963867,32.27806,-62.053867,0.0
103.11511753800005,4,82,-0.01675031888484954,1,0,1,-31.25947,-30.0,1.25947,65.906525,-62.041336,0.0
103.21575003600083,4,83,-0.06475031888484954,1,0,1,-31.279646,-30.0,1.2796459,-25.657652,-62.028263,0.0
103.31544663599925,4,84,-0.11275031888484954,1,0,1,-31.434534,-30.0,1.4345341,87.4958,-62.01527,0.0
103.41665352500058,4,85,-0.06475031888484954,1,0,1,-31.256662,-30.0,1.2566624,-50.853725,-62.00147,0.0
103.51563576899935,4,86,-0.01675031888484954,1,0,1,-31.086733,-30.0,1.0867329,-55.515285,-61.98915,0.0
103.61635179999939,4,87,0.03124968111515046,1,0,1,-31.267288,-30.0,1.2672882,-0.23841856,-61.977734,0.0
103.71628363200216,4,88,0.07924968111515046,1,0,1,-31.527817,-30.0,1.5278168,55.992123,-61.96406,0.0
103.8163260950023,4,89,0.03124968111515046,1,0,1,-31.94615,-30.0,1.9461498,62.15095,-61.94777,0.0
103.916901599001,4,90,-0.01675031888484954,1,0,1,-32.705467,-30.0,2.7054672,-0.5455017,-61.92199,0.0
104.0155550189993,4,91,0.03124968111515046,1,0,1,-33.149284,-30.0,3.1492844,-38.837433,-61.891365,0.0
104.1157002889995,4,92,0.07924968111515046,1,0,1,-32.979336,-30.0,2.9793358,105.46874,-61.862812,0.0
104.21583019299942,4,93,0.12724968111515045,1,0,1,-32.79253,-30.0,2.79253,-167.09135,-61.830326,0.0
104.3164889489999,4,94,0.07924968111515045,1,0,1,-32.318485,-30.0,2.3184853,-65.42206,-61.80425,0.0
104.41690465200008,4,95,0.10680700540542604,1,0,1,-31.87011,-30.0,1.8701096,-148.1781,-61.78077,0.0
104.51547118700182,4,96,0.058807005405426035,1,0,1,-32.135555,-30.0,2.1355553,-52.76489,-61.76051,0.0
104.61565808299929,4,97,0.0786538302898407,1,0,1,-31.42055,-30.0,1.4205494,-153.15247,-61.74157,0.0
104.71521276000203,4,98,0.0306538302898407,1,0,1,-31.450758,-30.0,1.450758,-87.35465,-61.72697,0.0
104.81569970200144,4,99,-0.0173461697101593,1,0,1,-31.773975,-30.0,1.7739754,38.194656,-61.711502,0.0
104.91473306600165,4,100,0.0306538302898407,1,0,1,-31.648212,-30.0,1.6482124,-46.596523,-61.695168,0.0
105.01578126400273,4,101,0.0786538302898407,1,0,1,-31.224733,-30.0,1.2247334,58.372494,-61.682755,0.0
105.11654785499923,4,102,0.0306538302898407,1,0,1,-31.23551,-30.0,1.2355099,15.914916,-61.67045,0.0
105.216544496001,4,103,-0.0173461697101593,1,0,1,-31.260876,-30.0,1.2608757,-6.561279,-61.657314,0.0
105.31671658200139,4,104,0.0306538302898407,1,0,1,-31.20576,-30.0,1.205759,-25.217054,-61.64471,0.0
105.41577034100192,4,105,0.04228421449661255,1,0,1,-30.910992,-30.0,0.91099167,-13.879775,-61.634247,0.0
105.51558678600122,4,106,-0.005715785503387451,1,0,1,-31.22807,-30.0,1.2280693,57.28912,-61.62385,0.0
105.61623771700033,4,107,-0.05371578550338745,1,0,1,-31.080296,-30.0,1.0802956,32.09305,-61.613117,0.0
105.7152356000006,4,108,-0.10171578550338745,1,0,1,-31.150969,-30.0,1.1509686,-24.30725,-61.601776,0.0
105.81745213500108,4,109,-0.053715785503387445,1,0,1,-31.162462,-30.0,1.1624622,38.375854,-61.59046,0.0
105.91619969800013,4,110,-0.08952580094337464,1,0,1,-31.14102,-30.0,1.1410198,-6.917953,-61.578396,0.0
106.01596864699968,4,111,-0.041525800943374644,1,0,1,-31.565727,-30.0,1.5657272,11.354445,-61.564983,0.0
106.11549426200145,4,112,-0.08952580094337464,1,0,1,-31.653494,-30.0,1.6534939,52.644726,-61.548775,0.0
106.21592504500222,4,113,-0.041525800943374644,1,0,1,-32.97816,-30.0,2.9781609,133.91495,-61.525967,0.0
106.31583563499953,4,114,0.006474199056625357,1,0,1,-32.36025,-30.0,2.3602486,-103.90853,-61.498837,0.0
106.41635916900123,4,115,-0.041525800943374644,1,0,1,-31.695057,-30.0,1.6950569,-10.496139,-61.479843,0.0
106.5156238510026,4,116,0.006474199056625357,1,0,1,-32.10092,-30.0,2.1009216,72.4144,-61.46115,0.0
106.61648989600144,4,117,-0.041525800943374644,1,0,1,-31.92269,-30.0,1.9226894,-96.81129,-61.43826,0.0
106.71687206700153,4,118,0.006474199056625357,1,0,1,-32.05644,-30.0,2.0564384,52.494045,-61.41903,0.0
106.81570875000034,4,119,-0.041525800943374644,1,0,1,-32.046947,-30.0,2.0469475,-33.47397,-61.39724,0.0
106.91617836200021,4,120,-0.08952580094337464,1,0,1,-31.610706,-30.0,1.6107063,-70.92285,-61.37835,0.0
107.01516869700208,4,121,-0.041525800943374644,1,0,1,-31.95323,-30.0,1.9532299,54.98695,-61.360435,0.0
107.11633171200083,4,122,0.006474199056625357,1,0,1,-31.929543,-30.0,1.9295425,-105.64803,-61.339714,0.0
107.21565310300139,4,123,0.05447419905662536,1,0,1,-31.362064,-30.0,1.3620644,-31.10504,-61.324646,0.0
107.31731144500009,4,124,0.006474199056625357,1,0,1,-31.234272,-30.0,1.234272,18.56041,-61.312325,0.0
107.41654455500247,4,125,-0.041525800943374644,1,0,1,-31.394924,-30.0,1.3949242,34.305573,-61.299088,0.0
107.51608246000251,4,126,-0.08952580094337464,1,0,1,-31.325142,-30.0,1.3251419,1.642227,-61.285305,0.0
107.61532087700107,4,127,-0.041525800943374644,1,0,1,-31.199282,-30.0,1.1992817,-6.7291255,-61.272827,0.0
107.71590279700104,4,128,-0.08952580094337464,1,0,1,-31.43112,-30.0,1.4311199,44.891354,-61.259907,0.0
107.81505768200077,4,129,-0.041525800943374644,1,0,1,-31.155087,-30.0,1.1550865,0.5302429,-61.246372,0.0
107.91680206800083,4,130,-0.01386179178953171,1,0,1,-31.668404,-30.0,1.6684036,-13.484954,-61.230965,0.0
108.0163849490018,4,131,0.03413820821046829,1,0,1,-31.583849,-30.0,1.583849,38.173676,-61.21534,0.0
108.11569767699984,4,132,-0.01386179178953171,1,0,1,-32.552433,-30.0,2.552433,161.50664,-61.195522,0.0
108.21490424300282,4,133,0.03413820821046829,1,0,1,-33.127808,-30.0,3.1278076,11.119842,-61.165127,0.0
108.31541966900113,4,134,0.0821382082104683,1,0,1,-33.037125,-30.0,3.0371246,-37.0903,-61.134476,0.0
108.41587978000098,4,135,0.1301382082104683,1,0,1,-32.83704,-30.0,2.83704,-1.9569396,-61.106094,0.0
108.51643068600242,4,136,0.08213820821046829,1,0,1,-32.471157,-30.0,2.471157,-39.39438,-61.080418,0.0
108.61665333000201,4,137,0.034138208210468285,1,0,1,-32.65276,-30.0,2.6527596,79.65851,-61.054966,0.0
108.71564478000073,4,138,-0.013861791789531716,1,0,1,-32.48266,-30.0,2.4826584,10.231017,-61.02797,0.0
108.81645773700075,4,139,-0.06186179178953172,1,0,1,-32.3415,-30.0,2.3414993,-33.241272,-61.003265,0.0
108.91588388700256,4,140,-0.10986179178953172,1,0,1,-32.279873,-30.0,2.279873,28.053282,-60.980488,0.0
109.01645071500025,4,141,-0.06186179178953172,1,0,1,-32.11197,-30.0,2.111969,-9.075165,-60.958366,0.0
109.11776011500115,4,142,-0.10986179178953172,1,0,1,-31.883825,-30.0,1.8838253,-82.309715,-60.93767,0.0
109.21640877200116,4,143,-0.06186179178953172,1,0,1,-31.829365,-30.0,1.8293648,-73.776245,-60.918663,0.0
109.31594667100217,4,144,-0.06436627507209779,1,0,1,-31.687788,-30.0,1.687788,50.249096,-60.903873,0.0
109.41499566800121,4,145,-0.016366275072097786,1,0,1,-31.221195,-30.0,1.2211952,-2.1686554,-60.88945,0.0
109.5162852320027,4,146,-0.008602544665336609,1,0,1,-31.333296,-30.0,1.3332958,3.108978,-60.8767,0.0
109.61686072100201,4,147,-0.05660254466533661,1,0,1,-31.476194,-30.0,1.4761944,20.734785,-60.862896,0.0
109.7165575830004,4,148,-0.008602544665336609,1,0,1,-31.440317,-30.0,1.4403172,-79.45824,-60.84709,0.0
109.81725599499987,4,149,-0.05660254466533661,1,0,1,-31.143791,-30.0,1.1437912,-48.15864,-60.83448,0.0
109.91561829100101,4,150,-0.008602544665336609,1,0,1,-31.446035,-30.0,1.4460354,123.64005,-60.82191,0.0
110.01653517000159,4,151,-0.0228560209274292,1,0,1,-31.287653,-30.0,1.287653,19.004822,-60.806995,0.0
110.11629572600214,4,152,0.0251439790725708,1,0,1,-31.285765,-30.0,1.2857647,-44.595715,-60.794098,0.0
110.21648539799935,4,153,-0.0228560209274292,1,0,1,-31.403307,-30.0,1.403307,-0.9517669,-60.780445,0.0
110.31620265099991,4,154,-0.07085602092742921,1,0,1,-31.557106,-30.0,1.557106,50.90141,-60.766304,0.0
110.4166471110002,4,155,-0.022856020927429208,1,0,1,-32.25056,-30.0,2.2505608,86.208336,-60.746967,0.0
110.51508092700169,4,156,-0.07085602092742921,1,0,1,-32.638077,-30.0,2.6380768,-62.34741,-60.72134,0.0
110.61639423499946,4,157,-0.022856020927429208,1,0,1,-33.11968,-30.0,3.1196785,137.03156,-60.694164,0.0
110.71690686200236,4,158,0.025143979072570793,1,0,1,-32.834095,-30.0,2.834095,-120.616905,-60.661835,0.0
110.8154362230016,4,159,-0.020024573802948004,1,0,1,-32.75158,-30.0,2.7515793,89.633934,-60.634995,0.0
110.91593264300172,4,160,-0.068024573802948,1,0,1,-32.301506,-30.0,2.301506,-11.829375,-60.61015,0.0
111.01492045200212,4,161,-0.020024573802948004,1,0,1,-32.444263,-30.0,2.4442635,-62.82043,-60.58576,0.0
111.1156674690028,4,162,0.027975426197051997,1,0,1,-32.64777,-30.0,2.64777,-61.717983,-60.56125,0.0
111.2161482440024,4,163,0.075975426197052,1,0,1,-32.326374,-30.0,2.326374,-23.582457,-60.537193,0.0
111.3165158740012,4,164,0.027975426197051997,1,0,1,-32.22117,-30.0,2.2211685,57.815548,-60.51604,0.0
111.41576768999948,4,165,-0.020024573802948004,1,0,1,-31.730759,-30.0,1.7307587,-118.055336,-60.496437,0.0
111.5149773200028,4,166,0.027975426197051997,1,0,1,-31.548449,-30.0,1.5484486,56.94389,-60.48327,0.0
111.61625263099995,4,167,-0.020024573802948004,1,0,1,-31.595821,-30.0,1.5958214,-12.929915,-60.46716,0.0
111.71564916100033,4,168,0.027975426197051997,1,0,1,-31.986397,-30.0,1.9863968,-55.637356,-60.44833,0.0
111.8164526110013,4,169,0.075975426197052,1,0,1,-31.646582,-30.0,1.6465816,3.688812,-60.430756,0.0
111.91591060100109,4,170,0.027975426197051997,1,0,1,-31.415852,-30.0,1.4158516,-52.25372,-60.4158,0.0
112.01573121600086,4,171,-0.020024573802948004,1,0,1,-31.648983,-30.0,1.648983,-62.93487,-60.400642,0.0
112.11614298399945,4,172,0.027975426197051997,1,0,1,-31.736553,-30.0,1.7365532,84.05685,-60.38554,0.0
112.21621084300205,4,173,0.025767746567726138,1,0,1,-31.577404,-30.0,1.577404,-116.21093,-60.368626,0.0
112.3161230930018,4,174,-0.022232253432273863,1,0,1,-31.885288,-30.0,1.8852882,81.569664,-60.353134,0.0
112.4170547720023,4,175,-0.07023225343227386,1,0,1,-32.13974,-30.0,2.13974,6.694793,-60.333023,0.0
112.51666334400215,4,176,-0.11823225343227386,1,0,1,-32.95482,-30.0,2.9548187,22.422789,-60.30743,0.0
112.61576848600089,4,177,-0.07023225343227386,1,0,1,-33.096725,-30.0,3.0967255,-15.624999,-60.276768,0.0
112.71646269900157,4,178,-0.022232253432273863,1,0,1,-32.656925,-30.0,2.6569252,-104.41207,-60.247578,0.0
112.81616737399963,4,179,-0.07023225343227386,1,0,1,-32.724262,-30.0,2.7242622,3.9215086,-60.219803,0.0
112.91719599300268,4,180,-0.11823225343227386,1,0,1,-32.353027,-30.0,2.3530273,-72.47543,-60.19342,0.0
113.01640282399967,4,181,-0.07023225343227386,1,0,1,-33.051067,-30.0,3.0510674,64.193726,-60.16718,0.0
113.11669864800206,4,182,-0.022232253432273863,1,0,1,-32.671364,-30.0,2.6713638,83.64486,-60.139996,0.0
113.21550653600207,4,183,0.025767746567726138,1,0,1,-32.244736,-30.0,2.2447357,-69.90051,-60.114105,0.0
113.31536346600114,4,184,-0.022232253432273863,1,0,1,-32.15166,-30.0,2.151661,-32.24945,-60.092113,0.0
113.41612891600016,4,185,0.025767746567726138,1,0,1,-32.060658,-30.0,2.0606575,-91.7282,-60.07058,0.0
113.51627611500226,4,186,-0.022232253432273863,1,0,1,-32.106518,-30.0,2.1065178,19.031525,-60.049664,0.0
113.61623753100139,4,187,0.025767746567726138,1,0,1,-31.863487,-30.0,1.8634872,-67.54303,-60.029217,0.0
113.71530216099927,4,188,0.07376774656772614,1,0,1,-31.925112,-30.0,1.9251118,-45.9156,-60.00968,0.0
113.81553596500089,4,189,0.12176774656772614,1,0,1,-31.553205,-30.0,1.5532055,-64.193726,-59.991898,0.0
113.91563455000141,4,190,0.07376774656772614,1,0,1,-31.529638,-30.0,1.5296383,21.419523,-59.97646,0.0
114.01541828200061,4,191,0.025767746567726138,1,0,1,-31.761591,-30.0,1.761591,39.260864,-59.959885,0.0
114.11626865800281,4,192,-0.022232253432273863,1,0,1,-31.679829,-30.0,1.6798286,-13.587951,-59.94259,0.0
114.21601299900067,4,193,-0.07023225343227386,1,0,1,-31.743866,-30.0,1.743866,17.700195,-59.925644,0.0
114.31564810500277,4,194,-0.022232253432273863,1,0,1,-31.709515,-30.0,1.7095146,18.098831,-59.908417,0.0
114.41744024500076,4,195,-0.07023225343227386,1,0,1,-31.833899,-30.0,1.8338985,29.32739,-59.89105,0.0
114.51674373599963,4,196,-0.11823225343227386,1,0,1,-32.01361,-30.0,2.0136108,46.041485,-59.87168,0.0
114.61554826800057,4,197,-0.07023225343227386,1,0,1,-32.847645,-30.0,2.8476448,135.53238,-59.84743,0.0
114.71606228000019,4,198,-0.022232253432273863,1,0,1,-32.97257,-30.0,2.9725685,45.29571,-59.818954,0.0
114.81554317200062,4,199,-0.07023225343227386,1,0,1,-32.84638,-30.0,2.8463783,-21.820066,-59.79066,0.0
114.91594291699948,4,200,-0.11823225343227386,1,0,1,-32.66021,-30.0,2.6602097,-54.912563,-59.763187,0.0
115.01587415500035,4,201,-0.07023225343227386,1,0,1,-32.69425,-30.0,2.6942482,-72.60132,-59.735497,0.0
115.11595122500148,4,202,-0.11823225343227386,1,0,1,-32.764133,-30.0,2.7641335,-35.27832,-59.707764,0.0
115.21599812299974,4,203,-0.07023225343227386,1,0,1,-32.57516,-30.0,2.575161,-6.4125056,-59.680595,0.0
115.31575726799929,4,204,-0.022232253432273863,1,0,1,-32.475426,-30.0,2.4754257,-5.401611,-59.65548,0.0
115.41612432700276,4,205,-0.07023225343227386,1,0,1,-32.124344,-30.0,2.1243439,3.864288,-59.632202,0.0
115.51530572900083,4,206,-0.022232253432273863,1,0,1,-32.138252,-30.0,2.1382523,49.133297,-59.611355,0.0
115.6168137450004,4,207,0.025767746567726138,1,0,1,-32.082485,-30.0,2.0824852,4.9972534,-59.5903,0.0
115.7155445190001,4,208,0.07376774656772614,1,0,1,-32.00671,-30.0,2.00671,53.9875,-59.570084,0.0
115.81627336500242,4,209,0.025767746567726138,1,0,1,-31.57141,-30.0,1.5714092,-55.595394,-59.551807,0.0
115.91628198599938,4,210,-0.022232253432273863,1,0,1,-31.635998,-30.0,1.6359978,-2.4528503,-59.53607,0.0
116.01624507000088,4,211,-0.07023225343227386,1,0,1,-31.695986,-30.0,1.6959858,-36.359787,-59.519096,0.0
116.11673197699929,4,212,-0.022232253432273863,1,0,1,-31.730051,-30.0,1.730051,-20.072937,-59.502262,0.0
116.21621286300069,4,213,0.025767746567726138,1,0,1,-31.808393,-30.0,1.8083935,20.799635,-59.485203,0.0
116.3163282050009,4,214,0.07376774656772614,1,0,1,-31.741652,-30.0,1.7416515,5.8364863,-59.46712,0.0
116.41561939700114,4,215,0.025767746567726138,1,0,1,-31.852655,-30.0,1.8526554,-28.35655,-59.449036,0.0
116.51700644200173,4,216,-0.022232253432273863,1,0,1,-31.820322,-30.0,1.820322,54.744717,-59.43154,0.0
116.61495692600147,4,217,-0.07023225343227386,1,0,1,-31.932468,-30.0,1.9324684,13.246535,-59.412346,0.0
116.71576706700216,4,218,-0.022232253432273863,1,0,1,-32.794876,-30.0,2.794876,141.04843,-59.389008,0.0
116.8168951330008,4,219,0.025767746567726138,1,0,1,-33.893803,-30.0,3.8938026,103.96575,-59.354946,0.0
116.91623772800085,4,220,-0.022232253432273863,1,0,1,-33.46134,-30.0,3.4613419,-91.156,-59.317528,0.0
117.01578901299945,4,221,0.025767746567726138,1,0,1,-33.56044,-30.0,3.56044,47.897335,-59.28265,0.0
117.11737413000083,4,222,0.07376774656772614,1,0,1,-33.341587,-30.0,3.341587,-30.437468,-59.2476,0.0
117.21653401500225,4,223,0.025767746567726138,1,0,1,-32.940388,-30.0,2.9403877,-150.69962,-59.215176,0.0
117.3168021700003,4,224,0.07376774656772614,1,0,1,-33.381165,-30.0,3.3811646,-0.68664545,-59.184254,0.0
117.41631909300122,4,225,0.025767746567726138,1,0,1,-32.338078,-30.0,2.3380775,-90.47698,-59.155163,0.0
117.51635257499947,4,226,0.07376774656772614,1,0,1,-32.095253,-30.0,2.095253,12.199401,-59.13353,0.0
117.61611869800254,4,227,0.025767746567726138,1,0,1,-32.45916,-30.0,2.4591599,-138.27515,-59.1075,0.0
117.71568758400099,4,228,0.06894952058792114,1,0,1,-32.321407,-30.0,2.3214073,2.0523071,-59.084846,0.0
117.81521288799922,4,229,0.07436742186546326,1,0,1,-32.661736,-30.0,2.6617355,-49.781796,-59.05846,0.0
117.9171067080024,4,230,0.02636742186546326,1,0,1,-32.26001,-30.0,2.2600098,-23.311613,-59.03476,0.0
118.01559302299938,4,231,-0.021632578134536742,1,0,1,-32.38639,-30.0,2.3863907,92.7658,-59.013214,0.0
118.11637633800274,4,232,-0.06963257813453674,1,0,1,-32.1599,-30.0,2.1599007,27.469633,-58.990112,0.0
118.21669924700109,4,233,-0.021632578134536742,1,0,1,-31.94715,-30.0,1.9471493,-17.007828,-58.969746,0.0
118.31639748000089,4,234,0.02636742186546326,1,0,1,-31.680061,-30.0,1.6800613,32.6252,-58.9515,0.0
118.41723974200067,4,235,-0.00929268375039101,1,0,1,-31.598534,-30.0,1.5985336,-11.304854,-58.934914,0.0
118.51658624500124,4,236,-0.02998270094394684,1,0,1,-31.470175,-30.0,1.4701748,41.92924,-58.919926,0.0
118.61660882900105,4,237,0.018017299056053163,1,0,1,-31.58376,-30.0,1.5837593,18.709183,-58.904877,0.0
118.71619782700145,4,238,-0.016522082686424258,1,0,1,-31.40484,-30.0,1.4048405,-38.15651,-58.889164,0.0
118.81655426100042,4,239,0.03147791731357574,1,0,1,-31.339895,-30.0,1.3398952,1.1386871,-58.875736,0.0
118.91620024800068,4,240,0.07947791731357574,1,0,1,-31.577387,-30.0,1.5773869,47.430035,-58.861202,0.0
119.01544561500123,4,241,0.03147791731357574,1,0,1,-31.7875,-30.0,1.7875004,29.556273,-58.84419,0.0
119.1157344380008,4,242,-0.016522082686424258,1,0,1,-32.2251,-30.0,2.2251015,49.011227,-58.82389,0.0
119.21703347100265,4,243,0.03147791731357574,1,0,1,-32.915733,-30.0,2.9157333,22.361753,-58.79763,0.0
119.31625229800193,4,244,0.07947791731357574,1,0,1,-33.081646,-30.0,3.081646,-20.050049,-58.767056,0.0
119.41633634100072,4,245,0.03147791731357574,1,0,1,-33.027267,-30.0,3.0272675,-15.449523,-58.73655,0.0
119.51749177700185,4,246,0.07947791731357574,1,0,1,-32.80167,-30.0,2.80167,-72.5975,-58.706444,0.0
119.61588198500249,4,247,0.03147791731357574,1,0,1,-33.090855,-30.0,3.0908546,15.899657,-58.67693,0.0
119.71580147699933,4,248,0.07947791731357574,1,0,1,-33.042587,-30.0,3.0425873,-9.361267,-58.64568,0.0
119.81587518300148,4,249,0.12747791731357574,1,0,1,-32.683342,-30.0,2.683342,-31.776426,-58.61651,0.0
119.91683924700192,4,250,0.07947791731357574,1,0,1,-32.73719,-30.0,2.7371902,-10.2386465,-58.589336,0.0
120.01578540300034,4,251,0.03147791731357574,1,0,1,-32.575027,-30.0,2.5750275,13.988494,-58.562847,0.0
120.11508831800165,4,252,0.07947791731357574,1,0,1,-32.386616,-30.0,2.3866158,-14.522552,-58.53806,0.0
120.21677595499932,4,253,0.03147791731357574,1,0,1,-32.265957,-30.0,2.2659569,-13.641356,-58.51449,0.0
120.31499267000254,4,254,-0.016522082686424258,1,0,1,-32.375465,-30.0,2.3754654,32.360077,-58.491367,0.0
120.41557455200018,4,255,-0.06452208268642426,1,0,1,-32.262302,-30.0,2.2623024,0.8773803,-58.468086,0.0
120.51576698800272,4,256,-0.016522082686424258,1,0,1,-32.341286,-30.0,2.3412857,10.120391,-58.44485,0.0
120.61630249399968,4,257,0.03147791731357574,1,0,1,-32.201824,-30.0,2.2018242,-10.437011,-58.4218,0.0
120.71630579600242,4,258,-0.016522082686424258,1,0,1,-32.348763,-30.0,2.3487625,34.366608,-58.398975,0.0
120.81649068900151,4,259,-0.027194830775260928,1,0,1,-32.293285,-30.0,2.2932854,-24.978636,-58.37551,0.0
120.91654567099977,4,260,-0.07519483077526093,1,0,1,-32.177048,-30.0,2.1770477,-6.938934,-58.35353,0.0
121.01622880899959,4,261,-0.12319483077526093,1,0,1,-32.365883,-30.0,2.3658829,22.949217,-58.330902,0.0
121.11608068799978,4,262,-0.07519483077526093,1,0,1,-33.218914,-30.0,3.218914,116.47796,-58.30295,0.0
121.21607839900025,4,263,-0.09146131873130799,1,0,1,-33.639442,-30.0,3.6394424,-5.3024287,-58.26688,0.0
121.31625323200205,4,264,-0.043461318731307985,1,0,1,-33.21893,-30.0,3.2189293,-88.58871,-58.23236,0.0
121.41578495000067,4,265,-0.04542787075042725,1,0,1,-32.7483,-30.0,2.7482986,-78.47214,-58.20283,0.0
121.51558151300196,4,266,0.0025721292495727507,1,0,1,-31.86434,-30.0,1.8643398,-41.154858,-58.18053,0.0
121.6162142380017,4,267,-0.01784059703350067,1,0,1,-31.60873,-30.0,1.6087303,-25.592802,-58.163452,0.0
121.71633654900143,4,268,-0.06584059703350068,1,0,1,-31.449614,-30.0,1.4496136,-5.7983394,-58.148262,0.0
121.81660608899983,4,269,-0.017840597033500674,1,0,1,-31.516327,-30.0,1.5163269,-25.695799,-58.13332,0.0
121.91583412600085,4,270,-0.06584059703350068,1,0,1,-31.442667,-30.0,1.442667,-28.98216,-58.118427,0.0
122.01532840599975,4,271,-0.017840597033500674,1,0,1,-31.620182,-30.0,1.620182,15.802382,-58.103397,0.0
122.11538226800258,4,272,-0.06584059703350068,1,0,1,-31.612219,-30.0,1.6122189,-30.611036,-58.086266,0.0
122.21774234899931,4,273,-0.06422384977340699,1,0,1,-31.60813,-30.0,1.6081295,10.330199,-58.070457,0.0
122.31689020600243,4,274,-0.01622384977340699,1,0,1,-31.723753,-30.0,1.723753,-1.8920897,-58.05363,0.0
122.41585507499985,4,275,-0.06422384977340699,1,0,1,-31.802889,-30.0,1.8028889,-20.473478,-58.03578,0.0
122.51657859199986,4,276,-0.09269101023674012,1,0,1,-31.58695,-30.0,1.5869503,99.10392,-58.020107,0.0
122.61637012400024,4,277,-0.04469101023674012,1,0,1,-32.114155,-30.0,2.1141548,-72.776794,-58.001614,0.0
122.71712772500177,4,278,-0.09269101023674012,1,0,1,-31.766684,-30.0,1.7666836,42.90771,-57.983864,0.0
122.81652366500202,4,279,-0.04469101023674012,1,0,1,-32.044937,-30.0,2.0449371,22.735594,-57.964153,0.0
122.91677811300178,4,280,0.003308989763259884,1,0,1,-31.952473,-30.0,1.9524727,-16.872406,-57.944416,0.0
123.01700127200093,4,281,-0.02352731078863144,1,0,1,-32.011517,-30.0,2.0115166,-20.214079,-57.924377,0.0
123.11534649000168,4,282,-0.07152731078863145,1,0,1,-32.29814,-30.0,2.2981415,104.187004,-57.902775,0.0
123.2167893879996,4,283,-0.023527310788631448,1,0,1,-32.48133,-30.0,2.4813309,-24.555204,-57.8781,0.0
123.31608866299939,4,284,0.024472689211368553,1,0,1,-32.75442,-30.0,2.7544212,67.09671,-57.85269,0.0
123.41614810900137,4,285,0.07247268921136855,1,0,1,-34.258686,-30.0,4.258686,131.99615,-57.817604,0.0
123.51564462100214,4,286,0.024472689211368553,1,0,1,-34.665993,-30.0,4.6659927,-12.908935,-57.77124,0.0
123.61653855300028,4,287,-0.023527310788631448,1,0,1,-34.613144,-30.0,4.613144,-4.306793,-57.724957,0.0
123.7158151980002,4,288,-0.07152731078863145,1,0,1,-34.17281,-30.0,4.1728096,-72.78061,-57.680614,0.0
123.81708125300065,4,289,-0.11777081489562989,1,0,1,-34.015118,-30.0,4.0151176,-43.66302,-57.639896,0.0
123.91685266400236,4,290,-0.1657708148956299,1,0,1,-33.747623,-30.0,3.7476234,-38.94806,-57.60097,0.0
124.01508780700169,4,291,-0.19872298240661623,1,0,1,-33.511234,-30.0,3.5112343,-13.103484,-57.565136,0.0
124.11650080899926,4,292,-0.15072298240661625,1,0,1,-33.287,-30.0,3.2869987,-26.264189,-57.53067,0.0
124.21697875300015,4,293,-0.10272298240661625,1,0,1,-33.126045,-30.0,3.1260452,24.829863,-57.499287,0.0
124.31574330600051,4,294,-0.15072298240661625,1,0,1,-33.062996,-30.0,3.062996,-14.79721,-57.468132,0.0
124.4170250040006,4,295,-0.10272298240661625,1,0,1,-32.887367,-30.0,2.8873672,-19.752502,-57.438583,0.0
124.51624828599961,4,296,-0.10734020471572876,1,0,1,-32.591084,-30.0,2.5910835,-0.041961666,-57.412117,0.0
124.6163113620023,4,297,-0.15534020471572876,1,0,1,-32.460827,-30.0,2.4608269,-4.9591064,-57.3868,0.0
124.71638337700278,4,298,-0.18272330760955813,1,0,1,-32.444588,-30.0,2.4445877,35.633087,-57.362732,0.0
124.81596397600151,4,299,-0.13472330760955814,1,0,1,-32.120872,-30.0,2.1208725,-43.331142,-57.339966,0.0
124.91549428600047,4,300,0.0,1,1,1,-32.16073,-30.0,2.1607285,8.346558,-57.318462,0.0
126.64102554800047,5,1,-0.048,1,0,1,-32.31406,-30.0,2.3140602,-8.152008,-56.891792,0.0
126.74609664600212,5,2,-0.096,1,0,1,-32.18003,-30.0,2.1800308,-47.34039,-56.867622,0.0
126.84606333100237,5,3,-0.048,1,0,1,-32.381405,-30.0,2.3814049,68.16864,-56.84545,0.0
126.94561877900196,5,4,0.0,1,0,1,-32.084896,-30.0,2.084896,-0.94223017,-56.823376,0.0
127.0454242650012,5,5,-0.012772694230079651,1,0,1,-31.915756,-30.0,1.9157562,-59.6199,-56.80246,0.0
127.14693475999957,5,6,0.03522730576992035,1,0,1,-31.851068,-30.0,1.8510685,-7.9860682,-56.78354,0.0
127.2472140610007,5,7,0.08322730576992035,1,0,1,-31.958221,-30.0,1.9582214,-31.267164,-56.76387,0.0
127.34694635100095,5,8,0.03522730576992035,1,0,1,-32.166164,-30.0,2.1661644,-6.1149592,-56.742966,0.0
127.44502587399984,5,9,0.08322730576992035,1,0,1,-32.197113,-30.0,2.197113,34.931183,-56.721912,0.0
127.54606450999927,5,10,0.13122730576992037,1,0,1,-32.097233,-30.0,2.0972328,-71.826935,-56.700012,0.0
127.64569818100063,5,11,0.08322730576992036,1,0,1,-32.192413,-30.0,2.1924133,73.036194,-56.679794,0.0
127.7465068929996,5,12,0.035227305769920364,1,0,1,-33.148624,-30.0,3.1486244,132.9689,-56.653187,0.0
127.84632131800026,5,13,0.08322730576992036,1,0,1,-33.607956,-30.0,3.607956,30.71594,-56.61811,0.0
127.94530684300116,5,14,0.035227305769920364,1,0,1,-33.462666,-30.0,3.4626656,-29.07562,-56.582947,0.0
128.04469159099972,5,15,-0.012772694230079637,1,0,1,-33.266018,-30.0,3.266018,-0.24032591,-56.5503,0.0
128.14580146300068,5,16,0.035227305769920364,1,0,1,-33.305813,-30.0,3.3058128,-40.25268,-56.51723,0.0
128.24672918500073,5,17,-0.012772694230079637,1,0,1,-33.22589,-30.0,3.225891,-39.714813,-56.484127,0.0
128.34592172500197,5,18,-0.06077269423007964,1,0,1,-33.05274,-30.0,3.0527382,-8.4991455,-56.453068,0.0
128.44576799599963,5,19,-0.012772694230079637,1,0,1,-33.05481,-30.0,3.0548096,-74.76807,-56.422024,0.0
128.54522063200056,5,20,-0.036445891857147215,1,0,1,-32.976486,-30.0,2.9764862,55.12237,-56.392014,0.0
128.64465566700164,5,21,-0.08444589185714721,1,0,1,-32.977924,-30.0,2.9779243,-60.234066,-56.362408,0.0
128.7454140890004,5,22,-0.10790317058563233,1,0,1,-32.57149,-30.0,2.5714912,-135.32639,-56.333805,0.0
128.8457799909993,5,23,-0.08607865571975709,1,0,1,-32.649166,-30.0,2.649166,17.89856,-56.307667,0.0
128.94477892400027,5,24,-0.03807865571975709,1,0,1,-32.22303,-30.0,2.22303,-19.691467,-56.283375,0.0
129.04578989500078,5,25,-0.038450187444686895,1,0,1,-32.17181,-30.0,2.1718102,19.424438,-56.261143,0.0
129.14591805000236,5,26,0.009549812555313106,1,0,1,-32.369167,-30.0,2.3691673,-15.476226,-56.23821,0.0
129.24670831800177,5,27,0.0048722937703132635,1,0,1,-32.344975,-30.0,2.3449745,33.634186,-56.215336,0.0
129.34539211800075,5,28,-0.04312770622968674,1,0,1,-31.94708,-30.0,1.9470806,-41.805264,-56.19483,0.0
129.44500986000276,5,29,0.004872293770313264,1,0,1,-32.122208,-30.0,2.1222076,-35.209656,-56.17354,0.0
129.54537548100052,5,30,0.052872293770313265,1,0,1,-32.203087,-30.0,2.2030869,93.29604,-56.15346,0.0
129.64542261799943,5,31,0.03471760153770447,1,0,1,-32.058704,-30.0,2.0587044,-69.34738,-56.13081,0.0
129.74595195200163,5,32,0.026918387413024904,1,0,1,-32.0336,-30.0,2.0335999,-78.7735,-56.111034,0.0
129.8449103740022,5,33,-0.021081612586975097,1,0,1,-31.39591,-30.0,1.3959103,23.06938,-56.09525,0.0
129.94480301600197,5,34,0.026918387413024904,1,0,1,-33.136154,-30.0,3.1361542,108.68072,-56.071095,0.0
130.04587349100257,5,35,0.07491838741302491,1,0,1,-33.33192,-30.0,3.3319206,-81.172935,-56.037296,0.0
130.14567477700257,5,36,0.05277536511421204,1,0,1,-33.711163,-30.0,3.7111626,4.299164,-56.002247,0.0
130.24530117700124,5,37,0.07043752670288086,1,0,1,-33.02938,-30.0,3.0293808,65.48309,-55.969933,0.0
130.34614591900026,5,38,0.022505156695842743,1,0,1,-33.03596,-30.0,3.0359612,-18.844604,-55.938843,0.0
130.44576561400027,5,39,-0.025494843304157258,1,0,1,-33.06247,-30.0,3.0624695,-90.93093,-55.906975,0.0
130.5459278490016,5,40,0.022505156695842743,1,0,1,-33.24477,-30.0,3.24477,107.57064,-55.877373,0.0
130.64538327300033,5,41,0.0586358666419983,1,0,1,-33.114292,-30.0,3.1142921,-52.192684,-55.844257,0.0
130.7445182570009,5,42,0.010635866641998296,1,0,1,-32.611893,-30.0,2.6118927,5.8364863,-55.81726,0.0
130.8455202840014,5,43,0.0586358666419983,1,0,1,-32.47254,-30.0,2.4725418,-93.654625,-55.789536,0.0
130.94465722099994,5,44,0.06725252270698548,1,0,1,-32.70501,-30.0,2.7050095,-11.539458,-55.7639,0.0
131.04608808299963,5,45,0.019252522706985478,1,0,1,-32.579845,-30.0,2.5798454,170.58562,-55.740467,0.0
131.14551025900073,5,46,-0.028747477293014523,1,0,1,-32.243183,-30.0,2.2431831,-196.49886,-55.71285,0.0
131.24519085400243,5,47,0.019252522706985478,1,0,1,-31.934793,-30.0,1.9347935,82.91244,-55.69514,0.0
131.34573862000252,5,48,0.06725252270698548,1,0,1,-32.220127,-30.0,2.220127,-117.15316,-55.672916,0.0
131.4455435359996,5,49,0.019252522706985478,1,0,1,-31.98717,-30.0,1.9871693,70.417404,-55.652946,0.0
131.54624495700045,5,50,0.06725252270698548,1,0,1,-32.20375,-30.0,2.2037506,-73.73428,-55.631622,0.0
131.64493992700227,5,51,0.019252522706985478,1,0,1,-32.280598,-30.0,2.2805977,44.834133,-55.610737,0.0
131.74578215200017,5,52,0.03037194311618805,1,0,1,-32.02759,-30.0,2.0275917,-39.50119,-55.588715,0.0
131.84684424200168,5,53,0.02842294275760651,1,0,1,-32.46942,-30.0,2.4694214,60.428616,-55.566555,0.0
131.94548584800214,5,54,0.05222152471542359,1,0,1,-32.227173,-30.0,2.2271729,-22.994993,-55.54313,0.0
132.04479990400068,5,55,0.07260754704475403,1,0,1,-32.99777,-30.0,2.9977684,142.64679,-55.51772,0.0
132.14536862100067,5,56,0.12060754704475403,1,0,1,-33.952595,-30.0,3.9525948,-82.89718,-55.480927,0.0
132.2448681800015,5,57,0.07260754704475403,1,0,1,-33.57741,-30.0,3.5774117,-17.82608,-55.445023,0.0
132.34638089500004,5,58,0.024607547044754027,1,0,1,-33.6895,-30.0,3.689499,-21.415709,-55.40857,0.0
132.445936049,5,59,-0.023392452955245974,1,0,1,-33.74786,-30.0,3.74786,-81.06994,-55.370594,0.0
132.5469947849997,5,60,-0.07139245295524597,1,0,1,-33.6047,-30.0,3.6046982,-7.884979,-55.334156,0.0
132.64539473400146,5,61,-0.023392452955245974,1,0,1,-33.352036,-30.0,3.3520355,-31.612394,-55.29913,0.0
132.74578856399967,5,62,0.024607547044754027,1,0,1,-33.492603,-30.0,3.4926033,-5.9738154,-55.265038,0.0
132.84548256500057,5,63,-0.023392452955245974,1,0,1,-32.996876,-30.0,2.9968758,-28.76663,-55.233017,0.0
132.94510867700228,5,64,-0.04141838252544403,1,0,1,-32.907078,-30.0,2.9070778,-24.658201,-55.203346,0.0
133.04625094199946,5,65,-0.03861914575099945,1,0,1,-32.934834,-30.0,2.9348335,42.976376,-55.174427,0.0
133.1462480600021,5,66,-0.08661914575099945,1,0,1,-32.843903,-30.0,2.8439026,36.62491,-55.14607,0.0
133.24569174200224,5,67,-0.07687459588050843,1,0,1,-32.545116,-30.0,2.5451164,0.70571893,-55.119297,0.0
133.34582854600012,5,68,-0.028874595880508433,1,0,1,-32.49741,-30.0,2.4974098,10.162353,-55.09414,0.0
133.44581197500156,5,69,0.019125404119491568,1,0,1,-32.36273,-30.0,2.362728,0.69046015,-55.069794,0.0
133.5459191660011,5,70,-0.028874595880508433,1,0,1,-32.254078,-30.0,2.254078,9.479523,-55.047173,0.0
133.6455503060024,5,71,-0.07687459588050843,1,0,1,-31.936712,-30.0,1.9367123,36.6745,-55.02643,0.0
133.74790169400148,5,72,-0.028874595880508433,1,0,1,-32.074707,-30.0,2.074707,-4.1046143,-55.00577,0.0
133.84693525700277,5,73,-0.07687459588050843,1,0,1,-32.11728,-30.0,2.117279,-21.114347,-54.984695,0.0
133.94576096400124,5,74,-0.028874595880508433,1,0,1,-31.977047,-30.0,1.977047,-26.782988,-54.965065,0.0
134.04540551100217,5,75,-0.07687459588050843,1,0,1,-31.764914,-30.0,1.7649136,123.056404,-54.94702,0.0
134.14620973300043,5,76,-0.028874595880508433,1,0,1,-32.290325,-30.0,2.2903252,18.760681,-54.92428,0.0
134.2462353450028,5,77,-0.030982068181037905,1,0,1,-32.563778,-30.0,2.563778,-4.91333,-54.900333,0.0
134.34555079100028,5,78,-0.07898206818103791,1,0,1,-32.79734,-30.0,2.7973404,39.01291,-54.87366,0.0
134.44546688899936,5,79,-0.03098206818103791,1,0,1,-33.21544,-30.0,3.2154388,47.59216,-54.84308,0.0
134.54547769300189,5,80,-0.05324684977531433,1,0,1,-33.46374,-30.0,3.4637413,49.652096,-54.808994,0.0
134.64462356100194,5,81,-0.0052468497753143314,1,0,1,-33.514984,-30.0,3.5149841,-53.882595,-54.772808,0.0
134.74511991500185,5,82,0.02062230259180069,1,0,1,-33.452015,-30.0,3.452015,-21.02661,-54.738342,0.0
134.84642924100262,5,83,0.046447890996932986,1,0,1,-33.231052,-30.0,3.2310524,-37.776947,-54.704914,0.0
134.94626096499996,5,84,0.09275531172752381,1,0,1,-33.014313,-30.0,3.0143127,-10.63919,-54.673782,0.0
135.04588902700198,5,85,0.08832650184631348,1,0,1,-32.827175,-30.0,2.8271751,9.19342,-54.64482,0.0
135.1453617570005,5,86,0.04032650184631348,1,0,1,-32.94359,-30.0,2.9435883,-57.189938,-54.615353,0.0
135.24550190900118,5,87,0.08832650184631348,1,0,1,-32.72492,-30.0,2.7249184,18.253326,-54.587635,0.0
135.34518472700074,5,88,0.13632650184631348,1,0,1,-32.61208,-30.0,2.6120796,-11.016845,-54.560432,0.0
135.4453975150027,5,89,0.08832650184631348,1,0,1,-32.555023,-30.0,2.5550232,18.985748,-54.534515,0.0
135.54525410300266,5,90,0.04032650184631348,1,0,1,-32.49161,-30.0,2.4916115,-28.861998,-54.50904,0.0
135.6460594400014,5,91,0.07646275162696839,1,0,1,-32.56314,-30.0,2.5631409,-1.3427733,-54.484447,0.0
135.74617724100244,5,92,0.02846275162696839,1,0,1,-32.54804,-30.0,2.5480385,-38.16223,-54.45884,0.0
135.8457091980017,5,93,-0.019537248373031613,1,0,1,-32.380653,-30.0,2.3806534,13.744353,-54.434464,0.0
135.9457554770015,5,94,-0.06753724837303161,1,0,1,-32.493576,-30.0,2.493576,35.289764,-54.410122,0.0
136.0451047230017,5,95,-0.11553724837303161,1,0,1,-32.494072,-30.0,2.494072,-9.20105,-54.384773,0.0
136.1447833480015,5,96,-0.16353724837303163,1,0,1,-32.544422,-30.0,2.5444221,6.3629146,-54.359764,0.0
136.24510620600267,5,97,-0.11553724837303163,1,0,1,-33.32482,-30.0,3.3248215,113.49105,-54.331223,0.0
136.34580649500276,5,98,-0.08880367279052735,1,0,1,-34.18422,-30.0,4.1842194,-32.505035,-54.29131,0.0
136.44539879500007,5,99,-0.04080367279052735,1,0,1,-34.02855,-30.0,4.028549,-14.354705,-54.250023,0.0
136.54525538000235,5,100,0.00719632720947265,1,0,1,-33.924747,-30.0,3.9247475,-9.654999,-54.210094,0.0
136.64462054999967,5,101,0.05519632720947265,1,0,1,-33.65123,-30.0,3.6512299,-52.03628,-54.171925,0.0
136.74527949200274,5,102,0.10319632720947265,1,0,1,-33.367096,-30.0,3.367096,-9.155273,-54.13782,0.0
136.84571856800176,5,103,0.15119632720947265,1,0,1,-33.52085,-30.0,3.5208511,-36.72409,-54.102985,0.0
136.9461727279995,5,104,0.10319632720947265,1,0,1,-33.445675,-30.0,3.445675,-31.444548,-54.06785,0.0
137.04535043600117,5,105,0.05519632720947265,1,0,1,-33.15706,-30.0,3.1570587,-93.44482,-54.03397,0.0
137.1455039909997,5,106,0.10319632720947265,1,0,1,-32.965538,-30.0,2.965538,17.01355,-54.004005,0.0
137.24566034000236,5,107,0.05519632720947265,1,0,1,-32.992752,-30.0,2.992752,-15.73944,-53.974358,0.0
137.34752002200185,5,108,0.00719632720947265,1,0,1,-33.1469,-30.0,3.1469002,21.58737,-53.94421,0.0
137.44495472700146,5,109,-0.04080367279052735,1,0,1,-32.812584,-30.0,2.812584,-0.6332397,-53.915134,0.0
137.5458282239997,5,110,-0.052719855308532716,1,0,1,-32.692528,-30.0,2.6925278,-6.8435664,-53.8879,0.0
137.646632158001,5,111,-0.004719855308532715,1,0,1,-32.69075,-30.0,2.6907501,3.097534,-53.861103,0.0
137.745260341002,5,112,-0.052719855308532716,1,0,1,-32.42182,-30.0,2.4218216,-46.710964,-53.8348,0.0
137.8453546689998,5,113,-0.10071985530853272,1,0,1,-32.243275,-30.0,2.2432747,-2.3078918,-53.81166,0.0
137.94495422600085,5,114,-0.05271985530853272,1,0,1,-32.435635,-30.0,2.4356346,-6.774902,-53.78794,0.0
138.045520691001,5,115,-0.10071985530853272,1,0,1,-32.411156,-30.0,2.4111557,7.2479243,-53.763535,0.0
138.14522501300235,5,116,-0.05271985530853272,1,0,1,-32.09926,-30.0,2.0992584,-13.469695,-53.74182,0.0
138.24623176800014,5,117,-0.026653951406478884,1,0,1,-32.256504,-30.0,2.256504,48.84338,-53.720383,0.0
138.3456298980018,5,118,-0.07465395140647889,1,0,1,-32.21543,-30.0,2.2154312,-11.787414,-53.697662,0.0
138.44483526100157,5,119,-0.03408160209655762,1,0,1,-32.141735,-30.0,2.141735,-4.787445,-53.676205,0.0
138.5451567170021,5,120,-0.08208160209655763,1,0,1,-32.492256,-30.0,2.4922562,55.95016,-53.653366,0.0
138.64698314999987,5,121,-0.034081602096557626,1,0,1,-32.93112,-30.0,2.9311218,61.687466,-53.626053,0.0
138.74542666500201,5,122,-0.041974017024040224,1,0,1,-33.383587,-30.0,3.383587,50.20904,-53.593822,0.0
138.84490581200225,5,123,0.0060259829759597774,1,0,1,-33.65665,-30.0,3.6566505,12.7182,-53.558533,0.0
138.94676381200043,5,124,-0.041974017024040224,1,0,1,-33.601578,-30.0,3.6015778,42.694088,-53.522255,0.0
139.04481760000272,5,125,0.0060259829759597774,1,0,1,-33.612957,-30.0,3.612957,30.3421,-53.486477,0.0
139.14582519100077,5,126,-0.041974017024040224,1,0,1,-33.410492,-30.0,3.410492,-37.734985,-53.451538,0.0
139.24524427100187,5,127,-0.08997401702404023,1,0,1,-33.42148,-30.0,3.4214783,10.082244,-53.41792,0.0
139.3453313300015,5,128,-0.13797401702404022,1,0,1,-33.144527,-30.0,3.1445274,-32.131195,-53.384525,0.0
139.4449610570009,5,129,-0.08997401702404022,1,0,1,-33.218937,-30.0,3.218937,-42.114254,-53.352833,0.0
139.5463756930003,5,130,-0.04197401702404022,1,0,1,-33.147423,-30.0,3.1474228,6.0958858,-53.320885,0.0
139.64516311199986,5,131,0.006025982975959784,1,0,1,-33.14265,-30.0,3.1426506,13.629912,-53.289886,0.0
139.744865476001,5,132,0.054025982975959785,1,0,1,-32.771667,-30.0,2.7716675,-26.283262,-53.26032,0.0
139.84629380000115,5,133,0.10202598297595979,1,0,1,-32.824066,-30.0,2.8240662,61.004635,-53.232925,0.0
139.9454921739998,5,134,0.1500259829759598,1,0,1,-32.952904,-30.0,2.9529037,-55.21011,-53.203556,0.0
140.04514508600187,5,135,0.10202598297595979,1,0,1,-32.690334,-30.0,2.6903343,-19.508362,-53.175907,0.0
140.14511871700233,5,136,0.054025982975959785,1,0,1,-32.745808,-30.0,2.7458076,-3.1166074,-53.148563,0.0
140.24576172399975,5,137,0.05715053677558899,1,0,1,-32.807182,-30.0,2.8071823,0.61035156,-53.120815,0.0
140.34534339600214,5,138,0.00915053677558899,1,0,1,-32.873493,-30.0,2.8734932,22.510527,-53.09255,0.0
140.44570619300066,5,139,-0.03884946322441101,1,0,1,-32.567707,-30.0,2.567707,-48.797604,-53.065178,0.0
140.54554879900024,5,140,-0.03876096308231354,1,0,1,-32.956795,-30.0,2.9567947,46.661373,-53.03771,0.0
140.64496452300227,5,141,0.00923903691768646,1,0,1,-34.109207,-30.0,4.109207,147.56393,-53.00255,0.0
140.74562624900136,5,142,-0.03876096308231354,1,0,1,-34.590015,-30.0,4.5900154,-28.484343,-52.957943,0.0
140.8449849810022,5,143,0.00923903691768646,1,0,1,-34.291492,-30.0,4.2914925,27.496336,-52.914463,0.0
140.94617359900076,5,144,-0.03876096308231354,1,0,1,-34.051155,-30.0,4.051155,-27.420042,-52.872593,0.0
141.04573375600012,5,145,-0.08676096308231354,1,0,1,-33.833458,-30.0,3.833458,-62.492367,-52.833206,0.0
141.1462432210028,5,146,-0.13476096308231356,1,0,1,-33.74034,-30.0,3.7403412,-34.20639,-52.795406,0.0
141.2458712660009,5,147,-0.08676096308231356,1,0,1,-33.661472,-30.0,3.6614723,-33.512115,-52.75779,0.0
141.34587702200224,5,148,-0.10366253852844239,1,0,1,-33.463375,-30.0,3.463375,-29.918669,-52.72244,0.0
141.44524525100132,5,149,-0.055662538528442385,1,0,1,-33.501213,-30.0,3.501213,1.9989012,-52.68726,0.0
141.54544209800224,5,150,-0.10366253852844239,1,0,1,-33.35731,-30.0,3.3573112,-33.107758,-52.65296,0.0
141.64509025799998,5,151,-0.055662538528442385,1,0,1,-33.207886,-30.0,3.2078857,6.9961543,-52.62026,0.0
141.74645013100235,5,152,-0.007662538528442384,1,0,1,-33.15281,-30.0,3.1528091,7.591247,-52.58828,0.0
141.8454451180005,5,153,0.04033746147155762,1,0,1,-33.196,-30.0,3.1959991,-10.89096,-52.556175,0.0
141.9449086099994,5,154,-0.007662538528442384,1,0,1,-32.784977,-30.0,2.784977,14.499663,-52.527657,0.0
142.04600670900254,5,155,0.04033746147155762,1,0,1,-32.82731,-30.0,2.8273087,-2.4375916,-52.499146,0.0
142.14681286400082,5,156,-0.007662538528442384,1,0,1,-32.568302,-30.0,2.5683022,-49.732204,-52.472237,0.0
142.2457307420009,5,157,-0.055662538528442385,1,0,1,-32.36462,-30.0,2.3646202,-19.550323,-52.448093,0.0
142.34631312000056,5,158,-0.007662538528442384,1,0,1,-32.378235,-30.0,2.3782349,31.890867,-52.42476,0.0
142.44496866700138,5,159,-0.055662538528442385,1,0,1,-32.2583,-30.0,2.2583008,-9.216309,-52.401268,0.0
142.5467593300018,5,160,-0.007662538528442384,1,0,1,-32.2649,-30.0,2.2649002,15.197753,-52.378975,0.0
142.64640720800162,5,161,-0.055662538528442385,1,0,1,-32.263557,-30.0,2.2635574,17.787933,-52.356163,0.0
142.74528792899946,5,162,-0.09952411651611329,1,0,1,-32.378807,-30.0,2.378807,11.306762,-52.332993,0.0
142.84593288500037,5,163,-0.051524116516113286,1,0,1,-32.40055,-30.0,2.4005508,-22.758482,-52.308388,0.0
142.9451765090016,5,164,-0.09804559350013733,1,0,1,-32.40411,-30.0,2.40411,4.699707,-52.285187,0.0
143.04502608999974,5,165,-0.050045593500137334,1,0,1,-32.832336,-30.0,2.8323364,39.37149,-52.25892,0.0
143.14684608400057,5,166,-0.09804559350013733,1,0,1,-33.531532,-30.0,3.5315323,88.2492,-52.22746,0.0
143.2464383639999,5,167,-0.14604559350013735,1,0,1,-33.76494,-30.0,3.7649384,0.5683899,-52.190323,0.0
143.34520426100062,5,168,-0.18907207250595093,1,0,1,-33.663708,-30.0,3.6637077,30.16281,-52.1538,0.0
143.44538322299923,5,169,-0.14107207250595094,1,0,1,-33.66923,-30.0,3.6692314,1.25885,-52.11695,0.0
143.54577981500188,5,170,-0.09307207250595094,1,0,1,-33.681942,-30.0,3.681942,3.097534,-52.079895,0.0
143.6456433650019,5,171,-0.10336859226226808,1,0,1,-33.611347,-30.0,3.6113472,-28.186796,-52.04332,0.0
143.74560720999943,5,172,-0.055368592262268077,1,0,1,-33.431736,-30.0,3.431736,8.068085,-52.00842,0.0
143.84476143400025,5,173,-0.0073685922622680755,1,0,1,-33.428055,-30.0,3.4280548,-37.30774,-51.97379,0.0
143.94616599800065,5,174,0.040631407737731925,1,0,1,-33.278942,-30.0,3.278942,-17.349243,-51.940357,0.0
144.04568731499967,5,175,0.08863140773773193,1,0,1,-33.14684,-30.0,3.1468391,6.2904353,-51.9086,0.0
144.1451136450014,5,176,0.040631407737731925,1,0,1,-33.085167,-30.0,3.085167,9.868622,-51.87802,0.0
144.24551358700046,5,177,0.03730939626693726,1,0,1,-33.101135,-30.0,3.1011353,-33.798218,-51.846497,0.0
144.3456375099995,5,178,0.08530939626693726,1,0,1,-32.82368,-30.0,2.8236809,-59.673306,-51.816986,0.0
144.44543764000264,5,179,0.03730939626693726,1,0,1,-32.771385,-30.0,2.7713852,19.306183,-51.78945,0.0
144.54543500600266,5,180,0.018377444148063662,1,0,1,-32.858692,-30.0,2.8586922,-8.43811,-51.761017,0.0
144.64512757800185,5,181,-0.02962255585193634,1,0,1,-32.867874,-30.0,2.8678741,15.92636,-51.732643,0.0
144.74646118199962,5,182,-0.07762255585193634,1,0,1,-32.79207,-30.0,2.7920685,0.377655,-51.70452,0.0
144.84526981900126,5,183,-0.12562255585193632,1,0,1,-32.63133,-30.0,2.6313286,-57.674404,-51.677193,0.0
144.9452967970028,5,184,-0.12095844745635986,1,0,1,-32.887306,-30.0,2.8873062,27.75192,-51.649788,0.0
145.04551095400166,5,185,-0.07295844745635986,1,0,1,-34.133904,-30.0,4.1339035,145.81299,-51.614788,0.0
145.14476099700187,5,186,-0.02495844745635986,1,0,1,-34.287872,-30.0,4.2878723,-26.283262,-51.571217,0.0
145.24580572800187,5,187,-0.07295844745635986,1,0,1,-34.280823,-30.0,4.2808228,39.474487,-51.52954,0.0
145.34572458800176,5,188,-0.02495844745635986,1,0,1,-34.173893,-30.0,4.173893,-17.066956,-51.48669,0.0
145.4457311719998,5,189,0.02304155254364014,1,0,1,-33.977295,-30.0,3.977295,-15.747069,-51.446175,0.0
145.54632527500144,5,190,0.07104155254364014,1,0,1,-33.99654,-30.0,3.99654,-16.532898,-51.406097,0.0
145.64507468300144,5,191,0.11904155254364014,1,0,1,-33.808994,-30.0,3.8089943,-24.86038,-51.367275,0.0
145.74520139699962,5,192,0.07104155254364014,1,0,1,-33.799843,-30.0,3.7998428,-31.696318,-51.328625,0.0
145.8453289470017,5,193,0.02304155254364014,1,0,1,-33.674076,-30.0,3.674076,-39.9971,-51.291092,0.0
145.94612894500096,5,194,0.07104155254364014,1,0,1,-33.609173,-30.0,3.6091728,-29.556273,-51.2544,0.0
146.04631571999926,5,195,0.02304155254364014,1,0,1,-33.466377,-30.0,3.4663773,-19.580841,-51.218723,0.0
146.1444429639996,5,196,0.07104155254364014,1,0,1,-33.391502,-30.0,3.3915024,-1.9607543,-51.184803,0.0
146.24547791400255,5,197,0.02304155254364014,1,0,1,-33.231293,-30.0,3.2312927,-46.703335,-51.151596,0.0
146.34526379100134,5,198,0.07104155254364014,1,0,1,-32.96837,-30.0,2.9683685,12.935637,-51.120533,0.0
146.44601601600152,5,199,0.02304155254364014,1,0,1,-33.072742,-30.0,3.0727425,16.353607,-51.089943,0.0
146.54535629300153,5,200,0.07104155254364014,1,0,1,-32.727795,-30.0,2.7277946,-17.627716,-51.061253,0.0
146.64618394900026,5,201,0.02304155254364014,1,0,1,-32.702953,-30.0,2.7029533,21.598814,-51.03432,0.0
146.7449068140013,5,202,0.07104155254364014,1,0,1,-32.650967,-30.0,2.6509666,28.892515,-51.00798,0.0
146.84533245200146,5,203,0.02304155254364014,1,0,1,-32.381332,-30.0,2.3813324,-13.080596,-50.983124,0.0
146.94574551700134,5,204,0.07104155254364014,1,0,1,-32.424824,-30.0,2.4248238,-9.284973,-50.95897,0.0
147.045609615001,5,205,0.11904155254364014,1,0,1,-32.575615,-30.0,2.575615,14.999389,-50.933956,0.0
147.14579443200273,5,206,0.11669528484344482,1,0,1,-32.69309,-30.0,2.6930885,11.287688,-50.908028,0.0
147.2455462220023,5,207,0.06869528484344482,1,0,1,-32.46705,-30.0,2.4670486,15.270232,-50.882267,0.0
147.34623474800173,5,208,0.11669528484344482,1,0,1,-32.85217,-30.0,2.852169,17.299652,-50.85539,0.0
147.44577924400073,5,209,0.06869528484344482,1,0,1,-33.534523,-30.0,3.534523,91.34292,-50.823536,0.0
147.54647587100044,5,210,0.020695284843444822,1,0,1,-33.949963,-30.0,3.9499626,0.1335144,-50.785213,0.0
147.6456923850019,5,211,0.03139957189559937,1,0,1,-33.810547,-30.0,3.8105469,22.869108,-50.746822,0.0
147.7460152120002,5,212,0.07939957189559937,1,0,1,-33.991364,-30.0,3.9913635,-29.308317,-50.7076,0.0
147.84576169300271,5,213,0.031399571895599374,1,0,1,-33.731335,-30.0,3.7313347,-27.172087,-50.669334,0.0
147.94573697899978,5,214,0.0310784786939621,1,0,1,-33.96902,-30.0,3.9690208,-20.732878,-50.6299,0.0
148.04612098500002,5,215,-0.016921521306037902,1,0,1,-33.688988,-30.0,3.6889877,-12.683867,-50.591938,0.0
148.14765796100255,5,216,0.0310784786939621,1,0,1,-33.375126,-30.0,3.375126,-31.147001,-50.55639,0.0
148.24631377200058,5,217,-0.016921521306037902,1,0,1,-33.49301,-30.0,3.4930115,28.472898,-50.521877,0.0
148.3457166240005,5,218,0.0310784786939621,1,0,1,-33.37391,-30.0,3.373909,4.2266846,-50.487583,0.0
148.44575029800035,5,219,-0.016921521306037902,1,0,1,-33.167904,-30.0,3.167904,-34.66797,-50.455307,0.0
148.54541883300044,5,220,-0.0649215213060379,1,0,1,-32.923286,-30.0,2.9232864,-36.91101,-50.424572,0.0
148.64642276700033,5,221,-0.0939410924911499,1,0,1,-32.875526,-30.0,2.8755264,31.517027,-50.39598,0.0
148.7450179539992,5,222,-0.13297637701034545,1,0,1,-33.083183,-30.0,3.0831833,-16.178131,-50.366096,0.0
148.84538016900115,5,223,-0.08497637701034545,1,0,1,-32.987232,-30.0,2.9872322,-77.32391,-50.335484,0.0
148.94467825299944,5,224,-0.03697637701034545,1,0,1,-32.897495,-30.0,2.8974953,-51.17416,-50.30581,0.0
149.04479042800085,5,225,0.01102362298965455,1,0,1,-32.806458,-30.0,2.8064575,46.997066,-50.27734,0.0
149.14608797899928,5,226,0.04529722034931183,1,0,1,-32.766365,-30.0,2.766365,-59.329983,-50.248367,0.0
149.24729920400205,5,227,0.08743521571159363,1,0,1,-32.879856,-30.0,2.879856,28.957365,-50.22042,0.0
149.34594579300028,5,228,0.05079367160797119,1,0,1,-32.609795,-30.0,2.6097946,59.402462,-50.194168,0.0
149.44563779300006,5,229,0.002793671607971192,1,0,1,-34.462387,-30.0,4.462387,39.855957,-50.157207,0.0
149.54580388600152,5,230,-0.04520632839202881,1,0,1,-35.054173,-30.0,5.0541725,80.23834,-50.10981,0.0
149.64534306900168,5,231,-0.06546500325202942,1,0,1,-34.327175,-30.0,4.327175,-101.87911,-50.06234,0.0
149.74628106800083,5,232,-0.017465003252029418,1,0,1,-34.14509,-30.0,4.145088,99.91836,-50.021866,0.0
149.84537660700153,5,233,0.030534996747970583,1,0,1,-34.294346,-30.0,4.294346,-48.439022,-49.979294,0.0
149.9453390359995,5,234,0.07853499674797058,1,0,1,-33.99822,-30.0,3.9982185,-39.49356,-49.939167,0.0
150.0451170790002,5,235,0.030534996747970583,1,0,1,-33.616714,-30.0,3.6167145,33.649445,-49.901768,0.0
150.14525830600178,5,236,0.07853499674797058,1,0,1,-33.654926,-30.0,3.6549263,11.840819,-49.864315,0.0
150.24497097600033,5,237,0.030534996747970583,1,0,1,-33.776474,-30.0,3.776474,-17.368317,-49.826454,0.0
150.34641463700245,5,238,-0.017465003252029418,1,0,1,-33.488136,-30.0,3.4881363,26.138304,-49.791172,0.0
150.44496092800182,5,239,-0.06546500325202942,1,0,1,-33.66015,-30.0,3.6601486,-29.563902,-49.75513,0.0
150.54549942200174,5,240,-0.07857251167297363,1,0,1,-33.31995,-30.0,3.31995,-71.30051,-49.72024,0.0
150.64507855200281,5,241,-0.12657251167297362,1,0,1,-33.23937,-30.0,3.2393684,-10.215758,-49.687454,0.0
150.74571790000118,5,242,-0.07857251167297362,1,0,1,-33.08172,-30.0,3.0817184,-29.712675,-49.656494,0.0
150.84520343999975,5,243,-0.12657251167297362,1,0,1,-33.214386,-30.0,3.214386,-27.145384,-49.624996,0.0
150.94625793200248,5,244,-0.07857251167297362,1,0,1,-32.787373,-30.0,2.7873726,-19.943237,-49.59665,0.0
151.04456759200184,5,245,-0.12657251167297362,1,0,1,-32.80337,-30.0,2.8033714,-34.118652,-49.568317,0.0
151.14596878500015,5,246,-0.07857251167297362,1,0,1,-32.30783,-30.0,2.3078308,-44.57092,-49.542595,0.0
151.24545264600238,5,247,-0.030572511672973618,1,0,1,-32.410084,-30.0,2.4100838,9.986877,-49.518135,0.0
151.34615708500132,5,248,0.017427488327026383,1,0,1,-32.664703,-30.0,2.6647034,8.426666,-49.491894,0.0
151.44516992500212,5,249,-0.030572511672973618,1,0,1,-32.745464,-30.0,2.7454643,-77.697754,-49.464256,0.0
151.54530723800053,5,250,-0.07857251167297362,1,0,1,-32.46085,-30.0,2.4608498,-30.456541,-49.43893,0.0
151.6459166900022,5,251,-0.030572511672973618,1,0,1,-32.890034,-30.0,2.8900337,35.48813,-49.412014,0.0
151.74609898199924,5,252,0.017427488327026383,1,0,1,-32.85335,-30.0,2.8533516,38.383484,-49.38352,0.0
151.84581304600215,5,253,-0.030572511672973618,1,0,1,-33.462936,-30.0,3.4629364,79.42581,-49.35186,0.0
151.94585983900106,5,254,0.017427488327026383,1,0,1,-33.956894,-30.0,3.956894,24.303434,-49.314003,0.0
152.04613180700107,5,255,-0.030572511672973618,1,0,1,-34.06762,-30.0,4.0676193,-33.27179,-49.273632,0.0
152.14644316600243,5,256,-0.05313735604286194,1,0,1,-33.9431,-30.0,3.9431,7.213592,-49.233917,0.0
152.24583958199946,5,257,-0.08976933956146241,1,0,1,-33.944424,-30.0,3.9444237,12.439727,-49.194645,0.0
152.34527399199942,5,258,-0.04176933956146241,1,0,1,-34.01728,-30.0,4.0172806,-18.318176,-49.154778,0.0
152.44463911800267,5,259,0.006230660438537594,1,0,1,-33.59655,-30.0,3.59655,-1.9493102,-49.11715,0.0
152.54554218699923,5,260,0.054230660438537595,1,0,1,-33.713528,-30.0,3.7135277,43.136593,-49.080753,0.0
152.64446311100255,5,261,0.006230660438537594,1,0,1,-33.430058,-30.0,3.4300575,-1.0223389,-49.045094,0.0
152.7464428810017,5,262,0.054230660438537595,1,0,1,-33.289165,-30.0,3.2891655,5.889892,-49.0117,0.0
152.84515762700175,5,263,0.1022306604385376,1,0,1,-33.008316,-30.0,3.008316,-29.094694,-48.980057,0.0
152.94577601399942,5,264,0.054230660438537595,1,0,1,-33.06528,-30.0,3.065281,-40.35568,-48.949005,0.0
153.04614911200042,5,265,0.006230660438537594,1,0,1,-33.02078,-30.0,3.0207787,8.636475,-48.918953,0.0
153.144810496,5,266,-0.01692982017993927,1,0,1,-32.898876,-30.0,2.8988762,-4.508972,-48.889885,0.0
153.24622201999955,5,267,-0.06492982017993927,1,0,1,-32.924183,-30.0,2.924183,42.156216,-48.86144,0.0
153.34558267300235,5,268,-0.0907818078994751,1,0,1,-33.04939,-30.0,3.049389,-13.290404,-48.831287,0.0
153.4461275850008,5,269,-0.0427818078994751,1,0,1,-32.873055,-30.0,2.8730545,-20.179747,-48.80182,0.0
153.5448060109993,5,270,0.005218192100524904,1,0,1,-32.87165,-30.0,2.8716507,5.2528377,-48.77326,0.0
153.64592335600173,5,271,0.053218192100524905,1,0,1,-33.069942,-30.0,3.0699425,61.084743,-48.743988,0.0
153.74571144900256,5,272,0.02881273925304413,1,0,1,-33.80731,-30.0,3.8073082,159.0805,-48.710484,0.0
153.8456347570027,5,273,0.0322566419839859,1,0,1,-34.873535,-30.0,4.873535,7.568359,-48.665005,0.0
153.94517867499962,5,274,-0.0157433580160141,1,0,1,-34.716957,-30.0,4.716957,-14.305114,-48.616886,0.0
154.04602837900165,5,275,0.0322566419839859,1,0,1,-34.649204,-30.0,4.6492043,21.057127,-48.570038,0.0
154.14543317000062,5,276,-0.0157433580160141,1,0,1,-34.355164,-30.0,4.3551636,-20.267485,-48.524532,0.0
154.24553890600146,5,277,0.0322566419839859,1,0,1,-34.343407,-30.0,4.3434067,24.757383,-48.481377,0.0
154.34533062800256,5,278,0.02859763503074646,1,0,1,-34.228176,-30.0,4.228176,-64.41879,-48.438297,0.0
154.4464024330009,5,279,-0.009991352260112763,1,0,1,-34.23902,-30.0,4.2390213,10.749816,-48.396088,0.0
154.54517025500172,5,280,-0.05799135226011276,1,0,1,-34.035618,-30.0,4.035618,-19.798279,-48.35506,0.0
154.64652590200058,5,281,-0.00999135226011276,1,0,1,-33.96825,-30.0,3.9682503,25.482176,-48.31517,0.0
154.74509928200132,5,282,-0.05799135226011276,1,0,1,-33.914734,-30.0,3.914734,-7.5759883,-48.27578,0.0
154.8458347220003,5,283,-0.10599135226011276,1,0,1,-33.641563,-30.0,3.6415634,-46.848293,-48.23781,0.0
154.94600973900015,5,284,-0.15399135226011276,1,0,1,-33.569126,-30.0,3.5691261,-9.567261,-48.202045,0.0
155.04609396100204,5,285,-0.10599135226011276,1,0,1,-33.37273,-30.0,3.3727303,-17.52472,-48.167877,0.0
155.14673022200077,5,286,-0.05799135226011276,1,0,1,-33.177013,-30.0,3.1770134,-74.48959,-48.134052,0.0
155.24544887199954,5,287,-0.00999135226011276,1,0,1,-33.033134,-30.0,3.0331345,-1.0299683,-48.103462,0.0
155.3456336679992,5,288,0.03800864773988724,1,0,1,-33.028946,-30.0,3.028946,41.446682,-48.073856,0.0
155.44511388700266,5,289,0.04960852861404419,1,0,1,-32.806145,-30.0,2.8061447,-18.943787,-48.044384,0.0
155.5453961830026,5,290,0.0016085286140441885,1,0,1,-32.73328,-30.0,2.7332802,-4.085541,-48.01687,0.0
155.64437129699945,5,291,-0.04639147138595581,1,0,1,-32.981247,-30.0,2.981247,33.309937,-47.988613,0.0
155.74624461799976,5,292,-0.09439147138595581,1,0,1,-32.790527,-30.0,2.7905273,-28.20587,-47.959152,0.0
155.84588351899947,5,293,-0.04639147138595581,1,0,1,-32.795578,-30.0,2.795578,-12.935637,-47.930897,0.0
155.94639992700104,5,294,0.0016085286140441885,1,0,1,-33.060196,-30.0,3.060196,49.804684,-47.90144,0.0
156.0464251980011,5,295,0.04960852861404419,1,0,1,-33.011585,-30.0,3.0115852,11.623382,-47.87147,0.0
156.14465690100042,5,296,0.0016085286140441885,1,0,1,-33.404274,-30.0,3.404274,119.45342,-47.83994,0.0
156.24610557300184,5,297,-0.04639147138595581,1,0,1,-34.188156,-30.0,4.188156,75.092316,-47.801544,0.0
156.34526730500147,5,298,0.0016085286140441885,1,0,1,-34.64454,-30.0,4.644539,49.163815,-47.756763,0.0
156.44598011100243,5,299,-0.04639147138595581,1,0,1,-34.64166,-30.0,4.641659,9.426117,-47.710434,0.0
156.54479626000102,5,300,0.0,1,1,1,-34.641914,-30.0,4.6419144,52.79922,-47.664658,0.0
158.27456799300126,6,1,0.048,1,0,1,-34.11925,-30.0,4.1192513,154.39606,-47.043415,0.0
158.37941242799934,6,2,0.096,1,0,1,-35.18893,-30.0,5.1889305,44.216152,-46.995018,0.0
158.4794184170023,6,3,0.11791887283325196,1,0,1,-35.03093,-30.0,5.0309296,-4.055023,-46.943996,0.0
158.57921096599966,6,4,0.16591887283325196,1,0,1,-34.84779,-30.0,4.84779,-47.46246,-46.894733,0.0
158.67979525600094,6,5,0.11791887283325196,1,0,1,-34.70862,-30.0,4.708618,-18.260956,-46.847492,0.0
158.7787776260011,6,6,0.0986282765865326,1,0,1,-34.523926,-30.0,4.523926,-44.70825,-46.80104,0.0
158.87983712500136,6,7,0.0506282765865326,1,0,1,-34.472656,-30.0,4.4726562,-2.7618406,-46.756294,0.0
158.9780900520018,6,8,0.002628276586532599,1,0,1,-34.441025,-30.0,4.441025,-47.977444,-46.71138,0.0
159.08005723099996,6,9,-0.009761510789394379,1,0,1,-34.441025,-30.0,4.441025,-47.977444,-46.71138,0.0
159.17882308499975,6,10,0.038238489210605624,1,0,1,-34.275352,-30.0,4.2753525,0.0,-46.668617,0.0
159.27860585300004,6,11,0.08623848921060562,1,0,1,-34.269184,-30.0,4.269184,0.0,-46.625908,0.0
159.37855512700116,6,12,0.04627702832221985,1,0,1,-34.170834,-30.0,4.1708336,10.673522,-46.583637,0.0
159.4797171550017,6,13,-0.0017229716777801482,1,0,1,-34.170834,-30.0,4.1708336,10.673522,-46.583637,0.0
159.58068781399925,6,14,0.04627702832221985,1,0,1,-34.170834,-30.0,4.1708336,10.673522,-46.583637,0.0
159.68014539300202,6,15,-0.0017229716777801482,1,0,1,-34.170834,-30.0,4.1708336,10.673522,-46.583637,0.0
159.77913558300133,6,16,0.04627702832221985,1,0,1,-33.49281,-30.0,3.4928093,0.0,-46.548695,0.0
159.87884096299967,6,17,0.09427702832221985,1,0,1,-33.49281,-30.0,3.4928093,0.0,-46.513752,0.0
159.9787555920011,6,18,0.07914900779724121,1,0,1,-33.490086,-30.0,3.4900856,0.0,-46.478825,0.0
160.07848388000275,6,19,0.03114900779724121,1,0,1,-33.490086,-30.0,3.4900856,0.0,-46.44392,0.0
160.17996886000037,6,20,-0.01685099220275879,1,0,1,-33.487614,-30.0,3.4876137,0.0,-46.409023,0.0
160.27870705299938,6,21,0.03114900779724121,1,0,1,-33.281445,-30.0,3.2814445,-26.00479,-46.374943,0.0
160.37871974200243,6,22,0.07914900779724121,1,0,1,-33.499805,-30.0,3.4998055,49.72839,-46.3407,0.0
160.4792031729994,6,23,0.03114900779724121,1,0,1,-33.494194,-30.0,3.494194,53.55453,-46.306667,0.0
160.5793144800009,6,24,0.07914900779724121,1,0,1,-33.336384,-30.0,3.3363838,1.4801024,-46.272305,0.0
160.6794959100007,6,25,0.03114900779724121,1,0,1,-33.219353,-30.0,3.2193527,4.924774,-46.239548,0.0
160.77878781899926,6,26,0.07914900779724121,1,0,1,-33.368008,-30.0,3.3680077,-16.677856,-46.20661,0.0
160.8797165670003,6,27,0.09350042343139649,1,0,1,-33.758633,-30.0,3.7586327,93.62792,-46.171486,0.0
160.97896545000185,6,28,0.045500423431396486,1,0,1,-34.67871,-30.0,4.678711,90.950005,-46.12874,0.0
161.08041913700072,6,29,0.09350042343139649,1,0,1,-34.939583,-30.0,4.939583,17.951965,-46.0799,0.0
161.18009909100147,6,30,0.12031435966491699,1,0,1,-34.759995,-30.0,4.7599945,4.299164,-46.03117,0.0
161.2799338170007,6,31,0.16831435966491698,1,0,1,-34.81947,-30.0,4.8194695,-27.122496,-45.98286,0.0
161.37869659300122,6,32,0.12031435966491698,1,0,1,-34.68944,-30.0,4.6894417,-4.3296814,-45.935467,0.0
161.47928841700195,6,33,0.07231435966491698,1,0,1,-34.564915,-30.0,4.5649147,-9.872437,-45.888927,0.0
161.57950057500057,6,34,0.09122530221939087,1,0,1,-34.02936,-30.0,4.0293617,-31.646727,-45.846474,0.0
161.6788385780019,6,35,0.043225302219390874,1,0,1,-34.0343,-30.0,4.0343018,-24.173735,-45.805843,0.0
161.77952678600195,6,36,-0.004774697780609127,1,0,1,-33.902115,-30.0,3.9021149,-12.287139,-45.76604,0.0
161.8797031819995,6,37,-0.05277469778060913,1,0,1,-33.78836,-30.0,3.7883606,-57.67059,-45.727577,0.0
161.9780217530024,6,38,-0.07785991430282593,1,0,1,-33.642693,-30.0,3.6426926,-6.7138667,-45.690643,0.0
162.0791779070023,6,39,-0.12585991430282595,1,0,1,-33.406834,-30.0,3.4068336,-7.8735347,-45.65532,0.0
162.17857708900192,6,40,-0.07785991430282595,1,0,1,-33.44665,-30.0,3.4466515,59.883114,-45.621593,0.0
162.2789375909997,6,41,-0.029859914302825946,1,0,1,-33.607395,-30.0,3.6073952,-35.65216,-45.58542,0.0
162.37946906800062,6,42,0.018140085697174055,1,0,1,-33.51664,-30.0,3.5166397,-25.199888,-45.549873,0.0
162.47966194699984,6,43,-0.029859914302825946,1,0,1,-33.430958,-30.0,3.4309578,-12.825011,-45.5153,0.0
162.57959026000026,6,44,0.018140085697174055,1,0,1,-33.406776,-30.0,3.4067764,-20.679472,-45.48057,0.0
162.6793073680019,6,45,0.06614008569717406,1,0,1,-33.579945,-30.0,3.5799446,48.423763,-45.44584,0.0
162.77911722700082,6,46,0.018140085697174055,1,0,1,-33.59881,-30.0,3.5988083,2.742767,-45.409817,0.0
162.8792271300008,6,47,-0.029859914302825946,1,0,1,-33.986683,-30.0,3.986683,88.2759,-45.37237,0.0
162.98028438300025,6,48,0.018140085697174055,1,0,1,-35.284245,-30.0,5.2842445,94.49386,-45.325253,0.0
163.079374019002,6,49,0.06614008569717406,1,0,1,-35.37261,-30.0,5.372608,-40.691372,-45.270874,0.0
163.17920147599943,6,50,0.06135605573654175,1,0,1,-35.12299,-30.0,5.1229897,-38.066864,-45.218315,0.0
163.2787990100005,6,51,0.01335605573654175,1,0,1,-35.042637,-30.0,5.042637,39.855957,-45.167755,0.0
163.37912542599952,6,52,0.06135605573654175,1,0,1,-35.035614,-30.0,5.035614,23.635862,-45.117542,0.0
163.4799996900001,6,53,0.10935605573654175,1,0,1,-34.925682,-30.0,4.925682,-75.90103,-45.06727,0.0
163.5786755750014,6,54,0.06135605573654175,1,0,1,-34.686115,-30.0,4.6861153,8.480072,-45.019993,0.0
163.68039494000186,6,55,0.01335605573654175,1,0,1,-34.619133,-30.0,4.619133,-41.221615,-44.97271,0.0
163.7796971780008,6,56,-0.03464394426345825,1,0,1,-34.836052,-30.0,4.836052,3.158569,-44.925625,0.0
163.87847559100192,6,57,0.01335605573654175,1,0,1,-34.304733,-30.0,4.3047333,-32.33719,-44.879875,0.0
163.9797454440013,6,58,-0.03464394426345825,1,0,1,-34.33349,-30.0,4.3334885,24.326323,-44.83705,0.0
164.08041660200251,6,59,0.01335605573654175,1,0,1,-34.248734,-30.0,4.2487335,-63.018795,-44.793324,0.0
164.17916065100144,6,60,-0.03464394426345825,1,0,1,-34.001465,-30.0,4.001465,20.870207,-44.752617,0.0
164.27995668900257,6,61,0.01335605573654175,1,0,1,-33.7276,-30.0,3.7276,72.66235,-44.715103,0.0
164.37874432100216,6,62,-0.03464394426345825,1,0,1,-33.825867,-30.0,3.8258667,0.377655,-44.676964,0.0
164.47887545300182,6,63,-0.08264394426345825,1,0,1,-33.683487,-30.0,3.683487,10.70404,-44.640057,0.0
164.57846041200173,6,64,-0.03464394426345825,1,0,1,-33.64621,-30.0,3.6462097,6.786346,-44.60461,0.0
164.67885163900064,6,65,0.01335605573654175,1,0,1,-33.463272,-30.0,3.463272,-15.79666,-44.56855,0.0
164.77842989400233,6,66,0.06135605573654175,1,0,1,-33.358444,-30.0,3.3584442,-48.0957,-44.5341,0.0
164.87942149000082,6,67,0.01335605573654175,1,0,1,-33.398727,-30.0,3.3987274,47.817226,-44.501637,0.0
164.97901063800236,6,68,-0.03464394426345825,1,0,1,-33.295696,-30.0,3.2956963,-42.911526,-44.467644,0.0
165.0793194479993,6,69,-0.051243853569030766,1,0,1,-33.61132,-30.0,3.6113205,96.14944,-44.433308,0.0
165.17967603000216,6,70,-0.06644115447998047,1,0,1,-33.678745,-30.0,3.6787453,7.3585505,-44.396706,0.0
165.2788684690022,6,71,-0.018441154479980473,1,0,1,-34.29531,-30.0,4.295311,244.63652,-44.359478,0.0
165.37861015400267,6,72,0.029558845520019528,1,0,1,-34.965,-30.0,4.965,16.780853,-44.312244,0.0
165.47922990500228,6,73,0.07755884552001953,1,0,1,-34.857502,-30.0,4.857502,142.32635,-44.26365,0.0
165.57899393900152,6,74,0.10760698318481446,1,0,1,-35.56279,-30.0,5.56279,55.83572,-44.21169,0.0
165.67887810400134,6,75,0.1486730456352234,1,0,1,-35.024094,-30.0,5.0240936,-33.699036,-44.158978,0.0
165.7785463140026,6,76,0.17906192541122437,1,0,1,-34.81785,-30.0,4.817848,23.391722,-44.109974,0.0
165.88065204300074,6,77,0.13106192541122436,1,0,1,-34.78034,-30.0,4.7803383,-45.810696,-44.06209,0.0
165.9794625780014,6,78,0.08306192541122435,1,0,1,-34.759975,-30.0,4.7599754,-17.868042,-44.014725,0.0
166.07947301600143,6,79,0.13106192541122436,1,0,1,-34.385433,-30.0,4.385433,-41.400906,-43.968582,0.0
166.17894314799923,6,80,0.08306192541122435,1,0,1,-34.190914,-30.0,4.190914,3.765106,-43.926136,0.0
166.27947768800004,6,81,0.13106192541122436,1,0,1,-33.950752,-30.0,3.9507523,-10.50949,-43.885548,0.0
166.3779105120011,6,82,0.08306192541122435,1,0,1,-33.826153,-30.0,3.8261528,38.028717,-43.847557,0.0
166.47976089400254,6,83,0.035061925411224354,1,0,1,-33.833225,-30.0,3.8332253,-39.936066,-43.808434,0.0
166.57850661500197,6,84,-0.012938074588775647,1,0,1,-33.58316,-30.0,3.5831604,-33.016205,-43.771675,0.0
166.67927973800033,6,85,0.035061925411224354,1,0,1,-33.482822,-30.0,3.4828224,29.32739,-43.73654,0.0
166.77854592900258,6,86,-0.012938074588775647,1,0,1,-33.643837,-30.0,3.643837,17.917633,-43.700108,0.0
166.8790519710019,6,87,-0.04476891160011292,1,0,1,-33.58675,-30.0,3.58675,12.748717,-43.663574,0.0
166.97794827100006,6,88,-0.09276891160011291,1,0,1,-33.606102,-30.0,3.606102,-1.7662047,-43.6276,0.0
167.07890298400162,6,89,-0.04476891160011291,1,0,1,-33.54156,-30.0,3.5415611,-26.805876,-43.59153,0.0
167.1785882300028,6,90,0.0032310883998870887,1,0,1,-33.688763,-30.0,3.6887627,62.435146,-43.555943,0.0
167.27994719400158,6,91,-0.044683980941772464,1,0,1,-33.755436,-30.0,3.755436,-5.9967036,-43.518414,0.0
167.37847835399953,6,92,0.0033160190582275373,1,0,1,-34.780846,-30.0,4.7808456,197.97896,-43.477337,0.0
167.47843095999997,6,93,0.05131601905822754,1,0,1,-35.433475,-30.0,5.4334755,-45.055386,-43.423656,0.0
167.57920408100108,6,94,0.0033160190582275373,1,0,1,-35.30673,-30.0,5.3067284,-28.556822,-43.369976,0.0
167.67864515600013,6,95,-0.044683980941772464,1,0,1,-35.01279,-30.0,5.0127907,-6.221771,-43.31859,0.0
167.7793082040007,6,96,-0.028594526648521426,1,0,1,-34.907776,-30.0,4.907776,-14.793395,-43.26884,0.0
167.87908061200142,6,97,-0.07659452664852143,1,0,1,-35.055824,-30.0,5.0558243,-34.679413,-43.218307,0.0
167.9788119520017,6,98,-0.12459452664852143,1,0,1,-34.8069,-30.0,4.8069,-3.7345884,-43.1688,0.0
168.07783452600052,6,99,-0.07659452664852143,1,0,1,-34.68941,-30.0,4.689411,9.506226,-43.121647,0.0
168.17909682400204,6,100,-0.028594526648521426,1,0,1,-34.728493,-30.0,4.7284927,17.498016,-43.07449,0.0
168.2785365000018,6,101,-0.07659452664852143,1,0,1,-34.514145,-30.0,4.514145,-14.755248,-43.02825,0.0
168.3792252480016,6,102,-0.11263114213943481,1,0,1,-34.330673,-30.0,4.330673,-78.44162,-42.98365,0.0
168.4787696880012,6,103,-0.15155704021453859,1,0,1,-34.06172,-30.0,4.061722,44.01016,-42.942314,0.0
168.5797280299994,6,104,-0.16454355716705324,1,0,1,-34.278294,-30.0,4.2782936,15.079497,-42.90016,0.0
168.67776860999948,6,105,-0.11654355716705324,1,0,1,-34.0582,-30.0,4.058201,4.463196,-42.858765,0.0
168.77863531800176,6,106,-0.06854355716705324,1,0,1,-33.976574,-30.0,3.976574,33.50067,-42.819046,0.0
168.87988839600075,6,107,-0.020543557167053236,1,0,1,-33.941013,-30.0,3.9410133,-54.611202,-42.779495,0.0
168.97946635799963,6,108,-0.06854355716705324,1,0,1,-33.76744,-30.0,3.7674408,-86.87209,-42.740314,0.0
169.07980002100157,6,109,-0.020543557167053236,1,0,1,-33.773243,-30.0,3.773243,-20.687101,-42.702797,0.0
169.17920952200075,6,110,0.01997461766004563,1,0,1,-34.046192,-30.0,4.046192,-74.80621,-42.663937,0.0
169.27921101200263,6,111,-0.02802538233995437,1,0,1,-33.705982,-30.0,3.7059822,58.08639,-42.62786,0.0
169.3791423799994,6,112,-0.07602538233995437,1,0,1,-33.576374,-30.0,3.576374,-45.963284,-42.590324,0.0
169.4793573099996,6,113,-0.12402538233995437,1,0,1,-34.199295,-30.0,4.199295,136.19614,-42.551525,0.0
169.58032626600107,6,114,-0.12461206912994385,1,0,1,-34.34399,-30.0,4.3439903,-118.94225,-42.506554,0.0
169.67898788800085,6,115,-0.07661206912994385,1,0,1,-34.845554,-30.0,4.8455544,34.58023,-42.4604,0.0
169.77924500299923,6,116,-0.12461206912994385,1,0,1,-35.03799,-30.0,5.0379906,91.54891,-42.410866,0.0
169.8792928670009,6,117,-0.07661206912994385,1,0,1,-35.10438,-30.0,5.1043816,-45.055386,-42.359783,0.0
169.9792837390014,6,118,-0.12461206912994385,1,0,1,-34.8844,-30.0,4.8843994,-55.21011,-42.309105,0.0
170.08024989800106,6,119,-0.07661206912994385,1,0,1,-34.89303,-30.0,4.8930283,34.259796,-42.261063,0.0
170.178876037,6,120,-0.02861206912994385,1,0,1,-34.828583,-30.0,4.828583,30.254362,-42.2126,0.0
170.2792708800007,6,121,0.01938793087005615,1,0,1,-34.624783,-30.0,4.6247826,-78.34625,-42.16504,0.0
170.37967186999958,6,122,-0.02861206912994385,1,0,1,-34.248466,-30.0,4.2484665,-20.057678,-42.12106,0.0
170.47959373599952,6,123,0.01938793087005615,1,0,1,-34.67096,-30.0,4.6709595,57.025906,-42.07718,0.0
170.57965445000082,6,124,-0.02861206912994385,1,0,1,-34.163837,-30.0,4.1638374,-18.753052,-42.03404,0.0
170.68008114199984,6,125,0.01938793087005615,1,0,1,-33.815094,-30.0,3.815094,-78.617096,-41.994984,0.0
170.77935123399948,6,126,-0.0064782597124576555,1,0,1,-34.154858,-30.0,4.1548576,132.64084,-41.95825,0.0
170.8796217550007,6,127,-0.054478259712457656,1,0,1,-33.733955,-30.0,3.7339554,-19.52362,-41.919918,0.0
170.9792857579996,6,128,-0.0064782597124576555,1,0,1,-33.934357,-30.0,3.9343567,-35.42328,-41.88078,0.0
171.07980436100115,6,129,0.041521740287542346,1,0,1,-33.700382,-30.0,3.7003822,-22.937773,-41.843338,0.0
171.1797946709994,6,130,0.08952174028754234,1,0,1,-33.926544,-30.0,3.9265442,25.87509,-41.80553,0.0
171.27997970300203,6,131,0.04152174028754234,1,0,1,-33.74216,-30.0,3.7421608,-9.899139,-41.76697,0.0
171.37902154500262,6,132,0.08952174028754234,1,0,1,-33.829453,-30.0,3.8294525,26.576994,-41.729126,0.0
171.47870566300116,6,133,0.04152174028754234,1,0,1,-33.90766,-30.0,3.9076614,10.498046,-41.690422,0.0
171.57892952800103,6,134,0.04114705920219422,1,0,1,-34.080654,-30.0,4.080654,58.940884,-41.65119,0.0
171.67831276300058,6,135,0.08914705920219422,1,0,1,-34.445736,-30.0,4.445736,130.12314,-41.60939,0.0
171.77939877000244,6,136,0.04114705920219422,1,0,1,-35.42411,-30.0,5.4241104,15.2359,-41.557804,0.0
171.88118041100097,6,137,-0.006852940797805782,1,0,1,-35.418236,-30.0,5.418236,6.660461,-41.50321,0.0
171.97888126500038,6,138,-0.013638903200626374,1,0,1,-35.22502,-30.0,5.2250214,-35.625458,-41.449978,0.0
172.07900399500068,6,139,-0.06163890320062637,1,0,1,-35.24634,-30.0,5.2463417,-3.6659238,-41.39748,0.0
172.17829419600093,6,140,-0.08051301240921022,1,0,1,-34.869793,-30.0,4.869793,2.6130674,-41.347095,0.0
172.27924638100012,6,141,-0.04434987008571625,1,0,1,-35.023357,-30.0,5.0233574,7.022857,-41.297215,0.0
172.37969932800115,6,142,-0.09234987008571625,1,0,1,-35.196934,-30.0,5.1969337,44.82269,-41.246483,0.0
172.4793775770013,6,143,-0.04434987008571625,1,0,1,-35.186573,-30.0,5.186573,-80.22308,-41.2202,0.0
172.5799285840003,6,144,-0.08588199019432069,1,0,1,-35.186573,-30.0,5.186573,-80.22308,-41.2202,0.0
172.67853711800126,6,145,-0.03788199019432069,1,0,1,-35.186573,-30.0,5.186573,-80.22308,-41.2202,0.0
172.7790976230026,6,146,-0.004850866645574568,1,0,1,-35.186573,-30.0,5.186573,-80.22308,-41.2202,0.0
172.8788052050004,6,147,-0.05285086664557457,1,0,1,-35.186573,-30.0,5.186573,-80.22308,-41.2202,0.0
172.9799333910014,6,148,-0.004850866645574568,1,0,1,-35.186573,-30.0,5.186573,-80.22308,-41.2202,0.0
173.07809269200152,6,149,0.04314913335442543,1,0,1,-35.186573,-30.0,5.186573,-80.22308,-41.2202,0.0
173.17981007500202,6,150,0.00969061776995659,1,0,1,-33.99423,-30.0,3.9942284,0.0,-41.176266,0.0
173.27960901000188,6,151,0.05769061776995659,1,0,1,-33.991768,-30.0,3.991768,0.0,-41.13634,0.0
173.38016113100093,6,152,0.03859083950519562,1,0,1,-33.991768,-30.0,3.991768,0.0,-41.09644,0.0
173.47871239100277,6,153,0.08659083950519562,1,0,1,-33.98809,-30.0,3.9880905,0.0,-41.056545,0.0
173.57940391900047,6,154,0.09507649540901185,1,0,1,-33.98809,-30.0,3.9880905,0.0,-41.01668,0.0
173.67963699900065,6,155,0.07224120497703553,1,0,1,-33.98809,-30.0,3.9880905,0.0,-40.976818,0.0
173.77991701200153,6,156,0.024241204977035524,1,0,1,-33.983597,-30.0,3.9835968,0.0,-40.93699,0.0
173.87913792499967,6,157,-0.023758795022964477,1,0,1,-33.983597,-30.0,3.9835968,0.0,-40.897163,0.0
173.97888154099928,6,158,0.024241204977035524,1,0,1,-33.978928,-30.0,3.9789276,0.0,-40.85736,0.0
174.07909673800168,6,159,0.07224120497703553,1,0,1,-33.978928,-30.0,3.9789276,0.0,-40.817574,0.0
174.17852047400083,6,160,0.12024120497703553,1,0,1,-33.974472,-30.0,3.974472,0.0,-40.777805,0.0
174.2792656390011,6,161,0.07224120497703553,1,0,1,-33.974472,-30.0,3.974472,0.0,-40.738056,0.0
174.37878045000252,6,162,0.05232418775558472,1,0,1,-33.983376,-30.0,3.9833755,-13.679503,-40.698547,0.0
174.4794529790015,6,163,0.10032418775558472,1,0,1,-34.17602,-30.0,4.1760216,0.33950803,-40.658,0.0
174.57893454400255,6,164,0.11781046390533448,1,0,1,-34.52026,-30.0,4.52026,44.16656,-40.614815,0.0
174.67853260800257,6,165,0.09652873873710632,1,0,1,-35.01136,-30.0,5.01136,37.677765,-40.56623,0.0
174.7786123090009,6,166,0.14322978258132935,1,0,1,-35.37417,-30.0,5.3741684,37.326813,-40.5139,0.0
174.87929992200225,6,167,0.09522978258132934,1,0,1,-35.27212,-30.0,5.2721214,2.8648374,-40.46064,0.0
174.9793368770006,6,168,0.14322978258132935,1,0,1,-35.200066,-30.0,5.2000656,13.275146,-40.4081,0.0
175.0799803480004,6,169,0.13802773952484132,1,0,1,-35.196056,-30.0,5.1960564,-28.812407,-40.35576,0.0
175.17950828700123,6,170,0.09002773952484132,1,0,1,-34.99011,-30.0,4.9901085,-3.6735532,-40.304985,0.0
175.2789948790014,6,171,0.04202773952484132,1,0,1,-35.04457,-30.0,5.044571,-10.986327,-40.254684,0.0
175.37832669899944,6,172,-0.005972260475158683,1,0,1,-34.967045,-30.0,4.967045,-48.114773,-40.20464,0.0
175.4788637290003,6,173,0.04202773952484132,1,0,1,-34.395424,-30.0,4.395424,8.831024,-40.157436,0.0
175.57838636000088,6,174,-0.005972260475158683,1,0,1,-34.745064,-30.0,4.745064,-15.705108,-40.110928,0.0
175.67888344099993,6,175,-0.053972260475158684,1,0,1,-34.325348,-30.0,4.325348,8.419037,-40.066513,0.0
175.77996496700143,6,176,-0.005972260475158683,1,0,1,-34.27878,-30.0,4.278782,5.5046077,-40.023678,0.0
175.87827484300215,6,177,0.04202773952484132,1,0,1,-34.18249,-30.0,4.1824913,-82.309715,-39.98065,0.0
175.97897167100018,6,178,0.09002773952484132,1,0,1,-34.014896,-30.0,4.0148964,13.927459,-39.941257,0.0
176.07882172300015,6,179,0.04202773952484132,1,0,1,-33.97003,-30.0,3.9700317,-42.388912,-39.90051,0.0
176.17842760500207,6,180,0.09002773952484132,1,0,1,-33.96003,-30.0,3.9600296,-10.50949,-39.861122,0.0
176.27957003200208,6,181,0.04202773952484132,1,0,1,-33.967064,-30.0,3.967064,-0.9994506,-39.821507,0.0
176.3787465179994,6,182,0.09002773952484132,1,0,1,-34.140377,-30.0,4.140377,49.034115,-39.781555,0.0
176.4786451809996,6,183,0.13802773952484132,1,0,1,-34.371323,-30.0,4.3713226,49.495693,-39.739407,0.0
176.57897156200124,6,184,0.09210124611854553,1,0,1,-34.83351,-30.0,4.8335114,37.010193,-39.693512,0.0
176.6796384980007,6,185,0.0625228226184845,1,0,1,-35.454746,-30.0,5.4547462,32.936096,-39.64149,0.0
176.7802629700018,6,186,0.014522822618484504,1,0,1,-35.522034,-30.0,5.5220337,35.388947,-39.58674,0.0
176.8796285890021,6,187,-0.0334771773815155,1,0,1,-35.5989,-30.0,5.5989,21.251677,-39.531403,0.0
176.97977672900015,6,188,0.014522822618484504,1,0,1,-35.22901,-30.0,5.2290115,-67.44766,-39.476532,0.0
177.07896075600001,6,189,0.0625228226184845,1,0,1,-35.205456,-30.0,5.205456,20.668028,-39.425003,0.0
177.17882058300165,6,190,0.014522822618484504,1,0,1,-34.915653,-30.0,4.915653,-53.558346,-39.374146,0.0
177.27819737699974,6,191,0.0625228226184845,1,0,1,-34.936443,-30.0,4.9364433,-21.480558,-39.325047,0.0
177.3796177760014,6,192,0.014522822618484504,1,0,1,-34.87439,-30.0,4.8743896,-3.6430357,-39.275787,0.0
177.47972792099972,6,193,-0.0334771773815155,1,0,1,-34.841053,-30.0,4.841053,19.493103,-39.22735,0.0
177.57935391499996,6,194,-0.0814771773815155,1,0,1,-34.667137,-30.0,4.667137,-29.357908,-39.17979,0.0
177.6792791150001,6,195,-0.12947717738151548,1,0,1,-34.504707,-30.0,4.5047073,14.766692,-39.13409,0.0
177.7788509100028,6,196,-0.08147717738151548,1,0,1,-34.4588,-30.0,4.4588013,18.615723,-39.089306,0.0
177.8793415580003,6,197,-0.0968138575553894,1,0,1,-34.354248,-30.0,4.354248,-0.94223017,-39.04546,0.0
177.9784990420012,6,198,-0.0488138575553894,1,0,1,-34.137264,-30.0,4.1372643,32.485962,-39.00372,0.0
178.07959480900172,6,199,-0.0968138575553894,1,0,1,-34.301907,-30.0,4.3019066,-108.98208,-38.961094,0.0
178.17939317200216,6,200,-0.0488138575553894,1,0,1,-33.971615,-30.0,3.9716148,-38.99002,-38.919724,0.0
178.27910437100218,6,201,-0.0008138575553894023,1,0,1,-33.551968,-30.0,3.5519676,-95.977776,-38.88156,0.0
178.37894743400102,6,202,-0.0488138575553894,1,0,1,-33.84234,-30.0,3.8423386,35.491943,-38.844254,0.0
178.47950792399934,6,203,-0.0968138575553894,1,0,1,-33.90142,-30.0,3.9014206,38.074493,-38.80497,0.0
178.57816952299981,6,204,-0.0488138575553894,1,0,1,-34.053303,-30.0,4.053303,50.8995,-38.764854,0.0
178.67847774000256,6,205,-0.0008138575553894023,1,0,1,-34.030277,-30.0,4.0302773,-101.42898,-38.722847,0.0
178.77874852099922,6,206,-0.0488138575553894,1,0,1,-34.356422,-30.0,4.3564224,80.45196,-38.68265,0.0
178.87888995100002,6,207,-0.0008138575553894023,1,0,1,-35.85799,-30.0,5.8579903,143.45932,-38.630665,0.0
178.97824383099942,6,208,-0.0488138575553894,1,0,1,-36.2208,-30.0,6.2207985,20.919798,-38.568756,0.0
179.078814935001,6,209,-0.0008138575553894023,1,0,1,-36.13374,-30.0,6.1337395,47.401424,-38.50743,0.0
179.1782931350026,6,210,-0.024360674619674685,1,0,1,-35.96793,-30.0,5.96793,-20.225523,-38.4455,0.0
179.27962049900088,6,211,-0.07236067461967469,1,0,1,-35.73877,-30.0,5.7387695,-42.140957,-38.38652,0.0
179.37945741300064,6,212,-0.07779228687286377,1,0,1,-35.840103,-30.0,5.840103,-16.30783,-38.3291,0.0
179.4795781690009,6,213,-0.02979228687286377,1,0,1,-35.616142,-30.0,5.6161423,-37.971497,-38.272125,0.0
179.5797802220004,6,214,-0.07779228687286377,1,0,1,-35.41196,-30.0,5.4119606,-39.49356,-38.217102,0.0
179.68001300600008,6,215,-0.02979228687286377,1,0,1,-35.086895,-30.0,5.086895,-20.072937,-38.164967,0.0
179.77884027000255,6,216,0.018207713127136232,1,0,1,-34.995705,-30.0,4.9957047,44.13223,-38.115253,0.0
179.87873948199922,6,217,0.03658852279186249,1,0,1,-34.935116,-30.0,4.935116,14.511107,-38.065723,0.0
179.9789784099994,6,218,0.08458852279186249,1,0,1,-34.960804,-30.0,4.960804,9.4947815,-38.016056,0.0
180.07927628499965,6,219,0.03658852279186249,1,0,1,-34.82889,-30.0,4.8288918,2.883911,-37.967033,0.0
180.1798172130002,6,220,0.08458852279186249,1,0,1,-34.688652,-30.0,4.688652,-30.548094,-37.919426,0.0
180.27811143300278,6,221,0.03658852279186249,1,0,1,-34.56412,-30.0,4.5641212,-24.051664,-37.872204,0.0
180.37920104799923,6,222,0.08458852279186249,1,0,1,-34.20534,-30.0,4.2053413,-111.41967,-37.827946,0.0
180.48051667500113,6,223,0.03658852279186249,1,0,1,-34.291935,-30.0,4.291935,-74.68796,-37.785133,0.0
180.58034604400018,6,224,-0.01141147720813751,1,0,1,-34.318615,-30.0,4.318615,-40.115356,-37.742348,0.0
180.67925627899967,6,225,0.03658852279186249,1,0,1,-34.490875,-30.0,4.4908752,25.123594,-37.6982,0.0
180.7791314640017,6,226,0.08458852279186249,1,0,1,-34.438313,-30.0,4.4383125,-16.487122,-37.653267,0.0
180.87882729100238,6,227,0.1325885227918625,1,0,1,-34.29493,-30.0,4.2949295,-4.8065186,-37.609886,0.0
180.97968949500137,6,228,0.154961895942688,1,0,1,-34.354298,-30.0,4.3542976,59.551235,-37.567307,0.0
181.07906990999982,6,229,0.106961895942688,1,0,1,-35.020386,-30.0,5.0203857,116.10412,-37.52079,0.0
181.1785173740027,6,230,0.058961895942688,1,0,1,-35.67803,-30.0,5.678028,57.666775,-37.46659,0.0
181.27962346999993,6,231,0.010961895942687996,1,0,1,-35.843708,-30.0,5.843708,-37.91809,-37.40836,0.0
181.37971293100054,6,232,-0.037038104057312005,1,0,1,-35.678062,-30.0,5.6780624,-19.79065,-37.351536,0.0
181.4796939959997,6,233,0.010961895942687996,1,0,1,-35.568195,-30.0,5.5681953,-40.863033,-37.294746,0.0
181.5783712320008,6,234,-0.037038104057312005,1,0,1,-35.517918,-30.0,5.5179176,-24.467466,-37.239334,0.0
181.67990476600244,6,235,0.010961895942687996,1,0,1,-35.376976,-30.0,5.376976,-43.998714,-37.185276,0.0
181.77819255800205,6,236,0.058961895942688,1,0,1,-35.29647,-30.0,5.2964706,1.9493102,-37.132645,0.0
181.87930507700003,6,237,0.010961895942687996,1,0,1,-35.22428,-30.0,5.2242813,0.44631955,-37.07993,0.0
181.97914002800098,6,238,-0.037038104057312005,1,0,1,-35.049442,-30.0,5.0494423,-37.830353,-37.02809,0.0
182.07914064600118,6,239,-0.085038104057312,1,0,1,-34.89708,-30.0,4.8970795,-39.417267,-36.978085,0.0
182.17909265400158,6,240,-0.037038104057312005,1,0,1,-34.8629,-30.0,4.8629,-55.084225,-36.92934,0.0
182.27908656699947,6,241,0.010961895942687996,1,0,1,-34.576996,-30.0,4.576996,-9.277344,-36.882236,0.0
182.37889916800123,6,242,-0.037038104057312005,1,0,1,-34.743774,-30.0,4.7437744,-5.931854,-36.835625,0.0
182.47929817100157,6,243,0.010961895942687996,1,0,1,-34.248714,-30.0,4.2487144,-14.827727,-36.791046,0.0
182.5791599410004,6,244,-0.037038104057312005,1,0,1,-34.416756,-30.0,4.4167557,54.977413,-36.74778,0.0
182.6796480640005,6,245,-0.085038104057312,1,0,1,-34.484123,-30.0,4.484123,26.100157,-36.70299,0.0
182.77935198900013,6,246,-0.07227684259414673,1,0,1,-34.5722,-30.0,4.572201,-61.51962,-36.6581,0.0
182.87999823400241,6,247,-0.08629130125045777,1,0,1,-34.53164,-30.0,4.531639,-2.6741025,-36.61333,0.0
182.978772966002,6,248,-0.038291301250457765,1,0,1,-34.51619,-30.0,4.5161896,-13.992309,-36.568295,0.0
183.07917476000148,6,249,0.009708698749542236,1,0,1,-34.904095,-30.0,4.9040947,37.036896,-36.52158,0.0
183.17876469900148,6,250,-0.038291301250457765,1,0,1,-35.85562,-30.0,5.8556213,48.10333,-36.467503,0.0
183.2790519500013,6,251,-0.07796046733856202,1,0,1,-36.312096,-30.0,6.3120956,-51.88751,-36.404716,0.0
183.37853237500167,6,252,-0.029960467338562016,1,0,1,-36.083717,-30.0,6.0837173,-27.37808,-36.342937,0.0
183.47990694200053,6,253,0.018039532661437985,1,0,1,-35.853424,-30.0,5.853424,-10.116576,-36.283016,0.0
183.5795239800027,6,254,0.04014617800712586,1,0,1,-35.850883,-30.0,5.8508835,-1.724243,-36.224636,0.0
183.68009032400005,6,255,0.08814617800712586,1,0,1,-35.77389,-30.0,5.7738914,-47.94311,-36.16617,0.0
183.7794346949995,6,256,0.13614617800712586,1,0,1,-35.699158,-30.0,5.6991577,1.6441344,-36.109013,0.0
183.8791062090022,6,257,0.08814617800712586,1,0,1,-35.548866,-30.0,5.5488663,-32.25708,-36.05224,0.0
183.97991225100122,6,258,0.10234495401382447,1,0,1,-35.61535,-30.0,5.615349,24.147032,-35.997154,0.0
184.07848834700053,6,259,0.15034495401382447,1,0,1,-35.396812,-30.0,5.3968124,3.147125,-35.942295,0.0
184.1799313570009,6,260,0.10234495401382447,1,0,1,-35.38972,-30.0,5.389721,-42.877193,-35.888012,0.0
184.27833563900276,6,261,0.05434495401382447,1,0,1,-35.12754,-30.0,5.1275406,-72.639465,-35.83488,0.0
184.38021279399982,6,262,0.006344954013824469,1,0,1,-35.134438,-30.0,5.1344376,-25.886534,-35.783997,0.0
184.4793831140014,6,263,-0.04165504598617553,1,0,1,-34.76208,-30.0,4.762081,12.687682,-35.7348,0.0
184.57937339000273,6,264,-0.08965504598617553,1,0,1,-34.887653,-30.0,4.8876534,24.650572,-35.686543,0.0
184.67903177300104,6,265,-0.04165504598617553,1,0,1,-34.824066,-30.0,4.824066,8.358002,-35.637886,0.0
184.77966013400146,6,266,0.006344954013824469,1,0,1,-34.58173,-30.0,4.58173,-20.107267,-35.59032,0.0
184.87874775800083,6,267,0.05434495401382447,1,0,1,-34.46764,-30.0,4.46764,36.84616,-35.545628,0.0
184.97942333100218,6,268,0.036218085885047914,1,0,1,-34.44214,-30.0,4.4421387,2.1133423,-35.500782,0.0
185.08019668500128,6,269,-0.011781914114952087,1,0,1,-34.49553,-30.0,4.495529,105.560295,-35.456875,0.0
185.17901667000115,6,270,-0.02672333121299744,1,0,1,-34.69587,-30.0,4.6958694,18.772125,-35.410774,0.0
185.27955339500113,6,271,-0.07472333121299744,1,0,1,-34.679996,-30.0,4.6799965,-22.857664,-35.36338,0.0
185.3793785600028,6,272,-0.12272333121299744,1,0,1,-34.92554,-30.0,4.925541,50.79269,-35.316036,0.0
185.4798644399998,6,273,-0.17072333121299743,1,0,1,-35.433456,-30.0,5.4334564,69.236755,-35.264565,0.0
185.57872269899963,6,274,-0.18819866180419922,1,0,1,-36.34407,-30.0,6.3440704,35.476685,-35.204754,0.0
185.6789856400028,6,275,-0.1401986618041992,1,0,1,-36.202763,-30.0,6.2027626,-67.49344,-35.141323,0.0
185.77910637999958,6,276,-0.09219866180419921,1,0,1,-36.007217,-30.0,6.0072174,-96.25625,-35.0793,0.0
185.87954448500022,6,277,-0.04419866180419921,1,0,1,-35.944965,-30.0,5.9449654,-53.874966,-35.019302,0.0
185.97982111300007,6,278,0.0038013381958007936,1,0,1,-35.25628,-30.0,5.256279,-30.952452,-34.963898,0.0
186.07838658699984,6,279,-0.04419866180419921,1,0,1,-35.19192,-30.0,5.191921,9.880066,-34.91164,0.0
186.1796647629999,6,280,-0.09219866180419921,1,0,1,-35.31619,-30.0,5.316189,-17.951965,-34.858192,0.0
186.2793379470022,6,281,-0.04419866180419921,1,0,1,-35.224003,-30.0,5.224003,-33.77533,-34.80544,0.0
186.37914942100178,6,282,-0.09219866180419921,1,0,1,-35.32466,-30.0,5.3246613,22.636412,-34.75308,0.0
186.47958361400015,6,283,-0.04419866180419921,1,0,1,-35.0391,-30.0,5.0391006,-32.42874,-34.701393,0.0
186.5797834139994,6,284,-0.08560824990272523,1,0,1,-34.9195,-30.0,4.9194984,-57.399746,-34.65096,0.0
186.68021118199977,6,285,-0.037608249902725224,1,0,1,-34.796124,-30.0,4.7961235,14.1448965,-34.60283,0.0
186.7787364270007,6,286,0.010391750097274777,1,0,1,-34.59812,-30.0,4.5981216,-7.102966,-34.556034,0.0
186.87946451800235,6,287,-0.037608249902725224,1,0,1,-34.470833,-30.0,4.470833,-19.866943,-34.510395,0.0
186.98008449100234,6,288,-0.010094625502824785,1,0,1,-34.300472,-30.0,4.3004723,23.208616,-34.46677,0.0
187.07992976600144,6,289,-0.058094625502824786,1,0,1,-34.34147,-30.0,4.341469,-44.517513,-34.422768,0.0
187.1784927230001,6,290,-0.010094625502824785,1,0,1,-34.05675,-30.0,4.0567513,35.57968,-34.38145,0.0
187.2797278729995,6,291,-0.058094625502824786,1,0,1,-34.540817,-30.0,4.5408173,25.60806,-34.337906,0.0
187.3786721739998,6,292,-0.010094625502824785,1,0,1,-34.513855,-30.0,4.513855,16.399384,-34.292843,0.0
187.4798536840026,6,293,-0.058094625502824786,1,0,1,-34.540363,-30.0,4.5403633,37.773132,-34.247456,0.0
187.57936790299937,6,294,-0.10609462550282478,1,0,1,-34.847492,-30.0,4.847492,43.10226,-34.2006,0.0
187.67997195200223,6,295,-0.14607741832733154,1,0,1,-35.57202,-30.0,5.5720215,120.49865,-34.14909,0.0
187.77900509300162,6,296,-0.16382434368133547,1,0,1,-36.205635,-30.0,6.205635,41.797634,-34.08946,0.0
187.8791819800026,6,297,-0.11582434368133547,1,0,1,-36.30637,-30.0,6.30637,-2.3078918,-34.02639,0.0
187.9788783469994,6,298,-0.13745729923248293,1,0,1,-36.14449,-30.0,6.1444893,-9.162903,-33.964622,0.0
188.07862919200124,6,299,-0.08945729923248293,1,0,1,-36.013184,-30.0,6.0131836,17.356873,-33.904472,0.0
188.17841719300122,6,300,0.0,1,1,1,-35.901527,-30.0,5.9015274,-9.506226,-33.844772,0.0
189.90631431400107,7,1,0.048,1,0,1,-35.40226,-30.0,5.40226,26.390074,-32.965965,0.0
190.0121973660025,7,2,0.0,1,0,1,-36.636772,-30.0,6.636772,124.42779,-32.90619,0.0
190.1115380880001,7,3,-0.02901385724544525,1,0,1,-36.60435,-30.0,6.604351,-28.14865,-32.839016,0.0
190.21139229500113,7,4,0.01898614275455475,1,0,1,-36.473816,-30.0,6.473816,-46.546932,-32.773056,0.0
190.31162588900042,7,5,-0.02901385724544525,1,0,1,-36.414875,-30.0,6.414875,36.10611,-32.709484,0.0
190.41175136600214,7,6,-0.07701385724544525,1,0,1,-36.276768,-30.0,6.2767677,21.606443,-32.646538,0.0
190.51153908299966,7,7,-0.02901385724544525,1,0,1,-36.4173,-30.0,6.417301,-30.963896,-32.58253,0.0
190.61077336400194,7,8,-0.07701385724544525,1,0,1,-36.11802,-30.0,6.118019,-42.812344,-32.51985,0.0
190.7113100759998,7,9,-0.02901385724544525,1,0,1,-36.04878,-30.0,6.0487785,-36.87668,-32.459145,0.0
190.81123077400116,7,10,-0.07701385724544525,1,0,1,-36.04792,-30.0,6.04792,7.7590938,-32.398304,0.0
190.91086986200025,7,11,-0.12501385724544525,1,0,1,-35.822342,-30.0,5.822342,15.86151,-32.33923,0.0
191.01199129700035,7,12,-0.14827303886413576,1,0,1,-35.746845,-30.0,5.7468452,-58.464046,-32.280457,0.0
191.1113540869992,7,13,-0.11315512657165527,1,0,1,-35.54628,-30.0,5.54628,-15.716552,-32.223553,0.0
191.21148850100144,7,14,-0.06515512657165527,1,0,1,-35.830215,-30.0,5.8302155,30.841825,-32.166885,0.0
191.31022046900034,7,15,-0.01715512657165527,1,0,1,-35.075024,-30.0,5.0750237,-52.249905,-32.1124,0.0
191.41229065100197,7,16,0.03084487342834473,1,0,1,-34.786926,-30.0,4.7869263,-31.997679,-32.063774,0.0
191.51112263400137,7,17,-0.01715512657165527,1,0,1,-34.68133,-30.0,4.6813316,-6.847381,-32.01549,0.0
191.61200716200256,7,18,-0.06515512657165527,1,0,1,-34.671177,-30.0,4.671177,-12.054442,-31.968843,0.0
191.71075086400015,7,19,-0.11315512657165527,1,0,1,-34.698345,-30.0,4.698345,19.821167,-31.922241,0.0
191.81116716399993,7,20,-0.06515512657165527,1,0,1,-34.67905,-30.0,4.6790504,10.040282,-31.87545,0.0
191.91174326300097,7,21,-0.11315512657165527,1,0,1,-34.792812,-30.0,4.7928123,65.1741,-31.828518,0.0
192.010402033,7,22,-0.08850255608558655,1,0,1,-35.89017,-30.0,5.890171,120.65124,-31.775333,0.0
192.11112005299947,7,23,-0.08901939392089844,1,0,1,-36.220192,-30.0,6.220192,-30.860899,-31.714146,0.0
192.21065381600056,7,24,-0.04101939392089844,1,0,1,-36.31396,-30.0,6.313961,-73.661804,-31.650816,0.0
192.31108072999996,7,25,0.006980606079101559,1,0,1,-36.273872,-30.0,6.2738724,25.028227,-31.589706,0.0
192.4106466200028,7,26,-0.04101939392089844,1,0,1,-36.048046,-30.0,6.048046,31.761168,-31.528421,0.0
192.51125568499992,7,27,0.006980606079101559,1,0,1,-36.03139,-30.0,6.031391,-2.8419492,-31.468151,0.0
192.61192034499982,7,28,0.05498060607910156,1,0,1,-35.689026,-30.0,5.689026,-31.452177,-31.410433,0.0
192.71101465600077,7,29,0.006980606079101559,1,0,1,-35.94273,-30.0,5.94273,-67.73758,-31.352524,0.0
192.81096971100123,7,30,-0.04101939392089844,1,0,1,-35.549854,-30.0,5.5498543,35.39276,-31.296167,0.0
192.91056102199946,7,31,-0.013758797943592072,1,0,1,-35.44163,-30.0,5.4416313,-14.73236,-31.240938,0.0
193.01133575100175,7,32,0.03424120205640793,1,0,1,-35.136192,-30.0,5.1361923,-21.934507,-31.188416,0.0
193.11066389400003,7,33,-0.01157388165593147,1,0,1,-35.086845,-30.0,5.0868454,-26.405333,-31.136497,0.0
193.21091005199924,7,34,0.03642611834406853,1,0,1,-35.21433,-30.0,5.214329,-50.285336,-31.084747,0.0
193.3111620769996,7,35,-0.01157388165593147,1,0,1,-34.732105,-30.0,4.7321053,-52.98614,-31.035166,0.0
193.41117551900243,7,36,-0.03571152985095978,1,0,1,-34.884396,-30.0,4.8843956,-29.533384,-30.98726,0.0
193.51112051400196,7,37,0.01228847014904022,1,0,1,-34.550102,-30.0,4.550102,-160.0151,-30.93717,0.0
193.6109462179993,7,38,-0.03571152985095978,1,0,1,-34.86203,-30.0,4.86203,9.342194,-30.890875,0.0
193.71168211500117,7,39,0.01228847014904022,1,0,1,-34.98613,-30.0,4.9861298,25.794981,-30.841454,0.0
193.81010341600268,7,40,-0.03571152985095978,1,0,1,-34.704014,-30.0,4.704014,13.34381,-30.792715,0.0
193.91083288500158,7,41,-0.08371152985095978,1,0,1,-34.97472,-30.0,4.97472,95.432274,-30.744633,0.0
194.01056415900166,7,42,-0.1317115298509598,1,0,1,-34.761555,-30.0,4.7615547,30.067442,-30.696232,0.0
194.10965818499972,7,43,-0.0837115298509598,1,0,1,-35.25719,-30.0,5.2571907,144.47784,-30.648003,0.0
194.21009291700102,7,44,-0.1317115298509598,1,0,1,-35.562954,-30.0,5.562954,193.6798,-30.594507,0.0
194.31133196000155,7,45,-0.15886822938919068,1,0,1,-36.77072,-30.0,6.7707214,34.435272,-30.530708,0.0
194.41191587600042,7,46,-0.1305130124092102,1,0,1,-36.501007,-30.0,6.501007,-6.6261287,-30.464827,0.0
194.51106354200238,7,47,-0.0825130124092102,1,0,1,-36.333946,-30.0,6.333946,-31.692503,-30.40084,0.0
194.61101021099967,7,48,-0.0345130124092102,1,0,1,-36.229267,-30.0,6.229267,13.488769,-30.33865,0.0
194.71103398700143,7,49,-0.0825130124092102,1,0,1,-36.24861,-30.0,6.2486115,96.68731,-30.277382,0.0
194.81149637600174,7,50,-0.0761415183544159,1,0,1,-36.265984,-30.0,6.2659836,12.538909,-30.215263,0.0
194.91081780900276,7,51,-0.048097959160804754,1,0,1,-36.007828,-30.0,6.0078278,-45.50552,-30.153662,0.0
195.00993865200144,7,52,-9.795916080475309e-05,1,0,1,-35.92965,-30.0,5.9296494,-20.511625,-30.094448,0.0
195.11230775200238,7,53,-0.048097959160804754,1,0,1,-35.662956,-30.0,5.662956,22.525785,-30.037298,0.0
195.21290032600155,7,54,-0.09609795916080476,1,0,1,-35.68966,-30.0,5.689659,-1.8234252,-29.980524,0.0
195.3114990239992,7,55,-0.14409795916080476,1,0,1,-35.535183,-30.0,5.535183,-27.088163,-29.924294,0.0
195.4103485980013,7,56,-0.09609795916080476,1,0,1,-35.423935,-30.0,5.423935,-21.495817,-29.869572,0.0
195.51091630800147,7,57,-0.048097959160804754,1,0,1,-35.169575,-30.0,5.1695747,-71.28906,-29.816402,0.0
195.61083531700206,7,58,-9.795916080475309e-05,1,0,1,-34.945717,-30.0,4.945717,4.650116,-29.766174,0.0
195.710444782002,7,59,0.04790204083919525,1,0,1,-35.094204,-30.0,5.094204,-6.3629146,-29.715456,0.0
195.80949690000125,7,60,0.09590204083919525,1,0,1,-35.14468,-30.0,5.14468,-13.652801,-29.66396,0.0
195.9106677710006,7,61,0.04790204083919525,1,0,1,-35.06007,-30.0,5.06007,-17.780304,-29.613422,0.0
196.01037668999925,7,62,0.03489993810653687,1,0,1,-35.21342,-30.0,5.213421,29.14047,-29.562883,0.0
196.110749675001,7,63,-0.013100061893463133,1,0,1,-35.279488,-30.0,5.2794876,19.39392,-29.509872,0.0
196.21083742200062,7,64,0.03489993810653687,1,0,1,-35.206993,-30.0,5.206993,30.242918,-29.457333,0.0
196.31068407100247,7,65,0.08289993810653687,1,0,1,-35.48014,-30.0,5.4801407,10.688781,-29.403994,0.0
196.4111383540003,7,66,0.13089993810653688,1,0,1,-35.766445,-30.0,5.766445,97.2824,-29.348326,0.0
196.50975939899945,7,67,0.08289993810653688,1,0,1,-36.83907,-30.0,6.8390694,15.579223,-29.283937,0.0
196.6115770159995,7,68,0.03489993810653688,1,0,1,-36.96942,-30.0,6.9694214,-39.04724,-29.2146,0.0
196.70990192700265,7,69,-0.013100061893463119,1,0,1,-36.212326,-30.0,6.212326,-4.8828125,-29.149384,0.0
196.8113611100016,7,70,0.030038931965827943,1,0,1,-35.8157,-30.0,5.8157005,-13.771056,-29.089518,0.0
196.91018525600157,7,71,-0.017961068034172058,1,0,1,-35.79677,-30.0,5.796768,45.45593,-29.031473,0.0
197.01156118400104,7,72,0.030038931965827943,1,0,1,-36.040657,-30.0,6.040657,-53.70712,-28.971844,0.0
197.11072616300225,7,73,-0.017961068034172058,1,0,1,-35.87153,-30.0,5.8715286,-12.199401,-28.913643,0.0
197.21114412500174,7,74,-0.0053130254149436965,1,0,1,-35.48505,-30.0,5.48505,-8.2092285,-28.85645,0.0
197.31099328600249,7,75,0.042686974585056305,1,0,1,-35.387302,-30.0,5.3873024,-13.236999,-28.801899,0.0
197.41093519800052,7,76,0.03872525990009308,1,0,1,-35.5209,-30.0,5.5209007,-34.08432,-28.74584,0.0
197.51114335199964,7,77,0.06461822390556336,1,0,1,-35.286022,-30.0,5.286022,-1.9226073,-28.691893,0.0
197.61164177300088,7,78,0.11261822390556336,1,0,1,-35.38603,-30.0,5.3860283,24.406431,-28.63819,0.0
197.7104874300021,7,79,0.06461822390556336,1,0,1,-35.36921,-30.0,5.3692093,32.421112,-28.58483,0.0
197.81076095699973,7,80,0.016618223905563362,1,0,1,-35.088543,-30.0,5.088543,-43.640133,-28.532274,0.0
197.9115390270017,7,81,-0.03138177609443664,1,0,1,-34.689987,-30.0,4.689987,14.690398,-28.483072,0.0
198.01046374400175,7,82,-0.07938177609443664,1,0,1,-34.97542,-30.0,4.975422,46.615597,-28.434153,0.0
198.11021987099957,7,83,-0.03138177609443664,1,0,1,-35.1073,-30.0,5.1073,-47.1878,-28.381975,0.0
198.21115634500165,7,84,0.016618223905563362,1,0,1,-34.698936,-30.0,4.6989365,25.543211,-28.33362,0.0
198.311330413002,7,85,0.06461822390556336,1,0,1,-34.835335,-30.0,4.835335,-51.925655,-28.285894,0.0
198.41140083400023,7,86,0.016618223905563362,1,0,1,-34.82647,-30.0,4.8264694,-6.145477,-28.237331,0.0
198.51080076200014,7,87,-0.03138177609443664,1,0,1,-35.239098,-30.0,5.2390976,-5.3062434,-28.18631,0.0
198.61050995500045,7,88,0.016618223905563362,1,0,1,-35.515137,-30.0,5.5151367,180.83571,-28.133596,0.0
198.71134613400136,7,89,0.06461822390556336,1,0,1,-36.339226,-30.0,6.339226,105.998985,-28.07293,0.0
198.81083713800035,7,90,0.11261822390556336,1,0,1,-36.476246,-30.0,6.476246,-13.786315,-28.008133,0.0
198.91101120299936,7,91,0.06461822390556336,1,0,1,-36.48616,-30.0,6.4861603,-12.878417,-27.942873,0.0
199.01125818500077,7,92,0.016618223905563362,1,0,1,-36.379456,-30.0,6.3794556,-19.153595,-27.87917,0.0
199.11120121000204,7,93,0.06461822390556336,1,0,1,-36.136616,-30.0,6.1366158,-51.113125,-27.816246,0.0
199.21168733300146,7,94,0.04867026507854462,1,0,1,-36.146736,-30.0,6.146736,-57.624813,-27.754295,0.0
199.31111910800246,7,95,0.04534169435501099,1,0,1,-36.004265,-30.0,6.004265,-28.57971,-27.69428,0.0
199.41087942300146,7,96,-0.0026583056449890133,1,0,1,-36.00935,-30.0,6.00935,18.844604,-27.63469,0.0
199.51134068300235,7,97,0.03554157316684723,1,0,1,-36.098747,-30.0,6.0987473,0.8850097,-27.574337,0.0
199.61110127800202,7,98,0.08304003477096558,1,0,1,-35.538498,-30.0,5.538498,-21.560667,-27.516794,0.0
199.7109618880022,7,99,0.03504003477096558,1,0,1,-35.607887,-30.0,5.6078873,-60.33325,-27.459757,0.0
199.8107076769993,7,100,-0.01295996522903442,1,0,1,-35.4023,-30.0,5.402302,-42.97256,-27.404926,0.0
199.91055319800216,7,101,-0.06095996522903442,1,0,1,-35.214634,-30.0,5.214634,-25.161741,-27.353165,0.0
200.01030568900023,7,102,-0.09042436480522156,1,0,1,-35.13978,-30.0,5.139778,14.91928,-27.301197,0.0
200.11134245200083,7,103,-0.04242436480522156,1,0,1,-34.902184,-30.0,4.9021835,-69.45038,-27.250116,0.0
200.21040489500228,7,104,0.005575635194778439,1,0,1,-34.91963,-30.0,4.919628,66.45584,-27.20099,0.0
200.31060857100238,7,105,0.05357563519477844,1,0,1,-35.128796,-30.0,5.1287956,-87.26119,-27.14922,0.0
200.41034541699992,7,106,0.10157563519477844,1,0,1,-35.097584,-30.0,5.097584,92.11349,-27.099243,0.0
200.5101576929992,7,107,0.05357563519477844,1,0,1,-35.10634,-30.0,5.1063385,-26.93176,-27.047985,0.0
200.61046781000186,7,108,0.10157563519477844,1,0,1,-35.30468,-30.0,5.30468,26.603697,-26.995926,0.0
200.7100068610016,7,109,0.05357563519477844,1,0,1,-35.569904,-30.0,5.5699043,68.64166,-26.941162,0.0
200.81039408500146,7,110,0.005575635194778439,1,0,1,-36.775085,-30.0,6.7750854,70.40787,-26.879526,0.0
200.91022395899927,7,111,-0.04242436480522156,1,0,1,-36.668526,-30.0,6.6685257,3.398895,-26.81249,0.0
201.01076958400154,7,112,0.005575635194778439,1,0,1,-36.52217,-30.0,6.522171,-22.27783,-26.746414,0.0
201.11037037300048,7,113,0.05357563519477844,1,0,1,-36.56827,-30.0,6.5682716,18.455505,-26.681597,0.0
201.2111151900026,7,114,0.10157563519477844,1,0,1,-36.678543,-30.0,6.678543,-37.174225,-26.615389,0.0
201.31085398900177,7,115,0.05357563519477844,1,0,1,-36.393177,-30.0,6.393177,44.242855,-26.550611,0.0
201.41130295200128,7,116,0.005575635194778439,1,0,1,-35.903885,-30.0,5.903885,-69.97299,-26.48935,0.0
201.5111395310014,7,117,-0.04242436480522156,1,0,1,-36.133774,-30.0,6.133774,87.7571,-26.430347,0.0
201.61124095500054,7,118,0.005575635194778439,1,0,1,-36.342915,-30.0,6.3429146,-8.838654,-26.367453,0.0
201.71109010600048,7,119,0.05357563519477844,1,0,1,-35.826805,-30.0,5.826805,-13.15689,-26.306793,0.0
201.81088422000175,7,120,0.005575635194778439,1,0,1,-35.855568,-30.0,5.855568,65.00244,-26.248737,0.0
201.91164859100172,7,121,0.05082933306694031,1,0,1,-35.790943,-30.0,5.790943,7.354736,-26.190374,0.0
202.0097463580023,7,122,0.0028293330669403108,1,0,1,-35.65808,-30.0,5.658081,-39.375305,-26.132864,0.0
202.1109093920022,7,123,-0.04517066693305969,1,0,1,-35.531765,-30.0,5.531765,-24.34921,-26.076658,0.0
202.21016236099968,7,124,0.0028293330669403108,1,0,1,-35.492085,-30.0,5.4920845,-8.144379,-26.0218,0.0
202.31064791800236,7,125,0.05082933306694031,1,0,1,-35.509796,-30.0,5.509796,-17.51709,-25.965769,0.0
202.40990284300278,7,126,0.01569189727306366,1,0,1,-35.60735,-30.0,5.6073494,-31.837461,-25.909765,0.0
202.51111169400247,7,127,0.06369189727306365,1,0,1,-35.517548,-30.0,5.5175476,22.167204,-25.85422,0.0
202.61089770500257,7,128,0.01569189727306365,1,0,1,-35.37748,-30.0,5.3774796,-15.289306,-25.799778,0.0
202.71213225800238,7,129,0.06369189727306365,1,0,1,-35.543926,-30.0,5.5439262,8.613586,-25.745039,0.0
202.81069378200118,7,130,0.08370528221130372,1,0,1,-35.72757,-30.0,5.7275696,9.162903,-25.68871,0.0
202.9104172110019,7,131,0.13170528221130373,1,0,1,-36.01485,-30.0,6.0148506,-20.500181,-25.629908,0.0
203.01020713000253,7,132,0.17705774307250977,1,0,1,-36.41179,-30.0,6.411789,57.559963,-25.568306,0.0
203.11167132400078,7,133,0.12905774307250978,1,0,1,-36.44065,-30.0,6.440651,-6.896972,-25.503153,0.0
203.21069995600192,7,134,0.12945950031280518,1,0,1,-36.451653,-30.0,6.4516525,62.168118,-25.439531,0.0
203.31127937900237,7,135,0.08145950031280517,1,0,1,-36.243084,-30.0,6.243084,-47.02377,-25.375221,0.0
203.41029013099978,7,136,0.033459500312805174,1,0,1,-36.3465,-30.0,6.3465004,-17.570496,-25.312664,0.0
203.5118987599999,7,137,-0.014540499687194827,1,0,1,-35.984753,-30.0,5.9847527,37.67395,-25.251656,0.0
203.6111335679998,7,138,-0.06254049968719483,1,0,1,-36.21102,-30.0,6.2110214,-10.677337,-25.189707,0.0
203.71189933300047,7,139,-0.014540499687194827,1,0,1,-36.134186,-30.0,6.134186,-0.60272217,-25.128149,0.0
203.81057847000193,7,140,0.033459500312805174,1,0,1,-35.995827,-30.0,5.9958267,22.293089,-25.067875,0.0
203.9105969129996,7,141,0.08145950031280517,1,0,1,-35.871426,-30.0,5.8714256,-73.36807,-25.007845,0.0
204.01016500900005,7,142,0.12945950031280518,1,0,1,-35.409187,-30.0,5.4091873,-102.82516,-24.951183,0.0
204.11151940700074,7,143,0.08145950031280517,1,0,1,-35.48378,-30.0,5.48378,28.240202,-24.897442,0.0
204.2103885150027,7,144,0.033459500312805174,1,0,1,-35.466755,-30.0,5.466755,1.0299683,-24.842419,0.0
204.31101878200207,7,145,-0.014540499687194827,1,0,1,-35.3493,-30.0,5.3493004,-35.446167,-24.78886,0.0
204.41088999600106,7,146,0.033459500312805174,1,0,1,-34.83534,-30.0,4.8353386,-4.4174194,-24.73876,0.0
204.51081037900076,7,147,0.04870811402797699,1,0,1,-34.94742,-30.0,4.947418,-0.61416626,-24.68936,0.0
204.61008569300247,7,148,0.0007081140279769915,1,0,1,-35.006004,-30.0,5.0060043,6.2637324,-24.639418,0.0
204.71111238900266,7,149,0.013938888907432556,1,0,1,-34.908207,-30.0,4.908207,40.996548,-24.590206,0.0
204.8104483269999,7,150,0.06193888890743256,1,0,1,-34.742775,-30.0,4.742775,9.246826,-24.542063,0.0
204.91123643600076,7,151,0.06521874070167542,1,0,1,-34.790485,-30.0,4.7904854,-8.769989,-24.494278,0.0
205.0107486550005,7,152,0.07533002495765687,1,0,1,-35.030087,-30.0,5.0300865,-6.5383906,-24.445524,0.0
205.11220949199924,7,153,0.027330024957656865,1,0,1,-34.894978,-30.0,4.8949776,6.0005183,-24.395409,0.0
205.21125180799936,7,154,-0.00339861512184143,1,0,1,-34.932163,-30.0,4.9321632,79.143524,-24.345978,0.0
205.31232459700186,7,155,-0.051398615121841434,1,0,1,-36.048916,-30.0,6.048916,182.2624,-24.291958,0.0
205.4113342260025,7,156,-0.09939861512184144,1,0,1,-36.43833,-30.0,6.4383316,-19.21463,-24.226591,0.0
205.51046901399968,7,157,-0.051398615121841434,1,0,1,-36.762493,-30.0,6.762493,-182.55232,-24.15825,0.0
205.60970409600122,7,158,-0.0033986151218414334,1,0,1,-36.43106,-30.0,6.431061,-54.59976,-24.094028,0.0
205.71079839700178,7,159,0.04460138487815857,1,0,1,-36.459892,-30.0,6.4598923,-43.075558,-24.029852,0.0
205.8109908860024,7,160,0.08623502850532533,1,0,1,-36.407524,-30.0,6.407524,37.50229,-23.965553,0.0
205.91099088600095,7,161,0.10041242837905884,1,0,1,-36.11081,-30.0,6.1108093,-36.14044,-23.901913,0.0
206.0111115740001,7,162,0.14841242837905883,1,0,1,-36.304134,-30.0,6.3041344,-15.495299,-23.839413,0.0
206.11145883200152,7,163,0.10041242837905882,1,0,1,-36.13585,-30.0,6.135849,-52.0668,-23.777552,0.0
206.2112627130009,7,164,0.10675132274627686,1,0,1,-35.664455,-30.0,5.6644554,-72.64328,-23.718151,0.0
206.3107970000019,7,165,0.15475132274627684,1,0,1,-35.690807,-30.0,5.6908073,-14.86206,-23.660936,0.0
206.41055925399996,7,166,0.16337392330169678,1,0,1,-35.52025,-30.0,5.5202484,-69.438934,-23.605093,0.0
206.50992647599924,7,167,0.1703079342842102,1,0,1,-35.45784,-30.0,5.45784,86.88354,-23.55028,0.0
206.61117107700193,7,168,0.1223079342842102,1,0,1,-35.216167,-30.0,5.2161674,-13.648986,-23.496614,0.0
206.7112920440013,7,169,0.09925775527954102,1,0,1,-35.476696,-30.0,5.476696,27.042387,-23.442972,0.0
206.8112177309995,7,170,0.06821622848510743,1,0,1,-35.49359,-30.0,5.4935913,-79.437256,-23.388157,0.0
206.9113143909999,7,171,0.02021622848510743,1,0,1,-35.06618,-30.0,5.066181,78.57895,-23.337776,0.0
207.0112059910025,7,172,-0.027783771514892572,1,0,1,-35.508793,-30.0,5.508793,85.23177,-23.284126,0.0
207.11197733399968,7,173,-0.07578377151489257,1,0,1,-35.687363,-30.0,5.6873627,-31.509398,-23.226084,0.0
207.2100857050027,7,174,-0.027783771514892572,1,0,1,-35.568993,-30.0,5.5689926,-22.998808,-23.169586,0.0
207.31121268700008,7,175,-0.07578377151489257,1,0,1,-36.006203,-30.0,6.0062027,89.11132,-23.11217,0.0
207.4118753540024,7,176,-0.027783771514892572,1,0,1,-37.1699,-30.0,7.169899,42.278286,-23.044983,0.0
207.51065365899922,7,177,-0.07578377151489257,1,0,1,-37.311497,-30.0,7.3114967,-7.591247,-22.971886,0.0
207.61127609600226,7,178,-0.027783771514892572,1,0,1,-37.055542,-30.0,7.055542,-18.562317,-22.900604,0.0
207.71082378999927,7,179,-0.03098040521144867,1,0,1,-37.09827,-30.0,7.0982704,36.434174,-22.830515,0.0
207.81222204300138,7,180,-0.07898040521144867,1,0,1,-36.903038,-30.0,6.903038,52.844997,-22.761232,0.0
207.91123166500256,7,181,-0.030980405211448667,1,0,1,-36.731,-30.0,6.730999,-9.231567,-22.692747,0.0
208.0113875490024,7,182,-0.07898040521144867,1,0,1,-36.649662,-30.0,6.649662,-62.93487,-22.625296,0.0
208.11098832100106,7,183,-0.12698040521144865,1,0,1,-36.755642,-30.0,6.755642,28.877256,-22.557772,0.0
208.21060138599933,7,184,-0.07898040521144865,1,0,1,-36.79758,-30.0,6.7975807,-40.91644,-22.489574,0.0
208.31029770299938,7,185,-0.030980405211448653,1,0,1,-36.656197,-30.0,6.6561966,52.215572,-22.423119,0.0
208.41111961000206,7,186,0.017019594788551348,1,0,1,-36.352036,-30.0,6.3520355,16.914368,-22.358969,0.0
208.51060807500107,7,187,0.06501959478855135,1,0,1,-36.064938,-30.0,6.0649376,-51.88751,-22.297298,0.0
208.6107608860002,7,188,0.017019594788551348,1,0,1,-36.261177,-30.0,6.261177,-7.9002376,-22.235441,0.0
208.71039881400065,7,189,-0.030980405211448653,1,0,1,-36.23381,-30.0,6.2338104,43.552395,-22.173157,0.0
208.81037338600072,7,190,0.017019594788551348,1,0,1,-35.89109,-30.0,5.8910904,-12.199401,-22.112719,0.0
208.91005573300208,7,191,-0.030980405211448653,1,0,1,-35.864124,-30.0,5.8641243,11.669158,-22.054476,0.0
209.01099637000152,7,192,-0.05817396044731141,1,0,1,-35.40413,-30.0,5.404129,38.414,-21.998508,0.0
209.11101982900072,7,193,-0.05115953087806702,1,0,1,-35.4211,-30.0,5.4211006,65.1474,-21.944668,0.0
209.2107180999992,7,194,-0.0031595308780670156,1,0,1,-35.263752,-30.0,5.263752,-70.70923,-21.890768,0.0
209.31132600500132,7,195,-0.05115953087806702,1,0,1,-34.931076,-30.0,4.931076,-5.3291316,-21.840351,0.0
209.41061443700164,7,196,-0.09915953087806702,1,0,1,-34.974854,-30.0,4.9748535,-18.806458,-21.7906,0.0
209.5121180080023,7,197,-0.05115953087806702,1,0,1,-34.942734,-30.0,4.942734,-15.319823,-21.740625,0.0
209.6119196460022,7,198,-0.0031595308780670156,1,0,1,-35.40602,-30.0,5.406021,65.03296,-21.68896,0.0
209.71193360700272,7,199,0.044840469121932985,1,0,1,-36.297546,-30.0,6.2975464,35.07614,-21.629614,0.0
209.81064234299993,7,200,-0.0031595308780670156,1,0,1,-36.649918,-30.0,6.6499176,25.482176,-21.564579,0.0
209.91025959400213,7,201,-0.05115953087806702,1,0,1,-36.605522,-30.0,6.605522,14.907836,-21.497824,0.0
210.01096052700086,7,202,-0.09915953087806702,1,0,1,-36.549995,-30.0,6.5499954,-48.02322,-21.430916,0.0
210.11096023700156,7,203,-0.06775462627410889,1,0,1,-36.36507,-30.0,6.3650703,-101.30309,-21.366251,0.0
210.21171844200217,7,204,-0.019754626274108886,1,0,1,-36.455166,-30.0,6.455166,-141.3269,-21.300629,0.0
210.3109744650028,7,205,0.028245373725891115,1,0,1,-36.57739,-30.0,6.577389,-80.45196,-21.23606,0.0
210.4110213890017,7,206,0.07624537372589112,1,0,1,-35.903275,-30.0,5.9032745,-34.1568,-21.173498,0.0
210.51112754000133,7,207,0.028245373725891115,1,0,1,-36.15487,-30.0,6.154869,6.8778987,-21.11276,0.0
210.61086883200187,7,208,-0.019754626274108886,1,0,1,-36.02487,-30.0,6.024872,-25.386808,-21.0519,0.0
210.71145103200251,7,209,0.028245373725891115,1,0,1,-35.752552,-30.0,5.752552,-6.2751765,-20.993057,0.0
210.8098239610008,7,210,0.005237384513020516,1,0,1,-35.63434,-30.0,5.6343384,-34.114838,-20.936111,0.0
210.9104354930023,7,211,-0.04276261548697949,1,0,1,-35.499706,-30.0,5.4997063,-18.859863,-20.880045,0.0
211.00933112400162,7,212,0.005237384513020513,1,0,1,-35.59263,-30.0,5.5926285,64.23187,-20.825125,0.0
211.11077490400203,7,213,-0.04276261548697949,1,0,1,-35.258102,-30.0,5.2581024,-4.0283203,-20.770077,0.0
211.20993202700265,7,214,-0.09076261548697949,1,0,1,-35.408474,-30.0,5.408474,4.207611,-20.716034,0.0
211.31150543600234,7,215,-0.1150708556175232,1,0,1,-35.4745,-30.0,5.4744987,36.010742,-20.66147,0.0
211.41065473699928,7,216,-0.0670708556175232,1,0,1,-35.5598,-30.0,5.559799,-6.29425,-20.606174,0.0
211.51122548000058,7,217,-0.019070855617523197,1,0,1,-35.426125,-30.0,5.4261246,-31.616209,-20.551498,0.0
211.60955678000028,7,218,-0.0670708556175232,1,0,1,-36.10167,-30.0,6.1016693,6.687164,-20.493956,0.0
211.7108480240022,7,219,-0.019070855617523197,1,0,1,-36.35882,-30.0,6.358822,219.76088,-20.432941,0.0
211.8107608470018,7,220,-0.011978782713413239,1,0,1,-37.28235,-30.0,7.2823486,106.60171,-20.361834,0.0
211.9104261450011,7,221,-0.05997878271341324,1,0,1,-37.524025,-30.0,7.524025,100.517265,-20.288433,0.0
212.0103755630007,7,222,-0.10797878271341324,1,0,1,-37.259747,-30.0,7.2597466,-28.793333,-20.214281,0.0
212.11076834500273,7,223,-0.15597878271341326,1,0,1,-37.051567,-30.0,7.051567,-13.046264,-20.142788,0.0
212.21007995800028,7,224,-0.10797878271341325,1,0,1,-37.052746,-30.0,7.052746,-34.893036,-20.071495,0.0
212.3100852509997,7,225,-0.05997878271341325,1,0,1,-37.120415,-30.0,7.1204147,-4.6844482,-20.000551,0.0
212.41170726800192,7,226,-0.10797878271341325,1,0,1,-36.891235,-30.0,6.8912354,-103.34777,-19.929977,0.0
212.51013411100212,7,227,-0.05997878271341325,1,0,1,-37.02248,-30.0,7.02248,-101.21917,-19.858915,0.0
212.6109607569997,7,228,-0.0548325777053833,1,0,1,-36.369198,-30.0,6.369198,-111.24801,-19.790987,0.0
212.71055732900277,7,229,-0.0068325777053833,1,0,1,-36.176147,-30.0,6.1761475,-47.824856,-19.730186,0.0
212.8107562260011,7,230,-0.0548325777053833,1,0,1,-36.068317,-30.0,6.0683174,39.7377,-19.669212,0.0
212.91185441900234,7,231,-0.1028325777053833,1,0,1,-36.01121,-30.0,6.0112114,-54.473873,-19.608164,0.0
213.01097913000194,7,232,-0.0548325777053833,1,0,1,-36.12766,-30.0,6.127659,-49.682613,-19.54727,0.0
213.11097436300042,7,233,-0.1028325777053833,1,0,1,-36.001827,-30.0,6.0018272,-24.921415,-19.48601,0.0
213.2102845770023,7,234,-0.0548325777053833,1,0,1,-35.95241,-30.0,5.9524117,-3.8223264,-19.425983,0.0
213.3115705070013,7,235,-0.1028325777053833,1,0,1,-35.93927,-30.0,5.93927,6.8168635,-19.366613,0.0
213.4102691770022,7,236,-0.0548325777053833,1,0,1,-35.552254,-30.0,5.5522537,-82.18383,-19.30844,0.0
213.51158583800134,7,237,-0.1028325777053833,1,0,1,-35.520016,-30.0,5.5200157,-21.060942,-19.252768,0.0
213.60985371599963,7,238,-0.0548325777053833,1,0,1,-35.75966,-30.0,5.759659,25.398252,-19.196632,0.0
213.7109421310015,7,239,-0.01475774645805359,1,0,1,-35.606094,-30.0,5.6060944,-25.024412,-19.139168,0.0
213.81059653000193,7,240,-0.0627577464580536,1,0,1,-35.89369,-30.0,5.893688,18.081665,-19.081875,0.0
213.91035317800197,7,241,-0.1107577464580536,1,0,1,-35.91727,-30.0,5.9172707,-1.4266967,-19.022608,0.0
214.0105984460024,7,242,-0.0627577464580536,1,0,1,-36.06427,-30.0,6.06427,-0.51116943,-18.962431,0.0
214.11142285200185,7,243,-0.1107577464580536,1,0,1,-36.08331,-30.0,6.083309,28.427122,-18.90225,0.0
214.21048023200274,7,244,-0.08449545502662659,1,0,1,-36.82552,-30.0,6.8255196,37.231445,-18.837084,0.0
214.31088111099962,7,245,-0.036495455026626586,1,0,1,-37.201385,-30.0,7.2013855,46.028133,-18.766737,0.0
214.4113750200013,7,246,0.011504544973373415,1,0,1,-37.2727,-30.0,7.2727013,-14.4348135,-18.694374,0.0
214.51169683600165,7,247,0.059504544973373416,1,0,1,-36.68076,-30.0,6.6807594,-67.214966,-18.625254,0.0
214.61146549600016,7,248,0.10750454497337342,1,0,1,-35.852413,-30.0,5.852413,64.92615,-18.56472,0.0
214.71081537899954,7,249,0.059504544973373416,1,0,1,-36.48749,-30.0,6.4874916,102.55813,-18.502213,0.0
214.81173337400105,7,250,0.10750454497337342,1,0,1,-36.3877,-30.0,6.387699,35.308838,-18.437168,0.0
214.91070638100064,7,251,0.059504544973373416,1,0,1,-35.81352,-30.0,5.8135185,-126.39617,-18.373852,0.0
215.0112399589998,7,252,0.06708152890205384,1,0,1,-35.779236,-30.0,5.779236,176.29622,-18.31778,0.0
215.11008641100125,7,253,0.019081528902053835,1,0,1,-36.159004,-30.0,6.159004,-144.59991,-18.252928,0.0
215.21241467200161,7,254,0.06708152890205384,1,0,1,-36.261955,-30.0,6.2619553,160.4805,-18.19308,0.0
215.31431717099986,7,255,0.019081528902053835,1,0,1,-35.925777,-30.0,5.9257774,-44.422146,-18.130157,0.0
215.4109674829997,7,256,-0.014876905083656314,1,0,1,-36.078373,-30.0,6.078373,-69.70596,-18.068617,0.0
215.5108540350011,7,257,-0.06287690508365631,1,0,1,-35.628414,-30.0,5.628414,21.27838,-18.011192,0.0
215.6115437820008,7,258,-0.014876905083656314,1,0,1,-35.987946,-30.0,5.9879456,121.192924,-17.955702,0.0
215.71126131500205,7,259,0.03312309491634369,1,0,1,-35.625565,-30.0,5.6255646,-52.10876,-17.896374,0.0
215.81009994399938,7,260,0.08112309491634369,1,0,1,-35.45062,-30.0,5.4506187,-64.575195,-17.84025,0.0
215.91039968500263,7,261,0.1291230949163437,1,0,1,-35.50693,-30.0,5.5069313,-106.37664,-17.783092,0.0
216.0100079820004,7,262,0.08112309491634369,1,0,1,-35.8998,-30.0,5.8997993,116.44363,-17.726883,0.0
216.11130340300224,7,263,0.03312309491634369,1,0,1,-36.350204,-30.0,6.3502045,161.25868,-17.667147,0.0
216.2111310060027,7,264,-0.014876905083656314,1,0,1,-37.36905,-30.0,7.369049,-14.419555,-17.597456,0.0
216.31102509999982,7,265,0.006636990606784819,1,0,1,-37.66247,-30.0,7.662472,-81.19201,-17.521389,0.0
216.4102531710014,7,266,0.05463699060678482,1,0,1,-37.26954,-30.0,7.269539,57.571407,-17.448406,0.0
216.51153015400268,7,267,0.10263699060678483,1,0,1,-36.983364,-30.0,6.983364,-62.286373,-17.376902,0.0
216.6136715140019,7,268,0.15063699060678482,1,0,1,-36.983013,-30.0,6.983013,22.9187,-17.307264,0.0
216.71232799000063,7,269,0.10263699060678481,1,0,1,-37.19081,-30.0,7.190811,0.11825561,-17.236002,0.0
216.81373432300097,7,270,0.15063699060678482,1,0,1,-36.839275,-30.0,6.8392754,-31.16226,-17.16627,0.0
216.91167784100253,7,271,0.10263699060678481,1,0,1,-37.20687,-30.0,7.206871,15.773772,-17.096277,0.0
217.01162892399952,7,272,0.05463699060678481,1,0,1,-36.717907,-30.0,6.717907,-12.908935,-17.027203,0.0
217.11036418100048,7,273,0.006636990606784812,1,0,1,-36.77464,-30.0,6.774639,-36.865234,-16.95996,0.0
217.21066196399988,7,274,-0.04136300939321519,1,0,1,-36.399048,-30.0,6.399048,2.9563901,-16.89525,0.0
217.31154084000082,7,275,-0.045815694332122806,1,0,1,-36.453335,-30.0,6.453335,13.019561,-16.830612,0.0
217.41009813799974,7,276,0.0021843056678771955,1,0,1,-36.29904,-30.0,6.2990417,-13.843535,-16.766699,0.0
217.51211154200064,7,277,-0.045815694332122806,1,0,1,-36.25356,-30.0,6.253559,20.236967,-16.704563,0.0
217.61049032099982,7,278,-0.0938156943321228,1,0,1,-35.544445,-30.0,5.544445,-18.932343,-16.646107,0.0
217.71071099800247,7,279,-0.1409257769584656,1,0,1,-35.974815,-30.0,5.9748154,-19.535065,-16.587334,0.0
217.8103304670003,7,280,-0.09292577695846559,1,0,1,-35.49211,-30.0,5.492111,-2.3422241,-16.531082,0.0
217.9100340240002,7,281,-0.044925776958465585,1,0,1,-35.744984,-30.0,5.7449837,50.933834,-16.475336,0.0
218.01093636500082,7,282,-0.09292577695846559,1,0,1,-35.88393,-30.0,5.88393,2.292633,-16.416796,0.0
218.11047872500058,7,283,-0.044925776958465585,1,0,1,-35.814632,-30.0,5.8146324,-28.83911,-16.35803,0.0
218.21128999000211,7,284,0.0030742230415344157,1,0,1,-35.688694,-30.0,5.688694,-7.110595,-16.300678,0.0
218.3117783029993,7,285,0.02682250440120697,1,0,1,-35.781696,-30.0,5.7816963,-22.808073,-16.242777,0.0
218.41123405700273,7,286,-0.02117749559879303,1,0,1,-36.09169,-30.0,6.09169,59.49783,-16.182804,0.0
218.512376658,7,287,-0.06917749559879303,1,0,1,-36.653683,-30.0,6.6536827,77.57568,-16.119059,0.0
218.6111102370014,7,288,-0.10744442939758302,1,0,1,-37.185444,-30.0,7.185444,6.851196,-16.049446,0.0
218.7117024750005,7,289,-0.059444429397583015,1,0,1,-37.222965,-30.0,7.2229652,2.681732,-15.977724,0.0
218.81134512900098,7,290,-0.011444429397583014,1,0,1,-36.91995,-30.0,6.9199486,1.9912719,-15.907831,0.0
218.91254555699925,7,291,-0.0280735045671463,1,0,1,-37.08202,-30.0,7.08202,-10.383605,-15.837619,0.0
219.01259748899975,7,292,-0.0760735045671463,1,0,1,-37.013985,-30.0,7.0139847,-31.948088,-15.766836,0.0
219.10989257999972,7,293,-0.0280735045671463,1,0,1,-36.969364,-30.0,6.969364,11.001586,-15.697457,0.0
219.210737368001,7,294,-0.0760735045671463,1,0,1,-36.867786,-30.0,6.8677864,11.322021,-15.628693,0.0
219.31069654800012,7,295,-0.0921396553516388,1,0,1,-36.82713,-30.0,6.8271294,10.292052,-15.560646,0.0
219.41163324900117,7,296,-0.0441396553516388,1,0,1,-36.619827,-30.0,6.6198273,-14.289855,-15.49298,0.0
219.5114060880005,7,297,0.0038603446483611997,1,0,1,-36.56574,-30.0,6.5657387,3.7879941,-15.427134,0.0
219.61035841299963,7,298,-0.0441396553516388,1,0,1,-36.593277,-30.0,6.593277,3.1242368,-15.361744,0.0
219.71056595399932,7,299,-0.006618728488683702,1,0,1,-36.669594,-30.0,6.669594,12.218474,-15.295314,0.0
219.81022788300106,7,300,0.0,1,1,1,-36.44118,-30.0,6.441181,15.350341,-15.2305155,0.0
221.5375291570017,8,1,-0.048,1,0,1,-36.70819,-30.0,6.708191,41.118618,-14.02501,0.0
221.64314700500108,8,2,-0.096,1,0,1,-36.79513,-30.0,6.7951317,-2.529144,-13.957046,0.0
221.7434458960015,8,3,-0.14400000000000002,1,0,1,-36.61996,-30.0,6.619961,-51.258083,-13.889497,0.0
221.8422205349998,8,4,-0.09600000000000002,1,0,1,-36.29817,-30.0,6.298168,-81.16149,-13.824659,0.0
221.942198146,8,5,-0.048000000000000015,1,0,1,-36.189903,-30.0,6.1899033,24.219511,-13.76297,0.0
222.04417522000222,8,6,-1.3877787807814457e-17,1,0,1,-35.910355,-30.0,5.9103546,-10.887145,-13.702651,0.0
222.14269423199949,8,7,-0.048000000000000015,1,0,1,-36.029255,-30.0,6.029255,-23.223875,-13.642766,0.0
222.24237431300207,8,8,-1.3877787807814457e-17,1,0,1,-36.027786,-30.0,6.0277863,12.107848,-13.582793,0.0
222.34334620799928,8,9,-0.048000000000000015,1,0,1,-36.194687,-30.0,6.194687,40.51971,-13.52219,0.0
222.44202222600143,8,10,-1.3877787807814457e-17,1,0,1,-35.994358,-30.0,5.994358,17.31491,-13.462147,0.0
222.54294998100158,8,11,0.04268487095832825,1,0,1,-35.883575,-30.0,5.8835754,-26.496885,-13.402928,0.0
222.64276192400212,8,12,0.09068487095832825,1,0,1,-35.922817,-30.0,5.922817,5.8441157,-13.344394,0.0
222.74262722800268,8,13,0.04268487095832825,1,0,1,-35.96937,-30.0,5.969372,16.033173,-13.284996,0.0
222.84196200500082,8,14,0.09068487095832825,1,0,1,-36.561066,-30.0,6.5610657,62.049862,-13.222098,0.0
222.943345691001,8,15,0.13868487095832827,1,0,1,-37.169106,-30.0,7.1691055,-20.39337,-13.1526575,0.0
223.04228096400038,8,16,0.09068487095832826,1,0,1,-37.475143,-30.0,7.4751434,14.10675,-13.0796385,0.0
223.14262371199948,8,17,0.042684870958328264,1,0,1,-37.454334,-30.0,7.4543343,11.909484,-13.012356,0.0
223.24196826499974,8,18,0.06901445388793946,1,0,1,-37.241566,-30.0,7.2415657,-55.149075,-12.938476,0.0
223.34195481400093,8,19,0.02101445388793946,1,0,1,-37.206013,-30.0,7.2060127,26.374815,-12.860079,0.0
223.44268253500195,8,20,-0.018519245088100433,1,0,1,-37.16998,-30.0,7.169979,-37.361145,-12.787503,0.0
223.5422774050021,8,21,0.029480754911899568,1,0,1,-37.119263,-30.0,7.1192627,-1.586914,-12.723205,0.0
223.6424245929993,8,22,-0.018519245088100433,1,0,1,-37.09172,-30.0,7.0917206,-13.305663,-12.645213,0.0
223.74108887600232,8,23,-0.015939912199974062,1,0,1,-36.941685,-30.0,6.9416847,-23.418425,-12.574494,0.0
223.84360792699954,8,24,-0.06393991219997407,1,0,1,-36.904144,-30.0,6.9041443,-17.246246,-12.505725,0.0
223.9421557099995,8,25,-0.11193991219997407,1,0,1,-36.84263,-30.0,6.8426285,-9.082794,-12.443952,0.0
224.0419223909994,8,26,-0.15993991219997405,1,0,1,-36.737404,-30.0,6.737404,-5.813598,-12.375947,0.0
224.14172818400039,8,27,-0.11193991219997405,1,0,1,-36.814724,-30.0,6.814724,26.11923,-12.302009,0.0
224.24294927400115,8,28,-0.08767328262329102,1,0,1,-36.652576,-30.0,6.6525764,-32.001495,-12.241381,0.0
224.34210022000116,8,29,-0.13567328262329104,1,0,1,-36.543938,-30.0,6.5439377,11.554717,-12.168694,0.0
224.44284833300117,8,30,-0.08767328262329104,1,0,1,-36.5867,-30.0,6.5867004,6.446838,-12.103002,0.0
224.5419925740025,8,31,-0.11195389032363892,1,0,1,-36.707996,-30.0,6.7079964,4.512787,-12.04252,0.0
224.64222887900178,8,32,-0.07843411564826966,1,0,1,-36.690872,-30.0,6.690872,45.452114,-11.969021,0.0
224.74307169900203,8,33,-0.12643411564826967,1,0,1,-37.187973,-30.0,7.187973,74.783325,-11.900294,0.0
224.84259197400024,8,34,-0.07843411564826967,1,0,1,-38.500034,-30.0,8.500034,13.229369,-11.819965,0.0
224.94194183000218,8,35,-0.030434115648269672,1,0,1,-38.389526,-30.0,8.389526,-15.663146,-11.744074,0.0
225.04268463300104,8,36,0.01756588435173033,1,0,1,-38.20308,-30.0,8.203079,-60.794827,-11.652335,0.0
225.14229654000155,8,37,-0.030434115648269672,1,0,1,-37.85241,-30.0,7.8524094,-19.66858,-11.580825,0.0
225.24184698500176,8,38,-0.013388444483280183,1,0,1,-37.791355,-30.0,7.791355,-76.83945,-11.494444,0.0
225.3414625229998,8,39,0.03461155551671982,1,0,1,-37.091476,-30.0,7.0914764,-27.679441,-11.421038,0.0
225.44152477700118,8,40,-0.013388444483280179,1,0,1,-37.019806,-30.0,7.019806,19.756317,-11.350942,0.0
225.54182617300103,8,41,-0.06138844448328018,1,0,1,-37.483894,-30.0,7.4838943,122.810356,-11.279262,0.0
225.64251030800006,8,42,-0.013388444483280179,1,0,1,-37.15846,-30.0,7.1584587,-15.319823,-11.20671,0.0
225.74122375500156,8,43,0.03461155551671982,1,0,1,-36.71519,-30.0,6.715191,-34.22928,-11.137593,0.0
225.84138630300004,8,44,0.003042659908533099,1,0,1,-36.69725,-30.0,6.6972504,-18.108368,-11.070095,0.0
225.94251882699973,8,45,0.03579455018043518,1,0,1,-36.74577,-30.0,6.7457695,1.9798278,-11.002708,0.0
226.04218604700145,8,46,-0.012205449819564819,1,0,1,-36.61038,-30.0,6.6103783,17.654419,-10.942708,0.0
226.14186388300004,8,47,-0.06020544981956482,1,0,1,-36.39698,-30.0,6.3969803,-7.0457454,-10.871591,0.0
226.24236027799998,8,48,-0.012205449819564819,1,0,1,-36.225277,-30.0,6.225277,-62.499996,-10.8086405,0.0
226.34235017200263,8,49,0.03579455018043518,1,0,1,-36.260323,-30.0,6.2603226,-48.41232,-10.746199,0.0
226.44238057500115,8,50,-0.012205449819564819,1,0,1,-36.0806,-30.0,6.0806007,28.575895,-10.691308,0.0
226.5429708390002,8,51,-0.03840806186199189,1,0,1,-36.153576,-30.0,6.153576,-14.587401,-10.623813,0.0
226.64185414200256,8,52,-0.08640806186199189,1,0,1,-36.014225,-30.0,6.014225,-48.004147,-10.562633,0.0
226.74309115100186,8,53,-0.03840806186199189,1,0,1,-36.14959,-30.0,6.1495895,50.10986,-10.502474,0.0
226.84314725600052,8,54,0.009591938138008113,1,0,1,-36.085327,-30.0,6.085327,-0.11825561,-10.447072,0.0
226.94223114600027,8,55,0.057591938138008114,1,0,1,-36.256523,-30.0,6.256523,15.319823,-10.385565,0.0
227.04207772000154,8,56,0.009591938138008113,1,0,1,-36.483776,-30.0,6.483776,74.99695,-10.321989,0.0
227.1422693179993,8,57,-0.03840806186199189,1,0,1,-37.208363,-30.0,7.2083626,48.004147,-10.253597,0.0
227.24360913400233,8,58,-0.08640806186199189,1,0,1,-37.84564,-30.0,7.8456383,20.282743,-10.170374,0.0
227.34212534000108,8,59,-0.09843861460685731,1,0,1,-37.653347,-30.0,7.653347,-60.966488,-10.100499,0.0
227.442387340001,8,60,-0.05043861460685731,1,0,1,-37.602535,-30.0,7.6025352,-40.100098,-10.016601,0.0
227.543181543002,8,61,-0.002438614606857306,1,0,1,-37.676643,-30.0,7.6766434,-63.693996,-9.939151,0.0
227.64372263500263,8,62,-0.05043861460685731,1,0,1,-37.237038,-30.0,7.2370377,45.730587,-9.866765,0.0
227.74199690500245,8,63,-0.07338164448738098,1,0,1,-37.51411,-30.0,7.5141106,10.536193,-9.8002825,0.0
227.84331604700128,8,64,-0.12138164448738098,1,0,1,-37.53106,-30.0,7.5310593,63.362118,-9.719084,0.0
227.94328945300003,8,65,-0.07338164448738098,1,0,1,-37.313934,-30.0,7.3139343,-73.16971,-9.64427,0.0
228.0420129510021,8,66,-0.12138164448738098,1,0,1,-36.96434,-30.0,6.96434,-120.77331,-9.5731535,0.0
228.14273591200254,8,67,-0.11187201738357544,1,0,1,-36.945972,-30.0,6.9459724,117.81692,-9.505443,0.0
228.24239446700085,8,68,-0.0961993455886841,1,0,1,-36.79354,-30.0,6.793541,75.08469,-9.437002,0.0
228.34358481600066,8,69,-0.04819934558868409,1,0,1,-36.22975,-30.0,6.2297516,73.10867,-9.372456,0.0
228.44196217300123,8,70,-0.0961993455886841,1,0,1,-36.712696,-30.0,6.712696,65.97519,-9.313861,0.0
228.5432153799993,8,71,-0.09999441504478455,1,0,1,-36.639244,-30.0,6.639244,-176.82646,-9.244099,0.0
228.6423640819994,8,72,-0.05199441504478455,1,0,1,-36.164814,-30.0,6.164814,-49.51858,-9.176159,0.0
228.74298786600048,8,73,-0.003994415044784552,1,0,1,-36.305996,-30.0,6.305996,41.252132,-9.113485,0.0
228.84183260999998,8,74,-0.05199441504478455,1,0,1,-36.10686,-30.0,6.106861,-126.44958,-9.049631,0.0
228.94178003300112,8,75,-0.09999441504478455,1,0,1,-37.074623,-30.0,7.074623,29.14047,-8.983101,0.0
229.04273822200048,8,76,-0.05199441504478455,1,0,1,-36.418118,-30.0,6.4181175,-82.80944,-8.914943,0.0
229.14165085200148,8,77,-0.09999441504478455,1,0,1,-37.662228,-30.0,7.6622276,231.8611,-8.85233,0.0
229.2419743089995,8,78,-0.06237951517105103,1,0,1,-38.40035,-30.0,8.400349,-54.01611,-8.770121,0.0
229.34201504200246,8,79,-0.01437951517105103,1,0,1,-38.321552,-30.0,8.321552,-67.09671,-8.677468,0.0
229.44264776300042,8,80,0.03362048482894897,1,0,1,-38.29591,-30.0,8.29591,-42.5415,-8.594232,0.0
229.5422635720024,8,81,0.08162048482894897,1,0,1,-38.198967,-30.0,8.198967,24.475096,-8.512503,0.0
229.64249930600272,8,82,0.12962048482894897,1,0,1,-38.151573,-30.0,8.151573,23.448942,-8.431687,0.0
229.7414809410002,8,83,0.08162048482894897,1,0,1,-37.997746,-30.0,7.9977455,18.787384,-8.359476,0.0
229.8427235300005,8,84,0.03362048482894897,1,0,1,-38.050247,-30.0,8.050247,-33.973694,-8.2704525,0.0
229.94357387900163,8,85,0.00577661395072937,1,0,1,-37.73615,-30.0,7.736149,40.145874,-8.1934395,0.0
230.04223702799936,8,86,-0.04222338604927063,1,0,1,-37.651627,-30.0,7.6516266,-45.444485,-8.115687,0.0
230.1434402240011,8,87,-0.09022338604927063,1,0,1,-37.727077,-30.0,7.7270775,-92.67806,-8.038871,0.0
230.24200168199968,8,88,-0.04222338604927063,1,0,1,-37.532352,-30.0,7.5323524,-100.509636,-7.962509,0.0
230.34279448100278,8,89,-0.09022338604927063,1,0,1,-37.390312,-30.0,7.390312,46.249386,-7.896221,0.0
230.44359230800183,8,90,-0.095502108335495,1,0,1,-36.90221,-30.0,6.90221,-26.32141,-7.817484,0.0
230.5431055850022,8,91,-0.047502108335494994,1,0,1,-37.08495,-30.0,7.0849495,-5.149841,-7.75383,0.0
230.64337707600134,8,92,-0.095502108335495,1,0,1,-37.039425,-30.0,7.039425,51.62048,-7.6834416,0.0
230.7427366990014,8,93,-0.14350210833549498,1,0,1,-36.799152,-30.0,6.7991524,-12.359618,-7.608164,0.0
230.84251426099945,8,94,-0.15537235736846924,1,0,1,-36.90007,-30.0,6.90007,-9.307861,-7.5463147,0.0
230.9427941310023,8,95,-0.11888382434844971,1,0,1,-36.61991,-30.0,6.619911,-14.362334,-7.4720607,0.0
231.04233785700126,8,96,-0.07088382434844971,1,0,1,-36.685993,-30.0,6.685993,-13.168334,-7.412519,0.0
231.14219559699995,8,97,-0.11888382434844971,1,0,1,-36.837128,-30.0,6.8371277,-8.743286,-7.3385053,0.0
231.24306214700118,8,98,-0.07088382434844971,1,0,1,-36.469753,-30.0,6.4697533,8.25882,-7.2731347,0.0
231.34198622700205,8,99,-0.02288382434844971,1,0,1,-36.507965,-30.0,6.507965,11.20758,-7.214807,0.0
231.44151458800116,8,100,-0.07088382434844971,1,0,1,-36.62439,-30.0,6.6243896,97.20992,-7.1502147,0.0
231.5421724480002,8,101,-0.02288382434844971,1,0,1,-36.826874,-30.0,6.826874,91.4421,-7.076926,0.0
231.6424503620001,8,102,-0.02332158386707306,1,0,1,-37.06896,-30.0,7.0689583,129.48227,-7.014601,0.0
231.7425776960008,8,103,-0.07132158386707306,1,0,1,-37.620434,-30.0,7.620434,-109.98916,-6.929396,0.0
231.84181942000214,8,104,-0.11932158386707306,1,0,1,-37.28799,-30.0,7.2879906,-42.243954,-6.855935,0.0
231.9418355609996,8,105,-0.15434986352920532,1,0,1,-37.540638,-30.0,7.540638,-1.1787415,-6.789644,0.0
232.04231909100054,8,106,-0.10634986352920532,1,0,1,-37.373768,-30.0,7.373768,-45.55511,-6.714354,0.0
232.14212961500016,8,107,-0.05834986352920532,1,0,1,-37.34915,-30.0,7.3491516,12.626647,-6.6415353,0.0
232.2425628580022,8,108,-0.01034986352920532,1,0,1,-37.17998,-30.0,7.179981,-39.81018,-6.5619116,0.0
232.3427346089993,8,109,0.03765013647079468,1,0,1,-37.141434,-30.0,7.1414337,72.128296,-6.490775,0.0
232.44182770599946,8,110,0.08565013647079468,1,0,1,-37.476124,-30.0,7.476124,63.88473,-6.424675,0.0
232.5421025450014,8,111,0.05400747656822205,1,0,1,-37.20286,-30.0,7.202862,-35.694122,-6.350885,0.0
232.642291897002,8,112,0.10200747656822205,1,0,1,-37.187214,-30.0,7.187214,-52.55508,-6.279539,0.0
232.7429346680001,8,113,0.05400747656822205,1,0,1,-36.807438,-30.0,6.807438,1.9836425,-6.2030597,0.0
232.8417422470011,8,114,0.022711554169654848,1,0,1,-36.68503,-30.0,6.685032,-12.931823,-6.13513,0.0
232.94271020499946,8,115,0.0034107286483049393,1,0,1,-36.066093,-30.0,6.0660934,-117.63381,-6.0704393,0.0
233.04195807200085,8,116,-0.044279378652572636,1,0,1,-35.985146,-30.0,5.9851456,-40.34805,-6.016895,0.0
233.1418283790008,8,117,-0.09133707284927368,1,0,1,-36.424,-30.0,6.424,24.085997,-5.947974,0.0
233.2444398789994,8,118,-0.09011336565017701,1,0,1,-36.38607,-30.0,6.3860703,-60.38284,-5.8898945,0.0
233.34220819500115,8,119,-0.138113365650177,1,0,1,-36.224056,-30.0,6.2240562,-71.58661,-5.8272057,0.0
233.4423534029993,8,120,-0.09011336565017701,1,0,1,-36.35174,-30.0,6.351742,-77.24762,-5.7564087,0.0
233.5429933790001,8,121,-0.04211336565017701,1,0,1,-36.48411,-30.0,6.484112,32.12738,-5.693296,0.0
233.64160036700196,8,122,-0.03357641696929932,1,0,1,-36.65836,-30.0,6.6583595,21.45767,-5.6272025,0.0
233.74314466800206,8,123,-0.08157641696929932,1,0,1,-37.49993,-30.0,7.4999313,97.991936,-5.5635147,0.0
233.8423240890006,8,124,-0.11315655708312988,1,0,1,-38.14136,-30.0,8.141361,-26.012419,-5.475058,0.0
233.9422047299995,8,125,-0.06515655708312988,1,0,1,-37.912495,-30.0,7.9124947,-41.114803,-5.394765,0.0
234.0419180280005,8,126,-0.07245016098022461,1,0,1,-37.706665,-30.0,7.706665,-50.11749,-5.3164654,0.0
234.14145196900063,8,127,-0.02445016098022461,1,0,1,-37.595367,-30.0,7.5953674,83.26339,-5.2419367,0.0
234.24159438100105,8,128,0.023549839019775393,1,0,1,-38.373623,-30.0,8.373623,-131.34003,-5.168004,0.0
234.34212735500114,8,129,0.0715498390197754,1,0,1,-37.70545,-30.0,7.705448,48.96545,-5.0821166,0.0
234.4421630479992,8,130,0.1195498390197754,1,0,1,-37.34517,-30.0,7.345169,97.91946,-5.0079327,0.0
234.54323576699971,8,131,0.08683238029479981,1,0,1,-37.384068,-30.0,7.3840675,-22.34268,-4.932622,0.0
234.64474067500123,8,132,0.13483238029479983,1,0,1,-37.01194,-30.0,7.01194,-69.820404,-4.860901,0.0
234.74290485700112,8,133,0.10624655485153199,1,0,1,-37.243793,-30.0,7.2437935,58.79211,-4.789967,0.0
234.84222843099997,8,134,0.05824655485153199,1,0,1,-37.47005,-30.0,7.470051,73.58551,-4.7158957,0.0
234.94318772300176,8,135,0.10624655485153199,1,0,1,-36.64646,-30.0,6.6464615,36.58676,-4.6459827,0.0
235.04349440400256,8,136,0.05824655485153199,1,0,1,-37.26186,-30.0,7.26186,-45.80688,-4.5761604,0.0
235.14278612800263,8,137,0.10624655485153199,1,0,1,-36.61543,-30.0,6.615429,59.127804,-4.5088944,0.0
235.24250920100167,8,138,0.11304948329925538,1,0,1,-37.06071,-30.0,7.060711,-80.69228,-4.438549,0.0
235.3412508420006,8,139,0.06504948329925538,1,0,1,-36.64197,-30.0,6.6419716,-49.846645,-4.3765726,0.0
235.4435312830028,8,140,0.017049483299255375,1,0,1,-36.976837,-30.0,6.976837,54.00848,-4.30134,0.0
235.54177005500242,8,141,0.038437393307685856,1,0,1,-36.524303,-30.0,6.5243034,-91.28188,-4.241119,0.0
235.64164678300222,8,142,0.06658841967582703,1,0,1,-36.81843,-30.0,6.818432,-33.893585,-4.174851,0.0
235.74141176200283,8,143,0.018588419675827028,1,0,1,-36.60751,-30.0,6.6075096,116.409294,-4.110116,0.0
235.84287951000078,8,144,-0.029411580324172973,1,0,1,-36.52584,-30.0,6.5258408,-60.283657,-4.0353675,0.0
235.94125573100246,8,145,-0.07741158032417297,1,0,1,-37.520782,-30.0,7.5207825,284.2102,-3.9740522,0.0
236.04243823900106,8,146,-0.029411580324172973,1,0,1,-38.277187,-30.0,8.277187,-53.10821,-3.8831053,0.0
236.1410996980012,8,147,-0.07741158032417297,1,0,1,-38.64023,-30.0,8.640228,-161.94533,-3.7968664,0.0
236.24378690100275,8,148,-0.029411580324172973,1,0,1,-38.06533,-30.0,8.0653305,-38.30719,-3.7134845,0.0
236.34131578800225,8,149,-0.01003757789731026,1,0,1,-38.435017,-30.0,8.435017,101.61971,-3.6323638,0.0
236.44201554200117,8,150,-0.05803757789731026,1,0,1,-38.410595,-30.0,8.410595,-113.22784,-3.5548975,0.0
236.54121786500036,8,151,-0.01003757789731026,1,0,1,-38.1371,-30.0,8.1371,2.407074,-3.4731817,0.0
236.64213105900126,8,152,0.03796242210268974,1,0,1,-38.084423,-30.0,8.084423,-69.129944,-3.3833187,0.0
236.7414532319999,8,153,0.08596242210268974,1,0,1,-37.93499,-30.0,7.93499,-41.03088,-3.3031504,0.0
236.84274944299978,8,154,0.03796242210268974,1,0,1,-37.987736,-30.0,7.9877357,6.370544,-3.2241626,0.0
236.9425121830027,8,155,-0.01003757789731026,1,0,1,-37.57735,-30.0,7.5773506,13.526916,-3.1469889,0.0
237.04234811800052,8,156,-0.05803757789731026,1,0,1,-37.519512,-30.0,7.519512,6.9160457,-3.0720763,0.0
237.14245280800242,8,157,-0.10603757789731026,1,0,1,-37.460747,-30.0,7.460747,48.47717,-3.0051436,0.0
237.2419286330005,8,158,-0.05803757789731026,1,0,1,-37.269203,-30.0,7.269203,-34.843445,-2.9311454,0.0
237.34232275199975,8,159,-0.01003757789731026,1,0,1,-37.35054,-30.0,7.35054,5.7334895,-2.850577,0.0
237.4420790660006,8,160,-0.05803757789731026,1,0,1,-37.39328,-30.0,7.39328,36.72409,-2.7768831,0.0
237.54240613600268,8,161,-0.01003757789731026,1,0,1,-37.39779,-30.0,7.397789,-121.84142,-2.7026892,0.0
237.64231470800223,8,162,0.03796242210268974,1,0,1,-37.317112,-30.0,7.317112,49.62158,-2.6306245,0.0
237.7420036930016,8,163,-0.01003757789731026,1,0,1,-37.413246,-30.0,7.413246,76.19095,-2.5569377,0.0
237.84291213500182,8,164,-0.05803757789731026,1,0,1,-37.216976,-30.0,7.216976,-39.718628,-2.482359,0.0
237.94196051900144,8,165,-0.01003757789731026,1,0,1,-37.18895,-30.0,7.1889496,-160.36606,-2.4082959,0.0
238.0425161130006,8,166,-0.05803757789731026,1,0,1,-37.916344,-30.0,7.9163437,176.82265,-2.3346052,0.0
238.14275657500184,8,167,-0.10603757789731026,1,0,1,-38.976486,-30.0,8.976486,110.595695,-2.2577598,0.0
238.2429051250001,8,168,-0.05803757789731026,1,0,1,-38.946167,-30.0,8.946167,0.69427484,-2.1585486,0.0
238.3427469240014,8,169,-0.01003757789731026,1,0,1,-38.761208,-30.0,8.761208,50.838467,-2.0704002,0.0
238.44183749399963,8,170,-0.05803757789731026,1,0,1,-38.589497,-30.0,8.589497,56.51855,-1.9932859,0.0
238.54301413000212,8,171,-0.01003757789731026,1,0,1,-38.59781,-30.0,8.597809,-50.99487,-1.9065565,0.0
238.64253241700135,8,172,0.020274053514003756,1,0,1,-37.57131,-30.0,7.571308,9.605408,-1.8179233,0.0
238.7427834959999,8,173,0.019156470894813538,1,0,1,-37.604916,-30.0,7.6049156,-10.360717,-1.7414302,0.0
238.8428976819996,8,174,-0.028843529105186463,1,0,1,-37.600304,-30.0,7.6003036,-29.2778,-1.6655186,0.0
238.94273584700204,8,175,-0.07684352910518646,1,0,1,-37.24691,-30.0,7.24691,-41.732784,-1.5914088,0.0
239.04331686099977,8,176,-0.028843529105186463,1,0,1,-37.2394,-30.0,7.239399,-19.233704,-1.5191777,0.0
239.1424079870012,8,177,0.019156470894813538,1,0,1,-37.111988,-30.0,7.111988,48.767086,-1.4477544,0.0
239.24190336399988,8,178,0.007386241108179092,1,0,1,-36.979504,-30.0,6.9795036,96.29058,-1.3779953,0.0
239.34243073900143,8,179,0.05538624110817909,1,0,1,-36.96322,-30.0,6.9632187,-1.7013549,-1.314648,0.0
239.44328246400255,8,180,0.1033862411081791,1,0,1,-36.759815,-30.0,6.759815,-70.961,-1.2392098,0.0
239.54275074100224,8,181,0.1513862411081791,1,0,1,-36.728935,-30.0,6.7289352,-29.632566,-1.171837,0.0
239.64333091700246,8,182,0.10338624110817911,1,0,1,-36.560013,-30.0,6.560013,-25.573729,-1.1050818,0.0
239.74256256700028,8,183,0.05538624110817911,1,0,1,-36.72154,-30.0,6.7215385,73.43674,-1.0391847,0.0
239.8414246070024,8,184,0.007386241108179106,1,0,1,-36.78014,-30.0,6.78014,17.635345,-0.97813153,0.0
239.94159829600176,8,185,-0.040613758891820895,1,0,1,-36.668446,-30.0,6.6684456,8.255005,-0.90454155,0.0
240.04214801800117,8,186,0.007386241108179106,1,0,1,-36.844208,-30.0,6.844208,15.327453,-0.84284896,0.0
240.14250106300096,8,187,0.05538624110817911,1,0,1,-36.73279,-30.0,6.732792,145.9465,-0.7759958,0.0
240.24148323100235,8,188,0.09830887317657472,1,0,1,-36.53269,-30.0,6.532688,16.471863,-0.7078958,0.0
240.3421187210006,8,189,0.07710760235786439,1,0,1,-37.09255,-30.0,7.0925484,95.39794,-0.64007604,0.0
240.44191637500262,8,190,0.12208607196807862,1,0,1,-37.947395,-30.0,7.9473953,-79.128265,-0.56333995,0.0
240.54226159700193,8,191,0.07408607196807862,1,0,1,-37.947395,-30.0,7.9473953,0.0,-0.4759187,0.0
240.6430837070002,8,192,0.07530884742736817,1,0,1,-37.936024,-30.0,7.9360237,0.0,-0.3965584,0.0
240.74253270500049,8,193,0.034943783283233644,1,0,1,-37.936024,-30.0,7.9360237,0.0,-0.32513413,0.0
240.84148805299992,8,194,0.08294378328323365,1,0,1,-37.92462,-30.0,7.9246216,0.0,-0.2379291,0.0
240.94277810800122,8,195,0.125535786151886,1,0,1,-37.92462,-30.0,7.9246216,0.0,-0.15868294,0.0
241.04321887300102,8,196,0.07753578615188599,1,0,1,-37.7862,-30.0,7.7862015,76.98059,-0.08909482,0.0
241.14192781400197,8,197,0.125535786151886,1,0,1,-37.638012,-30.0,7.638012,-159.04999,-0.009582082,0.0
241.2416142760012,8,198,0.07753578615188599,1,0,1,-37.687637,-30.0,7.6876373,-159.73282,0.06690018,0.0
241.342420459001,8,199,0.029535786151885984,1,0,1,-37.324455,-30.0,7.3244553,85.75439,0.14730732,0.0
241.44193594600074,8,200,0.07753578615188599,1,0,1,-37.490925,-30.0,7.490925,7.6980586,0.21504591,0.0
241.54300753200005,8,201,0.059389430284500125,1,0,1,-37.466915,-30.0,7.466915,-77.07977,0.29862362,0.0
241.64286245500261,8,202,0.011389430284500124,1,0,1,-37.105583,-30.0,7.105583,-42.968746,0.37280983,0.0
241.74171136100267,8,203,-0.03661056971549988,1,0,1,-37.23844,-30.0,7.2384415,96.45843,0.43625823,0.0
241.8412234940006,8,204,0.011389430284500124,1,0,1,-37.244747,-30.0,7.244747,-44.090267,0.5105226,0.0
241.9414672999992,8,205,-0.03661056971549988,1,0,1,-37.190735,-30.0,7.190735,-16.864777,0.5898346,0.0
242.0425299439994,8,206,-0.08461056971549988,1,0,1,-37.497948,-30.0,7.4979477,92.41866,0.66215295,0.0
242.1416721880014,8,207,-0.03661056971549988,1,0,1,-37.589405,-30.0,7.589405,-57.92999,0.7312775,0.0
242.24260352700003,8,208,0.011389430284500124,1,0,1,-36.83879,-30.0,6.838791,19.512177,0.8015219,0.0
242.34310156100037,8,209,0.059389430284500125,1,0,1,-37.013557,-30.0,7.0135574,-22.40753,0.87081945,0.0
242.44235946499975,8,210,0.10738943028450013,1,0,1,-37.195766,-30.0,7.1957664,74.13101,0.9413054,0.0
242.5422434400025,8,211,0.15538943028450014,1,0,1,-38.83154,-30.0,8.831539,130.31387,1.0290707,0.0
242.6422126239995,8,212,0.10738943028450014,1,0,1,-39.012115,-30.0,9.0121155,14.324187,1.118512,0.0
242.74176023600012,8,213,0.05938943028450014,1,0,1,-38.669163,-30.0,8.669163,-147.29309,1.1984974,0.0
242.84251110100013,8,214,0.10738943028450014,1,0,1,-38.66196,-30.0,8.661961,27.397154,1.2837107,0.0
242.94281692500226,8,215,0.05938943028450014,1,0,1,-38.41317,-30.0,8.41317,-6.7520137,1.3769867,0.0
243.04197145900253,8,216,0.011389430284500138,1,0,1,-38.6499,-30.0,8.649899,-43.136593,1.4622884,0.0
243.14331961800053,8,217,-0.03661056971549986,1,0,1,-38.349106,-30.0,8.349106,30.204771,1.5463549,0.0
243.2419925159993,8,218,-0.08461056971549986,1,0,1,-38.269676,-30.0,8.269676,58.52508,1.6288183,0.0
243.3422958250012,8,219,-0.03661056971549986,1,0,1,-38.136173,-30.0,8.136173,5.53894,1.7114974,0.0
243.44168503200126,8,220,-0.08461056971549986,1,0,1,-38.18004,-30.0,8.180038,62.488552,1.7846274,0.0
243.5415938690021,8,221,-0.03661056971549986,1,0,1,-38.06396,-30.0,8.063961,-24.967192,1.8739249,0.0
243.6437689680024,8,222,-0.08461056971549986,1,0,1,-38.03005,-30.0,8.030048,37.651062,1.9537709,0.0
243.74310676900132,8,223,-0.03661056971549986,1,0,1,-37.48721,-30.0,7.4872093,56.434628,2.0295842,0.0
243.8423610380014,8,224,0.011389430284500138,1,0,1,-37.774647,-30.0,7.7746468,41.946407,2.105836,0.0
243.94203380399995,8,225,-0.03661056971549986,1,0,1,-37.817364,-30.0,7.8173637,-42.48428,2.185817,0.0
244.04313667300084,8,226,0.011389430284500138,1,0,1,-37.538464,-30.0,7.5384636,5.8860774,2.26117,0.0
244.14244541800144,8,227,0.05938943028450014,1,0,1,-37.290207,-30.0,7.290207,8.2092285,2.3348532,0.0
244.24266966300274,8,228,0.011389430284500138,1,0,1,-37.333637,-30.0,7.333637,-46.882626,2.4092784,0.0
244.34215580900127,8,229,0.05042437314987183,1,0,1,-37.643196,-30.0,7.643196,62.56866,2.4760153,0.0
244.44333382900004,8,230,0.0024243731498718307,1,0,1,-37.236973,-30.0,7.236973,-74.55826,2.5586357,0.0
244.54231291500037,8,231,-0.04557562685012817,1,0,1,-37.544666,-30.0,7.5446663,33.756256,2.6316044,0.0
244.6427573050023,8,232,-0.09357562685012817,1,0,1,-37.458145,-30.0,7.458145,24.196623,2.6983862,0.0
244.74370763700063,8,233,-0.04557562685012817,1,0,1,-38.015995,-30.0,8.015995,17.204285,2.7842183,0.0
244.84286021300068,8,234,-0.09357562685012817,1,0,1,-38.53339,-30.0,8.53339,4.6653748,2.8587298,0.0
244.9420778800013,8,235,-0.04557562685012817,1,0,1,-38.689014,-30.0,8.689014,41.29028,2.9446018,0.0
245.0430650870003,8,236,-0.09357562685012817,1,0,1,-37.996788,-30.0,7.996788,-5.577087,3.0365295,0.0
245.14228526900115,8,237,-0.04557562685012817,1,0,1,-37.76133,-30.0,7.7613297,-86.63177,3.1156237,0.0
245.24288107599932,8,238,0.0024243731498718307,1,0,1,-37.918823,-30.0,7.9188232,85.4988,3.1849675,0.0
245.34374619700247,8,239,0.04150471091270447,1,0,1,-38.138996,-30.0,8.138996,-34.923553,3.273639,0.0
245.44198075700115,8,240,-0.006495289087295533,1,0,1,-37.770683,-30.0,7.7706833,-39.165497,3.352869,0.0
245.54217147500094,8,241,0.017680378258228303,1,0,1,-38.029953,-30.0,8.029953,-12.042998,3.4321957,0.0
245.64296144500258,8,242,0.01010381430387497,1,0,1,-37.75605,-30.0,7.75605,11.749267,3.5108964,0.0
245.7435728970013,8,243,0.05810381430387497,1,0,1,-37.71806,-30.0,7.7180595,-60.76431,3.5810263,0.0
245.84262433800177,8,244,0.01010381430387497,1,0,1,-37.387516,-30.0,7.387516,1.6479491,3.6566422,0.0
245.94237867600168,8,245,-0.021245521306991574,1,0,1,-37.418434,-30.0,7.418434,-2.6206968,3.737398,0.0
246.04372291700201,8,246,-0.06924552130699158,1,0,1,-37.221813,-30.0,7.221813,28.495787,3.8110843,0.0
246.14179376299944,8,247,-0.11724552130699158,1,0,1,-37.37706,-30.0,7.37706,-162.87993,3.8863611,0.0
246.24295306000204,8,248,-0.0893822193145752,1,0,1,-37.043015,-30.0,7.0430145,104.61425,3.9552004,0.0
246.34141139300118,8,249,-0.0966956377029419,1,0,1,-36.664383,-30.0,6.664383,-25.37155,4.0234103,0.0
246.4442128360024,8,250,-0.0486956377029419,1,0,1,-36.50537,-30.0,6.505371,-67.352295,4.0900607,0.0
246.54286393599978,8,251,-0.0006956377029418981,1,0,1,-36.526245,-30.0,6.526245,9.597778,4.154237,0.0
246.64168126200093,8,252,0.0473043622970581,1,0,1,-37.17022,-30.0,7.1702194,17.77649,4.224323,0.0
246.74256733400034,8,253,0.06626164317131043,1,0,1,-37.482277,-30.0,7.482277,50.300594,4.295988,0.0
246.8419554150023,8,254,0.11426164317131043,1,0,1,-38.162136,-30.0,8.162136,-1.3961791,4.3755083,0.0
246.94235090800066,8,255,0.16226164317131042,1,0,1,-38.959957,-30.0,8.959957,163.96712,4.4594607,0.0
247.04223291699964,8,256,0.11426164317131042,1,0,1,-39.289974,-30.0,9.289974,-94.23446,4.5520606,0.0
247.14228087200172,8,257,0.06626164317131042,1,0,1,-39.06058,-30.0,9.060581,46.737667,4.6430926,0.0
247.24210337399927,8,258,0.06635527610778809,1,0,1,-39.451733,-30.0,9.451733,-125.3395,4.737119,0.0
247.34233795000182,8,259,0.11435527610778809,1,0,1,-38.51221,-30.0,8.512211,-54.0657,4.8255043,0.0
247.44315780800025,8,260,0.06635527610778809,1,0,1,-38.517387,-30.0,8.517387,2.193451,4.912091,0.0
247.54170665600031,8,261,0.0952001690864563,1,0,1,-38.67675,-30.0,8.67675,-36.949158,4.9986477,0.0
247.64199570900018,8,262,0.0472001690864563,1,0,1,-38.17126,-30.0,8.171261,-77.1904,5.0833693,0.0
247.74235153100017,8,263,0.037876689434051515,1,0,1,-38.6337,-30.0,8.633701,-152.8778,5.1695247,0.0
247.84143900600247,8,264,-0.010123310565948486,1,0,1,-38.16506,-30.0,8.165058,44.338223,5.243407,0.0
247.94227925700034,8,265,-0.05812331056594849,1,0,1,-38.30456,-30.0,8.304562,57.30438,5.334121,0.0
248.04199140499986,8,266,-0.10612331056594848,1,0,1,-37.930347,-30.0,7.9303474,-75.24872,5.417376,0.0
248.1426243620008,8,267,-0.0739766776561737,1,0,1,-37.796978,-30.0,7.796978,3.0632017,5.496892,0.0
248.24157661999925,8,268,-0.10650938749313354,1,0,1,-38.032063,-30.0,8.032063,76.0231,5.5745397,0.0
248.34165558300083,8,269,-0.058509387493133544,1,0,1,-37.473473,-30.0,7.4734726,-0.60272217,5.6524987,0.0
248.44209968400173,8,270,-0.08127478361129761,1,0,1,-38.226498,-30.0,8.226498,91.640465,5.729797,0.0
248.54321539500233,8,271,-0.12927478361129763,1,0,1,-37.41334,-30.0,7.4133415,-210.76201,5.8105264,0.0
248.64297196400003,8,272,-0.17727478361129761,1,0,1,-37.55421,-30.0,7.5542107,54.927822,5.8818693,0.0
248.74255029300184,8,273,-0.12927478361129763,1,0,1,-37.171997,-30.0,7.171997,-85.792534,5.9479947,0.0
248.84328717500102,8,274,-0.12394707202911377,1,0,1,-37.134422,-30.0,7.1344223,79.01764,6.018681,0.0
248.9428540480003,8,275,-0.07665883302688599,1,0,1,-37.171032,-30.0,7.171032,-108.35647,6.0991397,0.0
249.04224491700006,8,276,-0.028658833026885988,1,0,1,-37.366096,-30.0,7.3660965,-27.618406,6.1713676,0.0
249.14238114900218,8,277,-0.07665883302688599,1,0,1,-37.166576,-30.0,7.1665764,49.503323,6.2437687,0.0
249.24232042400035,8,278,-0.028658833026885988,1,0,1,-37.669403,-30.0,7.669403,7.442474,6.319558,0.0
249.34225886100103,8,279,-0.07665883302688599,1,0,1,-38.61303,-30.0,8.6130295,126.62124,6.3997173,0.0
249.44349246400088,8,280,-0.028658833026885988,1,0,1,-38.999676,-30.0,8.999676,-15.930175,6.4892306,0.0
249.54338983400157,8,281,0.019341166973114013,1,0,1,-38.89836,-30.0,8.898361,-85.99471,6.5711255,0.0
249.64199008099968,8,282,0.06734116697311401,1,0,1,-38.475216,-30.0,8.475216,23.635862,6.6644964,0.0
249.74139156599995,8,283,0.11534116697311401,1,0,1,-38.97604,-30.0,8.97604,94.50912,6.7511845,0.0
249.84269473200038,8,284,0.06734116697311401,1,0,1,-38.485867,-30.0,8.485867,-20.603178,6.8385844,0.0
249.94193529699987,8,285,0.11534116697311401,1,0,1,-38.455532,-30.0,8.455532,-15.216826,6.922181,0.0
250.04229586200017,8,286,0.06734116697311401,1,0,1,-38.29063,-30.0,8.29063,48.622128,6.996668,0.0
250.14228849500068,8,287,0.11534116697311401,1,0,1,-38.328007,-30.0,8.328007,-6.195068,7.089261,0.0
250.2427951710015,8,288,0.06734116697311401,1,0,1,-38.299656,-30.0,8.299656,-38.333893,7.1729126,0.0
250.3420829500028,8,289,0.10315276384353639,1,0,1,-38.508728,-30.0,8.508728,-59.745785,7.2488246,0.0
250.44198478700127,8,290,0.15115276384353638,1,0,1,-38.215923,-30.0,8.215923,9.105682,7.3401265,0.0
250.54257276000135,8,291,0.10315276384353637,1,0,1,-37.910416,-30.0,7.9104156,-60.405727,7.42093,0.0
250.64175968600102,8,292,0.15115276384353638,1,0,1,-38.002693,-30.0,8.002693,-152.30179,7.503106,0.0
250.74170566400062,8,293,0.10315276384353637,1,0,1,-37.891987,-30.0,7.891987,-9.128571,7.5813785,0.0
250.8416672860003,8,294,0.05515276384353637,1,0,1,-38.0141,-30.0,8.014099,7.274627,7.653112,0.0
250.94185268300134,8,295,0.007152763843536372,1,0,1,-37.990074,-30.0,7.990074,22.979734,7.740134,0.0
251.04277003300012,8,296,0.04150761365890503,1,0,1,-37.892353,-30.0,7.892353,79.59366,7.8101664,0.0
251.14128590600012,8,297,0.08950761365890503,1,0,1,-37.79417,-30.0,7.7941704,87.81051,7.896487,0.0
251.24243513400143,8,298,0.13750761365890501,1,0,1,-38.00681,-30.0,8.006809,31.932829,7.975481,0.0
251.34160054600216,8,299,0.185507613658905,1,0,1,-38.911835,-30.0,8.911835,181.48802,8.058957,0.0
251.44108919000064,8,300,0.0,1,1,1,-39.2196,-30.0,9.219601,-98.518364,8.152939,0.0
253.1661774250024,9,1,0.048,1,0,1,-37.637043,-30.0,7.637043,91.85409,9.575927,0.0
253.2710327900022,9,2,0.096,1,0,1,-37.37678,-30.0,7.3767815,-51.551815,9.650372,0.0
253.37124891400163,9,3,0.048,1,0,1,-37.079346,-30.0,7.0793457,76.286316,9.721126,0.0
253.47002711200184,9,4,0.096,1,0,1,-37.23038,-30.0,7.230381,-29.788969,9.793179,0.0
253.5703611300014,9,5,0.048,1,0,1,-37.451,-30.0,7.451,83.244316,9.865997,0.0
253.67123629100024,9,6,0.096,1,0,1,-37.309265,-30.0,7.309265,4.4136047,9.939799,0.0
253.77120349400138,9,7,0.048,1,0,1,-37.90664,-30.0,7.906639,77.194214,10.014983,0.0
253.87079913200068,9,8,0.0,1,0,1,-38.5442,-30.0,8.544201,109.020226,10.098037,0.0
253.9703453200018,9,9,-0.01656785309314728,1,0,1,-38.673107,-30.0,8.673107,-19.989014,10.184049,0.0
254.07027285100048,9,10,-0.06456785309314728,1,0,1,-38.70958,-30.0,8.709579,148.75793,10.268851,0.0
254.17099016400243,9,11,-0.051838845014572144,1,0,1,-38.527786,-30.0,8.527786,-90.16418,10.3567295,0.0
254.2705008720004,9,12,-0.05032625198364258,1,0,1,-38.473587,-30.0,8.473587,5.5427547,10.441131,0.0
254.37076169300053,9,13,-0.08704808354377747,1,0,1,-38.556316,-30.0,8.556316,-4.5928955,10.526622,0.0
254.47136837500148,9,14,-0.039048083543777465,1,0,1,-38.384003,-30.0,8.384003,-20.626066,10.611363,0.0
254.5709668060008,9,15,0.008951916456222536,1,0,1,-38.369274,-30.0,8.369274,44.738766,10.694488,0.0
254.6708901460006,9,16,0.05695191645622254,1,0,1,-38.241398,-30.0,8.241398,-9.548187,10.77815,0.0
254.7721486010014,9,17,0.008951916456222536,1,0,1,-38.16342,-30.0,8.163422,27.034758,10.860169,0.0
254.8716447810002,9,18,-0.039048083543777465,1,0,1,-38.18256,-30.0,8.18256,12.695312,10.941284,0.0
254.97032016600133,9,19,-0.08704808354377747,1,0,1,-37.924812,-30.0,7.9248123,-60.977932,11.021834,0.0
255.07135260799987,9,20,-0.039048083543777465,1,0,1,-38.01004,-30.0,8.01004,-52.3529,11.101008,0.0
255.17121057300028,9,21,0.008951916456222536,1,0,1,-37.98334,-30.0,7.983341,20.404814,11.179781,0.0
255.27088806400207,9,22,-0.039048083543777465,1,0,1,-37.81624,-30.0,7.8162384,-57.518,11.258902,0.0
255.37014761500177,9,23,-0.08704808354377747,1,0,1,-38.058636,-30.0,8.058636,-1.5640258,11.33883,0.0
255.470113976,9,24,-0.039048083543777465,1,0,1,-38.14457,-30.0,8.144569,-37.704468,11.419925,0.0
255.5711190389993,9,25,-0.08704808354377747,1,0,1,-38.341496,-30.0,8.3414955,98.45733,11.5002775,0.0
255.67027215000053,9,26,-0.039048083543777465,1,0,1,-39.206226,-30.0,9.206226,55.9082,11.590066,0.0
255.77092213300057,9,27,-0.08704808354377747,1,0,1,-39.755657,-30.0,9.755657,-46.588894,11.6858015,0.0
255.8714748929997,9,28,-0.039048083543777465,1,0,1,-39.72054,-30.0,9.720539,80.78002,11.782902,0.0
255.97084395500133,9,29,0.008951916456222536,1,0,1,-39.394314,-30.0,9.394314,-75.98877,11.879698,0.0
256.07156294000015,9,30,-0.039048083543777465,1,0,1,-39.62857,-30.0,9.628571,-55.65643,11.974894,0.0
256.17055121900194,9,31,-0.08704808354377747,1,0,1,-39.576645,-30.0,9.576645,9.437561,12.071717,0.0
256.27240110000275,9,32,-0.039048083543777465,1,0,1,-39.360607,-30.0,9.360607,-19.91272,12.166429,0.0
256.3729030140021,9,33,0.008951916456222536,1,0,1,-38.788513,-30.0,8.788513,42.007442,12.256831,0.0
256.47180189400024,9,34,0.05695191645622254,1,0,1,-39.07828,-30.0,9.078281,-79.8378,12.34765,0.0
256.57232643700263,9,35,0.10495191645622254,1,0,1,-38.831738,-30.0,8.8317375,109.90142,12.436101,0.0
256.67052716800026,9,36,0.15295191645622253,1,0,1,-39.598366,-30.0,9.598366,20.778654,12.529812,0.0
256.7712059229998,9,37,0.10495191645622252,1,0,1,-38.41372,-30.0,8.413719,-56.377407,12.619911,0.0
256.8714815450003,9,38,0.05695191645622252,1,0,1,-38.744804,-30.0,8.744804,-11.169433,12.706729,0.0
256.97011865199966,9,39,0.10495191645622252,1,0,1,-38.682396,-30.0,8.682396,-18.623352,12.794231,0.0
257.0708792610021,9,40,0.09104197621345521,1,0,1,-38.335682,-30.0,8.335682,-18.741608,12.878875,0.0
257.1709763630024,9,41,0.04304197621345521,1,0,1,-38.02151,-30.0,8.021511,-17.64679,12.959711,0.0
257.27023591000034,9,42,-0.0049580237865447935,1,0,1,-37.99081,-30.0,7.9908104,22.96066,13.040198,0.0
257.37094176200117,9,43,0.04304197621345521,1,0,1,-38.164047,-30.0,8.164047,11.455535,13.121625,0.0
257.4711964300004,9,44,-0.0049580237865447935,1,0,1,-37.71548,-30.0,7.715481,-48.061367,13.201117,0.0
257.57207437500256,9,45,-0.052958023786544794,1,0,1,-37.986668,-30.0,7.9866676,63.51089,13.279733,0.0
257.67073383200113,9,46,-0.0049580237865447935,1,0,1,-37.526974,-30.0,7.5269737,-15.55252,13.358456,0.0
257.77046439900005,9,47,-0.011476615071296693,1,0,1,-37.736748,-30.0,7.7367477,-62.408443,13.436488,0.0
257.8708280200008,9,48,0.02825274765491486,1,0,1,-37.799976,-30.0,7.7999763,79.956055,13.514304,0.0
257.9709181360013,9,49,-0.01974725234508514,1,0,1,-38.205334,-30.0,8.205334,2.1705627,13.595741,0.0
258.0717935640023,9,50,-0.06774725234508513,1,0,1,-37.800484,-30.0,7.8004837,-54.13055,13.675871,0.0
258.1713182320018,9,51,-0.11574725234508514,1,0,1,-38.700836,-30.0,8.700836,28.541563,13.759903,0.0
258.271261119,9,52,-0.06774725234508513,1,0,1,-39.108257,-30.0,9.108257,-14.553069,13.849427,0.0
258.3712878180013,9,53,-0.019747252345085134,1,0,1,-38.636326,-30.0,8.636326,-212.90587,13.939868,0.0
258.4723004180014,9,54,-0.06774725234508513,1,0,1,-38.38876,-30.0,8.38876,-0.7209777,14.022363,0.0
258.5716133220012,9,55,-0.08562321066856385,1,0,1,-38.218575,-30.0,8.218575,-47.790524,14.105119,0.0
258.673425762001,9,56,-0.03762321066856385,1,0,1,-38.560772,-30.0,8.560772,-18.039703,14.189238,0.0
258.77090152000164,9,57,0.010376789331436154,1,0,1,-38.35729,-30.0,8.357288,3.0136106,14.274004,0.0
258.8712821810004,9,58,-0.02183513343334198,1,0,1,-38.533337,-30.0,8.533337,16.88385,14.357429,0.0
258.97058753999954,9,59,-0.06983513343334198,1,0,1,-38.28503,-30.0,8.28503,87.87536,14.441201,0.0
259.07061591300226,9,60,-0.11783513343334198,1,0,1,-37.925358,-30.0,7.925358,-35.396576,14.522671,0.0
259.1718651379997,9,61,-0.16267938613891603,1,0,1,-37.98576,-30.0,7.9857597,65.55557,14.601808,0.0
259.27057515699926,9,62,-0.1656273365020752,1,0,1,-38.141727,-30.0,8.141727,-34.259796,14.682262,0.0
259.3715167940027,9,63,-0.1176273365020752,1,0,1,-37.950233,-30.0,7.9502335,52.333828,14.760754,0.0
259.4714781170005,9,64,-0.0696273365020752,1,0,1,-37.80653,-30.0,7.80653,103.27148,14.839048,0.0
259.57164980699963,9,65,-0.1176273365020752,1,0,1,-37.506657,-30.0,7.5066566,-87.799065,14.91763,0.0
259.6707984390014,9,66,-0.09153947830200196,1,0,1,-37.787502,-30.0,7.7875023,-88.50478,14.995144,0.0
259.7715031700027,9,67,-0.13953947830200197,1,0,1,-37.63397,-30.0,7.6339684,-36.697388,15.071752,0.0
259.8710228050004,9,68,-0.09153947830200197,1,0,1,-37.603867,-30.0,7.6038666,88.65737,15.147024,0.0
259.97191387400017,9,69,-0.04353947830200197,1,0,1,-38.029213,-30.0,8.029213,-48.408504,15.226853,0.0
260.0712005130008,9,70,0.0044605216979980294,1,0,1,-37.978477,-30.0,7.9784775,78.06778,15.305693,0.0
260.1711668630014,9,71,0.05246052169799803,1,0,1,-39.364834,-30.0,9.364834,112.54882,15.392948,0.0
260.2701355780009,9,72,0.0044605216979980294,1,0,1,-39.5838,-30.0,9.583801,3.1280515,15.488518,0.0
260.3715054890017,9,73,-0.04353947830200197,1,0,1,-39.38348,-30.0,9.38348,-31.09741,15.583459,0.0
260.4705636030012,9,74,0.0044605216979980294,1,0,1,-39.527393,-30.0,9.527393,-29.190062,15.678934,0.0
260.5712180440023,9,75,-0.04353947830200197,1,0,1,-39.438187,-30.0,9.438187,13.7672415,15.773712,0.0
260.6702627470004,9,76,0.0044605216979980294,1,0,1,-39.352676,-30.0,9.352676,51.79977,15.867251,0.0
260.77117728400117,9,77,0.05246052169799803,1,0,1,-39.314182,-30.0,9.314182,-70.36972,15.961676,0.0
260.8726432980002,9,78,0.10046052169799803,1,0,1,-39.0127,-30.0,9.012699,21.251677,16.052088,0.0
260.9712429600004,9,79,0.08715107440948487,1,0,1,-38.898075,-30.0,8.898075,-93.532555,16.142862,0.0
261.07069861700074,9,80,0.13515107440948487,1,0,1,-38.82274,-30.0,8.822739,66.44058,16.230635,0.0
261.17214758800037,9,81,0.08715107440948487,1,0,1,-38.86718,-30.0,8.86718,-3.135681,16.319508,0.0
261.2704086529993,9,82,0.12063312530517578,1,0,1,-38.695477,-30.0,8.695477,-41.694637,16.40802,0.0
261.3711709300005,9,83,0.12553534507751465,1,0,1,-38.28564,-30.0,8.285641,-10.650634,16.49288,0.0
261.4705405400018,9,84,0.07753534507751465,1,0,1,-38.222572,-30.0,8.222572,0.9040832,16.575626,0.0
261.57127711400244,9,85,0.06069609522819519,1,0,1,-38.44713,-30.0,8.447128,4.119873,16.658995,0.0
261.67053050600225,9,86,0.01269609522819519,1,0,1,-38.643356,-30.0,8.643356,68.75992,16.743315,0.0
261.7706630800021,9,87,0.06069609522819519,1,0,1,-38.296688,-30.0,8.296688,36.376953,16.827616,0.0
261.87042855800246,9,88,0.01269609522819519,1,0,1,-38.240734,-30.0,8.240734,-51.647182,16.910757,0.0
261.97111651900195,9,89,0.06069609522819519,1,0,1,-37.95173,-30.0,7.951729,85.00289,16.990442,0.0
262.07079008300207,9,90,0.01269609522819519,1,0,1,-37.991695,-30.0,7.9916954,12.302398,17.069023,0.0
262.17121236300227,9,91,0.06069609522819519,1,0,1,-38.11583,-30.0,8.115829,19.16504,17.149378,0.0
262.27155027200206,9,92,0.10869609522819519,1,0,1,-38.19947,-30.0,8.1994705,-0.96893305,17.231308,0.0
262.3718703020022,9,93,0.06069609522819519,1,0,1,-38.178905,-30.0,8.1789055,-17.227173,17.313242,0.0
262.4709999299994,9,94,0.01269609522819519,1,0,1,-38.969303,-30.0,8.969303,98.35433,17.39823,0.0
262.571201226001,9,95,0.03604283034801483,1,0,1,-39.603912,-30.0,9.603912,8.300781,17.492369,0.0
262.67118768600267,9,96,-0.01195716965198517,1,0,1,-39.5418,-30.0,9.541801,-10.5285635,17.588482,0.0
262.7705852319996,9,97,-0.05995716965198517,1,0,1,-39.40863,-30.0,9.40863,15.911101,17.682827,0.0
262.86972631200115,9,98,-0.01195716965198517,1,0,1,-39.208588,-30.0,9.208588,27.458189,17.775734,0.0
262.9703293429993,9,99,-0.0003882701275870204,1,0,1,-39.135483,-30.0,9.135483,-11.7759695,17.867535,0.0
263.07037363100244,9,100,-0.04838827012758702,1,0,1,-39.015118,-30.0,9.015118,31.009672,17.958168,0.0
263.1706710290018,9,101,-0.0003882701275870204,1,0,1,-39.017197,-30.0,9.017197,-46.413418,18.049229,0.0
263.2707457680008,9,102,-0.04838827012758702,1,0,1,-39.18265,-30.0,9.1826515,52.53982,18.140102,0.0
263.36983013600184,9,103,-0.0671418845653534,1,0,1,-38.98672,-30.0,8.986721,-52.932735,18.231354,0.0
263.47048261500095,9,104,-0.05502860546112061,1,0,1,-38.755627,-30.0,8.755627,-15.125274,18.319435,0.0
263.57182151000234,9,105,-0.10302860546112061,1,0,1,-38.624496,-30.0,8.624496,16.979218,18.406395,0.0
263.6714252290003,9,106,-0.05502860546112061,1,0,1,-38.678062,-30.0,8.678062,-16.075134,18.493185,0.0
263.7712742360018,9,107,-0.10302860546112061,1,0,1,-38.63096,-30.0,8.630959,-56.049343,18.579939,0.0
263.8731735479996,9,108,-0.05502860546112061,1,0,1,-38.47323,-30.0,8.473228,-15.476226,18.665491,0.0
263.9722188020023,9,109,-0.007028605461120607,1,0,1,-38.604855,-30.0,8.604855,36.014557,18.750404,0.0
264.07100507799987,9,110,0.040971394538879394,1,0,1,-38.636925,-30.0,8.636925,-26.424406,18.836851,0.0
264.1707557450027,9,111,0.0889713945388794,1,0,1,-38.4627,-30.0,8.4627,12.924193,18.922174,0.0
264.27077907700004,9,112,0.1369713945388794,1,0,1,-38.573723,-30.0,8.573723,44.155117,19.007635,0.0
264.3709054980027,9,113,0.08897139453887941,1,0,1,-38.7638,-30.0,8.763802,65.90271,19.09363,0.0
264.47102353800074,9,114,0.060937476158142094,1,0,1,-39.610413,-30.0,9.610413,162.46413,19.184546,0.0
264.57016238100186,9,115,0.012937476158142093,1,0,1,-40.177032,-30.0,10.177032,-18.867493,19.285322,0.0
264.6703309860022,9,116,0.060937476158142094,1,0,1,-39.98101,-30.0,9.98101,-1.9989012,19.386063,0.0
264.771847,9,117,0.02828249931335449,1,0,1,-39.827118,-30.0,9.827118,-38.028717,19.485294,0.0
264.87150156200005,9,118,-0.01971750068664551,1,0,1,-39.83289,-30.0,9.83289,19.58847,19.584003,0.0
264.9717469919997,9,119,-0.0677175006866455,1,0,1,-39.21047,-30.0,9.210468,-80.7228,19.680038,0.0
265.07148452600086,9,120,-0.019717500686645503,1,0,1,-38.864063,-30.0,8.864063,-7.6217647,19.76938,0.0
265.17140001900043,9,121,-0.0677175006866455,1,0,1,-38.761013,-30.0,8.761013,-7.141113,19.857897,0.0
265.2711001170028,9,122,-0.026683571934700015,1,0,1,-38.753338,-30.0,8.753338,-15.8462515,19.945051,0.0
265.3712796159998,9,123,0.021316428065299986,1,0,1,-38.77619,-30.0,8.776192,21.793364,20.032322,0.0
265.47062854400065,9,124,-0.026683571934700015,1,0,1,-38.64457,-30.0,8.644569,-8.846283,20.119919,0.0
265.5707197619995,9,125,0.021316428065299986,1,0,1,-38.460014,-30.0,8.460014,-27.565,20.20526,0.0
265.66990469899974,9,126,0.06931642806529999,1,0,1,-38.31933,-30.0,8.319328,-28.354643,20.289011,0.0
265.7708840380001,9,127,0.1008455514907837,1,0,1,-38.154175,-30.0,8.154175,8.117676,20.371277,0.0
265.8704556240009,9,128,0.11491606235504151,1,0,1,-38.0183,-30.0,8.018299,-29.83093,20.452673,0.0
265.9702864659994,9,129,0.06691606235504151,1,0,1,-38.07162,-30.0,8.071621,16.849518,20.533289,0.0
266.0696837230025,9,130,0.11491606235504151,1,0,1,-38.071415,-30.0,8.071415,7.1182246,20.613544,0.0
266.17100640699937,9,131,0.06691606235504151,1,0,1,-38.101322,-30.0,8.101322,20.69473,20.694258,0.0
266.2704656850001,9,132,0.018916062355041507,1,0,1,-37.902916,-30.0,7.902916,-34.305573,20.774752,0.0
266.37081978900096,9,133,-0.029083937644958494,1,0,1,-37.859226,-30.0,7.859226,17.276764,20.852867,0.0
266.4695677870004,9,134,-0.022030173242092135,1,0,1,-37.99241,-30.0,7.9924088,-11.837005,20.932684,0.0
266.5703993370007,9,135,-0.03171212375164032,1,0,1,-38.066708,-30.0,8.066708,-33.363342,21.012974,0.0
266.670318460001,9,136,-0.024810883402824405,1,0,1,-38.479397,-30.0,8.479397,98.323814,21.094976,0.0
266.7706739610003,9,137,-0.0728108834028244,1,0,1,-39.350708,-30.0,9.350708,79.26941,21.18462,0.0
266.8713158160026,9,138,-0.09004623889923097,1,0,1,-39.982304,-30.0,9.982304,-23.937223,21.282593,0.0
266.9700652089996,9,139,-0.13804623889923096,1,0,1,-39.732906,-30.0,9.732906,16.799927,21.380537,0.0
267.0714021390013,9,140,-0.09004623889923095,1,0,1,-39.456516,-30.0,9.456516,1.8653868,21.476645,0.0
267.1699886580027,9,141,-0.13804623889923096,1,0,1,-39.463005,-30.0,9.463005,17.551422,21.571003,0.0
267.27072130799934,9,142,-0.09004623889923095,1,0,1,-39.342457,-30.0,9.342457,-7.9879756,21.665104,0.0
267.37023925200265,9,143,-0.13804623889923096,1,0,1,-39.292385,-30.0,9.292385,20.63751,21.758041,0.0
267.4710154839995,9,144,-0.09004623889923095,1,0,1,-39.22127,-30.0,9.2212715,-26.725767,21.85087,0.0
267.57090555000104,9,145,-0.13804623889923096,1,0,1,-39.087368,-30.0,9.087368,24.906157,21.941818,0.0
267.6703810290019,9,146,-0.09004623889923095,1,0,1,-39.07659,-30.0,9.0765915,-69.87381,22.03328,0.0
267.77084324700263,9,147,-0.04204623889923095,1,0,1,-38.7113,-30.0,8.7113,8.781433,22.121813,0.0
267.8706419580012,9,148,-0.008483751863241198,1,0,1,-38.310722,-30.0,8.310722,-56.01501,22.207855,0.0
267.9702459450018,9,149,0.0395162481367588,1,0,1,-38.45937,-30.0,8.45937,-102.474205,22.29297,0.0
268.07056680000096,9,150,-0.008483751863241198,1,0,1,-38.309685,-30.0,8.309685,4.5928955,22.375717,0.0
268.1708630690009,9,151,0.0395162481367588,1,0,1,-38.364414,-30.0,8.364414,-18.695831,22.458645,0.0
268.271159619002,9,152,0.07372494935989381,1,0,1,-38.265934,-30.0,8.265934,8.384705,22.541346,0.0
268.3710061010024,9,153,0.025724949359893806,1,0,1,-38.276115,-30.0,8.276115,-3.8452146,22.624222,0.0
268.47128504899956,9,154,-0.022275050640106195,1,0,1,-38.302624,-30.0,8.302624,-11.051177,22.707182,0.0
268.57088484700216,9,155,-0.01632232666015625,1,0,1,-38.45387,-30.0,8.453869,24.444578,22.79097,0.0
268.67033294499925,9,156,0.031677673339843754,1,0,1,-38.559364,-30.0,8.559364,2.6245115,22.87658,0.0
268.77091026199923,9,157,0.01668151468038559,1,0,1,-38.487816,-30.0,8.487816,136.15417,22.961575,0.0
268.87033209900255,9,158,-0.028222298622131353,1,0,1,-39.978825,-30.0,9.978825,89.06936,23.055304,0.0
268.97118180100006,9,159,-0.07622229862213135,1,0,1,-40.29529,-30.0,10.295292,-21.949766,23.158386,0.0
269.0698579939999,9,160,-0.028222298622131353,1,0,1,-40.143738,-30.0,10.143738,-36.312103,23.26072,0.0
269.17136701300115,9,161,0.019777701377868648,1,0,1,-39.81391,-30.0,9.813911,12.992858,23.359697,0.0
269.26980602000185,9,162,-0.028222298622131353,1,0,1,-39.695793,-30.0,9.695793,8.869171,23.456753,0.0
269.3709845420017,9,163,0.019777701377868648,1,0,1,-39.81943,-30.0,9.819431,-12.40158,23.555176,0.0
269.4703544139993,9,164,-0.028222298622131353,1,0,1,-39.56945,-30.0,9.56945,-32.901764,23.651821,0.0
269.57097279700247,9,165,0.008774355053901672,1,0,1,-39.75644,-30.0,9.756439,15.018462,23.74799,0.0
269.67067484200015,9,166,-0.03922564494609833,1,0,1,-39.600105,-30.0,9.600105,6.179809,23.84414,0.0
269.7702397150024,9,167,-0.08722564494609833,1,0,1,-39.554436,-30.0,9.554436,-9.2659,23.939903,0.0
269.87126486200214,9,168,-0.03922564494609833,1,0,1,-39.307724,-30.0,9.307724,-17.940521,24.034042,0.0
269.96991786500075,9,169,-0.07437884211540223,1,0,1,-39.015953,-30.0,9.015953,-29.426573,24.125332,0.0
270.0711570090025,9,170,-0.11756500005722047,1,0,1,-38.973316,-30.0,8.973316,12.252807,24.215563,0.0
270.1706609770008,9,171,-0.16556500005722047,1,0,1,-38.884914,-30.0,8.884914,-54.279324,24.305338,0.0
270.2713765789995,9,172,-0.18021163940429688,1,0,1,-38.768772,-30.0,8.768772,-20.195005,24.393118,0.0
270.37080036800035,9,173,-0.13221163940429687,1,0,1,-38.646946,-30.0,8.646946,2.7656553,24.480621,0.0
270.47127207800077,9,174,-0.08421163940429686,1,0,1,-38.45336,-30.0,8.4533615,66.848755,24.565485,0.0
270.57105709400275,9,175,-0.12407046556472778,1,0,1,-38.90022,-30.0,8.900219,-2.3918152,24.652128,0.0
270.6714220850008,9,176,-0.12558765411376954,1,0,1,-38.7012,-30.0,8.701199,36.144257,24.739988,0.0
270.7704849260008,9,177,-0.14174528121948243,1,0,1,-38.625656,-30.0,8.625656,-7.312774,24.826502,0.0
270.8702456360006,9,178,-0.1431650996208191,1,0,1,-38.611637,-30.0,8.611637,-0.18310545,24.912909,0.0
270.9693419989999,9,179,-0.09516509962081911,1,0,1,-38.743065,-30.0,8.743065,3.185272,24.999506,0.0
271.07033529399996,9,180,-0.047165099620819106,1,0,1,-39.762825,-30.0,9.762825,175.60957,25.090792,0.0
271.16939282500243,9,181,-0.05587589740753174,1,0,1,-40.420364,-30.0,10.420364,-72.99042,25.19413,0.0
271.27029085400136,9,182,-0.007875897407531737,1,0,1,-40.483295,-30.0,10.483295,129.63486,25.296986,0.0
271.3708804570015,9,183,0.040124102592468264,1,0,1,-40.508595,-30.0,10.5085945,-77.98386,25.402298,0.0
271.47059702499973,9,184,-0.007875897407531737,1,0,1,-40.112156,-30.0,10.112156,-146.55685,25.505703,0.0
271.57064576500125,9,185,0.040124102592468264,1,0,1,-40.548084,-30.0,10.548084,115.48614,25.606901,0.0
271.67043832200216,9,186,-0.007875897407531737,1,0,1,-40.060295,-30.0,10.060295,-153.17154,25.710869,0.0
271.7707669930023,9,187,-0.05587589740753174,1,0,1,-38.871548,-30.0,8.871548,-154.39987,25.805422,0.0
271.8707235389993,9,188,-0.07793128490447998,1,0,1,-38.29377,-30.0,8.29377,-67.33322,25.890614,0.0
271.9706281220024,9,189,-0.02993128490447998,1,0,1,-38.63046,-30.0,8.630459,43.04504,25.974693,0.0
272.0704357620016,9,190,-0.07793128490447998,1,0,1,-38.824997,-30.0,8.824997,-64.72778,26.062752,0.0
272.16982686100164,9,191,-0.02993128490447998,1,0,1,-38.683064,-30.0,8.6830635,28.041838,26.149618,0.0
272.27090061200215,9,192,0.01806871509552002,1,0,1,-38.665527,-30.0,8.665527,23.391722,26.23663,0.0
272.37055348099966,9,193,-0.02993128490447998,1,0,1,-38.83947,-30.0,8.83947,-78.69339,26.325924,0.0
272.47039045600104,9,194,0.01806871509552002,1,0,1,-38.388374,-30.0,8.388374,15.975951,26.41058,0.0
272.5703472810019,9,195,0.06606871509552002,1,0,1,-38.396145,-30.0,8.396145,39.497375,26.49453,0.0
272.6700987680015,9,196,0.01806871509552002,1,0,1,-38.210693,-30.0,8.210693,-23.010252,26.57802,0.0
272.77037156200095,9,197,0.06606871509552002,1,0,1,-38.261997,-30.0,8.261997,14.678954,26.659811,0.0
272.8711673380021,9,198,0.01806871509552002,1,0,1,-38.17162,-30.0,8.171619,-3.765106,26.7421,0.0
272.9702505669993,9,199,-0.02993128490447998,1,0,1,-38.0083,-30.0,8.008301,2.5825498,26.822523,0.0
273.0701037430008,9,200,0.01806871509552002,1,0,1,-38.28021,-30.0,8.280209,3.009796,26.904144,0.0
273.16943589100265,9,201,-0.02993128490447998,1,0,1,-38.36808,-30.0,8.36808,17.261505,26.987856,0.0
273.27067921900016,9,202,0.01806871509552002,1,0,1,-38.400978,-30.0,8.400978,59.402462,27.07122,0.0
273.3701829019992,9,203,0.06606871509552002,1,0,1,-38.86625,-30.0,8.866249,86.6394,27.157156,0.0
273.4701721320016,9,204,0.01806871509552002,1,0,1,-39.709026,-30.0,9.709026,46.63467,27.251207,0.0
273.5703122220002,9,205,0.06606871509552002,1,0,1,-40.130512,-30.0,10.130512,14.942168,27.35101,0.0
273.66980249500193,9,206,0.11406871509552002,1,0,1,-39.900173,-30.0,9.900173,-57.949062,27.451536,0.0
273.770376728,9,207,0.16206871509552,1,0,1,-39.826027,-30.0,9.826027,-9.357452,27.550371,0.0
273.87054643100055,9,208,0.11406871509552001,1,0,1,-39.624382,-30.0,9.624382,20.065308,27.647274,0.0
273.9704018400007,9,209,0.06606871509552001,1,0,1,-39.550777,-30.0,9.550777,-40.805813,27.744162,0.0
274.0709841730022,9,210,0.11406871509552001,1,0,1,-39.578896,-30.0,9.578896,12.886046,27.83978,0.0
274.1701137750024,9,211,0.06606871509552001,1,0,1,-39.59665,-30.0,9.596649,-2.8343198,27.935486,0.0
274.27087658200253,9,212,0.018068715095520008,1,0,1,-39.46676,-30.0,9.466759,26.988981,28.030678,0.0
274.3711655750012,9,213,0.02829171121120453,1,0,1,-39.3161,-30.0,9.316101,-113.46053,28.12537,0.0
274.4704885030005,9,214,-0.01970828878879547,1,0,1,-39.327175,-30.0,9.327175,40.336605,28.217766,0.0
274.5708431480016,9,215,-0.06770828878879548,1,0,1,-39.197865,-30.0,9.197865,32.722473,28.309933,0.0
274.6701624430025,9,216,-0.019708288788795478,1,0,1,-38.86116,-30.0,8.86116,-25.840757,28.400421,0.0
274.7698038540002,9,217,0.028291711211204523,1,0,1,-38.497925,-30.0,8.497925,-32.74536,28.487392,0.0
274.8701584980008,9,218,-0.019708288788795478,1,0,1,-38.97172,-30.0,8.971722,-111.61422,28.5768,0.0
274.97121520200017,9,219,0.028291711211204523,1,0,1,-38.432056,-30.0,8.432056,63.560482,28.662241,0.0
275.0708781220019,9,220,-0.019708288788795478,1,0,1,-38.680187,-30.0,8.680187,12.798308,28.748407,0.0
275.17058993200044,9,221,0.028291711211204523,1,0,1,-38.476097,-30.0,8.476097,-57.659145,28.834341,0.0
275.2704411480008,9,222,0.07629171121120452,1,0,1,-38.51582,-30.0,8.51582,8.937836,28.919462,0.0
275.37001466900256,9,223,0.028291711211204523,1,0,1,-38.2719,-30.0,8.2719,-95.58486,29.005592,0.0
275.47080010300124,9,224,-0.019708288788795478,1,0,1,-38.908203,-30.0,8.908203,61.336514,29.090885,0.0
275.57094968800084,9,225,-0.06770828878879548,1,0,1,-39.917927,-30.0,9.917927,156.9519,29.183834,0.0
275.67092159200183,9,226,-0.11570828878879548,1,0,1,-40.39982,-30.0,10.399818,24.566648,29.28696,0.0
275.77091193600063,9,227,-0.15697343349456788,1,0,1,-40.077007,-30.0,10.077007,-54.428097,29.389591,0.0
275.8701074660021,9,228,-0.10897343349456788,1,0,1,-39.903904,-30.0,9.903904,46.53549,29.489923,0.0
275.97035175600104,9,229,-0.06097343349456788,1,0,1,-40.421726,-30.0,10.421726,37.174225,29.593475,0.0
276.0695668410008,9,230,-0.01297343349456788,1,0,1,-40.506393,-30.0,10.506393,90.71731,29.69859,0.0
276.1707785940016,9,231,0.03502656650543212,1,0,1,-40.21671,-30.0,10.216709,53.74145,29.80225,0.0
276.2716629230017,9,232,-0.01297343349456788,1,0,1,-39.916233,-30.0,9.916233,-195.32011,29.905554,0.0
276.37113977899935,9,233,0.03502656650543212,1,0,1,-39.61183,-30.0,9.611832,-49.446102,30.00318,0.0
276.4706292080009,9,234,0.08302656650543212,1,0,1,-39.67886,-30.0,9.67886,22.739408,30.099358,0.0
276.5706279299993,9,235,0.03502656650543212,1,0,1,-39.548946,-30.0,9.548946,-33.317566,30.196386,0.0
276.66972651800097,9,236,-0.01297343349456788,1,0,1,-39.31092,-30.0,9.310921,36.693573,30.290241,0.0
276.7708064069993,9,237,0.03502656650543212,1,0,1,-39.645737,-30.0,9.645737,124.89318,30.384085,0.0
276.87003322500095,9,238,-0.01297343349456788,1,0,1,-39.197895,-30.0,9.197895,-29.20532,30.478333,0.0
276.970746297,9,239,-0.06097343349456788,1,0,1,-39.024765,-30.0,9.024765,-21.232603,30.570074,0.0
277.0698426480012,9,240,-0.10897343349456788,1,0,1,-38.829723,-30.0,8.829723,-75.21057,30.660116,0.0
277.1703554110027,9,241,-0.06097343349456788,1,0,1,-39.13454,-30.0,9.134541,10.974883,30.749508,0.0
277.2696945360003,9,242,-0.01297343349456788,1,0,1,-38.92771,-30.0,8.9277115,-11.787414,30.838614,0.0
277.3732862500001,9,243,0.03502656650543212,1,0,1,-38.523544,-30.0,8.523544,-78.02582,30.926592,0.0
277.4710187100027,9,244,0.08302656650543212,1,0,1,-38.728954,-30.0,8.728954,96.40502,31.012138,0.0
277.57081181300236,9,245,0.13102656650543212,1,0,1,-39.09842,-30.0,9.098419,-32.352448,31.10367,0.0
277.6703006800017,9,246,0.11319475173950196,1,0,1,-38.89506,-30.0,8.8950615,-63.88473,31.194225,0.0
277.77106934699987,9,247,0.13391934633255007,1,0,1,-39.437737,-30.0,9.4377365,158.00095,31.28387,0.0
277.870129379,9,248,0.08591934633255006,1,0,1,-41.014835,-30.0,11.014835,208.80888,31.386496,0.0
277.97006160599994,9,249,0.13391934633255007,1,0,1,-41.07603,-30.0,11.076031,-42.892452,31.49925,0.0
278.0704307699998,9,250,0.08591934633255006,1,0,1,-40.739544,-30.0,10.739544,-97.46551,31.608135,0.0
278.1701685549997,9,251,0.10016087293624878,1,0,1,-40.560947,-30.0,10.560947,21.564482,31.714214,0.0
278.26984236499993,9,252,0.052160872936248784,1,0,1,-40.590954,-30.0,10.590954,49.52621,31.820024,0.0
278.3705386729998,9,253,0.004160872936248783,1,0,1,-39.992695,-30.0,9.992695,-80.90591,31.92371,0.0
278.47091621800064,9,254,0.052160872936248784,1,0,1,-39.589287,-30.0,9.589287,91.09878,32.0179,0.0
278.5715898970011,9,255,0.06381657123565675,1,0,1,-39.671673,-30.0,9.671673,-104.21752,32.11624,0.0
278.67069211200214,9,256,0.11181657123565675,1,0,1,-39.698185,-30.0,9.698185,-123.66485,32.212368,0.0
278.77034971800094,9,257,0.15981657123565673,1,0,1,-39.085606,-30.0,9.085606,-99.78866,32.30633,0.0
278.8701503600023,9,258,0.11181657123565673,1,0,1,-38.716194,-30.0,8.716194,-28.743742,32.395218,0.0
278.9711115099999,9,259,0.11804394721984864,1,0,1,-39.039394,-30.0,9.039394,-118.56078,32.485905,0.0
279.071570909,9,260,0.070408296585083,1,0,1,-39.605946,-30.0,9.605946,-0.68283075,32.578514,0.0
279.170821189,9,261,0.022408296585083004,1,0,1,-38.340286,-30.0,8.340286,80.99746,32.665573,0.0
279.2713459610022,9,262,0.070408296585083,1,0,1,-38.70729,-30.0,8.707291,17.227173,32.750282,0.0
279.3703218990013,9,263,0.022408296585083004,1,0,1,-38.994095,-30.0,8.994095,20.526884,32.838913,0.0
279.4715073840016,9,264,-0.025591703414916997,1,0,1,-38.496098,-30.0,8.496098,-94.90966,32.92649,0.0
279.5715494020005,9,265,0.022408296585083004,1,0,1,-38.55603,-30.0,8.55603,-0.96893305,33.012756,0.0
279.6705926680006,9,266,0.070408296585083,1,0,1,-39.05199,-30.0,9.0519905,-9.334564,33.100563,0.0
279.7706640200013,9,267,0.022408296585083004,1,0,1,-38.896206,-30.0,8.896206,25.382994,33.18772,0.0
279.87037749700175,9,268,-0.025591703414916997,1,0,1,-38.413177,-30.0,8.4131775,-50.640102,33.275055,0.0
279.97085868499926,9,269,0.022408296585083004,1,0,1,-38.63575,-30.0,8.63575,99.55215,33.360813,0.0
280.07139435000136,9,270,0.04542539417743683,1,0,1,-39.671467,-30.0,9.671467,59.082027,33.453743,0.0
280.17051667600026,9,271,-0.002574605822563171,1,0,1,-39.48882,-30.0,9.488819,6.446838,33.54795,0.0
280.2701457809999,9,272,-0.05057460582256317,1,0,1,-40.160587,-30.0,10.160587,-50.75073,33.646763,0.0
280.3699148520027,9,273,-0.09857460582256317,1,0,1,-40.36321,-30.0,10.363209,-42.774197,33.74865,0.0
280.4716691350004,9,274,-0.09986037611961365,1,0,1,-39.42744,-30.0,9.427441,-6.103515,33.845394,0.0
280.5706763599992,9,275,-0.05186037611961365,1,0,1,-40.03594,-30.0,10.035938,174.0608,33.941967,0.0
280.6708759409994,9,276,-0.003860376119613651,1,0,1,-40.413437,-30.0,10.413437,95.11947,34.043663,0.0
280.7707229560001,9,277,0.04413962388038635,1,0,1,-39.892467,-30.0,9.8924675,-153.71704,34.147316,0.0
280.87113038900134,9,278,0.09213962388038635,1,0,1,-39.981396,-30.0,9.981396,15.79666,34.246284,0.0
280.9707212180001,9,279,0.07284765839576722,1,0,1,-39.543133,-30.0,9.543133,41.690823,34.345234,0.0
281.07079508099923,9,280,0.02484765839576722,1,0,1,-39.551224,-30.0,9.551224,-161.29301,34.443798,0.0
281.170554651002,9,281,0.030820325016975403,1,0,1,-39.4894,-30.0,9.489399,13.916015,34.536446,0.0
281.2701709030007,9,282,-0.017179674983024598,1,0,1,-39.44314,-30.0,9.443138,-113.41476,34.631035,0.0
281.37131112600036,9,283,-0.0651796749830246,1,0,1,-38.712666,-30.0,8.712666,-101.596825,34.722054,0.0
281.47051837800245,9,284,-0.017179674983024598,1,0,1,-39.248173,-30.0,9.248173,-3.437042,34.811665,0.0
281.5714750540028,9,285,0.030820325016975403,1,0,1,-39.50583,-30.0,9.505829,14.122008,34.905724,0.0
281.6716162449993,9,286,-0.017179674983024598,1,0,1,-38.89554,-30.0,8.895538,-108.42132,34.99825,0.0
281.77160992800054,9,287,0.030820325016975403,1,0,1,-38.995495,-30.0,8.995495,-48.053738,35.088116,0.0
281.8704358370014,9,288,0.0788203250169754,1,0,1,-38.798378,-30.0,8.798378,-72.216034,35.178085,0.0
281.97042448900174,9,289,0.050504362583160406,1,0,1,-39.29561,-30.0,9.2956085,-3.8375852,35.26838,0.0
282.07047432400213,9,290,0.05742148160934449,1,0,1,-39.057396,-30.0,9.057396,-37.02545,35.35968,0.0
282.1711457590027,9,291,0.10542148160934449,1,0,1,-39.21334,-30.0,9.213341,-16.098022,35.45134,0.0
282.2709771250011,9,292,0.13235948085784913,1,0,1,-41.159397,-30.0,11.159397,90.7402,35.553135,0.0
282.3717217560006,9,293,0.08435948085784913,1,0,1,-40.77299,-30.0,10.772991,-90.70205,35.66373,0.0
282.47022219800056,9,294,0.13235948085784913,1,0,1,-40.726795,-30.0,10.726795,-27.957914,35.770638,0.0
282.57074472800014,9,295,0.14146382808685304,1,0,1,-40.61089,-30.0,10.610889,-31.646727,35.87739,0.0
282.6710722580028,9,296,0.09346382808685304,1,0,1,-40.45707,-30.0,10.457069,55.435177,35.98218,0.0
282.77095474900125,9,297,0.06408596634864808,1,0,1,-40.74552,-30.0,10.745522,-45.76492,36.090378,0.0
282.8699650410017,9,298,0.016085966348648076,1,0,1,-40.405735,-30.0,10.405735,90.77834,36.194748,0.0
282.9705272400024,9,299,0.024252359569072724,1,0,1,-40.043007,-30.0,10.043007,-71.65146,36.29791,0.0
283.06953110700124,9,300,0.0,1,1,1,-40.32042,-30.0,10.320419,-31.280516,36.399807,0.0
284.79693722199954,10,1,0.048,1,0,1,-40.47779,-30.0,10.477791,-92.10204,38.08543,0.0
284.90307622600085,10,2,0.03120241463184357,1,0,1,-40.40729,-30.0,10.407291,-88.25301,38.180393,0.0
285.0022982779992,10,3,0.07920241463184358,1,0,1,-39.873383,-30.0,9.873383,39.916992,38.29073,0.0
285.10182540200185,10,4,0.12720241463184356,1,0,1,-39.624767,-30.0,9.624767,2.407074,38.388462,0.0
285.20217974499974,10,5,0.07920241463184356,1,0,1,-39.510914,-30.0,9.510914,-80.11627,38.484837,0.0
285.3031604380012,10,6,0.12720241463184356,1,0,1,-39.398766,-30.0,9.398766,17.749786,38.579575,0.0
285.40337928600275,10,7,0.07920241463184356,1,0,1,-39.440067,-30.0,9.440067,-30.71594,38.67427,0.0
285.5015897330013,10,8,0.12337670326232911,1,0,1,-39.22186,-30.0,9.221859,0.69046015,38.75785,0.0
285.6019228440018,10,9,0.1425966501235962,1,0,1,-39.247242,-30.0,9.247242,10.37979,38.850407,0.0
285.7016606140023,10,10,0.16724442243576051,1,0,1,-39.194965,-30.0,9.194965,-38.79547,38.94291,0.0
285.8015229840021,10,11,0.11924442243576051,1,0,1,-39.201046,-30.0,9.201046,-10.795592,39.0351,0.0
285.9018952050028,10,12,0.07124442243576051,1,0,1,-39.183746,-30.0,9.183746,1.6822814,39.12697,0.0
286.0026068610023,10,13,0.11924442243576051,1,0,1,-39.331562,-30.0,9.331562,-19.786835,39.219437,0.0
286.1023943580003,10,14,0.16724442243576051,1,0,1,-39.2276,-30.0,9.2276,24.871824,39.311264,0.0
286.20260845400117,10,15,0.15363651514053345,1,0,1,-39.13848,-30.0,9.138481,-5.439758,39.41278,0.0
286.3020576320014,10,16,0.10563651514053345,1,0,1,-39.14762,-30.0,9.147621,6.3629146,39.50411,0.0
286.40277683100066,10,17,0.057636515140533445,1,0,1,-39.151985,-30.0,9.151985,36.43036,39.59452,0.0
286.50226623900016,10,18,0.009636515140533444,1,0,1,-39.803635,-30.0,9.803635,126.96456,39.68863,0.0
286.60290246500153,10,19,0.030390369892120364,1,0,1,-41.077263,-30.0,11.077263,-25.474546,39.795612,0.0
286.7023644940018,10,20,-0.017609630107879637,1,0,1,-40.68401,-30.0,10.68401,6.824493,39.90388,0.0
286.8019703989994,10,21,0.030390369892120364,1,0,1,-40.613037,-30.0,10.613037,13.904571,40.01,0.0
286.90221578300043,10,22,-0.017609630107879637,1,0,1,-40.595966,-30.0,10.595966,-26.275633,40.116455,0.0
287.0025201140015,10,23,-0.06560963010787964,1,0,1,-40.47662,-30.0,10.47662,-9.89151,40.211067,0.0
287.1021980950027,10,24,-0.017609630107879637,1,0,1,-40.34831,-30.0,10.348309,47.59216,40.31442,0.0
287.20210655700066,10,25,-0.06560963010787964,1,0,1,-40.490963,-30.0,10.490963,15.350341,40.42935,0.0
287.3033269459993,10,26,-0.017609630107879637,1,0,1,-40.31387,-30.0,10.313869,-36.384583,40.52327,0.0
287.4031068969998,10,27,-0.06560963010787964,1,0,1,-40.24823,-30.0,10.24823,133.98361,40.634544,0.0
287.50227390800137,10,28,-0.02304311841726303,1,0,1,-40.29712,-30.0,10.297119,2.1743774,40.73787,0.0
287.60223992100146,10,29,0.02495688158273697,1,0,1,-40.025322,-30.0,10.025322,-29.27017,40.839245,0.0
287.7023629400028,10,30,0.07295688158273697,1,0,1,-39.88535,-30.0,9.885349,-19.245148,40.93922,0.0
287.80298240200136,10,31,0.12095688158273697,1,0,1,-39.792423,-30.0,9.792423,35.78186,41.036987,0.0
287.90157139200164,10,32,0.07295688158273697,1,0,1,-40.033417,-30.0,10.033417,-35.476685,41.136375,0.0
288.00339326500034,10,33,0.02495688158273697,1,0,1,-39.59333,-30.0,9.59333,-26.012419,41.233948,0.0
288.1020143830028,10,34,0.07295688158273697,1,0,1,-39.561077,-30.0,9.561077,34.671783,41.329277,0.0
288.2021848930017,10,35,0.02495688158273697,1,0,1,-39.656013,-30.0,9.6560135,23.681639,41.42506,0.0
288.30115829699935,10,36,0.07295688158273697,1,0,1,-39.415577,-30.0,9.415577,-84.381096,41.51095,0.0
288.4026393380009,10,37,0.12095688158273697,1,0,1,-39.167854,-30.0,9.167854,-21.129606,41.611965,0.0
288.5019840269997,10,38,0.16895688158273697,1,0,1,-39.18893,-30.0,9.1889305,137.16507,41.693653,0.0
288.60280267800044,10,39,0.14167511463165283,1,0,1,-39.384148,-30.0,9.384148,-4.1656494,41.79737,0.0
288.7015011809999,10,40,0.1426551342010498,1,0,1,-39.496742,-30.0,9.496742,-38.76114,41.893097,0.0
288.8016001729993,10,41,0.0946551342010498,1,0,1,-39.622463,-30.0,9.622463,36.945343,41.98868,0.0
288.90214447900144,10,42,0.0466551342010498,1,0,1,-39.880367,-30.0,9.880367,21.64459,42.086433,0.0
289.00219318200106,10,43,-0.0013448657989501983,1,0,1,-40.68469,-30.0,10.684689,75.7637,42.18857,0.0
289.1028104040015,10,44,-0.020100513100624086,1,0,1,-40.944523,-30.0,10.944523,13.080596,42.29752,0.0
289.20129770100175,10,45,-0.0681005131006241,1,0,1,-40.693916,-30.0,10.693916,13.103484,42.39446,0.0
289.30173640499925,10,46,-0.03541506826877594,1,0,1,-40.685608,-30.0,10.685608,14.007567,42.512276,0.0
289.4023938579994,10,47,-0.08341506826877594,1,0,1,-40.69305,-30.0,10.69305,19.577026,42.619602,0.0
289.5033175509998,10,48,-0.03541506826877594,1,0,1,-40.5848,-30.0,10.584801,-51.36871,42.726616,0.0
289.6024999229994,10,49,0.012584931731224061,1,0,1,-41.01469,-30.0,11.01469,-129.71497,42.8358,0.0
289.70296600599977,10,50,0.021797215938568117,1,0,1,-40.382088,-30.0,10.382088,3.940582,42.929832,0.0
289.8024422760027,10,51,-0.026202784061431884,1,0,1,-40.28122,-30.0,10.2812195,-39.04724,43.03553,0.0
289.9026228399998,10,52,-0.07420278406143188,1,0,1,-40.38344,-30.0,10.383438,1.1444092,43.14913,0.0
290.00242904600236,10,53,-0.02620278406143188,1,0,1,-40.43186,-30.0,10.431862,-38.16986,43.24301,0.0
290.1018974920007,10,54,0.02179721593856812,1,0,1,-40.377922,-30.0,10.377922,-15.415191,43.346405,0.0
290.20225210300123,10,55,0.06979721593856812,1,0,1,-40.04711,-30.0,10.0471115,-143.7645,43.447903,0.0
290.3020728369993,10,56,0.08797414302825929,1,0,1,-39.50802,-30.0,9.5080185,162.77693,43.55328,0.0
290.4034368169996,10,57,0.13597414302825928,1,0,1,-39.906307,-30.0,9.906307,-111.18697,43.642628,0.0
290.50199646799956,10,58,0.10674643516540527,1,0,1,-39.951504,-30.0,9.951504,75.20294,43.749393,0.0
290.6029950310003,10,59,0.15474643516540526,1,0,1,-39.273342,-30.0,9.273342,-124.49645,43.845615,0.0
290.70226177100267,10,60,0.10674643516540526,1,0,1,-39.79879,-30.0,9.79879,168.91096,43.93831,0.0
290.802250965,10,61,0.05874643516540526,1,0,1,-39.70069,-30.0,9.700691,43.35403,44.036156,0.0
290.9022809449998,10,62,0.10674643516540526,1,0,1,-40.43036,-30.0,10.430359,205.73424,44.13651,0.0
291.0023315990002,10,63,0.15474643516540526,1,0,1,-41.953426,-30.0,11.953426,22.972105,44.25143,0.0
291.1033323940028,10,64,0.10674643516540526,1,0,1,-42.04807,-30.0,12.048069,9.357452,44.3726,0.0
291.20267931200215,10,65,0.07561330795288086,1,0,1,-41.532276,-30.0,11.532276,-109.912865,44.490574,0.0
291.3017245080009,10,66,0.12361330795288086,1,0,1,-41.27255,-30.0,11.272549,-38.547516,44.604877,0.0
291.4021123630009,10,67,0.07561330795288086,1,0,1,-41.409355,-30.0,11.409355,29.266356,44.706554,0.0
291.5014120670021,10,68,0.02761330795288086,1,0,1,-41.374855,-30.0,11.374855,-17.765045,44.820522,0.0
291.60245365100127,10,69,0.07561330795288086,1,0,1,-41.069355,-30.0,11.069355,-29.14047,44.943825,0.0
291.70135776499956,10,70,0.07233688235282898,1,0,1,-41.190247,-30.0,11.190247,-31.417845,45.044197,0.0
291.8026099939998,10,71,0.02433688235282898,1,0,1,-41.10432,-30.0,11.104321,-30.483244,45.16707,0.0
291.9029863930009,10,72,-0.023663117647171023,1,0,1,-40.939533,-30.0,10.939533,-37.857056,45.2772,0.0
292.00192347100165,10,73,-0.02489474266767502,1,0,1,-40.688652,-30.0,10.688652,6.1111445,45.37418,0.0
292.10209816300267,10,74,-0.05328065752983094,1,0,1,-39.626522,-30.0,9.626522,20.668028,45.483887,0.0
292.20248517800064,10,75,-0.10128065752983094,1,0,1,-39.5586,-30.0,9.558601,21.007536,45.579937,0.0
292.3021016870007,10,76,-0.060090774297714235,1,0,1,-39.523903,-30.0,9.523903,-14.4348135,45.675346,0.0
292.4026437520006,10,77,-0.012090774297714234,1,0,1,-39.41837,-30.0,9.418369,35.419464,45.760063,0.0
292.50199876899933,10,78,0.03590922570228577,1,0,1,-39.132294,-30.0,9.132294,-45.39108,45.852333,0.0
292.6035778610021,10,79,-0.011693815886974337,1,0,1,-39.118195,-30.0,9.118195,43.495174,45.95196,0.0
292.70227244499983,10,80,0.036306184113025664,1,0,1,-38.983047,-30.0,8.9830475,-55.54199,46.04324,0.0
292.80271421600264,10,81,0.08430618411302566,1,0,1,-38.805157,-30.0,8.805157,-14.595031,46.13197,0.0
292.90120793000096,10,82,0.036306184113025664,1,0,1,-38.661808,-30.0,8.661808,-50.80795,46.210396,0.0
293.00359635800123,10,83,-0.011693815886974337,1,0,1,-38.62844,-30.0,8.628441,2.4414062,46.29637,0.0
293.1016439160012,10,84,-0.0030243534594774253,1,0,1,-38.713833,-30.0,8.713833,-16.819,46.392384,0.0
293.20121572300195,10,85,0.03906293511390686,1,0,1,-38.71022,-30.0,8.71022,-47.34039,46.471462,0.0
293.3022726679992,10,86,0.06543335914611817,1,0,1,-38.93895,-30.0,8.93895,-17.917633,46.568554,0.0
293.40242752300037,10,87,0.11343335914611817,1,0,1,-39.05888,-30.0,9.05888,61.840054,46.657906,0.0
293.50142578099985,10,88,0.06543335914611817,1,0,1,-39.448788,-30.0,9.448788,69.90814,46.740963,0.0
293.6021941350009,10,89,0.01743335914611817,1,0,1,-40.404873,-30.0,10.404873,42.179104,46.8513,0.0
293.70268535300056,10,90,-0.027991804480552676,1,0,1,-40.781883,-30.0,10.781883,3.1929014,46.95792,0.0
293.80237729000146,10,91,-0.01289539635181427,1,0,1,-40.633816,-30.0,10.633816,24.589537,47.06399,0.0
293.9019253490005,10,92,-0.06089539635181427,1,0,1,-40.469658,-30.0,10.469658,27.847288,47.169468,0.0
294.00283897400004,10,93,-0.012895396351814269,1,0,1,-40.38421,-30.0,10.384209,-12.954711,47.262993,0.0
294.1012745770022,10,94,0.03510460364818573,1,0,1,-40.357296,-30.0,10.357296,19.618988,47.36626,0.0
294.20239130499976,10,95,-0.012895396351814269,1,0,1,-40.292458,-30.0,10.292458,-71.03348,47.480858,0.0
294.30255230400144,10,96,-0.06089539635181427,1,0,1,-40.200573,-30.0,10.200573,22.682188,47.571785,0.0
294.40298345500196,10,97,-0.10889539635181428,1,0,1,-39.923634,-30.0,9.923634,-47.416683,47.673923,0.0
294.50261392800167,10,98,-0.06089539635181428,1,0,1,-40.092808,-30.0,10.092808,-13.225554,47.77363,0.0
294.60306519400183,10,99,-0.053475779294967656,1,0,1,-40.035038,-30.0,10.035038,-44.85702,47.885536,0.0
294.7017667580003,10,100,-0.05629204511642456,1,0,1,-40.133896,-30.0,10.133896,-23.639677,47.976746,0.0
294.80172297800164,10,101,-0.10429204511642456,1,0,1,-39.74571,-30.0,9.745708,-12.53128,48.076675,0.0
294.9017199850023,10,102,-0.13539745807647705,1,0,1,-39.79468,-30.0,9.794682,3.3683774,48.184067,0.0
295.0024483849993,10,103,-0.08739745807647704,1,0,1,-39.637634,-30.0,9.637634,97.126,48.27039,0.0
295.10438255100235,10,104,-0.07980318665504456,1,0,1,-39.583782,-30.0,9.583782,-93.52111,48.378216,0.0
295.2022608059997,10,105,-0.03180318665504456,1,0,1,-39.718094,-30.0,9.718094,121.6545,48.47299,0.0
295.3025695899996,10,106,0.004611880704760554,1,0,1,-39.779697,-30.0,9.779697,-17.08603,48.57232,0.0
295.4013949140026,10,107,0.052611880704760555,1,0,1,-40.118443,-30.0,10.118443,127.71606,48.660732,0.0
295.5031757050019,10,108,0.054654675722122195,1,0,1,-41.71161,-30.0,11.711609,65.92178,48.77167,0.0
295.60195409399967,10,109,0.1026546757221222,1,0,1,-41.62093,-30.0,11.62093,-84.819786,48.901352,0.0
295.701927074002,10,110,0.054654675722122195,1,0,1,-41.43525,-30.0,11.435249,67.661285,49.015736,0.0
295.8015740280025,10,111,0.020793673396110532,1,0,1,-41.634216,-30.0,11.634216,20.484922,49.13147,0.0
295.902682371001,10,112,0.06879367339611053,1,0,1,-41.4596,-30.0,11.459599,-5.714416,49.235035,0.0
296.00226311200095,10,113,0.020793673396110532,1,0,1,-40.97816,-30.0,10.978161,-27.9541,49.347954,0.0
296.102801817,10,114,0.06879367339611053,1,0,1,-40.79167,-30.0,10.791672,-32.669067,49.46836,0.0
296.20207497100273,10,115,0.054783016443252563,1,0,1,-41.21991,-30.0,11.21991,76.54953,49.568073,0.0
296.30272235099983,10,116,0.0067830164432525625,1,0,1,-40.990253,-30.0,10.990253,-72.39151,49.691963,0.0
296.40136161100236,10,117,-0.04121698355674744,1,0,1,-40.75565,-30.0,10.75565,-46.047207,49.790318,0.0
296.5026624400016,10,118,-0.08921698355674744,1,0,1,-40.590725,-30.0,10.590725,-11.054992,49.907444,0.0
296.6021113179995,10,119,-0.13721698355674744,1,0,1,-40.537693,-30.0,10.537693,-27.088163,50.002174,0.0
296.7023471850007,10,120,-0.16435902118682863,1,0,1,-40.407314,-30.0,10.407314,16.345978,50.106377,0.0
296.80214862900175,10,121,-0.11635902118682863,1,0,1,-40.301765,-30.0,10.301765,99.208824,50.209473,0.0
296.9026968310027,10,122,-0.12830862998962403,1,0,1,-40.09103,-30.0,10.09103,6.4659114,50.320934,0.0
297.0016953600025,10,123,-0.09889922142028809,1,0,1,-40.10549,-30.0,10.105492,-46.852108,50.41233,0.0
297.1019203290016,10,124,-0.1362837553024292,1,0,1,-40.215748,-30.0,10.215748,17.406464,50.51357,0.0
297.2024419900008,10,125,-0.0882837553024292,1,0,1,-39.786777,-30.0,9.7867775,-4.9591064,50.613213,0.0
297.30174335800257,10,126,-0.0402837553024292,1,0,1,-39.913483,-30.0,9.913483,-21.236418,50.722244,0.0
297.40095448899956,10,127,-0.0882837553024292,1,0,1,-39.678905,-30.0,9.6789055,-38.06305,50.819805,0.0
297.50228884100216,10,128,-0.0402837553024292,1,0,1,-39.583893,-30.0,9.583893,6.3400264,50.90636,0.0
297.60273144000166,10,129,-0.07530701756477357,1,0,1,-39.581535,-30.0,9.581535,-0.5226135,51.01252,0.0
297.70293769099953,10,130,-0.027307017564773564,1,0,1,-39.624744,-30.0,9.624744,6.584167,51.09876,0.0
297.80310846200155,10,131,0.020692982435226437,1,0,1,-39.65242,-30.0,9.65242,33.210754,51.194458,0.0
297.9018820960009,10,132,-0.016816774010658266,1,0,1,-39.750267,-30.0,9.750267,-8.049011,51.301414,0.0
298.0018522770006,10,133,0.031183225989341735,1,0,1,-40.26182,-30.0,10.261822,89.83993,51.400772,0.0
298.101649526001,10,134,-0.016816774010658266,1,0,1,-40.90485,-30.0,10.90485,30.063627,51.496876,0.0
298.20196556800147,10,135,0.031183225989341735,1,0,1,-41.23527,-30.0,11.235271,-46.95892,51.60871,0.0
298.30202430899953,10,136,0.07918322598934174,1,0,1,-41.324295,-30.0,11.324295,-26.264189,51.73356,0.0
298.40198499100006,10,137,0.031183225989341742,1,0,1,-41.139774,-30.0,11.139774,31.955717,51.834213,0.0
298.50297236200277,10,138,0.07918322598934174,1,0,1,-41.17428,-30.0,11.174278,-83.763115,51.94715,0.0
298.60274670299987,10,139,0.12718322598934173,1,0,1,-40.83525,-30.0,10.835251,-53.35998,52.056858,0.0
298.7013678000003,10,140,0.17518322598934172,1,0,1,-41.05383,-30.0,11.053829,-30.036924,52.16682,0.0
298.80289938600254,10,141,0.12718322598934173,1,0,1,-40.878204,-30.0,10.878204,-66.88309,52.286892,0.0
298.9019543450013,10,142,0.07918322598934173,1,0,1,-40.79094,-30.0,10.790939,65.30762,52.383133,0.0
299.00283583200144,10,143,0.12718322598934173,1,0,1,-40.855083,-30.0,10.855083,19.64569,52.502327,0.0
299.1029172000017,10,144,0.12685577869415285,1,0,1,-40.84379,-30.0,10.843788,48.759457,52.598907,0.0
299.20215514600204,10,145,0.07885577869415285,1,0,1,-40.6059,-30.0,10.6059,5.271911,52.705334,0.0
299.302228413002,10,146,0.030855778694152847,1,0,1,-40.36307,-30.0,10.363071,-102.69546,52.821815,0.0
299.4019943710009,10,147,-0.017144221305847154,1,0,1,-39.70947,-30.0,9.709469,10.936736,52.92043,0.0
299.5028979279996,10,148,0.030855778694152847,1,0,1,-39.59811,-30.0,9.59811,-16.235352,53.016937,0.0
299.60194171200055,10,149,-0.017144221305847154,1,0,1,-39.33449,-30.0,9.334492,-56.85806,53.10204,0.0
299.70323191900025,10,150,0.030855778694152847,1,0,1,-39.470837,-30.0,9.470837,68.431854,53.19528,0.0
299.80240896300165,10,151,0.07885577869415285,1,0,1,-39.94923,-30.0,9.94923,55.33981,53.30228,0.0
299.9017622880019,10,152,0.12685577869415285,1,0,1,-41.231045,-30.0,11.231045,128.788,53.398266,0.0
300.0015444470009,10,153,0.07885577869415285,1,0,1,-41.381496,-30.0,11.381496,-29.72412,53.512722,0.0
300.10256897,10,154,0.030855778694152847,1,0,1,-41.356438,-30.0,11.356438,-0.48065183,53.63739,0.0
300.20187983100186,10,155,0.07885577869415285,1,0,1,-41.401035,-30.0,11.401035,-10.711669,53.739815,0.0
300.3021528450008,10,156,0.030855778694152847,1,0,1,-41.24364,-30.0,11.243641,-4.0779114,53.86388,0.0
300.40312987500147,10,157,-0.017144221305847154,1,0,1,-41.16404,-30.0,11.16404,44.582363,53.97519,0.0
300.5018694220016,10,158,0.025697207450866705,1,0,1,-41.006252,-30.0,11.006252,8.205414,54.08616,0.0
300.6023262630006,10,159,-0.015517017245292662,1,0,1,-40.94429,-30.0,10.94429,6.3247676,54.195213,0.0
300.7012524290003,10,160,-0.06351701724529266,1,0,1,-40.744614,-30.0,10.744614,-29.14047,54.3038,0.0
300.8022451040015,10,161,-0.015517017245292655,1,0,1,-40.584465,-30.0,10.584465,-8.617401,54.410515,0.0
300.9013358180018,10,162,0.032482982754707346,1,0,1,-40.42639,-30.0,10.426392,-36.86905,54.516045,0.0
301.0028048179993,10,163,0.08048298275470735,1,0,1,-40.41714,-30.0,10.417141,-56.514736,54.61026,0.0
301.1009942810015,10,164,0.032482982754707346,1,0,1,-40.16738,-30.0,10.167381,-15.163421,54.71294,0.0
301.20167042600224,10,165,-0.015517017245292655,1,0,1,-40.07136,-30.0,10.071362,13.809203,54.823772,0.0
301.30256755400114,10,166,-0.06351701724529266,1,0,1,-39.94461,-30.0,9.944611,11.421203,54.913586,0.0
301.40132553700096,10,167,-0.015517017245292655,1,0,1,-40.19658,-30.0,10.196579,40.969845,55.013992,0.0
301.5016544240025,10,168,0.032482982754707346,1,0,1,-39.83368,-30.0,9.833679,-57.65533,55.113945,0.0
301.6009915430004,10,169,-0.008006044477224347,1,0,1,-39.86068,-30.0,9.86068,-2.1629333,55.221737,0.0
301.70214597200174,10,170,0.039993955522775654,1,0,1,-39.94461,-30.0,9.944611,-16.643524,55.320835,0.0
301.80183090799983,10,171,0.08500287532806397,1,0,1,-39.627113,-30.0,9.627113,17.116547,55.408504,0.0
301.9014339870009,10,172,0.03700287532806397,1,0,1,-39.568466,-30.0,9.568466,-13.507842,55.505035,0.0
302.00175728400063,10,173,-0.010997124671936032,1,0,1,-39.539555,-30.0,9.539555,-0.9346008,55.609554,0.0
302.1025728340028,10,174,-0.05899712467193603,1,0,1,-39.754833,-30.0,9.754833,62.976833,55.69652,0.0
302.20159873100056,10,175,-0.010997124671936032,1,0,1,-40.06976,-30.0,10.069759,61.920162,55.7956,0.0
302.3012051629994,10,176,0.001159838959574699,1,0,1,-40.451744,-30.0,10.451744,-6.935119,55.908844,0.0
302.4020181980013,10,177,-0.0468401610404253,1,0,1,-40.852364,-30.0,10.852364,37.963867,56.014797,0.0
302.5022115870015,10,178,-0.09484016104042531,1,0,1,-41.24425,-30.0,11.244251,42.54913,56.114925,0.0
302.6027125649998,10,179,-0.1361529588699341,1,0,1,-41.247467,-30.0,11.247467,-27.38571,56.239456,0.0
302.7019996750023,10,180,-0.08815295886993409,1,0,1,-41.518063,-30.0,11.518063,-19.71054,56.34213,0.0
302.8023408520021,10,181,-0.040152958869934086,1,0,1,-41.23307,-30.0,11.23307,-21.274565,56.46718,0.0
302.9029669859992,10,182,0.007847041130065915,1,0,1,-41.08961,-30.0,11.089611,-30.54428,56.578728,0.0
303.0020856330011,10,183,0.04446587562561036,1,0,1,-40.87457,-30.0,10.874569,6.5650935,56.68837,0.0
303.10208876899924,10,184,0.09246587562561036,1,0,1,-40.64742,-30.0,10.647419,-82.78274,56.796772,0.0
303.2020745840018,10,185,0.04446587562561036,1,0,1,-40.829185,-30.0,10.8291855,30.662535,56.89354,0.0
303.30412048200014,10,186,0.09246587562561036,1,0,1,-40.787117,-30.0,10.787117,-93.53637,57.013676,0.0
303.40252561500165,10,187,0.04446587562561036,1,0,1,-40.41007,-30.0,10.4100685,4.886627,57.10833,0.0
303.50311598900225,10,188,-0.003534124374389644,1,0,1,-40.46787,-30.0,10.467869,20.614622,57.212242,0.0
303.6014026690027,10,189,0.04446587562561036,1,0,1,-40.406033,-30.0,10.406033,-5.1765437,57.31652,0.0
303.7018061439994,10,190,-0.003534124374389644,1,0,1,-40.26402,-30.0,10.264019,-34.35135,57.419872,0.0
303.80219620900243,10,191,-0.018659549951553344,1,0,1,-40.18831,-30.0,10.188309,-8.541107,57.522255,0.0
303.9027589230027,10,192,-0.06665954995155335,1,0,1,-40.1777,-30.0,10.1777,65.0444,57.633118,0.0
304.00232456199956,10,193,-0.05586773753166199,1,0,1,-40.205025,-30.0,10.205025,-45.703884,57.725086,0.0
304.1023807769998,10,194,-0.103867737531662,1,0,1,-40.036568,-30.0,10.036568,18.959045,57.825615,0.0
304.2021299620028,10,195,-0.05586773753166199,1,0,1,-40.18211,-30.0,10.18211,-0.21362303,57.926964,0.0
304.30223674300214,10,196,-0.007867737531661992,1,0,1,-40.76166,-30.0,10.761662,140.90729,58.041534,0.0
304.402547185,10,197,-0.05586773753166199,1,0,1,-42.16876,-30.0,12.168758,-14.495849,58.159805,0.0
304.5024712580016,10,198,-0.048788940906524664,1,0,1,-42.10929,-30.0,12.109291,-11.9400015,58.281384,0.0
304.6026501160013,10,199,-0.0007889409065246628,1,0,1,-41.73406,-30.0,11.734058,-57.739254,58.388542,0.0
304.70135976200254,10,200,0.04721105909347534,1,0,1,-41.86602,-30.0,11.86602,34.023285,58.506634,0.0
304.80189677400267,10,201,-0.0007889409065246628,1,0,1,-41.647022,-30.0,11.647022,7.2212214,58.62398,0.0
304.9017881580003,10,202,-0.039495840668678284,1,0,1,-41.663822,-30.0,11.663822,6.3743587,58.75291,0.0
305.00147923199984,10,203,-0.08749584066867828,1,0,1,-40.941154,-30.0,10.9411545,-10.623931,58.851467,0.0
305.10185532499963,10,204,-0.06977692842483521,1,0,1,-40.941154,-30.0,10.9411545,0.0,58.971813,0.0
305.2023185809994,10,205,-0.11777692842483521,1,0,1,-40.941154,-30.0,10.9411545,0.0,59.07028,0.0
305.30321486200046,10,206,-0.08417206406593324,1,0,1,-40.93109,-30.0,10.931091,0.0,59.190556,0.0
305.4020904530007,10,207,-0.036172064065933235,1,0,1,-40.93109,-30.0,10.931091,0.0,59.28895,0.0
305.5028422989999,10,208,0.011827935934066766,1,0,1,-40.94292,-30.0,10.942921,19.947052,59.408813,0.0
305.60124435500256,10,209,0.04452331066131592,1,0,1,-41.383755,-30.0,11.383755,0.0,59.511215,0.0
305.70225294400007,10,210,0.09252331066131592,1,0,1,-41.383755,-30.0,11.383755,0.0,59.63643,0.0
305.8015252410005,10,211,0.13677656650543213,1,0,1,-41.383755,-30.0,11.383755,0.0,59.75026,0.0
305.90195944100196,10,212,0.08877656650543213,1,0,1,-41.39267,-30.0,11.39267,0.0,59.864204,0.0
306.00110574000064,10,213,0.04077656650543213,1,0,1,-41.441315,-30.0,11.441315,19.741058,59.97822,0.0
306.1024135330008,10,214,0.08877656650543213,1,0,1,-41.251926,-30.0,11.251926,-84.67101,60.092216,0.0
306.2028312500006,10,215,0.04077656650543213,1,0,1,-40.38669,-30.0,10.386688,-159.89304,60.20106,0.0
306.3025421580023,10,216,0.08877656650543213,1,0,1,-39.81125,-30.0,9.811249,-25.341032,60.30114,0.0
306.4032037649995,10,217,0.04077656650543213,1,0,1,-40.13621,-30.0,10.136211,-40.1268,60.40167,0.0
306.5025252300002,10,218,0.08877656650543213,1,0,1,-40.062435,-30.0,10.062435,-17.139435,60.50265,0.0
306.6019321820022,10,219,0.07450006604194641,1,0,1,-40.262657,-30.0,10.262657,43.731686,60.603966,0.0
306.70115502800036,10,220,0.06716193556785584,1,0,1,-40.53172,-30.0,10.531719,36.022186,60.698036,0.0
306.80299250900134,10,221,0.11516193556785584,1,0,1,-41.51109,-30.0,11.511089,14.28604,60.818962,0.0
306.90185664100136,10,222,0.06871302723884583,1,0,1,-41.161278,-30.0,11.161278,-88.84048,60.932877,0.0
307.0021215400011,10,223,0.020713027238845827,1,0,1,-41.526146,-30.0,11.526146,23.391722,61.046993,0.0
307.10201403700194,10,224,-0.027286972761154174,1,0,1,-41.70528,-30.0,11.70528,34.217834,61.15123,0.0
307.20141400300054,10,225,0.020713027238845827,1,0,1,-41.163517,-30.0,11.163517,-86.75002,61.26642,0.0
307.30242649900174,10,226,0.03940519690513611,1,0,1,-41.190838,-30.0,11.190838,10.673522,61.389652,0.0
307.40129370400246,10,227,0.07981217503547669,1,0,1,-40.878483,-30.0,10.878483,41.862484,61.48816,0.0
307.50286214800144,10,228,0.03181217503547669,1,0,1,-40.99063,-30.0,10.990631,13.21411,61.607777,0.0
307.602300388,10,229,0.07981217503547669,1,0,1,-40.541767,-30.0,10.541767,-33.611298,61.715096,0.0
307.70220657400205,10,230,0.03181217503547669,1,0,1,-41.165035,-30.0,11.165035,-27.675627,61.825626,0.0
307.8027933080011,10,231,-0.016187824964523312,1,0,1,-40.501595,-30.0,10.501595,-65.16266,61.933403,0.0
307.9018013140012,10,232,-0.06418782496452331,1,0,1,-40.791546,-30.0,10.791546,24.143217,62.04126,0.0
308.00131665799927,10,233,-0.016187824964523312,1,0,1,-40.52714,-30.0,10.527142,-43.357845,62.147022,0.0
308.10228864300007,10,234,-0.02364354729652405,1,0,1,-40.964172,-30.0,10.964172,141.52527,62.252903,0.0
308.2025320290013,10,235,0.024356452703475952,1,0,1,-40.791523,-30.0,10.791523,-156.63147,62.36405,0.0
308.3018680160021,10,236,-0.002527376636862755,1,0,1,-40.500988,-30.0,10.500988,-1.674652,62.4702,0.0
308.40191891500217,10,237,-0.050527376636862756,1,0,1,-40.57992,-30.0,10.579922,-5.15747,62.56544,0.0
308.501707763,10,238,-0.0880368709564209,1,0,1,-40.43208,-30.0,10.432079,43.186184,62.67038,0.0
308.6016664689996,10,239,-0.13603687095642092,1,0,1,-40.495857,-30.0,10.495857,77.66724,62.785137,0.0
308.7016064570016,10,240,-0.11718323230743409,1,0,1,-40.8929,-30.0,10.892899,15.79666,62.8923,0.0
308.8015288450006,10,241,-0.1518054485321045,1,0,1,-42.588882,-30.0,12.588882,75.294495,63.01107,0.0
308.9017655230018,10,242,-0.10380544853210451,1,0,1,-42.22876,-30.0,12.22876,-77.14081,63.13587,0.0
309.00139429000046,10,243,-0.05580544853210451,1,0,1,-42.067463,-30.0,12.067463,-17.925262,63.245247,0.0
309.103315018001,10,244,-0.007805448532104506,1,0,1,-41.829563,-30.0,11.829563,4.234314,63.37592,0.0
309.2025300360001,10,245,0.040194551467895495,1,0,1,-41.838764,-30.0,11.838764,-19.41681,63.495045,0.0
309.3030801679997,10,246,-0.007805448532104506,1,0,1,-41.760784,-30.0,11.760784,-16.078949,63.613037,0.0
309.40219936200083,10,247,0.040194551467895495,1,0,1,-41.658607,-30.0,11.6586075,1.6517638,63.72936,0.0
309.5031230140012,10,248,-0.007805448532104506,1,0,1,-41.447468,-30.0,11.447468,38.30719,63.83239,0.0
309.6022243280022,10,249,0.040194551467895495,1,0,1,-41.465656,-30.0,11.465656,1.2245178,63.959267,0.0
309.70196624000164,10,250,-0.007805448532104506,1,0,1,-41.42286,-30.0,11.422859,-31.398771,64.06216,0.0
309.80240211000273,10,251,0.040194551467895495,1,0,1,-41.155834,-30.0,11.155834,-8.056641,64.1858,0.0
309.9020973650004,10,252,0.04951432943344117,1,0,1,-40.970882,-30.0,10.970882,36.777496,64.29578,0.0
310.0017755780027,10,253,0.05032293200492859,1,0,1,-40.88655,-30.0,10.886551,-66.70761,64.39471,0.0
310.1021689820009,10,254,0.002322932004928592,1,0,1,-40.87427,-30.0,10.874271,15.068053,64.50216,0.0
310.20201761200224,10,255,0.05032293200492859,1,0,1,-40.597477,-30.0,10.597477,62.16049,64.60941,0.0
310.30263032100265,10,256,0.09832293200492859,1,0,1,-40.705647,-30.0,10.7056465,-1.6555785,64.72665,0.0
310.40246246800234,10,257,0.050322932004928586,1,0,1,-40.60706,-30.0,10.6070595,27.492521,64.82254,0.0
310.50126094200095,10,258,0.002322932004928585,1,0,1,-40.49953,-30.0,10.499531,-65.88745,64.928535,0.0
310.60197897500257,10,259,-0.045677067995071416,1,0,1,-40.19156,-30.0,10.191559,-42.293545,65.04212,0.0
310.70153845499954,10,260,-0.09367706799507142,1,0,1,-40.02573,-30.0,10.02573,-20.83969,65.13275,0.0
310.8020324320023,10,261,-0.045677067995071416,1,0,1,-40.070885,-30.0,10.070885,2.4681091,65.23352,0.0
310.9029960299995,10,262,0.002322932004928585,1,0,1,-40.13111,-30.0,10.131111,60.30273,65.334175,0.0
311.00215377399945,10,263,0.050322932004928586,1,0,1,-40.07605,-30.0,10.07605,-35.23636,65.4362,0.0
311.102307475001,10,264,0.002322932004928585,1,0,1,-40.006695,-30.0,10.006695,24.452208,65.54528,0.0
311.2012263550023,10,265,-0.01314588487148285,1,0,1,-40.187828,-30.0,10.187828,116.86706,65.63539,0.0
311.30245759100217,10,266,-0.06114588487148285,1,0,1,-40.710785,-30.0,10.710785,34.671783,65.75148,0.0
311.40285350699924,10,267,-0.013145884871482848,1,0,1,-41.508514,-30.0,11.508514,60.1654,65.863045,0.0
311.5020897530012,10,268,0.03485411512851715,1,0,1,-41.640125,-30.0,11.640125,13.423919,65.967415,0.0
311.60175734800214,10,269,0.08285411512851715,1,0,1,-41.605507,-30.0,11.605507,0.15258789,66.095345,0.0
311.70198117100153,10,270,0.034854115128517146,1,0,1,-41.506584,-30.0,11.506584,-30.418394,66.19988,0.0
311.80234607700186,10,271,-0.013145884871482855,1,0,1,-41.176952,-30.0,11.176952,49.861904,66.32391,0.0
311.9020178610008,10,272,-0.061145884871482856,1,0,1,-41.241844,-30.0,11.241844,22.689817,66.435814,0.0
312.00209445400105,10,273,-0.013145884871482855,1,0,1,-41.096794,-30.0,11.096794,-51.82266,66.54814,0.0
312.10285802,10,274,0.034854115128517146,1,0,1,-41.157715,-30.0,11.157715,60.104366,66.65861,0.0
312.201474898,10,275,-0.013145884871482855,1,0,1,-41.130203,-30.0,11.130203,25.016783,66.7588,0.0
312.300971517001,10,276,-0.061145884871482856,1,0,1,-41.091747,-30.0,11.091747,1.9760131,66.86979,0.0
312.4018608000006,10,277,-0.013145884871482855,1,0,1,-41.057186,-30.0,11.057186,35.23636,66.99033,0.0
312.50173009900027,10,278,-0.061145884871482856,1,0,1,-40.884552,-30.0,10.884552,-27.969358,67.08913,0.0
312.60130019200005,10,279,-0.08910179734230042,1,0,1,-40.61339,-30.0,10.613392,-22.750853,67.19683,0.0
312.7006741660007,10,280,-0.04110179734230042,1,0,1,-40.61008,-30.0,10.610081,-50.93002,67.30359,0.0
312.802015751,10,281,-0.045091092586517334,1,0,1,-40.472965,-30.0,10.472965,-1.3809203,67.408585,0.0
312.9011005749999,10,282,0.002908907413482667,1,0,1,-40.42567,-30.0,10.425671,-1.1062622,67.51307,0.0
313.00238572500166,10,283,-0.045091092586517334,1,0,1,-40.437428,-30.0,10.4374275,35.282135,67.61701,0.0
313.10180439599935,10,284,-0.09309109258651733,1,0,1,-40.560284,-30.0,10.560284,28.285978,67.72233,0.0
313.2009157600005,10,285,-0.14109109258651734,1,0,1,-40.93758,-30.0,10.93758,34.82437,67.82982,0.0
313.301657254,10,286,-0.09309109258651733,1,0,1,-41.602837,-30.0,11.602837,94.8677,67.942375,0.0
313.40161231800084,10,287,-0.045091092586517334,1,0,1,-42.527042,-30.0,12.527042,51.235195,68.06391,0.0
313.5013824380003,10,288,-0.09309109258651733,1,0,1,-42.413395,-30.0,12.413395,-56.83517,68.18931,0.0
313.60171828500097,10,289,-0.045091092586517334,1,0,1,-42.313503,-30.0,12.313503,-16.07132,68.3124,0.0
313.7027723960018,10,290,-0.09309109258651733,1,0,1,-42.051647,-30.0,12.051647,-21.27838,68.44645,0.0
313.80269170000247,10,291,-0.14109109258651734,1,0,1,-41.985264,-30.0,11.985264,34.915924,68.554146,0.0
313.9008314090024,10,292,-0.18909109258651735,1,0,1,-42.02956,-30.0,12.02956,-9.052277,68.67465,0.0
314.0022528900008,10,293,-0.14109109258651736,1,0,1,-41.919445,-30.0,11.919445,1.3923644,68.79428,0.0
314.1016721190026,10,294,-0.09309109258651736,1,0,1,-41.75496,-30.0,11.754959,-51.387783,68.92469,0.0
314.2025837479996,10,295,-0.14109109258651736,1,0,1,-41.61883,-30.0,11.618832,-3.2157896,69.041374,0.0
314.30201079900144,10,296,-0.09309109258651736,1,0,1,-41.56973,-30.0,11.569729,-11.875152,69.157234,0.0
314.40192172000025,10,297,-0.04509109258651736,1,0,1,-41.44929,-30.0,11.449291,-80.53207,69.27272,0.0
314.5019172909997,10,298,0.0029089074134826393,1,0,1,-41.35132,-30.0,11.351318,9.857178,69.386505,0.0
314.60126416300045,10,299,0.05090890741348264,1,0,1,-41.12088,-30.0,11.12088,3.02124,69.498604,0.0
314.70154525100224,10,300,0.0,1,1,1,-40.890453,-30.0,10.890453,-34.793854,69.59691,0.0
