time_s,episode,step,residual_mpa,timing_accurate,episode_done,sander_active,current_force,target_force,force_error,force_error_dot,force_error_int,pi_output
0.2907690409992938,1,1,0.048,1,0,1,-28.860067,-30.0,-1.1399326,23.000715,-66.82068,0.21491934
0.2917741989986098,1,2,0.096,0,0,1,-29.050406,-30.0,-0.9495945,130.26619,-66.84559,0.21867308
0.3010879780013056,1,3,0.14400000000000002,1,0,1,-29.133017,-30.0,-0.8669834,82.61108,-66.84646,0.21723571
0.4017446239995479,1,4,0.192,1,0,1,-29.64673,-30.0,-0.35326958,109.926216,-66.85387,0.21311712
0.5018805309991876,1,5,0.19999860525131227,1,0,1,-28.995897,-30.0,-1.0041027,7.234573,-66.86037,0.22164302
0.6021748390012363,1,6,0.19999998807907104,1,0,1,-29.67345,-30.0,-0.32654953,129.77791,-66.86775,0.21589965
0.7022260990015639,1,7,0.19999998807907104,1,0,1,-29.67345,-30.0,-0.32654953,129.77791,-66.86775,0.21589965
0.8020622479998565,1,8,0.19999998807907104,1,0,1,-29.67345,-30.0,-0.32654953,129.77791,-66.86775,0.21589965
0.9010463320009876,1,9,0.19999998807907104,1,0,1,-29.67345,-30.0,-0.32654953,129.77791,-66.86775,0.21589965
1.0010484240010555,1,10,0.19999998807907104,1,0,1,-29.67345,-30.0,-0.32654953,129.77791,-66.86775,0.21589965
1.1013969300001918,1,11,0.19999998807907104,1,0,1,-29.67345,-30.0,-0.32654953,129.77791,-66.86775,0.21589965
1.2022611460015469,1,12,0.19999998807907104,1,0,1,-29.67345,-30.0,-0.32654953,129.77791,-66.86775,0.21589965
1.3018120630003978,1,13,0.19999998807907104,1,0,1,-29.67345,-30.0,-0.32654953,129.77791,-66.86775,0.21589965
1.401055398000608,1,14,0.19999998807907104,1,0,1,-29.67345,-30.0,-0.32654953,129.77791,-66.86775,0.21589965
1.5012988620001124,1,15,0.19999998807907104,1,0,1,-29.67345,-30.0,-0.32654953,129.77791,-66.86775,0.21589965
1.6013719139991736,1,16,0.19999998807907104,1,0,1,-29.67345,-30.0,-0.32654953,129.77791,-66.86775,0.21589965
1.701368697998987,1,17,0.19999998807907104,1,0,1,-29.67345,-30.0,-0.32654953,129.77791,-66.86775,0.21589965
1.801729498001805,1,18,0.19999998807907104,1,0,1,-29.67345,-30.0,-0.32654953,129.77791,-66.86775,0.21589965
1.9016637060012727,1,19,0.19999998807907104,1,0,1,-29.67345,-30.0,-0.32654953,129.77791,-66.86775,0.21589965
2.0017032350006048,1,20,0.19999998807907104,1,0,1,-29.67345,-30.0,-0.32654953,129.77791,-66.86775,0.21589965
2.1016620269983832,1,21,0.19999998807907104,1,0,1,-29.67345,-30.0,-0.32654953,129.77791,-66.86775,0.21589965
2.2010355470010836,1,22,0.19999998807907104,1,0,1,-29.67345,-30.0,-0.32654953,129.77791,-66.86775,0.21589965
2.301246047998575,1,23,0.19999998807907104,1,0,1,-29.67345,-30.0,-0.32654953,129.77791,-66.86775,0.21589965
2.401799890001712,1,24,0.19999998807907104,1,0,1,-29.67345,-30.0,-0.32654953,129.77791,-66.86775,0.21589965
2.5008404059990426,1,25,0.19999998807907104,1,0,1,-29.67345,-30.0,-0.32654953,129.77791,-66.86775,0.21589965
2.6011880750011187,1,26,0.19999998807907104,1,0,1,-29.67345,-30.0,-0.32654953,129.77791,-66.86775,0.21589965
2.7010770259985293,1,27,0.19999998807907104,1,0,1,-29.67345,-30.0,-0.32654953,129.77791,-66.86775,0.21589965
2.8017437330017856,1,28,0.19999934434890748,1,0,1,-31.32907,-30.0,1.3290691,0.0,-66.850494,0.19025607
2.900804643999436,1,29,0.19999898672103883,1,0,1,-31.328651,-30.0,1.3286514,-0.41770932,-66.83722,0.19057594
3.0013626770014525,1,30,0.19999920129776003,1,0,1,-31.328651,-30.0,1.3286514,0.0,-66.823944,0.19088115
3.102053688999149,1,31,0.19999914169311525,1,0,1,-31.328371,-30.0,1.328371,0.0,-66.81067,0.19117306
3.20125819399982,1,32,0.19999935626983645,1,0,1,-31.328371,-30.0,1.328371,0.0,-66.79739,0.19141845
3.3011530129988387,1,33,0.19999940395355226,1,0,1,-31.327995,-30.0,1.3279953,0.0,-66.78412,0.19166493
3.4011291269998765,1,34,0.1999992609024048,1,0,1,-31.327995,-30.0,1.3279953,0.0,-66.77084,0.19189538
3.5013873999996576,1,35,0.19999929666519167,1,0,1,-31.32717,-30.0,1.3271694,0.0,-66.75757,0.19213273
3.6014917430002242,1,36,0.1999992609024048,1,0,1,-31.325615,-30.0,1.3256149,0.0,-66.74429,0.19235438
3.7015150699990045,1,37,0.19999935626983645,1,0,1,-31.325615,-30.0,1.3256149,0.0,-66.73102,0.19254792
3.801352341000893,1,38,0.19999895095825196,1,0,1,-31.323263,-30.0,1.3232632,0.0,-66.71778,0.19277675
3.9015466409982764,1,39,0.1999990463256836,1,0,1,-31.323263,-30.0,1.3232632,0.0,-66.70458,0.19293562
4.001903532000142,1,40,0.1999992370605469,1,0,1,-31.320229,-30.0,1.3202286,0.0,-66.69138,0.19315225
4.101204139999027,1,41,0.19999873638153076,1,0,1,-31.316652,-30.0,1.3166523,-3.5762784,-66.678185,0.19330226
4.2013397730006545,1,42,0.19999871253967286,1,0,1,-31.316652,-30.0,1.3166523,0.0,-66.664986,0.19351125
4.301577096000983,1,43,0.1999987840652466,1,0,1,-31.3127,-30.0,1.3127003,0.0,-66.65182,0.1937007
4.401485604001209,1,44,0.19999917745590212,1,0,1,-31.3127,-30.0,1.3127003,0.0,-66.638695,0.19381592
4.501549999000417,1,45,0.19999905824661257,1,0,1,-31.308672,-30.0,1.308672,0.0,-66.62557,0.1939841
4.601347600000736,1,46,0.19999890327453615,1,0,1,-31.308672,-30.0,1.308672,0.0,-66.61245,0.1940607
4.701492732001498,1,47,0.19999942779541016,1,0,1,-31.304829,-30.0,1.3048286,0.0,-66.59934,0.19419412
4.801752405001025,1,48,0.1999993681907654,1,0,1,-31.304829,-30.0,1.3048286,0.0,-66.586296,0.19426048
4.900771133998205,1,49,0.19999992847442627,1,0,1,-31.397673,-30.0,1.3976727,47.998425,-66.573265,0.19373724
5.001102325000829,1,50,0.1999993681907654,1,0,1,-31.455292,-30.0,1.4552917,20.711897,-66.558464,0.19051707
5.101303889998235,1,51,0.2,1,0,1,-30.99222,-30.0,0.9922199,-132.75719,-66.544464,0.19214217
5.202110001999245,1,52,0.19999998807907104,1,0,1,-31.338772,-30.0,1.3387718,136.34872,-66.53407,0.1880678
5.301316745000804,1,53,0.1999993681907654,1,0,1,-31.670591,-30.0,1.6705914,6.7195888,-66.51805,0.18037522
5.401527808000537,1,54,0.19999991655349733,1,0,1,-31.383787,-30.0,1.3837872,42.018887,-66.50352,0.18135679
5.501534096001706,1,55,0.2,1,0,1,-31.601027,-30.0,1.6010265,-131.464,-66.48568,0.17438576
5.601701578001666,1,56,0.1999999523162842,1,0,1,-31.808222,-30.0,1.8082218,52.991863,-66.46851,0.1703391
5.701124830000481,1,57,0.1999987602233887,1,0,1,-32.557953,-30.0,2.557953,-26.172636,-66.44535,0.15640563
5.801465519998601,1,58,0.19999998807907104,1,0,1,-32.035183,-30.0,2.035183,80.14107,-66.42412,0.16008182
5.901635517999239,1,59,0.19999992847442627,1,0,1,-31.65555,-30.0,1.65555,-93.914024,-66.40345,0.15927938
6.001706620001642,1,60,0.19999901056289673,1,0,1,-32.197357,-30.0,2.1973572,-1.9760131,-66.38374,0.14945209
6.101164234998578,1,61,0.19999917745590212,1,0,1,-32.231895,-30.0,2.2318954,8.136749,-66.36096,0.14562699
6.20174992900138,1,62,0.19999917745590212,1,0,1,-32.211693,-30.0,2.2116928,22.865294,-66.339355,0.14160605
6.300792406000255,1,63,0.1999992847442627,1,0,1,-32.38465,-30.0,2.3846512,0.80108637,-66.31603,0.13537823
6.400847583998257,1,64,0.19999912977218628,1,0,1,-31.697779,-30.0,1.6977787,-51.963802,-66.29601,0.13909054
6.74545353099893,1,65,0.19999890327453615,1,0,1,-32.125195,-30.0,2.1251945,47.966,-66.27716,0.13121037
6.750714270001481,1,66,0.19999965429306032,0,0,1,-32.870827,-30.0,2.8708267,147.80045,-66.221825,0.11344337
6.756266109001444,1,67,0.15199965429306034,0,0,1,-32.870827,-30.0,2.8708267,147.80045,-66.221825,0.11344337
6.806421229000989,1,68,0.10399965429306034,1,0,1,-33.21055,-30.0,3.2105484,39.928436,-66.20626,0.105992615
6.90611435000028,1,69,0.055999654293060336,1,0,1,-32.26138,-30.0,2.2613792,-153.09525,-66.17745,0.110627346
7.006480743999418,1,70,0.007999654293060335,1,0,1,-32.35535,-30.0,2.3553505,59.326168,-66.15691,0.10642485
7.106296227000712,1,71,-0.040000345706939666,1,0,1,-32.41808,-30.0,2.4180794,-24.555204,-66.13112,0.10122452
7.206337996998627,1,72,-0.08800034570693967,1,0,1,-32.60557,-30.0,2.6055717,138.64517,-66.10757,0.09558427
7.306211588998849,1,73,-0.040000345706939666,1,0,1,-32.398674,-30.0,2.398674,10.173797,-66.0825,0.09255614
7.40552225799911,1,74,-0.08800034570693967,1,0,1,-32.46452,-30.0,2.4645195,22.396086,-66.058136,0.08728786
7.5061451100009435,1,75,-0.040000345706939666,1,0,1,-32.350628,-30.0,2.350628,-16.288757,-66.03414,0.083867654
7.605315536999115,1,76,0.007999654293060335,1,0,1,-32.327885,-30.0,2.3278847,21.949766,-66.01069,0.08034231
7.705617676001566,1,77,0.055999654293060336,1,0,1,-32.435745,-30.0,2.4357452,51.81503,-65.98694,0.07477673
7.8062564530009695,1,78,0.06687904000282288,1,0,1,-32.66473,-30.0,2.66473,50.354,-65.960976,0.06743009
7.906564739001624,1,79,0.01887904000282288,1,0,1,-32.837135,-30.0,2.8371353,-32.920837,-65.932884,0.059615944
8.005965364998701,1,80,-0.02912095999717712,1,0,1,-32.68966,-30.0,2.689659,23.92578,-65.90534,0.057038076
8.107308144000854,1,81,0.01887904000282288,1,0,1,-32.684097,-30.0,2.6840973,-12.325286,-65.87799,0.051489305
8.205812005999178,1,82,0.06181468963623047,1,0,1,-32.28499,-30.0,2.2849884,-96.35543,-65.85176,0.05075851
8.306792726001731,1,83,0.10981468963623048,1,0,1,-32.11917,-30.0,2.1191711,18.981934,-65.83018,0.04941955
8.407314447998942,1,84,0.15781468963623047,1,0,1,-32.335632,-30.0,2.3356323,-109.5581,-65.807236,0.041063704
8.506129523000709,1,85,0.10981468963623046,1,0,1,-31.759575,-30.0,1.7595749,51.696774,-65.78783,0.046192326
8.606644260999019,1,86,0.06181468963623046,1,0,1,-31.917524,-30.0,1.9175243,30.979155,-65.769135,0.04042258
8.706349117001082,1,87,0.013814689636230462,1,0,1,-31.855513,-30.0,1.8555126,-91.35627,-65.748604,0.036362592
8.806388375000097,1,88,-0.03418531036376954,1,0,1,-31.4714,-30.0,1.4713993,39.92653,-65.73224,0.039269064
8.906458083998587,1,89,-0.08218531036376954,1,0,1,-31.938435,-30.0,1.9384346,-30.32112,-65.71368,0.029279722
9.00617635099843,1,90,-0.03418531036376954,1,0,1,-31.65932,-30.0,1.6593208,-34.692764,-65.69498,0.029527463
9.105549322001025,1,91,-0.06423148512840271,1,0,1,-31.654575,-30.0,1.6545753,58.84933,-65.67974,0.02700636
9.206559097001445,1,92,-0.01623148512840271,1,0,1,-30.25524,-30.0,0.2552395,-90.83938,-65.67001,0.040608358
9.306057781999698,1,93,0.03176851487159729,1,0,1,-29.528482,-30.0,-0.47151756,-108.69598,-65.67133,0.048134938
9.40602636100084,1,94,0.03352712988853455,1,0,1,-29.888433,-30.0,-0.11156654,-8.7451935,-65.67315,0.045053527
9.506713188999129,1,95,-0.014472870111465454,1,0,1,-30.061897,-30.0,0.061897278,-50.430294,-65.67208,0.042743634
9.607119255000725,1,96,-0.062472870111465455,1,0,1,-29.890585,-30.0,-0.109415054,38.591385,-65.67384,0.045187917
9.705871753998508,1,97,-0.10703436136245728,1,0,1,-30.07905,-30.0,0.079050064,22.90344,-65.67454,0.043010797
9.80652645599912,1,98,-0.05903436136245728,1,0,1,-30.904516,-30.0,0.9045162,113.5044,-65.67067,0.033600274
9.906531354001345,1,99,-0.011034361362457279,1,0,1,-30.268839,-30.0,0.26883888,30.708311,-65.66374,0.040231757
10.005982547998428,1,100,-0.05903436136245728,1,0,1,-30.481527,-30.0,0.48152733,-25.856016,-65.659836,0.03558336
10.106763523999689,1,101,-0.011034361362457279,1,0,1,-30.617235,-30.0,0.6172352,-30.210493,-65.654655,0.03316696
10.2062795310012,1,102,0.03696563863754272,1,0,1,-30.345657,-30.0,0.34565735,-5.8917994,-65.65048,0.035759542
10.30566311900111,1,103,0.07262616753578187,1,0,1,-30.468243,-30.0,0.46824265,-22.369383,-65.646355,0.033522166
10.406773466998857,1,104,0.024626167535781868,1,0,1,-30.49535,-30.0,0.49534988,1.2931823,-65.641304,0.03253944
10.507167520998337,1,105,-0.013781304657459262,1,0,1,-30.390587,-30.0,0.39058685,-63.79318,-65.63619,0.032171227
10.606342143000802,1,106,-0.01772126853466034,1,0,1,-30.420612,-30.0,0.42061234,40.029526,-65.632576,0.032256987
10.706641213000694,1,107,0.030278731465339662,1,0,1,-30.555178,-30.0,0.5551777,17.850876,-65.62817,0.029361034
10.806159455998568,1,108,-0.01772126853466034,1,0,1,-30.187513,-30.0,0.18751335,-51.115032,-65.6243,0.032583017
10.906503505000728,1,109,0.030278731465339662,1,0,1,-30.091194,-30.0,0.09119415,-21.780012,-65.62261,0.03332806
11.00645755900041,1,110,0.07137389183044433,1,0,1,-30.346401,-30.0,0.3464012,-22.626875,-65.62057,0.029851623
11.106340654001542,1,111,0.023373891830444332,1,0,1,-30.38427,-30.0,0.3842697,16.309738,-65.6171,0.029452268
11.206241348998446,1,112,-0.02462610816955567,1,0,1,-30.403555,-30.0,0.40355492,-45.33195,-65.613045,0.027757721
11.305302829001448,1,113,-0.07262610816955567,1,0,1,-30.362312,-30.0,0.36231232,-3.4885404,-65.60982,0.02798018
11.4056826369997,1,114,-0.12062610816955567,1,0,1,-30.39384,-30.0,0.3938408,38.37967,-65.60685,0.027484298
11.506356616999255,1,115,-0.07262610816955567,1,0,1,-30.450508,-30.0,0.45050812,0.20027159,-65.60272,0.025727954
11.606365427000128,1,116,-0.02743646502494812,1,0,1,-30.516865,-30.0,0.5168648,71.12503,-65.59843,0.024899166
11.705984800999431,1,117,0.006527424603700635,1,0,1,-30.224688,-30.0,0.22468758,24.436949,-65.59524,0.027646318
11.806648165998922,1,118,-0.041472575396299366,1,0,1,-29.938875,-30.0,-0.0611248,26.130674,-65.59595,0.030251665
11.906020023001474,1,119,-0.08947257539629937,1,0,1,-30.264814,-30.0,0.26481438,1.8310546,-65.59495,0.026358295
12.006113201998232,1,120,-0.041472575396299366,1,0,1,-30.146084,-30.0,0.14608383,-28.854368,-65.591705,0.027137704
12.105897682999057,1,121,-0.07380886077880859,1,0,1,-30.103325,-30.0,0.10332489,79.82254,-65.59067,0.028279858
12.207779083000787,1,122,-0.12180886077880859,1,0,1,-30.20658,-30.0,0.20657921,121.47521,-65.58907,0.027378077
12.3069861139993,1,123,-0.07380886077880859,1,0,1,-30.26415,-30.0,0.26415062,56.98776,-65.58514,0.025735913
12.4065314569998,1,124,-0.12125372886657715,1,0,1,-30.541653,-30.0,0.5416527,117.099754,-65.58193,0.021609657
12.506475735001004,1,125,-0.07325372886657715,1,0,1,-30.318611,-30.0,0.31861115,-111.9728,-65.576485,0.021824665
12.60603337000066,1,126,-0.025253728866577146,1,0,1,-30.398684,-30.0,0.39868355,-104.19654,-65.57193,0.019888362
12.705711970000266,1,127,0.022746271133422855,1,0,1,-30.47836,-30.0,0.47835922,-38.60283,-65.56867,0.018634044
12.806773992000672,1,128,-0.025253728866577146,1,0,1,-31.022436,-30.0,1.0224361,160.70746,-65.56397,0.012945815
12.90719263400024,1,129,-0.07325372886657715,1,0,1,-30.512526,-30.0,0.51252556,-77.69585,-65.55545,0.01612583
13.006947502999537,1,130,-0.04799682199954987,1,0,1,-30.830854,-30.0,0.8308544,-89.12086,-65.547356,0.010769031
13.10708901399994,1,131,-0.09599682199954987,1,0,1,-29.693092,-30.0,-0.30690765,-139.16588,-65.544495,0.023251204
13.206368959999963,1,132,-0.04799682199954987,1,0,1,-30.096727,-30.0,0.09672737,-117.72155,-65.54384,0.017825354
13.305888882001454,1,133,-0.09392278790473939,1,0,1,-30.340046,-30.0,0.34004593,84.6424,-65.54321,0.016360337
13.407365482999012,1,134,-0.04592278790473939,1,0,1,-29.993332,-30.0,-0.006668091,19.66095,-65.5428,0.020184176
13.50603333899926,1,135,0.002077212095260614,1,0,1,-31.015388,-30.0,1.0153885,102.0317,-65.53751,0.008015476
13.607303208998928,1,136,-0.043394830822944645,1,0,1,-30.438631,-30.0,0.43863106,-105.60226,-65.52888,0.011886513
13.706035318999056,1,137,0.004605169177055356,1,0,1,-29.549467,-30.0,-0.4505329,-19.44542,-65.53057,0.02286895
13.805727611001203,1,138,0.05260516917705536,1,0,1,-30.661608,-30.0,0.66160774,106.59217,-65.529785,0.010523845
13.906758624001668,1,139,0.004605169177055356,1,0,1,-31.023073,-30.0,1.0230732,-123.18038,-65.51979,0.002718082
14.00676492400089,1,140,0.05260516917705536,1,0,1,-29.626556,-30.0,-0.3734436,-56.890484,-65.5197,0.019301532
14.106401342000026,1,141,0.004605169177055356,1,0,1,-30.028011,-30.0,0.028011322,197.45253,-65.52435,0.017258216
14.205775435999385,1,142,-0.043394830822944645,1,0,1,-30.369211,-30.0,0.3692112,-76.4904,-65.52063,0.010750945
14.30750011499913,1,143,0.004605169177055356,1,0,1,-29.586796,-30.0,-0.4132042,19.556046,-65.52268,0.021363098
14.406865270000708,1,144,0.05260516917705536,1,0,1,-29.636501,-30.0,-0.3634987,36.540985,-65.527,0.021479663
14.507592892001412,1,145,0.004605169177055356,1,0,1,-30.26386,-30.0,0.2638607,-20.143507,-65.526405,0.013575297
14.607037107001815,1,146,0.05260516917705536,1,0,1,-29.966068,-30.0,-0.033931732,-59.59892,-65.5243,0.016934436
14.7069316599991,1,147,0.10060516917705536,1,0,1,-30.062664,-30.0,0.06266403,43.47801,-65.52294,0.016279468
14.807065351000347,1,148,0.052605169177055364,1,0,1,-29.97122,-30.0,-0.028779984,-21.13342,-65.522446,0.016500011
14.906466544998693,1,149,0.10060516917705536,1,0,1,-30.331758,-30.0,0.3317585,-76.379776,-65.52102,0.011209997
15.006620909000048,1,150,0.052605169177055364,1,0,1,-30.695562,-30.0,0.69556236,-15.495299,-65.515755,0.0067118783
15.107138728999416,1,151,0.004605169177055363,1,0,1,-30.630152,-30.0,0.63015175,-14.923095,-65.508896,0.0063330233
15.206588253000518,1,152,-0.04339483082294464,1,0,1,-30.053022,-30.0,0.053022385,-48.795696,-65.50697,0.012278138
15.307703915001184,1,153,0.004605169177055363,1,0,1,-29.976757,-30.0,-0.02324295,69.91005,-65.506805,0.014668625
15.406229017000442,1,154,0.052605169177055364,1,0,1,-30.024101,-30.0,0.024101257,40.073395,-65.50594,0.013426598
15.506352371998219,1,155,0.004605169177055363,1,0,1,-29.967886,-30.0,-0.03211403,-140.43617,-65.504906,0.011973411
15.607846855000389,1,156,0.052605169177055364,1,0,1,-30.135061,-30.0,0.13506126,44.517513,-65.50633,0.011785416
15.706601596000837,1,157,0.07357308268547058,1,0,1,-30.328047,-30.0,0.3280468,72.95799,-65.5048,0.009708734
15.806754565001029,1,158,0.12157308268547058,1,0,1,-30.541687,-30.0,0.541687,-164.76439,-65.498055,0.003990856
15.906595761000062,1,159,0.07357308268547058,1,0,1,-29.632257,-30.0,-0.36774254,38.44261,-65.49903,0.016842535
16.006242240000574,1,160,0.02557308268547058,1,0,1,-30.434952,-30.0,0.43495178,114.740364,-65.49834,0.0075618583
16.10620579800161,1,161,0.02941115498542786,1,0,1,-30.479843,-30.0,0.47984314,86.21978,-65.49422,0.006502418
16.206183604001126,1,162,-0.018588845014572142,1,0,1,-30.242418,-30.0,0.24241829,32.051086,-65.49035,0.008084936
16.3067444469998,1,163,0.016180416941642767,1,0,1,-30.245218,-30.0,0.24521828,-186.96974,-65.48561,0.005246935
16.407045479998487,1,164,-0.031819583058357234,1,0,1,-29.578405,-30.0,-0.42159462,70.82939,-65.488266,0.015681267
16.50670229499883,1,165,-0.07981958305835724,1,0,1,-29.827541,-30.0,-0.17245865,-5.0144196,-65.49093,0.011901161
16.606700216001627,1,166,-0.12781958305835722,1,0,1,-29.650581,-30.0,-0.34941864,-3.410339,-65.4935,0.01509888
16.70762758699857,1,167,-0.07981958305835722,1,0,1,-29.84799,-30.0,-0.15200996,17.028809,-65.49508,0.013110557
16.806652757000847,1,168,-0.03181958305835722,1,0,1,-29.810114,-30.0,-0.1898861,20.49446,-65.49717,0.013775518
16.90610284200011,1,169,0.01618041694164278,1,0,1,-30.159058,-30.0,0.15905762,34.708023,-65.497345,0.010003711
17.00521629099967,1,170,-0.03181958305835722,1,0,1,-30.486664,-30.0,0.48666382,38.841248,-65.49377,0.005748309
17.107268111998565,1,171,-0.045934274792671204,1,0,1,-30.485355,-30.0,0.48535538,-62.927242,-65.48733,0.004132934
17.20849133199954,1,172,-0.05016701817512512,1,0,1,-30.483969,-30.0,0.48396873,-37.47368,-65.48223,0.0032360752
17.3067163980013,1,173,-0.09816701817512513,1,0,1,-29.818802,-30.0,-0.18119812,-197.0806,-65.478264,0.009072442
17.406496972998866,1,174,-0.05016701817512513,1,0,1,-29.535742,-30.0,-0.4642582,-25.041578,-65.483444,0.013773274
17.50684354400073,1,175,-0.0021670181751251294,1,0,1,-30.386536,-30.0,0.38653564,110.0769,-65.48623,0.005127407
17.60732532700058,1,176,-0.05016701817512513,1,0,1,-30.20509,-30.0,0.20508957,24.32823,-65.48535,0.0068292175
17.70747326900164,1,177,-0.0021670181751251294,1,0,1,-29.618927,-30.0,-0.381073,52.795406,-65.48654,0.014884053
17.806335569999646,1,178,-0.05016701817512513,1,0,1,-29.561306,-30.0,-0.438694,-21.268843,-65.48948,0.015104535
17.905891536000127,1,179,-0.0021670181751251294,1,0,1,-29.301956,-30.0,-0.6980438,165.1058,-65.4974,0.020715833
18.006204583998624,1,180,0.04583298182487487,1,0,1,-29.415247,-30.0,-0.58475304,74.57352,-65.503746,0.019909512
18.10642767600075,1,181,0.09383298182487487,1,0,1,-29.997461,-30.0,-0.002538681,179.87631,-65.50862,0.014601454
18.207146641998406,1,182,0.04583298182487487,1,0,1,-30.730251,-30.0,0.7302513,-37.319183,-65.50238,0.0041702655
18.307490700000926,1,183,0.024340036511421206,1,0,1,-30.453918,-30.0,0.45391846,-165.76956,-65.4953,0.0046977266
18.40698380899994,1,184,-0.023659963488578795,1,0,1,-30.515772,-30.0,0.51577187,29.561995,-65.49324,0.004708367
18.506657945999905,1,185,0.024340036511421206,1,0,1,-30.18369,-30.0,0.18368912,-1.4877318,-65.49029,0.0080908425
18.60641002799821,1,186,0.07234003651142121,1,0,1,-30.244947,-30.0,0.24494743,-13.43727,-65.487045,0.0070865587
18.70672112000102,1,187,0.12034003651142121,1,0,1,-30.186483,-30.0,0.18648338,-43.26057,-65.484665,0.006759854
18.80680005999966,1,188,0.10152405500411987,1,0,1,-29.841923,-30.0,-0.15807724,-71.93565,-65.48425,0.010499884
18.906489285000134,1,189,0.05352405500411987,1,0,1,-29.871305,-30.0,-0.12869453,75.74844,-65.486755,0.011659769
19.006609012998524,1,190,0.005524055004119871,1,0,1,-29.911572,-30.0,-0.0884285,-23.015974,-65.48716,0.010490574
19.106152129999828,1,191,-0.04247594499588013,1,0,1,-30.04105,-30.0,0.041049957,-38.35106,-65.487144,0.008721264
19.205611994999344,1,192,0.005524055004119871,1,0,1,-29.47028,-30.0,-0.5297203,11.844634,-65.49019,0.016866222
19.3064963479992,1,193,-0.04247594499588013,1,0,1,-30.41599,-30.0,0.41599083,30.776976,-65.49136,0.00511781
19.405939172000217,1,194,-0.09047594499588013,1,0,1,-30.72958,-30.0,0.7295799,-8.766174,-65.48546,0.0009100196
19.506256412001676,1,195,-0.08358716368675233,1,0,1,-29.898304,-30.0,-0.101696014,-214.03311,-65.48081,0.008341831
19.606209637000575,1,196,-0.03558716368675233,1,0,1,-29.956179,-30.0,-0.043821335,67.55829,-65.48426,0.009842948
19.706712654999137,1,197,0.012412836313247674,1,0,1,-30.244284,-30.0,0.24428368,4.301071,-65.48293,0.005792804
19.805690894998406,1,198,-0.008976346999406817,1,0,1,-30.37894,-30.0,0.37894058,70.02258,-65.48249,0.004545619
19.90568658600023,1,199,-0.003909618407487869,1,0,1,-29.517723,-30.0,-0.48227692,-35.4805,-65.48366,0.014548148
20.00720398300109,1,200,0.044090381592512135,1,0,1,-30.757847,-30.0,0.75784683,-46.466824,-65.4813,0.0
20.10526282900173,1,201,-0.0039096184074878665,1,0,1,-29.973991,-30.0,-0.026008606,134.52148,-65.48174,0.010032619
20.205847703000472,1,202,0.044090381592512135,1,0,1,-29.579603,-30.0,-0.4203968,-106.11724,-65.48236,0.012929368
20.306538455999544,1,203,0.09209038159251214,1,0,1,-28.628258,-30.0,-1.3717422,-8.148193,-65.49301,0.026365116
20.406074868998985,1,204,0.044090381592512135,1,0,1,-29.643967,-30.0,-0.35603333,26.512144,-65.500046,0.015944859
20.505279673998302,1,205,0.09209038159251214,1,0,1,-29.819118,-30.0,-0.1808815,27.221678,-65.50326,0.014455014
20.607015814999613,1,206,0.044090381592512135,1,0,1,-30.124702,-30.0,0.12470245,-66.158295,-65.50132,0.010615048
20.706216151000262,1,207,-0.0039096184074878665,1,0,1,-30.22199,-30.0,0.22199059,-42.54913,-65.498405,0.009236253
20.806600439998874,1,208,0.0298644632101059,1,0,1,-30.94891,-30.0,0.94890976,26.165007,-65.493225,0.0
20.906679941999755,1,209,0.0778644632101059,1,0,1,-30.289797,-30.0,0.28979683,18.268585,-65.48743,0.007010134
21.006454934999056,1,210,0.09491672515869141,1,0,1,-30.14464,-30.0,0.14463997,64.409256,-65.485535,0.008640724
21.106425204001425,1,211,0.046916725158691414,1,0,1,-30.138893,-30.0,0.13889313,-98.74534,-65.48313,0.00647733
21.206694116001017,1,212,-0.0010832748413085874,1,0,1,-30.463955,-30.0,0.46395493,139.52065,-65.48209,0.004414462
21.306158174000302,1,213,0.046916725158691414,1,0,1,-30.093208,-30.0,0.09320831,-178.31229,-65.47658,0.005501282
21.406846694000706,1,214,0.09491672515869141,1,0,1,-29.323689,-30.0,-0.6763115,204.39146,-65.48368,0.018511789
21.50568525199924,1,215,0.12540357112884523,1,0,1,-30.163345,-30.0,0.16334534,-85.2127,-65.484566,0.0061087045
21.606339967998792,1,216,0.14347021579742433,1,0,1,-30.47503,-30.0,0.4750309,0.97274774,-65.4818,0.003167283
21.70628090399987,1,217,0.09547021579742433,1,0,1,-29.577715,-30.0,-0.42228508,-142.42744,-65.48218,0.012467688
21.805923478001205,1,218,0.04747021579742433,1,0,1,-29.87433,-30.0,-0.12566948,54.00085,-65.48712,0.010811348
21.906461140999454,1,219,-0.0005297842025756699,1,0,1,-30.144108,-30.0,0.14410782,29.289244,-65.486626,0.008066829
22.006185849000758,1,220,0.04747021579742433,1,0,1,-30.212393,-30.0,0.2123928,63.283916,-65.48576,0.007441996
22.106287981001515,1,221,0.09547021579742433,1,0,1,-30.699211,-30.0,0.6992111,56.661602,-65.48128,0.0009435772
22.20602581899948,1,222,0.04747021579742433,1,0,1,-30.18341,-30.0,0.18341064,-2.4089813,-65.47724,0.006169817
22.3066654510003,1,223,0.011006037890911105,1,0,1,-29.681925,-30.0,-0.31807518,86.01569,-65.478905,0.013026912
22.406580965998728,1,224,0.059006037890911106,1,0,1,-30.326698,-30.0,0.3266983,42.068478,-65.4787,0.0045347726
22.50690854500135,1,225,0.10700603789091111,1,0,1,-30.313202,-30.0,0.3132019,13.978957,-65.47555,0.004218503
22.606541342000128,1,226,0.059006037890911106,1,0,1,-30.099476,-30.0,0.09947586,-65.870285,-65.47358,0.005408123
22.706435625001177,1,227,0.09398289322853089,1,0,1,-29.872684,-30.0,-0.12731552,33.041,-65.474205,0.009045846
22.80603461999999,1,228,0.14082529544830322,1,0,1,-30.525545,-30.0,0.5255451,146.55304,-65.47345,0.0021321608
22.90649015099916,1,229,0.09282529544830322,1,0,1,-29.180656,-30.0,-0.81934357,-112.84255,-65.474266,0.016425626
23.005933537999226,1,230,0.044825295448303215,1,0,1,-30.162018,-30.0,0.16201782,-62.9158,-65.47616,0.004580595
23.10606668100081,1,231,-0.003174704551696786,1,0,1,-30.124964,-30.0,0.12496376,197.4716,-65.47791,0.008095352
23.20611266099877,1,232,0.044825295448303215,1,0,1,-30.409138,-30.0,0.40913773,4.7683716,-65.4727,0.0028360146
23.306161155000154,1,233,0.060119044780731205,1,0,1,-29.997686,-30.0,-0.002313614,-12.973784,-65.47186,0.006620464
23.405933076999645,1,234,0.012119044780731204,1,0,1,-30.130896,-30.0,0.13089561,-26.590345,-65.46937,0.0051638973
23.505817025001306,1,235,0.060119044780731205,1,0,1,-29.621675,-30.0,-0.3783245,99.51591,-65.47198,0.012452466
23.60685168100099,1,236,0.012119044780731204,1,0,1,-30.18317,-30.0,0.18317032,88.640205,-65.47237,0.00572279
23.70617103100085,1,237,-0.0358809552192688,1,0,1,-30.363438,-30.0,0.36343765,-11.01303,-65.46842,0.0022317062
23.805863614001282,1,238,-0.0838809552192688,1,0,1,-30.28543,-30.0,0.2854309,8.613586,-65.465294,0.0025876383
23.906859439000982,1,239,-0.035880955219268804,1,0,1,-30.274956,-30.0,0.27495575,-39.930344,-65.461975,0.0016445619
24.00716718699914,1,240,-0.057470363378524784,1,0,1,-29.73297,-30.0,-0.26703072,-64.70871,-65.462074,0.007790249
24.10585768400051,1,241,-0.10547036337852478,1,0,1,-29.747852,-30.0,-0.25214767,-2.8991697,-65.46499,0.008468758
24.206359031999455,1,242,-0.15347036337852477,1,0,1,-29.830334,-30.0,-0.16966629,-49.85046,-65.46557,0.007387274
24.305682572998194,1,243,-0.10547036337852476,1,0,1,-30.19711,-30.0,0.19710922,31.24809,-65.465096,0.0036142515
24.40673594799955,1,244,-0.1366826057434082,1,0,1,-29.866648,-30.0,-0.13335228,-78.89748,-65.463264,0.0067532067
24.50626398500026,1,245,-0.10677810907363892,1,0,1,-29.89678,-30.0,-0.103219986,-17.354965,-65.46494,0.006355317
24.60621107100087,1,246,-0.05877810907363892,1,0,1,-29.683949,-30.0,-0.31605148,66.11824,-65.46673,0.0105583435
24.706523567001568,1,247,-0.010778109073638922,1,0,1,-30.572208,-30.0,0.5722084,181.20192,-65.46592,0.00053955393
24.80621252000128,1,248,-0.05877810907363892,1,0,1,-30.127487,-30.0,0.12748718,-125.40244,-65.459885,0.0027111503
24.906124126999202,1,249,-0.010778109073638922,1,0,1,-30.706215,-30.0,0.7062149,5.2852626,-65.45632,0.0
25.00569071800055,1,250,-0.05877810907363892,1,0,1,-30.59674,-30.0,0.5967407,-106.55784,-65.44951,0.0
25.106715598998562,1,251,-0.03312839269638062,1,0,1,-30.057467,-30.0,0.057466507,45.68481,-65.44942,0.002260189
25.206176309999137,1,252,-0.0031373646110296263,1,0,1,-30.04075,-30.0,0.040750504,50.495144,-65.44934,0.002445058
25.30520986999909,1,253,-0.05113736461102963,1,0,1,-29.850971,-30.0,-0.14902878,129.55666,-65.45059,0.0062016794
25.406250954001734,1,254,-0.09913736461102962,1,0,1,-29.837902,-30.0,-0.16209793,-5.609512,-65.45,0.005144748
25.507086145000358,1,255,-0.05113736461102962,1,0,1,-29.719372,-30.0,-0.2806282,36.71837,-65.451706,0.007216232
25.607612916999642,1,256,-0.0031373646110296194,1,0,1,-30.74498,-30.0,0.74497986,-158.67233,-65.446434,0.0
25.70811705899905,1,257,0.04486263538897038,1,0,1,-29.969059,-30.0,-0.03094101,16.00647,-65.44543,0.0026974073
25.807009541000298,1,258,0.071010422706604,1,0,1,-30.075132,-30.0,0.07513237,-40.718075,-65.445045,0.00050218904
25.906497350999416,1,259,0.119010422706604,1,0,1,-30.249933,-30.0,0.24993324,84.3563,-65.44299,0.0
26.006283524999162,1,260,0.071010422706604,1,0,1,-30.576893,-30.0,0.57689285,-28.484343,-65.43759,0.0
26.10607305099984,1,261,0.023010422706604,1,0,1,-30.573502,-30.0,0.5735016,70.77026,-65.43161,0.0
26.206923328998528,1,262,-0.024989577293396,1,0,1,-30.036325,-30.0,0.036325455,-25.564192,-65.429146,0.0
26.306511152000894,1,263,-0.072989577293396,1,0,1,-30.006006,-30.0,0.006006241,-15.981673,-65.427986,0.0
26.406317160999606,1,264,-0.024989577293396,1,0,1,-29.955263,-30.0,-0.044736862,27.065275,-65.42889,0.0
26.50567506600055,1,265,0.010915341973304751,1,0,1,-29.617418,-30.0,-0.3825817,24.806974,-65.43165,0.0041840146
26.606532049001544,1,266,0.05891534197330475,1,0,1,-29.947906,-30.0,-0.052093506,23.569105,-65.43421,0.0003335731
26.705778208000993,1,267,0.10691534197330475,1,0,1,-30.017122,-30.0,0.017122269,-24.085997,-65.434204,0.0
26.80615999099973,1,268,0.05891534197330475,1,0,1,-30.156681,-30.0,0.15668106,70.72258,-65.43406,0.0
26.90531954800099,1,269,0.010915341973304751,1,0,1,-30.466045,-30.0,0.46604538,13.427733,-65.43034,0.0
27.00560914000016,1,270,-0.03708465802669525,1,0,1,-30.661558,-30.0,0.66155815,-13.124465,-65.42409,0.0
27.106542391000403,1,271,-0.08508465802669525,1,0,1,-30.821737,-30.0,0.8217373,45.299526,-65.417175,0.0
27.20605450700168,1,272,-0.03708465802669525,1,0,1,-30.666979,-30.0,0.66697884,6.731033,-65.4102,0.0
27.307242539998697,1,273,0.010915341973304751,1,0,1,-30.503994,-30.0,0.503994,4.388809,-65.404465,0.0
27.40523853799823,1,274,-0.03708465802669525,1,0,1,-30.296654,-30.0,0.29665375,-31.921385,-65.400406,0.0
27.50551695499962,1,275,0.010305362939834598,1,0,1,-30.002573,-30.0,0.0025730133,42.47093,-65.39941,0.0
27.605572158998257,1,276,-0.02773833870887757,1,0,1,-29.893143,-30.0,-0.1068573,-48.6927,-65.39948,0.0
27.706258171998343,1,277,-0.07573833870887757,1,0,1,-29.546356,-30.0,-0.4536438,-52.652355,-65.40236,0.0
27.805045335000614,1,278,-0.12373833870887757,1,0,1,-29.511345,-30.0,-0.4886551,-21.804808,-65.40618,0.00072261883
27.905705367000337,1,279,-0.07573833870887757,1,0,1,-29.947151,-30.0,-0.052848816,-10.309218,-65.408424,0.0
28.00654503199985,1,280,-0.02773833870887757,1,0,1,-30.697744,-30.0,0.69774437,40.05432,-65.40523,0.0
28.105576360998384,1,281,-0.010514889657497407,1,0,1,-30.845701,-30.0,0.8457012,71.18416,-65.39845,0.0
28.205968761001714,1,282,-0.058514889657497404,1,0,1,-30.853369,-30.0,0.85336876,-18.892288,-65.389404,0.0
28.30629774499903,1,283,-0.010514889657497403,1,0,1,-30.614195,-30.0,0.61419487,-41.18919,-65.381775,0.0
28.406623096998374,1,284,0.0374851103425026,1,0,1,-30.569616,-30.0,0.5696163,7.64656,-65.37641,0.0
28.506875533999846,1,285,0.0854851103425026,1,0,1,-30.48478,-30.0,0.48477936,35.28595,-65.3712,0.0
28.605932285001472,1,286,0.0374851103425026,1,0,1,-30.285069,-30.0,0.2850685,-31.606672,-65.36697,0.0
28.706736470998294,1,287,-0.010514889657497403,1,0,1,-29.93715,-30.0,-0.06285095,43.77937,-65.36673,0.0
28.806336590001592,1,288,-0.038306528329849245,1,0,1,-30.21824,-30.0,0.21824074,-44.876095,-65.36537,0.0
28.905383565001102,1,289,-0.024410057067871097,1,0,1,-29.808962,-30.0,-0.19103813,-3.2482145,-65.36611,0.0
29.00537842799895,1,290,0.023589942932128904,1,0,1,-29.87377,-30.0,-0.12623024,-3.1890867,-65.36731,0.0
29.105907998000475,1,291,0.0715899429321289,1,0,1,-30.490797,-30.0,0.49079704,58.319088,-65.36526,0.0
29.205976893001207,1,292,0.1195899429321289,1,0,1,-31.05495,-30.0,1.0549507,-9.000778,-65.35625,0.0
29.30639276099828,1,293,0.0715899429321289,1,0,1,-30.732876,-30.0,0.7328758,-25.033949,-65.34756,0.0
29.406346277999546,1,294,0.023589942932128904,1,0,1,-30.782463,-30.0,0.7824631,0.72669977,-65.339966,0.0
29.506039985000825,1,295,-0.024410057067871097,1,0,1,-30.723015,-30.0,0.72301483,-9.218216,-65.33275,0.0
29.606116423001367,1,296,0.023589942932128904,1,0,1,-30.549934,-30.0,0.5499344,83.01353,-65.327934,0.0
29.706771707998996,1,297,0.04093762338161469,1,0,1,-30.417868,-30.0,0.41786766,-124.90272,-65.32139,0.0
29.805868969000585,1,298,0.08893762338161469,1,0,1,-30.435974,-30.0,0.43597412,-4.5776367,-65.31762,0.0
29.906504698999925,1,299,0.042758005857467654,1,0,1,-30.269033,-30.0,0.26903343,-17.492294,-65.31415,0.0
30.006738979998772,1,300,0.0,1,1,1,-29.95218,-30.0,-0.047819138,0.0,-65.31326,0.0
31.740601361998415,2,1,0.048,1,0,1,-30.202812,-30.0,0.2028122,-6.185531,-65.25945,0.0
31.84561923000001,2,2,0.0,1,0,1,-30.430532,-30.0,0.43053246,66.12015,-65.25561,0.0
31.94399600899851,2,3,0.008485614508390428,1,0,1,-30.550077,-30.0,0.55007744,30.794142,-65.25004,0.0
32.04560197899991,2,4,-0.03951438549160957,1,0,1,-30.671782,-30.0,0.67178154,48.46191,-65.24367,0.0
32.144001107000804,2,5,-0.03835757374763489,1,0,1,-30.482542,-30.0,0.48254204,-18.177032,-65.236855,0.0
32.246109937001165,2,6,-0.017115306854248048,1,0,1,-30.83611,-30.0,0.83610916,22.022245,-65.230705,0.0
32.34468702099912,2,7,-0.06511530685424805,1,0,1,-30.5973,-30.0,0.5972996,-41.070934,-65.223045,0.0
32.44453661800071,2,8,-0.0707066297531128,1,0,1,-30.62002,-30.0,0.6200199,-104.301445,-65.2167,0.0
32.54418087999875,2,9,-0.1187066297531128,1,0,1,-30.509138,-30.0,0.5091381,63.932415,-65.212585,0.0
32.64430928400179,2,10,-0.0707066297531128,1,0,1,-30.637247,-30.0,0.6372471,-8.699417,-65.204475,0.0
32.74432119300036,2,11,-0.0227066297531128,1,0,1,-30.356224,-30.0,0.35622406,-107.4829,-65.199005,0.0
32.8456584150008,2,12,-0.015700554847717287,1,0,1,-30.641495,-30.0,0.64149475,65.8226,-65.1944,0.0
32.944665724000515,2,13,0.03229944515228271,1,0,1,-30.060568,-30.0,0.060567856,-92.17452,-65.1902,0.0
33.04433736500141,2,14,-0.01570055484771729,1,0,1,-30.535433,-30.0,0.5354328,-129.85992,-65.18548,0.0
33.14542036399871,2,15,-0.06370055484771729,1,0,1,-30.28809,-30.0,0.28808975,215.72493,-65.18506,0.0
33.24564598800134,2,16,-0.11170055484771729,1,0,1,-31.195566,-30.0,1.1955662,96.6587,-65.17644,0.0
33.345050836000155,2,17,-0.06370055484771729,1,0,1,-30.915405,-30.0,0.9154053,-76.08414,-65.16473,0.0
33.4446909090002,2,18,-0.01570055484771729,1,0,1,-30.889896,-30.0,0.8898964,128.32451,-65.158646,0.0
33.544462843001384,2,19,-0.06370055484771729,1,0,1,-30.845182,-30.0,0.8451824,-25.27809,-65.14948,0.0
33.64573413399921,2,20,-0.0973501741886139,1,0,1,-30.891588,-30.0,0.8915882,-38.045883,-65.13991,0.0
33.74514428999828,2,21,-0.0493501741886139,1,0,1,-30.699636,-30.0,0.69963646,-44.04449,-65.13202,0.0
33.845256493001216,2,22,-0.001350174188613898,1,0,1,-30.694128,-30.0,0.69412804,-17.816544,-65.124794,0.0
33.945102738998685,2,23,-0.0493501741886139,1,0,1,-30.520586,-30.0,0.520586,8.838654,-65.1194,0.0
34.04468247100158,2,24,-0.05601779222488404,1,0,1,-30.660166,-30.0,0.6601658,45.478817,-65.113464,0.0
34.144446024998615,2,25,-0.008017792224884038,1,0,1,-30.261625,-30.0,0.2616253,-33.830643,-65.107285,0.0
34.24531530999957,2,26,-0.05601779222488404,1,0,1,-30.845642,-30.0,0.8456421,-105.142586,-65.10077,0.0
34.34449498899994,2,27,-0.03764295279979706,1,0,1,-30.39533,-30.0,0.39533043,23.78082,-65.09577,0.0
34.44605710099859,2,28,-0.06579673290252686,1,0,1,-31.052511,-30.0,1.0525112,-68.538666,-65.08637,0.0
34.54539769500116,2,29,-0.08782929182052612,1,0,1,-31.25453,-30.0,1.25453,73.83728,-65.07463,0.0
34.64420693500142,2,30,-0.0671585202217102,1,0,1,-31.167835,-30.0,1.1678352,-85.80016,-65.06038,0.0
34.744597945998976,2,31,-0.019158520221710204,1,0,1,-30.77912,-30.0,0.7791195,-11.602401,-65.05109,0.0
34.844482188000256,2,32,0.028841479778289797,1,0,1,-30.927094,-30.0,0.9270935,-54.254528,-65.042206,0.0
34.94548864199896,2,33,-0.019158520221710204,1,0,1,-30.723913,-30.0,0.7239132,130.74875,-65.03555,0.0
35.044839015001344,2,34,0.028841479778289797,1,0,1,-30.66121,-30.0,0.6612091,-51.048275,-65.026726,0.0
35.14444305299912,2,35,-0.019158520221710204,1,0,1,-31.006784,-30.0,1.0067844,129.16756,-65.02144,0.0
35.244361656001274,2,36,0.028841479778289797,1,0,1,-30.962141,-30.0,0.96214104,63.44032,-65.01273,0.0
35.345030356998905,2,37,-0.019158520221710204,1,0,1,-31.102173,-30.0,1.1021729,66.101074,-65.0026,0.0
35.444978853000066,2,38,0.028841479778289797,1,0,1,-31.244913,-30.0,1.2449131,-29.170988,-64.990326,0.0
35.54675859299823,2,39,0.0768414797782898,1,0,1,-31.10203,-30.0,1.1020298,-53.358074,-64.97743,0.0
35.644561278000765,2,40,0.1248414797782898,1,0,1,-31.559977,-30.0,1.5599766,-38.812637,-64.964005,0.0
35.74496262699904,2,41,0.0768414797782898,1,0,1,-31.246317,-30.0,1.2463169,66.949844,-64.95104,0.0
35.84454906500105,2,42,0.028841479778289797,1,0,1,-31.43263,-30.0,1.4326305,32.09114,-64.936676,0.0
35.94417545300166,2,43,0.0768414797782898,1,0,1,-31.121689,-30.0,1.1216888,93.338005,-64.92555,0.0
36.044898072999786,2,44,0.047300055623054504,1,0,1,-31.67346,-30.0,1.67346,3.7860868,-64.910324,0.0
36.14522147900061,2,45,0.0953000556230545,1,0,1,-30.944334,-30.0,0.94433403,-133.83102,-64.89698,0.0
36.24467130799894,2,46,0.047300055623054504,1,0,1,-30.954813,-30.0,0.954813,-1.9607543,-64.88903,0.0
36.34393200499835,2,47,0.0953000556230545,1,0,1,-31.225498,-30.0,1.2254982,180.0022,-64.88016,0.0
36.44423557600021,2,48,0.047300055623054504,1,0,1,-31.074884,-30.0,1.0748844,-114.610664,-64.86763,0.0
36.54477158000009,2,49,-0.0006999443769454966,1,0,1,-31.158194,-30.0,1.1581936,47.424313,-64.85595,0.0
36.64484690899917,2,50,-0.0486999443769455,1,0,1,-31.52968,-30.0,1.5296803,-48.603054,-64.84143,0.0
36.744395633999375,2,51,-0.0006999443769454966,1,0,1,-31.323719,-30.0,1.323719,-80.21164,-64.826614,0.0
36.844932476000395,2,52,-0.0486999443769455,1,0,1,-30.9834,-30.0,0.98340034,79.45061,-64.81598,0.0
36.94389425400004,2,53,-0.0006999443769454966,1,0,1,-31.272184,-30.0,1.2721844,133.11386,-64.80639,0.0
37.04579887300133,2,54,0.047300055623054504,1,0,1,-31.056566,-30.0,1.0565662,-48.31695,-64.793434,0.0
37.14397339599964,2,55,0.0953000556230545,1,0,1,-30.562841,-30.0,0.5628414,-6.3571925,-64.786156,0.0
37.24473540799954,2,56,0.047300055623054504,1,0,1,-31.102827,-30.0,1.1028271,45.190807,-64.77748,0.0
37.344545061001554,2,57,-0.0006999443769454966,1,0,1,-31.305746,-30.0,1.3057461,33.714294,-64.765755,0.0
37.44443237800078,2,58,-0.0486999443769455,1,0,1,-31.740805,-30.0,1.7408047,-47.723766,-64.749084,0.0
37.544745727998816,2,59,-0.0966999443769455,1,0,1,-31.771008,-30.0,1.7710075,3.4027097,-64.731834,0.0
37.644987281000795,2,60,-0.056358140707015995,1,0,1,-31.62767,-30.0,1.6276703,81.68029,-64.71556,0.0
37.744726534998335,2,61,-0.10435814070701599,1,0,1,-31.208136,-30.0,1.2081356,84.68627,-64.70226,0.0
37.844797955000104,2,62,-0.15235814070701598,1,0,1,-31.242792,-30.0,1.2427921,-35.779953,-64.68861,0.0
37.94440814200061,2,63,-0.10435814070701598,1,0,1,-31.274437,-30.0,1.274437,-31.093596,-64.67652,0.0
38.04409347800174,2,64,-0.056358140707015975,1,0,1,-31.258965,-30.0,1.2589645,25.15602,-64.66407,0.0
38.14493064099952,2,65,-0.008358140707015974,1,0,1,-30.988468,-30.0,0.98846817,8.897781,-64.65376,0.0
38.24553872300021,2,66,-0.056358140707015975,1,0,1,-30.99867,-30.0,0.9986706,-62.12997,-64.643326,0.0
38.34533301199917,2,67,-0.008358140707015974,1,0,1,-30.836287,-30.0,0.83628654,-8.142471,-64.634,0.0
38.444844582998485,2,68,-0.016488060355186462,1,0,1,-31.238604,-30.0,1.2386036,-7.0629115,-64.62309,0.0
38.54425418499886,2,69,0.03151193964481354,1,0,1,-31.267248,-30.0,1.2672482,-36.420822,-64.611465,0.0
38.6448569589993,2,70,-0.007101815193891525,1,0,1,-31.873632,-30.0,1.8736324,138.97133,-64.59817,0.0
38.744768862001365,2,71,0.040898184806108476,1,0,1,-31.706821,-30.0,1.7068214,-103.62815,-64.57831,0.0
38.844374300999334,2,72,-0.007101815193891525,1,0,1,-31.676878,-30.0,1.676878,31.656263,-64.56192,0.0
38.94549055099924,2,73,0.040898184806108476,1,0,1,-31.730099,-30.0,1.7300987,78.825,-64.54599,0.0
39.045251875999384,2,74,-0.007101815193891525,1,0,1,-31.114819,-30.0,1.1148186,-164.13496,-64.5303,0.0
39.14534285300033,2,75,-0.055101815193891526,1,0,1,-30.198154,-30.0,0.19815445,-38.43689,-64.52566,0.0
39.24547098599942,2,76,-0.007101815193891525,1,0,1,-30.88671,-30.0,0.8867092,91.7282,-64.52082,0.0
39.34518817099888,2,77,0.026908415555953982,1,0,1,-31.115452,-30.0,1.1154518,-32.936096,-64.50915,0.0
39.44540626000162,2,78,0.07490841555595398,1,0,1,-31.083199,-30.0,1.0831985,100.646965,-64.49906,0.0
39.54639651600155,2,79,0.12290841555595398,1,0,1,-31.039246,-30.0,1.0392456,66.18881,-64.48914,0.0
39.645993294998334,2,80,0.13784855604171753,1,0,1,-31.399555,-30.0,1.3995552,-18.297195,-64.475655,0.0
39.74501541800055,2,81,0.08984855604171753,1,0,1,-31.931784,-30.0,1.9317837,-18.772125,-64.45792,0.0
39.844879830001446,2,82,0.04184855604171753,1,0,1,-31.781794,-30.0,1.7817936,-30.117033,-64.439575,0.0
39.94467495999925,2,83,0.08984855604171753,1,0,1,-31.046993,-30.0,1.0469933,-102.11753,-64.42504,0.0
40.044347448001645,2,84,0.13784855604171753,1,0,1,-30.971277,-30.0,0.97127724,-86.000435,-64.415565,0.0
40.14478567799961,2,85,0.16186727285385133,1,0,1,-31.146738,-30.0,1.146738,99.86495,-64.40535,0.0
40.24437323800157,2,86,0.15754642486572268,1,0,1,-31.23931,-30.0,1.2393093,162.82652,-64.39523,0.0
40.344785487999616,2,87,0.10954642486572268,1,0,1,-31.119678,-30.0,1.1196785,-10.866164,-64.38174,0.0
40.44414899700132,2,88,0.061546424865722676,1,0,1,-30.85437,-30.0,0.8543701,8.735657,-64.37226,0.0
40.544916319999174,2,89,0.10954642486572268,1,0,1,-31.61148,-30.0,1.6114807,35.73227,-64.360245,0.0
40.64445331499883,2,90,0.061546424865722676,1,0,1,-31.150045,-30.0,1.1500454,-21.308897,-64.34591,0.0
40.74571707300129,2,91,0.013546424865722675,1,0,1,-31.006367,-30.0,1.0063667,9.778976,-64.33366,0.0
40.84413911899901,2,92,-0.024372397363185888,1,0,1,-31.33172,-30.0,1.3317204,-82.42034,-64.320885,0.0
40.94544617900101,2,93,-0.042704936861991886,1,0,1,-31.507633,-30.0,1.5076332,62.751766,-64.30684,0.0
41.04507871899841,2,94,-0.09070493686199188,1,0,1,-31.194813,-30.0,1.1948128,-102.03742,-64.29333,0.0
41.14402066600087,2,95,-0.05101686716079712,1,0,1,-31.032288,-30.0,1.0322876,-42.264935,-64.28293,0.0
41.24462847199902,2,96,-0.09901686716079712,1,0,1,-31.129602,-30.0,1.1296024,-26.226042,-64.27264,0.0
41.34602632599854,2,97,-0.05101686716079712,1,0,1,-31.04497,-30.0,1.0449696,29.39224,-64.26219,0.0
41.44567339200148,2,98,-0.003016867160797118,1,0,1,-31.12192,-30.0,1.1219196,26.569365,-64.25146,0.0
41.54521625599955,2,99,0.04498313283920288,1,0,1,-31.16276,-30.0,1.1627598,-29.352186,-64.23869,0.0
41.64465882600052,2,100,-0.003016867160797118,1,0,1,-31.171072,-30.0,1.171072,15.907287,-64.227646,0.0
41.74411480699928,2,101,0.0033360991626977922,1,0,1,-31.117346,-30.0,1.1173458,53.48396,-64.216354,0.0
41.8445024749999,2,102,-0.044663900837302206,1,0,1,-31.343082,-30.0,1.3430824,-50.266262,-64.203445,0.0
41.94488902399826,2,103,0.003336099162697795,1,0,1,-31.266302,-30.0,1.2663021,5.615234,-64.190865,0.0
42.04554404499868,2,104,0.051336099162697796,1,0,1,-31.267483,-30.0,1.2674828,44.37637,-64.17859,0.0
42.14488241299841,2,105,0.003336099162697795,1,0,1,-31.331083,-30.0,1.3310833,-0.27275085,-64.16488,0.0
42.24477811700126,2,106,0.051336099162697796,1,0,1,-31.00676,-30.0,1.0067596,-125.81443,-64.150856,0.0
42.34444809300112,2,107,0.0993360991626978,1,0,1,-30.616497,-30.0,0.61649704,-24.137495,-64.141914,0.0
42.44515591399977,2,108,0.1473360991626978,1,0,1,-31.147501,-30.0,1.147501,-116.4627,-64.1307,0.0
42.54514324900083,2,109,0.0993360991626978,1,0,1,-30.990065,-30.0,0.9900646,-46.18835,-64.12044,0.0
42.644500893999066,2,110,0.051336099162697796,1,0,1,-31.353645,-30.0,1.3536453,-12.075423,-64.10842,0.0
42.74616889599929,2,111,0.003336099162697795,1,0,1,-31.36677,-30.0,1.3667698,17.463684,-64.09568,0.0
42.84478231100002,2,112,0.051336099162697796,1,0,1,-31.399927,-30.0,1.3999271,7.52449,-64.08187,0.0
42.944371271998534,2,113,0.003336099162697795,1,0,1,-31.496246,-30.0,1.4962463,-26.647566,-64.06702,0.0
43.04424602400104,2,114,-0.00438794419169426,1,0,1,-31.466429,-30.0,1.4664288,-16.098022,-64.05206,0.0
43.14642638499936,2,115,0.04361205580830574,1,0,1,-31.30284,-30.0,1.3028393,-29.46472,-64.03796,0.0
43.2451074060009,2,116,0.09161205580830574,1,0,1,-31.349422,-30.0,1.3494225,-21.446226,-64.02429,0.0
43.34458322399951,2,117,0.04361205580830574,1,0,1,-31.597158,-30.0,1.5971584,81.38084,-64.01044,0.0
43.4441408950006,2,118,-0.004387944191694262,1,0,1,-31.36187,-30.0,1.3618698,15.810012,-63.996246,0.0
43.54535213499912,2,119,0.04361205580830574,1,0,1,-30.983624,-30.0,0.9836235,-81.0604,-63.982037,0.0
43.64589317499849,2,120,0.09161205580830574,1,0,1,-31.476328,-30.0,1.4763279,148.5691,-63.97069,0.0
43.74423672299963,2,121,0.13961205580830574,1,0,1,-30.79453,-30.0,0.79453087,-143.40591,-63.958588,0.0
43.844850679000956,2,122,0.09161205580830574,1,0,1,-31.383484,-30.0,1.3834839,45.553204,-63.949764,0.0
43.94417983099993,2,123,0.04361205580830574,1,0,1,-31.032314,-30.0,1.0323143,113.33465,-63.937332,0.0
44.04471640200063,2,124,0.09161205580830574,1,0,1,-31.539648,-30.0,1.539648,40.15541,-63.924366,0.0
44.14454031100104,2,125,0.04361205580830574,1,0,1,-31.583002,-30.0,1.5830021,-12.691497,-63.90885,0.0
44.24492574599935,2,126,0.09161205580830574,1,0,1,-31.62649,-30.0,1.6264896,5.5847163,-63.89219,0.0
44.34534666000036,2,127,0.04361205580830574,1,0,1,-31.421278,-30.0,1.421278,-31.724928,-63.877136,0.0
44.445148498998606,2,128,0.09161205580830574,1,0,1,-31.52023,-30.0,1.5202293,-45.568462,-63.862057,0.0
44.54543950800144,2,129,0.07684440016746522,1,0,1,-31.549229,-30.0,1.5492287,101.68647,-63.84734,0.0
44.64372299200113,2,130,0.12484440016746522,1,0,1,-31.86226,-30.0,1.8622608,81.67266,-63.830166,0.0
44.745222819001356,2,131,0.13924996852874758,1,0,1,-32.295483,-30.0,2.2954826,7.705688,-63.809402,0.0
44.844631312000274,2,132,0.09124996852874757,1,0,1,-31.911455,-30.0,1.9114552,-157.11021,-63.787212,0.0
44.94405684600133,2,133,0.04324996852874757,1,0,1,-32.546585,-30.0,2.546585,98.251335,-63.76606,0.0
45.044814955999755,2,134,-0.004750031471252428,1,0,1,-31.775126,-30.0,1.7751255,-35.152435,-63.744957,0.0
45.14491348299998,2,135,0.04324996852874757,1,0,1,-31.577282,-30.0,1.577282,-40.02571,-63.72739,0.0
45.244744655999966,2,136,0.09124996852874757,1,0,1,-31.934437,-30.0,1.9344368,-122.379295,-63.708584,0.0
45.344428044998494,2,137,0.06434068679809571,1,0,1,-31.377754,-30.0,1.3777542,-112.97416,-63.6918,0.0
45.445061557999,2,138,0.053468674421310425,1,0,1,-30.73038,-30.0,0.7303791,-68.25447,-63.680725,0.0
45.54459073700127,2,139,0.10146867442131043,1,0,1,-30.871344,-30.0,0.8713436,115.40412,-63.672394,0.0
45.64439928199863,2,140,0.053468674421310425,1,0,1,-31.171274,-30.0,1.1712742,41.496273,-63.661674,0.0
45.74476069299999,2,141,0.005468674421310424,1,0,1,-31.968735,-30.0,1.9687347,131.51169,-63.646675,0.0
45.845114282001305,2,142,0.053468674421310425,1,0,1,-32.31654,-30.0,2.3165398,0.11825561,-63.62524,0.0
45.945518994998565,2,143,0.005468674421310424,1,0,1,-32.32515,-30.0,2.3251495,90.75927,-63.60302,0.0
46.04497218799952,2,144,-0.04253132557868958,1,0,1,-32.06635,-30.0,2.066349,-27.389524,-63.579807,0.0
46.14637731100083,2,145,0.005468674421310424,1,0,1,-31.670645,-30.0,1.6706448,-25.938032,-63.56034,0.0
46.24562209600117,2,146,-0.04253132557868958,1,0,1,-31.881033,-30.0,1.881033,16.0923,-63.54161,0.0
46.34461740700135,2,147,0.005468674421310424,1,0,1,-31.343493,-30.0,1.3434925,65.813065,-63.527256,0.0
46.44425442300053,2,148,0.012547793984413148,1,0,1,-31.381315,-30.0,1.3813152,-36.29875,-63.51186,0.0
46.54543493500023,2,149,-0.03545220601558685,1,0,1,-31.478363,-30.0,1.478363,5.544662,-63.497025,0.0
46.64509374100089,2,150,0.01254779398441315,1,0,1,-31.480543,-30.0,1.4805431,-6.7729945,-63.482193,0.0
46.74565350299963,2,151,-0.03545220601558685,1,0,1,-31.591429,-30.0,1.5914288,3.2138822,-63.466805,0.0
46.844076116001816,2,152,0.01254779398441315,1,0,1,-31.776667,-30.0,1.7766666,48.215862,-63.450016,0.0
46.94536334700024,2,153,0.06054779398441315,1,0,1,-32.582718,-30.0,2.582718,41.774746,-63.427692,0.0
47.04580829000042,2,154,0.10854779398441315,1,0,1,-32.727104,-30.0,2.7271042,-17.154694,-63.400425,0.0
47.14577132699924,2,155,0.06054779398441315,1,0,1,-32.60981,-30.0,2.6098099,-50.098415,-63.37341,0.0
47.24508763099948,2,156,0.01254779398441315,1,0,1,-32.26144,-30.0,2.2614403,7.8277583,-63.35023,0.0
47.345721983998374,2,157,-0.03545220601558685,1,0,1,-31.975042,-30.0,1.9750423,-25.362013,-63.329426,0.0
47.4459004119999,2,158,-0.08345220601558685,1,0,1,-31.775177,-30.0,1.775177,-2.0389557,-63.310925,0.0
47.545144920000894,2,159,-0.03545220601558685,1,0,1,-31.754398,-30.0,1.7543983,-38.99002,-63.293423,0.0
47.645627297999454,2,160,0.01254779398441315,1,0,1,-31.474056,-30.0,1.4740562,12.487411,-63.277733,0.0
47.74473491599929,2,161,0.06054779398441315,1,0,1,-31.505554,-30.0,1.5055542,-31.862257,-63.26188,0.0
47.84454178799933,2,162,0.01254779398441315,1,0,1,-31.640907,-30.0,1.6409073,58.486935,-63.247017,0.0
47.945078084998386,2,163,-0.03545220601558685,1,0,1,-31.368284,-30.0,1.3682842,24.74594,-63.23172,0.0
48.0460353870003,2,164,0.01254779398441315,1,0,1,-31.596748,-30.0,1.5967484,-15.594481,-63.216427,0.0
48.14459768300003,2,165,0.06054779398441315,1,0,1,-32.489887,-30.0,2.4898872,67.84439,-63.19613,0.0
48.24500938300116,2,166,0.01254779398441315,1,0,1,-32.395027,-30.0,2.3950272,-12.886046,-63.17079,0.0
48.3447601020016,2,167,-0.03545220601558685,1,0,1,-32.4472,-30.0,2.4472008,-50.666805,-63.14634,0.0
48.44496507100121,2,168,0.01254779398441315,1,0,1,-32.140617,-30.0,2.1406174,-48.191067,-63.12281,0.0
48.5450870679997,2,169,0.06054779398441315,1,0,1,-31.816067,-30.0,1.8160667,-119.480125,-63.102924,0.0
48.646134604998224,2,170,0.01254779398441315,1,0,1,-32.092804,-30.0,2.092804,19.580841,-63.083473,0.0
48.744669804000296,2,171,-0.03545220601558685,1,0,1,-31.642052,-30.0,1.6420517,-1.8348693,-63.06494,0.0
48.844216307999886,2,172,0.01254779398441315,1,0,1,-31.650936,-30.0,1.6509361,29.991148,-63.047398,0.0
48.9448408850003,2,173,0.06054779398441315,1,0,1,-31.840137,-30.0,1.8401375,-9.698868,-63.029404,0.0
49.044585181,2,174,0.01254779398441315,1,0,1,-31.658186,-30.0,1.658186,3.8280485,-63.011806,0.0
49.14557963900006,2,175,-0.03545220601558685,1,0,1,-31.802427,-30.0,1.8024273,-8.903503,-62.993973,0.0
49.245675376998406,2,176,0.01254779398441315,1,0,1,-32.63762,-30.0,2.637619,247.49373,-62.97314,0.0
49.34422202999849,2,177,-0.03545220601558685,1,0,1,-32.488083,-30.0,2.488083,46.337124,-62.946533,0.0
49.44577689699872,2,178,-0.08345220601558685,1,0,1,-32.6898,-30.0,2.6898003,-64.43024,-62.92002,0.0
49.54495435799981,2,179,-0.13145220601558685,1,0,1,-32.04766,-30.0,2.0476608,-107.963554,-62.896114,0.0
49.64499869299834,2,180,-0.08345220601558685,1,0,1,-31.856932,-30.0,1.8569317,-3.5343168,-62.87686,0.0
49.745259257000725,2,181,-0.03545220601558685,1,0,1,-31.630535,-30.0,1.6305351,-64.21471,-62.858883,0.0
49.844876162998844,2,182,0.0062462929636240005,1,0,1,-31.660688,-30.0,1.6606884,14.581679,-62.842796,0.0
49.944684155001596,2,183,0.054246292963624,1,0,1,-31.671968,-30.0,1.6719685,-21.703718,-62.825672,0.0
50.04502517700166,2,184,0.0062462929636240005,1,0,1,-31.46663,-30.0,1.4666309,22.827147,-62.811626,0.0
50.14496279499872,2,185,0.054246292963624,1,0,1,-31.712082,-30.0,1.7120819,-8.674622,-62.795353,0.0
50.24528146800003,2,186,0.102246292963624,1,0,1,-31.861193,-30.0,1.8611927,-55.622097,-62.777676,0.0
50.34415330399861,2,187,0.15024629296362402,1,0,1,-32.12522,-30.0,2.1252213,59.162136,-62.75752,0.0
50.44478375000108,2,188,0.10224629296362402,1,0,1,-33.034924,-30.0,3.0349236,36.685944,-62.729656,0.0
50.54549940200013,2,189,0.054246292963624015,1,0,1,-32.566296,-30.0,2.5662956,-18.325806,-62.70188,0.0
50.64424496499851,2,190,0.006246292963624014,1,0,1,-32.262245,-30.0,2.2622452,-134.35364,-62.676735,0.0
50.7449513979991,2,191,-0.04175370703637599,1,0,1,-31.836344,-30.0,1.8363438,-45.62187,-62.656593,0.0
50.844439517000865,2,192,0.003426422178745267,1,0,1,-31.632019,-30.0,1.632019,-126.041405,-62.6384,0.0
50.94564629600063,2,193,-0.01841369569301605,1,0,1,-31.265905,-30.0,1.2659054,-33.85353,-62.62492,0.0
51.04413512300016,2,194,-0.06641369569301606,1,0,1,-31.144587,-30.0,1.1445866,-45.387264,-62.613045,0.0
51.14488988700032,2,195,-0.07529700994491578,1,0,1,-31.102747,-30.0,1.102747,135.5629,-62.603172,0.0
51.2457781890007,2,196,-0.12329700994491578,1,0,1,-31.158823,-30.0,1.158823,15.657424,-62.58951,0.0
51.34522244799882,2,197,-0.07529700994491578,1,0,1,-31.676943,-30.0,1.6769428,-13.452529,-62.57391,0.0
51.445091342000524,2,198,-0.02729700994491578,1,0,1,-32.173866,-30.0,2.1738663,124.93133,-62.555325,0.0
51.544690369999444,2,199,-0.07529700994491578,1,0,1,-32.68236,-30.0,2.6823616,22.41516,-62.530083,0.0
51.64418686999852,2,200,-0.12329700994491578,1,0,1,-32.729893,-30.0,2.7298927,-18.680573,-62.50297,0.0
51.74560121800096,2,201,-0.07529700994491578,1,0,1,-32.489723,-30.0,2.4897232,-79.891205,-62.475655,0.0
51.844434504000674,2,202,-0.02729700994491578,1,0,1,-32.56836,-30.0,2.5683594,34.50775,-62.451397,0.0
51.945497969001735,2,203,-0.00891413390636444,1,0,1,-31.84729,-30.0,1.84729,-64.70299,-62.429573,0.0
52.04524115100139,2,204,0.03908586609363556,1,0,1,-31.70414,-30.0,1.7041397,-88.03367,-62.411354,0.0
52.1449382360006,2,205,0.08708586609363556,1,0,1,-31.903,-30.0,1.9029999,2.7675626,-62.39351,0.0
52.24472443999912,2,206,0.039085866093635555,1,0,1,-31.630543,-30.0,1.6305428,-70.178986,-62.374912,0.0
52.345253757001046,2,207,0.012663610279560089,1,0,1,-31.841146,-30.0,1.8411465,4.846573,-62.357513,0.0
52.44659239799876,2,208,0.017957063019275667,1,0,1,-32.139874,-30.0,2.1398735,57.163235,-62.33777,0.0
52.54431716000181,2,209,0.001442949753254652,1,0,1,-32.865788,-30.0,2.8657875,63.743587,-62.31232,0.0
52.64513869399889,2,210,-0.04115030467510224,1,0,1,-32.728077,-30.0,2.728077,24.246214,-62.28404,0.0
52.74594318800155,2,211,0.006849695324897764,1,0,1,-32.755867,-30.0,2.755867,7.148742,-62.25641,0.0
52.844687635999435,2,212,0.054849695324897765,1,0,1,-32.463943,-30.0,2.4639435,-70.739746,-62.230476,0.0
52.94461128900002,2,213,0.006849695324897764,1,0,1,-32.338165,-30.0,2.3381653,-30.708311,-62.206314,0.0
53.04429887800143,2,214,-0.04115030467510224,1,0,1,-31.947094,-30.0,1.947094,-35.186768,-62.18492,0.0
53.1450463809997,2,215,-0.02421097904443741,1,0,1,-31.863346,-30.0,1.8633461,109.88235,-62.167862,0.0
53.24458618499921,2,216,-0.0722109790444374,1,0,1,-31.710003,-30.0,1.7100029,11.827468,-62.15018,0.0
53.34448134299964,2,217,-0.11071643829345704,1,0,1,-32.09232,-30.0,2.0923195,40.409084,-62.130962,0.0
53.443927280000935,2,218,-0.06271643829345704,1,0,1,-32.304146,-30.0,2.3041458,23.952482,-62.108944,0.0
53.54483737400005,2,219,-0.11071643829345704,1,0,1,-32.52936,-30.0,2.5293617,37.158966,-62.084034,0.0
53.64414809799928,2,220,-0.06271643829345704,1,0,1,-32.746414,-30.0,2.7464142,153.36609,-62.05978,0.0
53.74544846700155,2,221,-0.09398956298828126,1,0,1,-32.77271,-30.0,2.772709,-55.53436,-62.029938,0.0
53.84551068699875,2,222,-0.04598956298828126,1,0,1,-32.798862,-30.0,2.7988625,89.53857,-62.00322,0.0
53.94500774900007,2,223,-0.09398956298828126,1,0,1,-32.291016,-30.0,2.2910156,28.942106,-61.97922,0.0
54.0452127239987,2,224,-0.04598956298828126,1,0,1,-32.485687,-30.0,2.4856873,-98.09112,-61.95518,0.0
54.14463519600031,2,225,-0.09398956298828126,1,0,1,-32.19239,-30.0,2.1923904,88.27209,-61.933167,0.0
54.24436832200081,2,226,-0.04598956298828126,1,0,1,-33.132927,-30.0,3.132927,14.289855,-61.904854,0.0
54.34561952399963,2,227,-0.010279185324907306,1,0,1,-32.822193,-30.0,2.8221931,-9.502411,-61.874756,0.0
54.4436976850011,2,228,-0.05827918532490731,1,0,1,-32.061886,-30.0,2.0618858,-43.128963,-61.850723,0.0
54.54556488899834,2,229,-0.010279185324907306,1,0,1,-32.29946,-30.0,2.2994614,136.4212,-61.82995,0.0
54.64446243199927,2,230,-0.05827918532490731,1,0,1,-33.060013,-30.0,3.0600128,-87.79525,-61.80076,0.0
54.745230888998776,2,231,-0.010279185324907306,1,0,1,-33.103756,-30.0,3.103756,-32.15027,-61.771217,0.0
54.84601024299991,2,232,-0.05827918532490731,1,0,1,-32.70069,-30.0,2.7006912,-133.0719,-61.74125,0.0
54.9444616389992,2,233,-0.010279185324907306,1,0,1,-32.749474,-30.0,2.7494736,56.38122,-61.715343,0.0
55.044813561999035,2,234,-0.05827918532490731,1,0,1,-32.739662,-30.0,2.7396622,-117.59948,-61.686485,0.0
55.14497356100037,2,235,-0.010279185324907306,1,0,1,-32.015404,-30.0,2.0154037,-102.4475,-61.66329,0.0
55.24458013500043,2,236,-0.05827918532490731,1,0,1,-32.198383,-30.0,2.1983833,-2.7351377,-61.64368,0.0
55.34375900099985,2,237,-0.05835530757904053,1,0,1,-31.69374,-30.0,1.6937408,22.850035,-61.624897,0.0
55.44373601500047,2,238,-0.010355307579040532,1,0,1,-32.30202,-30.0,2.302021,-12.432097,-61.6033,0.0
55.544025080998836,2,239,0.03764469242095947,1,0,1,-33.00708,-30.0,3.00708,182.56758,-61.57746,0.0
55.64454630000182,2,240,0.08564469242095947,1,0,1,-33.359764,-30.0,3.359764,-23.353575,-61.544376,0.0
55.744517448001716,2,241,0.03764469242095947,1,0,1,-32.956932,-30.0,2.956932,-42.652126,-61.512543,0.0
55.845537894998415,2,242,0.08564469242095947,1,0,1,-32.810463,-30.0,2.810463,11.093139,-61.484047,0.0
55.944746933000715,2,243,0.03764469242095947,1,0,1,-32.789436,-30.0,2.7894363,48.732754,-61.45639,0.0
56.045379620998574,2,244,-0.010355307579040532,1,0,1,-32.60432,-30.0,2.6043205,-0.5874634,-61.42892,0.0
56.144236097999965,2,245,-0.05835530757904053,1,0,1,-32.425556,-30.0,2.4255562,-75.65689,-61.403133,0.0
56.243999119000364,2,246,-0.010355307579040532,1,0,1,-32.221104,-30.0,2.2211037,-35.27832,-61.380127,0.0
56.344579286000226,2,247,0.03764469242095947,1,0,1,-32.342648,-30.0,2.3426476,-13.999938,-61.357048,0.0
56.44452277700111,2,248,0.02951050400733948,1,0,1,-32.232998,-30.0,2.232998,-23.185728,-61.33397,0.0
56.54528397299873,2,249,0.001287490222603084,1,0,1,-32.647484,-30.0,2.6474838,-2.758026,-61.309734,0.0
56.6456113130007,2,250,0.049287490222603085,1,0,1,-32.906322,-30.0,2.9063225,73.0896,-61.28272,0.0
56.74432447700019,2,251,0.001287490222603084,1,0,1,-33.52559,-30.0,3.525589,17.097473,-61.248764,0.0
56.8453907410003,2,252,-0.018420380353927613,1,0,1,-33.53351,-30.0,3.5335083,-45.25375,-61.212734,0.0
56.944618219000404,2,253,0.029579619646072388,1,0,1,-33.32558,-30.0,3.3255806,14.4348135,-61.179768,0.0
57.04417450999972,2,254,0.07757961964607239,1,0,1,-32.717453,-30.0,2.717453,-26.847837,-61.14972,0.0
57.145522096001514,2,255,0.02957961964607239,1,0,1,-32.59192,-30.0,2.591919,-71.99478,-61.123035,0.0
57.24575780500163,2,256,-0.01842038035392761,1,0,1,-32.425816,-30.0,2.4258156,-8.377075,-61.09743,0.0
57.34537080700102,2,257,0.02957961964607239,1,0,1,-32.11897,-30.0,2.118969,-147.35413,-61.07238,0.0
57.445886162000534,2,258,-0.01842038035392761,1,0,1,-32.527763,-30.0,2.5277634,-22.754667,-61.049786,0.0
57.54463983499954,2,259,-0.0461179792881012,1,0,1,-32.371803,-30.0,2.3718033,-48.011776,-61.02572,0.0
57.64428692000001,2,260,-0.0941179792881012,1,0,1,-32.35995,-30.0,2.359951,-31.124113,-61.002262,0.0
57.74489111300136,2,261,-0.0461179792881012,1,0,1,-32.79933,-30.0,2.7993317,113.10958,-60.978725,0.0
57.84436666900001,2,262,0.001882020711898802,1,0,1,-32.57694,-30.0,2.5769386,86.402885,-60.952656,0.0
57.94363465499919,2,263,0.042403396964073185,1,0,1,-33.518158,-30.0,3.518158,96.50039,-60.920883,0.0
58.04536413599999,2,264,-0.005596603035926816,1,0,1,-33.272545,-30.0,3.2725449,-49.953457,-60.885757,0.0
58.143949072000396,2,265,-0.05359660303592682,1,0,1,-33.024467,-30.0,3.0244675,4.009247,-60.85484,0.0
58.24485358500169,2,266,-0.037887549400329595,1,0,1,-32.62832,-30.0,2.6283188,0.3738403,-60.8271,0.0
58.3445693950016,2,267,0.010112450599670406,1,0,1,-32.830734,-30.0,2.8307343,63.613888,-60.800896,0.0
58.44450897799834,2,268,0.05811245059967041,1,0,1,-32.921288,-30.0,2.9212875,120.49865,-60.7746,0.0
58.54553725000005,2,269,0.010112450599670406,1,0,1,-33.04509,-30.0,3.0450897,-10.540008,-60.744167,0.0
58.645122036999965,2,270,0.0547887921333313,1,0,1,-32.894447,-30.0,2.8944473,-5.424499,-60.71487,0.0
58.7450253019997,2,271,0.006788792133331299,1,0,1,-32.689903,-30.0,2.6899033,-18.814087,-60.686546,0.0
58.84465506899869,2,272,0.0547887921333313,1,0,1,-32.654427,-30.0,2.6544266,6.2980647,-60.659885,0.0
58.94418761600173,2,273,0.006788792133331299,1,0,1,-32.9972,-30.0,2.9972,59.257504,-60.63258,0.0
59.04507397099951,2,274,-0.0412112078666687,1,0,1,-33.62943,-30.0,3.6294289,140.55252,-60.599403,0.0
59.144530810001015,2,275,-0.06385692358016969,1,0,1,-33.487183,-30.0,3.4871826,-32.478333,-60.56142,0.0
59.2445304569992,2,276,-0.09015826582908631,1,0,1,-33.45809,-30.0,3.4580917,5.3939815,-60.52706,0.0
59.34447814300074,2,277,-0.042158265829086314,1,0,1,-33.17184,-30.0,3.1718407,-18.356323,-60.493145,0.0
59.4438749180008,2,278,-0.09015826582908631,1,0,1,-32.846355,-30.0,2.8463554,-60.70709,-60.463284,0.0
59.54506270899947,2,279,-0.042158265829086314,1,0,1,-32.88414,-30.0,2.88414,-76.27106,-60.43366,0.0
59.644963180999184,2,280,-0.09015826582908631,1,0,1,-32.765537,-30.0,2.7655373,29.59442,-60.40718,0.0
59.74523018200125,2,281,-0.042158265829086314,1,0,1,-32.721657,-30.0,2.7216568,52.661892,-60.380478,0.0
59.84547287899841,2,282,-0.09015826582908631,1,0,1,-32.699123,-30.0,2.6991234,-139.16779,-60.351425,0.0
59.9447324870016,2,283,-0.042158265829086314,1,0,1,-32.75573,-30.0,2.7557297,-15.037536,-60.3251,0.0
60.044687715999316,2,284,-0.07272664308547974,1,0,1,-32.16122,-30.0,2.1612206,3.147125,-60.30046,0.0
60.14473681199888,2,285,-0.043270534276962286,1,0,1,-32.459373,-30.0,2.4593735,150.70343,-60.27709,0.0
60.24420091600041,2,286,-0.09127053427696229,1,0,1,-32.93908,-30.0,2.9390793,94.70748,-60.249226,0.0
60.34514649799894,2,287,-0.043270534276962286,1,0,1,-33.4975,-30.0,3.4975014,-47.351833,-60.215706,0.0
60.445424394998554,2,288,0.004729465723037715,1,0,1,-32.94523,-30.0,2.9452286,63.812252,-60.18517,0.0
60.54603613400104,2,289,-0.006579015403985977,1,0,1,-32.85358,-30.0,2.8535805,-182.55614,-60.153034,0.0
60.64489904199945,2,290,-0.05457901540398598,1,0,1,-31.956278,-30.0,1.9562778,-81.388466,-60.130177,0.0
60.744558702001086,2,291,-0.10257901540398598,1,0,1,-32.832726,-30.0,2.8327255,156.66962,-60.10779,0.0
60.843999339998845,2,292,-0.08463441133499146,1,0,1,-33.232876,-30.0,3.2328758,-28.972624,-60.076008,0.0
60.94521870199969,2,293,-0.03663441133499146,1,0,1,-32.57526,-30.0,2.5752602,-93.646996,-60.04806,0.0
61.04488199499974,2,294,0.011365588665008544,1,0,1,-32.53849,-30.0,2.5384903,25.68054,-60.02417,0.0
61.144721846998436,2,295,-0.03498369157314301,1,0,1,-32.748665,-30.0,2.7486649,19.947052,-59.997124,0.0
61.24467931199979,2,296,0.013016308426856991,1,0,1,-33.23393,-30.0,3.2339287,10.524749,-59.96595,0.0
61.344176382001024,2,297,0.06101630842685699,1,0,1,-33.203064,-30.0,3.203064,-17.253876,-59.933155,0.0
61.444762140999956,2,298,0.013016308426856991,1,0,1,-33.376686,-30.0,3.376686,-18.1427,-59.89925,0.0
61.54451175799841,2,299,0.06101630842685699,1,0,1,-33.712124,-30.0,3.7121239,85.85738,-59.866028,0.0
61.645018456998514,2,300,0.0,1,1,1,-33.166157,-30.0,3.1661568,-124.35912,-59.831333,0.0
63.36965540700112,3,1,0.01605793535709381,1,0,1,-33.104885,-30.0,3.104885,-68.58444,-59.297634,0.0
63.47510465300002,3,2,-0.03194206464290619,1,0,1,-33.089287,-30.0,3.0892868,-69.85092,-59.26574,0.0
63.573747982001805,3,3,0.016057935357093808,1,0,1,-33.518276,-30.0,3.5182762,-43.731686,-59.2332,0.0
63.67399347600076,3,4,-0.012326452136039737,1,0,1,-33.366287,-30.0,3.3662872,90.324394,-59.19994,0.0
63.77372354000181,3,5,0.035673547863960264,1,0,1,-33.187416,-30.0,3.187416,-69.416046,-59.165497,0.0
63.87447412899928,3,6,-0.012326452136039737,1,0,1,-34.12726,-30.0,4.1272583,64.65912,-59.128834,0.0
63.974982787000044,3,7,0.015193738043308258,1,0,1,-33.670418,-30.0,3.6704178,-35.68268,-59.09016,0.0
64.07347386300171,3,8,-0.03280626195669174,1,0,1,-33.60542,-30.0,3.6054192,-21.419523,-59.053368,0.0
64.1738766410017,3,9,0.015193738043308258,1,0,1,-33.408897,-30.0,3.4088974,18.455505,-59.018074,0.0
64.27321950400074,3,10,-0.019001778960227964,1,0,1,-33.448273,-30.0,3.4482727,36.27014,-58.983784,0.0
64.3738429820005,3,11,0.028998221039772037,1,0,1,-33.10402,-30.0,3.1040192,13.797759,-58.95169,0.0
64.47367110399864,3,12,-0.019001778960227964,1,0,1,-33.57476,-30.0,3.5747604,51.609035,-58.91796,0.0
64.57489829100086,3,13,0.028998221039772037,1,0,1,-33.524742,-30.0,3.5247421,12.02011,-58.882824,0.0
64.67370393300007,3,14,0.07699822103977204,1,0,1,-33.41878,-30.0,3.4187813,-2.9869077,-58.847786,0.0
64.77423019200069,3,15,0.12499822103977204,1,0,1,-33.311176,-30.0,3.3111763,16.937256,-58.81465,0.0
64.87331157000153,3,16,0.17299822103977203,1,0,1,-33.514717,-30.0,3.514717,31.044004,-58.78007,0.0
64.97363780299929,3,17,0.1904886841773987,1,0,1,-33.319145,-30.0,3.3191452,-27.51541,-58.7462,0.0
65.07401571800074,3,18,0.14248868417739868,1,0,1,-33.944366,-30.0,3.9443665,42.39654,-58.709484,0.0
65.173972908,3,19,0.09448868417739868,1,0,1,-34.102764,-30.0,4.102764,-57.559963,-58.668736,0.0
65.27391948299919,3,20,0.14248868417739868,1,0,1,-33.893932,-30.0,3.8939323,13.668059,-58.629734,0.0
65.37308606700026,3,21,0.19048868417739867,1,0,1,-33.521122,-30.0,3.521122,-78.0983,-58.592056,0.0
65.47364277700035,3,22,0.14248868417739868,1,0,1,-33.299824,-30.0,3.2998238,57.65533,-58.55878,0.0
65.57349269100087,3,23,0.16969199180603028,1,0,1,-33.231106,-30.0,3.2311058,-89.51949,-58.524635,0.0
65.67411253699902,3,24,0.12169199180603028,1,0,1,-32.940296,-30.0,2.9402962,37.55188,-58.493793,0.0
65.77451084800123,3,25,0.16969199180603028,1,0,1,-33.462543,-30.0,3.4625435,108.33358,-58.462364,0.0
65.87412749199939,3,26,0.12169199180603028,1,0,1,-32.773117,-30.0,2.773117,-63.85803,-58.431194,0.0
65.97308036200047,3,27,0.1365206003189087,1,0,1,-32.562687,-30.0,2.562687,-21.015165,-58.403954,0.0
66.07468832800078,3,28,0.0885206003189087,1,0,1,-32.995335,-30.0,2.9953346,140.25497,-58.377544,0.0
66.1745058359993,3,29,0.040520600318908695,1,0,1,-33.770412,-30.0,3.7704124,63.91525,-58.34282,0.0
66.27402218800125,3,30,-0.007479399681091306,1,0,1,-34.341354,-30.0,4.3413544,57.86514,-58.302307,0.0
66.37402798900075,3,31,-0.05547939968109131,1,0,1,-34.20507,-30.0,4.2050705,-3.9710996,-58.25945,0.0
66.47433103499861,3,32,-0.0893796980381012,1,0,1,-33.977795,-30.0,3.9777946,-5.7868953,-58.218967,0.0
66.5741111089992,3,33,-0.041379698038101195,1,0,1,-33.663746,-30.0,3.6637459,-25.531767,-58.180542,0.0
66.67390487100056,3,34,-0.062222218513488775,1,0,1,-33.347935,-30.0,3.3479347,-30.0827,-58.1452,0.0
66.77410706700175,3,35,-0.023706993460655218,1,0,1,-33.137424,-30.0,3.1374245,-95.26061,-58.11206,0.0
66.87363431500125,3,36,-0.07170699346065522,1,0,1,-33.343597,-30.0,3.3435974,86.83013,-58.080647,0.0
66.97411895099867,3,37,-0.023706993460655218,1,0,1,-33.21241,-30.0,3.21241,-40.645596,-58.047523,0.0
67.07297180900059,3,38,-0.07170699346065522,1,0,1,-33.057266,-30.0,3.0572662,-0.8697509,-58.01548,0.0
67.17424537500119,3,39,-0.11970699346065522,1,0,1,-33.11469,-30.0,3.1146889,52.00195,-57.985462,0.0
67.27533483799925,3,40,-0.07170699346065522,1,0,1,-33.59717,-30.0,3.5971718,56.61392,-57.95131,0.0
67.37397398100074,3,41,-0.023706993460655218,1,0,1,-34.201763,-30.0,4.201763,69.049835,-57.91152,0.0
67.47474133599826,3,42,-0.013611097633838654,1,0,1,-34.339603,-30.0,4.3396034,8.277893,-57.86833,0.0
67.5736855469986,3,43,-0.06161109763383865,1,0,1,-34.09943,-30.0,4.09943,-32.27997,-57.826267,0.0
67.67372543199963,3,44,-0.01361109763383865,1,0,1,-33.84954,-30.0,3.8495407,-45.322414,-57.78632,0.0
67.77364882199981,3,45,-0.019110928475856784,1,0,1,-33.718266,-30.0,3.7182655,6.671905,-57.74901,0.0
67.87322356300137,3,46,-0.06711092847585678,1,0,1,-33.435947,-30.0,3.4359474,-39.756775,-57.7132,0.0
67.97374954599945,3,47,-0.019110928475856784,1,0,1,-33.488464,-30.0,3.4884644,22.750853,-57.678604,0.0
68.07492980399911,3,48,0.028889071524143217,1,0,1,-33.461044,-30.0,3.4610443,1.1863708,-57.643707,0.0
68.17541052999877,3,49,-0.019110928475856784,1,0,1,-33.425373,-30.0,3.425373,-0.21362303,-57.609406,0.0
68.27417622700159,3,50,-0.06711092847585678,1,0,1,-33.148212,-30.0,3.1482124,-41.27502,-57.576687,0.0
68.37478825500148,3,51,-0.019110928475856784,1,0,1,-33.58128,-30.0,3.5812798,80.32989,-57.543213,0.0
68.47453341000073,3,52,-0.03221814632415772,1,0,1,-34.241722,-30.0,4.241722,73.20404,-57.503765,0.0
68.5745009400016,3,53,0.015781853675842283,1,0,1,-34.200943,-30.0,4.200943,-30.094145,-57.46138,0.0
68.67479057899982,3,54,-0.007140859961509705,1,0,1,-33.94758,-30.0,3.9475784,-59.761044,-57.421223,0.0
68.7744913159986,3,55,-0.013450804352760316,1,0,1,-33.990936,-30.0,3.9909363,74.043274,-57.3821,0.0
68.87461473299845,3,56,0.03454919564723968,1,0,1,-33.597626,-30.0,3.5976257,26.073454,-57.34503,0.0
68.97435486000177,3,57,-0.013450804352760318,1,0,1,-33.55289,-30.0,3.5528908,-1.1520386,-57.308678,0.0
69.07415142000173,3,58,-0.02230176627635956,1,0,1,-33.625694,-30.0,3.6256943,-42.091366,-57.27255,0.0
69.17422036100106,3,59,0.02569823372364044,1,0,1,-33.537884,-30.0,3.5378838,-49.8085,-57.236523,0.0
69.27368531200045,3,60,0.07369823372364044,1,0,1,-33.324318,-30.0,3.324318,2.1591187,-57.202736,0.0
69.37423923299866,3,61,0.02569823372364044,1,0,1,-33.32995,-30.0,3.3299484,5.386352,-57.169373,0.0
69.47454032699898,3,62,0.07369823372364044,1,0,1,-33.28634,-30.0,3.2863388,33.000946,-57.13656,0.0
69.57514313700085,3,63,0.026646545529365545,1,0,1,-33.68405,-30.0,3.6840515,22.087095,-57.100845,0.0
69.67340094799874,3,64,0.05662506818771362,1,0,1,-34.40523,-30.0,4.4052315,38.375854,-57.05988,0.0
69.77406633699866,3,65,0.008625068187713622,1,0,1,-34.11222,-30.0,4.112221,-69.24057,-57.016518,0.0
69.87368577899906,3,66,-0.03937493181228638,1,0,1,-34.272312,-30.0,4.272312,26.252745,-56.975315,0.0
69.97580107799877,3,67,-0.0026466017588973045,1,0,1,-33.915134,-30.0,3.9151344,-30.681608,-56.934708,0.0
70.074413964001,3,68,-0.04487234354019165,1,0,1,-33.67135,-30.0,3.6713486,-5.001068,-56.896233,0.0
70.17457174399897,3,69,-0.09287234354019165,1,0,1,-33.462124,-30.0,3.4621239,-58.830257,-56.86042,0.0
70.27414676699846,3,70,-0.10105807781219484,1,0,1,-33.62576,-30.0,3.6257591,-50.014492,-56.824432,0.0
70.37480740699903,3,71,-0.053058077812194834,1,0,1,-33.662987,-30.0,3.6629868,4.924774,-56.78791,0.0
70.47330547399906,3,72,-0.10105807781219484,1,0,1,-33.679184,-30.0,3.679184,-45.574184,-56.750828,0.0
70.57409015200028,3,73,-0.14905807781219482,1,0,1,-33.689617,-30.0,3.6896172,18.535614,-56.714542,0.0
70.67381323899826,3,74,-0.10105807781219482,1,0,1,-33.951878,-30.0,3.9518776,26.016233,-56.676167,0.0
70.77410455800054,3,75,-0.08685281872749329,1,0,1,-33.844864,-30.0,3.844864,-0.3814697,-56.636833,0.0
70.87437213000157,3,76,-0.038852818727493285,1,0,1,-33.97984,-30.0,3.9798393,11.970519,-56.597607,0.0
70.97402816999966,3,77,0.009147181272506716,1,0,1,-33.824345,-30.0,3.8243446,2.3078918,-56.55854,0.0
71.07463405499948,3,78,0.05714718127250672,1,0,1,-33.832943,-30.0,3.832943,-43.209072,-56.519825,0.0
71.17423673699886,3,79,0.009147181272506716,1,0,1,-33.730034,-30.0,3.7300339,21.282194,-56.48129,0.0
71.27365336000003,3,80,-0.038852818727493285,1,0,1,-33.811234,-30.0,3.8112335,-70.74356,-56.441597,0.0
71.37451542399867,3,81,-0.08685281872749329,1,0,1,-33.57816,-30.0,3.5781593,62.149044,-56.40614,0.0
71.47380884700033,3,82,-0.038852818727493285,1,0,1,-33.76424,-30.0,3.7642403,-5.1689143,-56.36907,0.0
71.57430745500096,3,83,0.009147181272506716,1,0,1,-33.857395,-30.0,3.8573952,34.088135,-56.330235,0.0
71.6746373269998,3,84,0.05714718127250672,1,0,1,-34.019745,-30.0,4.019745,-20.721434,-56.290672,0.0
71.77469900700089,3,85,0.009147181272506716,1,0,1,-34.039104,-30.0,4.0391045,-99.15923,-56.249092,0.0
71.87444612200125,3,86,-0.038852818727493285,1,0,1,-34.239647,-30.0,4.239647,37.719727,-56.208416,0.0
71.97475560100065,3,87,0.009147181272506716,1,0,1,-34.33373,-30.0,4.333729,1.3961791,-56.164585,0.0
72.07388950699897,3,88,-0.038852818727493285,1,0,1,-34.189213,-30.0,4.189213,21.366117,-56.122257,0.0
72.17417244600074,3,89,-0.08685281872749329,1,0,1,-34.459415,-30.0,4.4594154,14.450072,-56.07969,0.0
72.2754379149992,3,90,-0.038852818727493285,1,0,1,-34.23409,-30.0,4.234089,6.3247676,-56.036655,0.0
72.3754230500017,3,91,-0.0807500720024109,1,0,1,-34.10815,-30.0,4.1081505,-103.683464,-55.99504,0.0
72.47455472100046,3,92,-0.032750072002410896,1,0,1,-33.827175,-30.0,3.8271751,-9.174347,-55.956066,0.0
72.5744700139985,3,93,-0.006838756799697875,1,0,1,-33.878918,-30.0,3.8789177,-76.942444,-55.91648,0.0
72.67413974399824,3,94,-0.05483875679969788,1,0,1,-34.017147,-30.0,4.017147,93.1549,-55.877064,0.0
72.77415924199886,3,95,-0.006838756799697879,1,0,1,-34.245766,-30.0,4.2457657,32.97043,-55.835686,0.0
72.87369264299923,3,96,-0.03951254189014435,1,0,1,-34.26729,-30.0,4.267288,-38.562775,-55.792423,0.0
72.9743639010012,3,97,0.008487458109855649,1,0,1,-34.099274,-30.0,4.0992737,-3.6315916,-55.751034,0.0
73.07377158699819,3,98,0.02880549728870392,1,0,1,-34.18173,-30.0,4.1817284,-28.236387,-55.7094,0.0
73.17303372400056,3,99,-0.01919450271129608,1,0,1,-34.1528,-30.0,4.1528015,-69.15283,-55.668514,0.0
73.27449056000114,3,100,0.02880549728870392,1,0,1,-33.746506,-30.0,3.7465057,-130.31387,-55.62885,0.0
73.3739085820016,3,101,-0.01919450271129608,1,0,1,-33.85917,-30.0,3.859169,-38.528442,-55.591877,0.0
73.47346377400027,3,102,-0.06637833118438721,1,0,1,-34.09004,-30.0,4.0900383,27.309416,-55.553204,0.0
73.57411910899827,3,103,-0.024716347455978394,1,0,1,-34.49067,-30.0,4.4906693,-53.745266,-55.509018,0.0
73.67425063200062,3,104,0.023283652544021607,1,0,1,-34.325184,-30.0,4.325184,-71.44165,-55.464302,0.0
73.77398154600087,3,105,-0.024716347455978394,1,0,1,-34.66617,-30.0,4.666168,-6.5498347,-55.41964,0.0
73.87339901000087,3,106,-0.0727163474559784,1,0,1,-34.53007,-30.0,4.5300713,-56.61392,-55.37327,0.0
73.97432756700073,3,107,-0.05869888067245484,1,0,1,-33.957474,-30.0,3.9574738,-170.64284,-55.32977,0.0
74.0739595849991,3,108,-0.036925998330116276,1,0,1,-34.504124,-30.0,4.5041237,37.76169,-55.288914,0.0
74.17376089900063,3,109,-0.08095365762710571,1,0,1,-33.902107,-30.0,3.9021072,43.651577,-55.247074,0.0
74.27360691099966,3,110,-0.03295365762710571,1,0,1,-34.32455,-30.0,4.3245506,62.400814,-55.206406,0.0
74.3738873379989,3,111,-0.014723694324493407,1,0,1,-34.267635,-30.0,4.2676353,-83.07647,-55.16344,0.0
74.4736841820013,3,112,0.033276305675506594,1,0,1,-34.397274,-30.0,4.397274,80.070496,-55.12089,0.0
74.57404702200074,3,113,-0.014723694324493407,1,0,1,-34.888237,-30.0,4.888237,-44.521328,-55.07321,0.0
74.67350722899937,3,114,-0.0627236943244934,1,0,1,-34.3977,-30.0,4.3977013,10.246276,-55.02732,0.0
74.77433744999871,3,115,-0.0147236943244934,1,0,1,-35.014187,-30.0,5.014187,118.19457,-54.98038,0.0
74.8740876410011,3,116,-0.05762767791748047,1,0,1,-34.872673,-30.0,4.872673,-17.612457,-54.92961,0.0
74.97442422099994,3,117,-0.009627677917480468,1,0,1,-34.95159,-30.0,4.9515915,-47.840115,-54.879673,0.0
75.07420961200114,3,118,-0.014767004549503327,1,0,1,-34.528732,-30.0,4.5287323,67.77191,-54.834236,0.0
75.17373100199984,3,119,-0.06276700454950333,1,0,1,-34.540043,-30.0,4.540043,-58.242794,-54.78939,0.0
75.27410585599864,3,120,-0.04943585395812988,1,0,1,-34.32287,-30.0,4.3228683,-66.04767,-54.74475,0.0
75.37375547500051,3,121,-0.0014358539581298818,1,0,1,-34.62824,-30.0,4.6282387,113.80767,-54.702084,0.0
75.47326261800117,3,122,0.03416881561279297,1,0,1,-34.23697,-30.0,4.236969,-63.407894,-54.65869,0.0
75.57395203700071,3,123,-0.013831184387207034,1,0,1,-34.099895,-30.0,4.0998955,36.331177,-54.617332,0.0
75.67312002900144,3,124,-0.061831184387207035,1,0,1,-34.419827,-30.0,4.4198265,-32.45163,-54.57286,0.0
75.77424470299957,3,125,-0.013831184387207034,1,0,1,-35.041317,-30.0,5.041317,81.230156,-54.52573,0.0
75.87422565100132,3,126,-0.061831184387207035,1,0,1,-35.406036,-30.0,5.4060364,-64.647675,-54.473427,0.0
75.9745284290002,3,127,-0.013831184387207034,1,0,1,-35.555565,-30.0,5.555565,-127.42614,-54.41787,0.0
76.0750602879998,3,128,0.03416881561279297,1,0,1,-35.100864,-30.0,5.1008644,82.748405,-54.368443,0.0
76.17436684700078,3,129,0.08216881561279296,1,0,1,-34.205204,-30.0,4.205204,-76.98822,-54.321198,0.0
76.27663273099824,3,130,0.06198557019233704,1,0,1,-34.077934,-30.0,4.0779343,2.8228757,-54.280205,0.0
76.37380576999931,3,131,0.013985570192337038,1,0,1,-34.079914,-30.0,4.079914,56.278225,-54.238396,0.0
76.47428594599842,3,132,-0.027728033065795896,1,0,1,-34.465397,-30.0,4.465397,-40.75622,-54.195053,0.0
76.5739006449985,3,133,-0.06926302313804626,1,0,1,-33.717747,-30.0,3.7177467,-49.381252,-54.15321,0.0
76.6732060860013,3,134,-0.02126302313804626,1,0,1,-34.01357,-30.0,4.013569,-24.417875,-54.11371,0.0
76.77397708300123,3,135,-0.012294945865869523,1,0,1,-34.07951,-30.0,4.0795097,-100.81863,-54.072975,0.0
76.87417733500115,3,136,0.027931693196296695,1,0,1,-34.178295,-30.0,4.178295,-5.4817195,-54.03334,0.0
76.9735266380012,3,137,0.0759316931962967,1,0,1,-34.838177,-30.0,4.8381767,-29.376982,-53.986393,0.0
77.07359530900067,3,138,0.1239316931962967,1,0,1,-35.323727,-30.0,5.3237267,4.6577454,-53.935757,0.0
77.17484653599968,3,139,0.0759316931962967,1,0,1,-35.191765,-30.0,5.191765,38.669586,-53.88312,0.0
77.27363571000024,3,140,0.027931693196296695,1,0,1,-35.021233,-30.0,5.0212326,-88.49334,-53.83149,0.0
77.37409549299991,3,141,-0.020068306803703306,1,0,1,-34.561893,-30.0,4.5618935,51.452633,-53.786392,0.0
77.47372891100167,3,142,-0.06806830680370331,1,0,1,-34.462288,-30.0,4.462288,-56.86569,-53.741356,0.0
77.5749259410004,3,143,-0.11606830680370331,1,0,1,-33.953514,-30.0,3.953514,4.917145,-53.70188,0.0
77.6742067990017,3,144,-0.06806830680370331,1,0,1,-34.130707,-30.0,4.130707,1.2283325,-53.66091,0.0
77.7736725979994,3,145,-0.020068306803703306,1,0,1,-33.92437,-30.0,3.9243698,29.747007,-53.620857,0.0
77.87479392200112,3,146,-0.06806830680370331,1,0,1,-33.879913,-30.0,3.8799133,-57.132717,-53.58088,0.0
77.97351213699949,3,147,-0.08043533563613892,1,0,1,-33.674133,-30.0,3.6741333,-3.8757322,-53.541958,0.0
78.0746222859998,3,148,-0.1027048945426941,1,0,1,-34.04367,-30.0,4.0436707,85.11733,-53.504047,0.0
78.17525471800036,3,149,-0.0547048945426941,1,0,1,-35.360283,-30.0,5.360283,149.29199,-53.456593,0.0
78.27440176099844,3,150,-0.1027048945426941,1,0,1,-35.386753,-30.0,5.386753,1.472473,-53.402042,0.0
78.37381001099857,3,151,-0.0547048945426941,1,0,1,-35.08969,-30.0,5.089691,87.799065,-53.351093,0.0
78.4743234339985,3,152,-0.006704894542694101,1,0,1,-34.923496,-30.0,4.9234962,-71.84982,-53.30061,0.0
78.57409318400096,3,153,0.0412951054573059,1,0,1,-34.54586,-30.0,4.5458603,64.697266,-53.25437,0.0
78.67357071600054,3,154,0.0892951054573059,1,0,1,-34.24443,-30.0,4.2444305,-173.80904,-53.20804,0.0
78.77580475599825,3,155,0.1372951054573059,1,0,1,-34.4673,-30.0,4.4673004,-121.44851,-53.16405,0.0
78.87436205799895,3,156,0.08929510545730589,1,0,1,-34.171825,-30.0,4.1718254,31.467436,-53.12304,0.0
78.97414242499872,3,157,0.041295105457305886,1,0,1,-34.128704,-30.0,4.128704,-70.03021,-53.08145,0.0
79.07464634999997,3,158,0.04909245073795319,1,0,1,-34.746716,-30.0,4.7467155,55.667873,-53.03731,0.0
79.17422417600028,3,159,0.0970924507379532,1,0,1,-35.18398,-30.0,5.183979,129.9057,-52.98727,0.0
79.27345782300108,3,160,0.049092450737953194,1,0,1,-35.405693,-30.0,5.405693,-157.29141,-52.931477,0.0
79.37396258700028,3,161,0.04197972714900971,1,0,1,-35.197308,-30.0,5.1973076,123.43215,-52.881325,0.0
79.4740488589996,3,162,-0.006020272850990292,1,0,1,-35.13224,-30.0,5.1322403,-190.18172,-52.828136,0.0
79.57535121299952,3,163,0.04197972714900971,1,0,1,-34.412334,-30.0,4.4123344,17.185211,-52.781376,0.0
79.67398785499972,3,164,-0.006020272850990292,1,0,1,-34.73678,-30.0,4.7367783,10.635375,-52.73519,0.0
79.77363356799833,3,165,-0.05402027285099029,1,0,1,-34.218845,-30.0,4.2188454,-107.776634,-52.689655,0.0
79.87361954899825,3,166,-0.08925577998161316,1,0,1,-34.1694,-30.0,4.1693993,-48.683163,-52.648018,0.0
79.97428522900009,3,167,-0.04125577998161316,1,0,1,-34.679943,-30.0,4.679943,65.10544,-52.603664,0.0
80.07395608500156,3,168,0.006744220018386843,1,0,1,-34.50925,-30.0,4.5092506,55.484768,-52.558228,0.0
80.17337830600081,3,169,-0.04125577998161316,1,0,1,-34.443188,-30.0,4.4431877,62.77847,-52.51471,0.0
80.27408030199877,3,170,0.006744220018386843,1,0,1,-35.32005,-30.0,5.3200493,30.002592,-52.46502,0.0
80.37354163399868,3,171,-0.04125577998161316,1,0,1,-35.68015,-30.0,5.680149,45.013424,-52.410423,0.0
80.47642464299861,3,172,-0.08925577998161316,1,0,1,-35.048134,-30.0,5.048134,-94.62356,-52.356564,0.0
80.57377340699895,3,173,-0.04125577998161316,1,0,1,-34.77617,-30.0,4.776169,-108.135216,-52.30628,0.0
80.6740183610018,3,174,-0.027772334218025208,1,0,1,-34.38862,-30.0,4.3886185,-75.214386,-52.260937,0.0
80.77379174599992,3,175,0.020227665781974793,1,0,1,-34.617943,-30.0,4.617943,49.659725,-52.21589,0.0
80.87367017200086,3,176,0.0682276657819748,1,0,1,-34.729565,-30.0,4.7295647,-95.08514,-52.166542,0.0
80.97420315400086,3,177,0.1162276657819748,1,0,1,-35.114967,-30.0,5.1149673,-51.357265,-52.11695,0.0
81.073323659999,3,178,0.0682276657819748,1,0,1,-34.62521,-30.0,4.62521,-49.888607,-52.070477,0.0
81.17361443100162,3,179,0.020227665781974796,1,0,1,-34.840546,-30.0,4.8405457,-1.4190673,-52.02266,0.0
81.27441923600054,3,180,-0.027772334218025205,1,0,1,-35.19387,-30.0,5.1938705,37.189484,-51.972073,0.0
81.37401215000136,3,181,0.020227665781974796,1,0,1,-35.616714,-30.0,5.6167145,125.21743,-51.917915,0.0
81.47441355000046,3,182,0.0682276657819748,1,0,1,-35.421772,-30.0,5.421772,42.24777,-51.86277,0.0
81.57441517700136,3,183,0.020227665781974796,1,0,1,-34.755833,-30.0,4.7558327,-138.35526,-51.81126,0.0
81.67419079699903,3,184,0.0682276657819748,1,0,1,-34.6535,-30.0,4.6534996,-61.93542,-51.764065,0.0
81.77361329799896,3,185,0.02183941751718521,1,0,1,-34.966095,-30.0,4.966095,31.242369,-51.715282,0.0
81.87374371400074,3,186,0.03017372786998749,1,0,1,-35.044052,-30.0,5.044052,63.629147,-51.665504,0.0
81.9742001500017,3,187,-0.017826272130012512,1,0,1,-34.910725,-30.0,4.9107246,-118.854515,-51.615665,0.0
82.07348548400114,3,188,-0.05207171440124512,1,0,1,-34.808853,-30.0,4.808853,4.0130615,-51.56842,0.0
82.17376368400073,3,189,-0.004071714401245118,1,0,1,-34.122845,-30.0,4.1228447,-91.87316,-51.52276,0.0
82.27443187999961,3,190,0.04392828559875488,1,0,1,-35.16256,-30.0,5.1625595,-22.65167,-51.47587,0.0
82.37409770999875,3,191,-0.004071714401245118,1,0,1,-34.914715,-30.0,4.914715,32.405853,-51.425888,0.0
82.47460722599862,3,192,0.04392828559875488,1,0,1,-35.0241,-30.0,5.0241013,8.529663,-51.377365,0.0
82.57520278599986,3,193,-0.004071714401245118,1,0,1,-35.212902,-30.0,5.212902,-40.580746,-51.32475,0.0
82.67430736900133,3,194,-0.05207171440124512,1,0,1,-35.12833,-30.0,5.12833,-19.580841,-51.272617,0.0
82.77404611499878,3,195,-0.004071714401245118,1,0,1,-35.087563,-30.0,5.0875626,-1.8692015,-51.221462,0.0
82.87308225399829,3,196,-0.05207171440124512,1,0,1,-35.090023,-30.0,5.090023,-14.247893,-51.17099,0.0
82.97361803199965,3,197,-0.004071714401245118,1,0,1,-35.00018,-30.0,5.0001793,35.202026,-51.11991,0.0
83.07492318300137,3,198,0.04392828559875488,1,0,1,-35.379837,-30.0,5.379837,-150.6691,-51.06484,0.0
83.1735246290009,3,199,0.09192828559875488,1,0,1,-34.663372,-30.0,4.663372,-106.60171,-51.014366,0.0
83.2739997839999,3,200,0.13992828559875486,1,0,1,-35.65472,-30.0,5.6547203,64.315796,-50.962635,0.0
83.37365388200124,3,201,0.09192828559875486,1,0,1,-35.395943,-30.0,5.3959427,-14.385222,-50.907013,0.0
83.47447181900134,3,202,0.08877977132797242,1,0,1,-35.818317,-30.0,5.8183174,81.77566,-50.85194,0.0
83.5734702439986,3,203,0.04077977132797242,1,0,1,-35.73804,-30.0,5.738041,-93.849174,-50.791893,0.0
83.67466281100133,3,204,0.08877977132797242,1,0,1,-35.29295,-30.0,5.2929497,-5.779266,-50.737278,0.0
83.77414705499905,3,205,0.04077977132797242,1,0,1,-34.956432,-30.0,4.9564323,44.70825,-50.68681,0.0
83.8737167850013,3,206,-0.0072202286720275816,1,0,1,-34.468983,-30.0,4.4689827,-95.684044,-50.63922,0.0
83.97301608899943,3,207,0.037235873937606814,1,0,1,-34.941414,-30.0,4.941414,30.231474,-50.59337,0.0
84.0742094950001,3,208,-0.010764126062393187,1,0,1,-34.67388,-30.0,4.6738815,-56.26678,-50.54491,0.0
84.17329647999941,3,209,-0.05876412606239319,1,0,1,-34.79668,-30.0,4.7966805,100.322716,-50.497704,0.0
84.27407391000088,3,210,-0.010764126062393187,1,0,1,-34.773605,-30.0,4.7736053,-84.2781,-50.448853,0.0
84.37334192499839,3,211,-0.05876412606239319,1,0,1,-35.257454,-30.0,5.257454,88.95873,-50.400032,0.0
84.47419087299932,3,212,-0.010764126062393187,1,0,1,-34.66676,-30.0,4.6667595,-84.02633,-50.348824,0.0
84.57388352400085,3,213,0.03097092211246491,1,0,1,-34.893513,-30.0,4.8935127,166.4276,-50.30251,0.0
84.67416256499928,3,214,0.05148487687110901,1,0,1,-36.093807,-30.0,6.093807,-7.7362056,-50.24556,0.0
84.77389013799984,3,215,0.017787088453769688,1,0,1,-36.030567,-30.0,6.030567,-136.44409,-50.183662,0.0
84.87336264899932,3,216,-0.030212911546230313,1,0,1,-35.05719,-30.0,5.05719,-104.35485,-50.129436,0.0
84.9735458690011,3,217,0.017787088453769688,1,0,1,-35.379795,-30.0,5.379795,10.196685,-50.077034,0.0
85.07377378599995,3,218,0.06578708845376968,1,0,1,-35.410656,-30.0,5.410656,139.1449,-50.0245,0.0
85.17347873100152,3,219,0.01778708845376968,1,0,1,-35.310486,-30.0,5.310486,-57.880398,-49.969627,0.0
85.27374324600169,3,220,-0.03021291154623032,1,0,1,-35.108574,-30.0,5.108574,31.505583,-49.918034,0.0
85.37366553700122,3,221,0.01778708845376968,1,0,1,-35.064075,-30.0,5.0640755,-22.03369,-49.867275,0.0
85.47438178700031,3,222,0.06578708845376968,1,0,1,-35.415318,-30.0,5.4153175,23.864744,-49.81557,0.0
85.57351682399894,3,223,0.01778708845376968,1,0,1,-34.88806,-30.0,4.8880615,-142.74597,-49.76353,0.0
85.67413054699864,3,224,-0.03021291154623032,1,0,1,-34.609753,-30.0,4.6097527,75.75607,-49.717705,0.0
85.77368854499946,3,225,-0.07821291154623032,1,0,1,-36.006123,-30.0,6.0061226,-8.495331,-49.66212,0.0
85.8739988769994,3,226,-0.12621291154623032,1,0,1,-36.093708,-30.0,6.093708,70.99533,-49.60226,0.0
85.97332416399877,3,227,-0.07821291154623032,1,0,1,-35.101658,-30.0,5.101658,-116.88613,-49.545197,0.0
86.07354286400005,3,228,-0.03021291154623032,1,0,1,-35.68963,-30.0,5.6896286,21.583555,-49.49022,0.0
86.17376631300067,3,229,-0.07821291154623032,1,0,1,-35.763138,-30.0,5.763138,5.1422114,-49.43367,0.0
86.27409899399936,3,230,-0.1181260108947754,1,0,1,-34.619236,-30.0,4.619236,53.085323,-49.383293,0.0
86.37455627300005,3,231,-0.0701260108947754,1,0,1,-35.623882,-30.0,5.6238823,35.747528,-49.33083,0.0
86.47495711900046,3,232,-0.10471996068954469,1,0,1,-35.58405,-30.0,5.584049,16.929626,-49.2747,0.0
86.57383597900116,3,233,-0.056719960689544685,1,0,1,-35.084023,-30.0,5.0840225,-48.14529,-49.22044,0.0
86.67297660500117,3,234,-0.056703537702560425,1,0,1,-34.29873,-30.0,4.298729,-76.30539,-49.17265,0.0
86.77319474699834,3,235,-0.0981289565563202,1,0,1,-35.83706,-30.0,5.837059,171.76436,-49.123055,0.0
86.8731988949985,3,236,-0.0501289565563202,1,0,1,-36.321125,-30.0,6.321125,42.545315,-49.06026,0.0
86.97371512099926,3,237,-0.02528379261493683,1,0,1,-35.967953,-30.0,5.9679527,-8.205414,-48.99975,0.0
87.0744668519983,3,238,0.02271620738506317,1,0,1,-36.089592,-30.0,6.089592,41.805264,-48.939106,0.0
87.17394187999889,3,239,0.07071620738506318,1,0,1,-36.062996,-30.0,6.062996,-122.825615,-48.876736,0.0
87.27378371599843,3,240,0.022716207385063178,1,0,1,-35.647106,-30.0,5.647106,-28.362272,-48.81771,0.0
87.37362136199954,3,241,0.04702469408512116,1,0,1,-35.51294,-30.0,5.5129395,41.91589,-48.762634,0.0
87.4748463399992,3,242,-0.000975305914878842,1,0,1,-35.443832,-30.0,5.4438324,-63.106533,-48.708405,0.0
87.57356987299863,3,243,0.04702469408512116,1,0,1,-34.63957,-30.0,4.6395683,10.684966,-48.65984,0.0
87.67420147699886,3,244,-0.000975305914878842,1,0,1,-34.41831,-30.0,4.4183083,-19.786835,-48.613773,0.0
87.77316219299973,3,245,0.04702469408512116,1,0,1,-35.48576,-30.0,5.4857597,150.28381,-48.566093,0.0
87.87322640500133,3,246,-0.000975305914878842,1,0,1,-35.198025,-30.0,5.1980247,5.401611,-48.51073,0.0
87.97343505000026,3,247,0.004018284380435944,1,0,1,-35.853138,-30.0,5.853138,29.621122,-48.45568,0.0
88.07377555600033,3,248,0.052018284380435945,1,0,1,-35.900173,-30.0,5.900173,20.843504,-48.396847,0.0
88.1733033849996,3,249,0.09150075912475586,1,0,1,-35.933228,-30.0,5.9332275,4.4136047,-48.337975,0.0
88.27339972499976,3,250,0.04367257356643677,1,0,1,-36.10113,-30.0,6.1011314,14.381408,-48.278423,0.0
88.37348935900081,3,251,-0.004327426433563229,1,0,1,-35.175617,-30.0,5.175617,-182.83842,-48.219566,0.0
88.47368235999966,3,252,-0.05232742643356323,1,0,1,-35.086697,-30.0,5.0866966,-37.639618,-48.168644,0.0
88.57385021699884,3,253,-0.004327426433563229,1,0,1,-35.239872,-30.0,5.239872,130.39017,-48.11761,0.0
88.67407953500151,3,254,-0.05232742643356323,1,0,1,-35.405693,-30.0,5.405693,107.39135,-48.06479,0.0
88.77360988000146,3,255,-0.004327426433563229,1,0,1,-34.723263,-30.0,4.723263,74.150085,-48.01539,0.0
88.87531872199907,3,256,-0.03306428790092469,1,0,1,-35.570866,-30.0,5.5708656,-67.417145,-47.961716,0.0
88.97400761600147,3,257,-0.08106428790092468,1,0,1,-35.618298,-30.0,5.6182976,194.91957,-47.90848,0.0
89.07314880299964,3,258,-0.03341884911060333,1,0,1,-36.78072,-30.0,6.7807198,42.690273,-47.84427,0.0
89.173302135001,3,259,0.014581150889396668,1,0,1,-36.332222,-30.0,6.332222,-242.9962,-47.77572,0.0
89.27355715500016,3,260,-0.03341884911060333,1,0,1,-35.464058,-30.0,5.464058,-2.7732847,-47.719215,0.0
89.37400186599916,3,261,0.014581150889396668,1,0,1,-36.013077,-30.0,6.013077,88.59252,-47.661682,0.0
89.4733760449999,3,262,0.06258115088939667,1,0,1,-35.65302,-30.0,5.653019,32.527924,-47.604794,0.0
89.57420544200068,3,263,0.11058115088939667,1,0,1,-35.55648,-30.0,5.5564804,-80.88302,-47.54963,0.0
89.67351760200108,3,264,0.13210685253143312,1,0,1,-35.201183,-30.0,5.2011833,2.1591187,-47.49707,0.0
89.77416569200068,3,265,0.08410685253143312,1,0,1,-35.27055,-30.0,5.27055,26.912687,-47.444717,0.0
89.87373570699856,3,266,0.13210685253143312,1,0,1,-34.84219,-30.0,4.84219,-0.97274774,-47.39353,0.0
89.97501237100005,3,267,0.1404685616493225,1,0,1,-35.12967,-30.0,5.129669,-118.81637,-47.341007,0.0
90.0732492520001,3,268,0.0924685616493225,1,0,1,-35.55045,-30.0,5.5504494,128.15475,-47.28876,0.0
90.17387583000163,3,269,0.0444685616493225,1,0,1,-35.53201,-30.0,5.532009,-73.890686,-47.23163,0.0
90.27357351699902,3,270,-0.0035314383506774988,1,0,1,-35.85952,-30.0,5.85952,-36.506653,-47.173786,0.0
90.37413584100068,3,271,-0.0515314383506775,1,0,1,-35.673313,-30.0,5.673313,-38.276672,-47.115692,0.0
90.47375725999882,3,272,-0.0035314383506774988,1,0,1,-35.494816,-30.0,5.494816,-116.889946,-47.05925,0.0
90.57453748999978,3,273,0.0444685616493225,1,0,1,-35.34835,-30.0,5.3483505,43.85757,-47.006226,0.0
90.67422735400032,3,274,-0.0035314383506774988,1,0,1,-35.42378,-30.0,5.4237785,-78.575134,-46.951214,0.0
90.7733227280005,3,275,-0.0515314383506775,1,0,1,-35.834972,-30.0,5.8349724,103.86657,-46.896133,0.0
90.8738696879991,3,276,-0.0995314383506775,1,0,1,-35.854733,-30.0,5.8547325,-6.031036,-46.83754,0.0
90.97349306400065,3,277,-0.12246644496917725,1,0,1,-35.71091,-30.0,5.710911,55.168148,-46.780365,0.0
91.07484487799957,3,278,-0.07446644496917725,1,0,1,-35.64807,-30.0,5.6480713,27.748106,-46.72269,0.0
91.1750261490015,3,279,-0.026466444969177244,1,0,1,-35.918198,-30.0,5.9181976,7.1678157,-46.664864,0.0
91.27380360399911,3,280,-0.07446644496917725,1,0,1,-35.69077,-30.0,5.690769,-0.3814697,-46.60674,0.0
91.37325880099888,3,281,-0.10912454128265381,1,0,1,-35.85385,-30.0,5.8538513,-44.242855,-46.548607,0.0
91.47543530400071,3,282,-0.06112454128265381,1,0,1,-35.28605,-30.0,5.286049,-110.61477,-46.492504,0.0
91.57427422000183,3,283,-0.013124541282653807,1,0,1,-35.331818,-30.0,5.3318176,-15.86914,-46.43974,0.0
91.67346401900068,3,284,-0.06112454128265381,1,0,1,-35.45763,-30.0,5.45763,46.21124,-46.385265,0.0
91.77379754499998,3,285,-0.013124541282653807,1,0,1,-35.681065,-30.0,5.6810646,67.94739,-46.32983,0.0
91.87408720999883,3,286,0.006252890825271605,1,0,1,-35.47415,-30.0,5.4741516,46.474453,-46.27369,0.0
91.9737971909999,3,287,0.054252890825271606,1,0,1,-35.649666,-30.0,5.649666,27.870176,-46.217285,0.0
92.07436398700156,3,288,0.10225289082527161,1,0,1,-35.816643,-30.0,5.8166428,-20.099638,-46.15868,0.0
92.17365463899841,3,289,0.1502528908252716,1,0,1,-36.112694,-30.0,6.112694,-9.281158,-46.098946,0.0
92.27440972800105,3,290,0.1022528908252716,1,0,1,-35.36479,-30.0,5.364792,-85.144035,-46.042725,0.0
92.37407892099873,3,291,0.0542528908252716,1,0,1,-35.794804,-30.0,5.7948036,57.041164,-45.987503,0.0
92.47301505699943,3,292,0.010334244370460509,1,0,1,-35.397038,-30.0,5.3970375,-123.12316,-45.9292,0.0
92.57312145800097,3,293,-0.03766575562953949,1,0,1,-35.783875,-30.0,5.7838745,142.03262,-45.874226,0.0
92.67323288799889,3,294,-0.08566575562953949,1,0,1,-35.924393,-30.0,5.9243927,43.62106,-45.814262,0.0
92.77330157500182,3,295,-0.13366575562953947,1,0,1,-35.69458,-30.0,5.69458,19.35196,-45.756405,0.0
92.87358984499951,3,296,-0.08566575562953947,1,0,1,-35.85331,-30.0,5.8533096,1.6555785,-45.697792,0.0
92.97366048800177,3,297,-0.03766575562953947,1,0,1,-35.94031,-30.0,5.9403114,43.80035,-45.639545,0.0
93.07377722599995,3,298,-0.08566575562953947,1,0,1,-36.065357,-30.0,6.065357,31.661985,-45.578804,0.0
93.17404733700096,3,299,-0.03766575562953947,1,0,1,-36.525757,-30.0,6.525757,-95.58105,-45.514008,0.0
93.27403947800121,3,300,0.0,1,1,1,-36.475624,-30.0,6.475624,-110.46981,-45.44912,0.0
94.99798586500037,4,1,-0.048,1,0,1,-35.626743,-30.0,5.6267433,15.369414,-44.44347,0.0
95.10414361999938,4,2,0.0,1,0,1,-36.135857,-30.0,6.1358566,122.59292,-44.385033,0.0
95.20292191800036,4,3,-0.019700053334236148,1,0,1,-36.924847,-30.0,6.9248466,37.792206,-44.32002,0.0
95.30321158600054,4,4,-0.04870887100696564,1,0,1,-36.860954,-30.0,6.8609543,17.780304,-44.250477,0.0
95.40341381300095,4,5,-0.0007088710069656362,1,0,1,-37.02032,-30.0,7.020321,-102.60772,-44.179127,0.0
95.50300339000023,4,6,-0.04870887100696564,1,0,1,-37.4169,-30.0,7.4169006,115.79131,-44.107952,0.0
95.60294664400135,4,7,-0.0007088710069656362,1,0,1,-35.939262,-30.0,5.9392624,-109.035484,-44.040916,0.0
95.70257924299949,4,8,0.047291128993034365,1,0,1,-35.64725,-30.0,5.647251,-93.776695,-43.981216,0.0
95.80272727400006,4,9,0.09529112899303437,1,0,1,-36.11036,-30.0,6.110359,-33.30612,-43.921368,0.0
95.90201988500121,4,10,0.047291128993034365,1,0,1,-35.301945,-30.0,5.3019447,-36.46469,-43.866238,0.0
96.00267245099894,4,11,0.09529112899303437,1,0,1,-34.71742,-30.0,4.7174187,-71.88797,-43.8158,0.0
96.10395554700153,4,12,0.047291128993034365,1,0,1,-35.35551,-30.0,5.3555107,107.55538,-43.76588,0.0
96.20286794099957,4,13,-0.0007088710069656362,1,0,1,-35.657883,-30.0,5.6578827,2.07901,-43.709095,0.0
96.3025904970018,4,14,-0.04870887100696564,1,0,1,-36.030098,-30.0,6.030098,85.3157,-43.651367,0.0
96.4027843440017,4,15,-0.0007088710069656362,1,0,1,-36.826206,-30.0,6.826206,137.07352,-43.58728,0.0
96.50280833600118,4,16,-0.04870887100696564,1,0,1,-37.088688,-30.0,7.088688,-18.657684,-43.516487,0.0
96.60239931099932,4,17,-0.0007088710069656362,1,0,1,-37.10308,-30.0,7.1030807,67.58499,-43.44451,0.0
96.70309126799839,4,18,-0.017956630885601045,1,0,1,-37.327614,-30.0,7.327614,59.642788,-43.372307,0.0
96.80286606599839,4,19,0.030043369114398956,1,0,1,-37.275806,-30.0,7.2758064,145.50781,-43.301945,0.0
96.90210001200103,4,20,0.047520717978477484,1,0,1,-36.586308,-30.0,6.5863075,-105.57174,-43.230873,0.0
97.00375913500102,4,21,-0.0004792820215225174,1,0,1,-36.62592,-30.0,6.6259193,17.414093,-43.16469,0.0
97.10177672099962,4,22,-0.04847928202152252,1,0,1,-36.13984,-30.0,6.139839,-111.1946,-43.100983,0.0
97.20268686299823,4,23,-0.09647928202152252,1,0,1,-35.76718,-30.0,5.7671814,68.18771,-43.043644,0.0
97.3035380600013,4,24,-0.07672122716903687,1,0,1,-35.254967,-30.0,5.2549667,-44.28863,-42.98777,0.0
97.40352070700101,4,25,-0.02872122716903687,1,0,1,-36.14512,-30.0,6.1451187,132.14493,-42.9319,0.0
97.50302871099848,4,26,0.01927877283096313,1,0,1,-36.974094,-30.0,6.9740944,69.08417,-42.867596,0.0
97.60203581099995,4,27,0.06727877283096313,1,0,1,-37.45815,-30.0,7.458149,-7.1182246,-42.79518,0.0
97.70358095299889,4,28,0.025289309024810788,1,0,1,-36.39773,-30.0,6.397732,-114.120476,-42.725822,0.0
97.80297134500142,4,29,0.07328930902481079,1,0,1,-36.26042,-30.0,6.2604218,129.39453,-42.664776,0.0
97.90303892000156,4,30,0.025289309024810788,1,0,1,-37.093746,-30.0,7.093746,-44.208523,-42.596832,0.0
98.0036004149988,4,31,0.07328930902481079,1,0,1,-36.508846,-30.0,6.5088463,130.1918,-42.53108,0.0
98.10451502900105,4,32,0.025289309024810788,1,0,1,-36.42981,-30.0,6.4298096,-87.37182,-42.465656,0.0
98.20372299500013,4,33,0.07328930902481079,1,0,1,-36.030552,-30.0,6.030552,-40.691372,-42.403286,0.0
98.30329134299973,4,34,0.025289309024810788,1,0,1,-36.337776,-30.0,6.337776,-55.301662,-42.34017,0.0
98.40273118199912,4,35,-0.022710690975189213,1,0,1,-35.66549,-30.0,5.665489,-50.186153,-42.280746,0.0
98.50314880299993,4,36,-0.04336443841457367,1,0,1,-35.322453,-30.0,5.3224525,67.03949,-42.22675,0.0
98.6027928600015,4,37,0.004635561585426329,1,0,1,-35.650322,-30.0,5.650322,128.376,-42.172962,0.0
98.70334457699937,4,38,-0.011298763751983645,1,0,1,-36.604088,-30.0,6.604088,-54.428097,-42.1094,0.0
98.80279838600109,4,39,-0.011450819671154022,1,0,1,-36.75976,-30.0,6.759762,-29.739378,-42.042652,0.0
98.9024142269991,4,40,0.03654918032884598,1,0,1,-36.710876,-30.0,6.7108765,5.512237,-41.97429,0.0
99.00264132099983,4,41,0.04319959282875061,1,0,1,-37.688126,-30.0,7.6881256,-12.619018,-41.900665,0.0
99.10274409799968,4,42,-0.004800407171249389,1,0,1,-36.869762,-30.0,6.8697624,-61.794277,-41.828,0.0
99.20217527799832,4,43,0.04319959282875061,1,0,1,-36.78566,-30.0,6.78566,-38.414,-41.75933,0.0
99.30371204100084,4,44,0.09119959282875062,1,0,1,-36.59027,-30.0,6.590271,-26.092527,-41.69202,0.0
99.40291497900034,4,45,0.04319959282875062,1,0,1,-36.153614,-30.0,6.153614,-91.526024,-41.6265,0.0
99.50261351299923,4,46,-0.004800407171249382,1,0,1,-37.012413,-30.0,7.012413,155.4985,-41.56242,0.0
99.60267466400182,4,47,-0.002267513796687126,1,0,1,-37.150623,-30.0,7.1506233,-35.900116,-41.49148,0.0
99.7027053640013,4,48,0.045732486203312876,1,0,1,-36.433475,-30.0,6.4334755,-143.27621,-41.42261,0.0
99.8018013059991,4,49,0.08449028730392456,1,0,1,-36.7389,-30.0,6.738899,-115.78368,-41.356773,0.0
99.90217730400036,4,50,0.03649028730392456,1,0,1,-36.127884,-30.0,6.127884,-97.32818,-41.29298,0.0
100.00252480600102,4,51,0.08449028730392456,1,0,1,-36.378048,-30.0,6.378048,125.717155,-41.231754,0.0
100.10323129400058,4,52,0.03649028730392456,1,0,1,-36.4734,-30.0,6.4734,-5.8593745,-41.1671,0.0
100.20422776399937,4,53,-0.011509712696075439,1,0,1,-36.065224,-30.0,6.0652237,34.835815,-41.103683,0.0
100.30275212299966,4,54,-0.0433536022901535,1,0,1,-36.516945,-30.0,6.516945,0.3852844,-41.04063,0.0
100.40274511000098,4,55,0.004646397709846498,1,0,1,-36.519947,-30.0,6.519947,19.973755,-40.97539,0.0
100.50190754099822,4,56,-0.00782746598124504,1,0,1,-36.72091,-30.0,6.720909,-98.48022,-40.908596,0.0
100.60386754499996,4,57,0.04017253401875496,1,0,1,-36.02179,-30.0,6.0217896,101.215355,-40.847664,0.0
100.70235670300099,4,58,0.03695340752601624,1,0,1,-37.04273,-30.0,7.0427284,24.135588,-40.7814,0.0
100.80339032999836,4,59,0.03584256172180176,1,0,1,-37.358204,-30.0,7.358204,-61.69128,-40.709427,0.0
100.90306120899913,4,60,0.08384256172180177,1,0,1,-37.103977,-30.0,7.103977,44.567104,-40.638527,0.0
101.00358890300049,4,61,0.035842561721801766,1,0,1,-36.276375,-30.0,6.276375,-191.20787,-40.5688,0.0
101.1027862560004,4,62,-0.012157438278198235,1,0,1,-36.480625,-30.0,6.480625,4.875183,-40.50664,0.0
101.2027124749984,4,63,-0.008273175358772278,1,0,1,-36.38317,-30.0,6.383171,-67.04712,-40.442356,0.0
101.3027412219999,4,64,-0.05627317535877228,1,0,1,-36.922222,-30.0,6.922222,134.79996,-40.377556,0.0
101.40271018400017,4,65,-0.008273175358772276,1,0,1,-36.04597,-30.0,6.045971,-90.83175,-40.312046,0.0
101.50295879199984,4,66,-0.05627317535877228,1,0,1,-36.810043,-30.0,6.8100433,244.47249,-40.250717,0.0
101.60252798099827,4,67,-0.056874561309814456,1,0,1,-36.97615,-30.0,6.9761505,-17.25769,-40.180344,0.0
101.70266847400126,4,68,-0.10487456130981446,1,0,1,-37.871853,-30.0,7.871853,65.971375,-40.10603,0.0
101.80266341899915,4,69,-0.09062975049018861,1,0,1,-37.500103,-30.0,7.500103,-69.53049,-40.028786,0.0
101.9019808999983,4,70,-0.042629750490188606,1,0,1,-37.399097,-30.0,7.3990974,115.249626,-39.955807,0.0
102.0023761759985,4,71,-0.09062975049018861,1,0,1,-37.409657,-30.0,7.4096565,29.647825,-39.88217,0.0
102.10295806900103,4,72,-0.042629750490188606,1,0,1,-37.096394,-30.0,7.0963936,3.1204221,-39.80882,0.0
102.20212189900121,4,73,-0.09062975049018861,1,0,1,-36.79317,-30.0,6.793171,48.82049,-39.7414,0.0
102.30307814199841,4,74,-0.042629750490188606,1,0,1,-35.850304,-30.0,5.8503036,-23.605345,-39.679096,0.0
102.40363936200083,4,75,0.005370249509811395,1,0,1,-36.33643,-30.0,6.3364296,102.45895,-39.6173,0.0
102.50396647199887,4,76,0.04320842921733856,1,0,1,-36.647453,-30.0,6.6474533,52.356716,-39.550774,0.0
102.6031093499987,4,77,-0.004791570782661438,1,0,1,-36.95711,-30.0,6.9571114,-66.68091,-39.481155,0.0
102.70273804500175,4,78,0.04320842921733856,1,0,1,-36.910404,-30.0,6.910404,-45.532223,-39.411205,0.0
102.80322551299832,4,79,-0.004791570782661438,1,0,1,-38.11781,-30.0,8.117809,27.13394,-39.33554,0.0
102.90238347700142,4,80,0.04320842921733856,1,0,1,-37.301907,-30.0,7.3019066,-113.89922,-39.258476,0.0
103.00273992200164,4,81,-0.004791570782661438,1,0,1,-37.975136,-30.0,7.975136,18.180847,-39.181927,0.0
103.10289941500014,4,82,-0.05279157078266144,1,0,1,-37.399757,-30.0,7.3997574,-110.488884,-39.105225,0.0
103.20233255399944,4,83,-0.10079157078266143,1,0,1,-36.25548,-30.0,6.2554817,-4.7035217,-39.03866,0.0
103.30322454500129,4,84,-0.14650988578796387,1,0,1,-36.903297,-30.0,6.9032974,93.46389,-38.974052,0.0
103.40291498100123,4,85,-0.09850988578796387,1,0,1,-36.568676,-30.0,6.568676,27.06146,-38.907135,0.0
103.50245148600152,4,86,-0.050509885787963865,1,0,1,-36.22351,-30.0,6.2235107,-23.84567,-38.84411,0.0
103.60294649700154,4,87,-0.002509885787963864,1,0,1,-36.893723,-30.0,6.8937225,55.3894,-38.77934,0.0
103.70267827999851,4,88,0.04549011421203614,1,0,1,-37.501667,-30.0,7.501667,65.1207,-38.70755,0.0
103.80295650300104,4,89,-0.002509885787963864,1,0,1,-37.837254,-30.0,7.8372536,23.029325,-38.630314,0.0
103.90219492599863,4,90,-0.050509885787963865,1,0,1,-37.89095,-30.0,7.8909492,9.243011,-38.551983,0.0
104.00300115199934,4,91,-0.002509885787963864,1,0,1,-37.84705,-30.0,7.8470497,59.314724,-38.474277,0.0
104.1024770360018,4,92,0.04549011421203614,1,0,1,-37.63337,-30.0,7.6333694,-0.25558472,-38.395542,0.0
104.20274687900019,4,93,0.017187340557575228,1,0,1,-37.80466,-30.0,7.804661,2.445221,-38.318382,0.0
104.30339246899894,4,94,-0.030812659442424773,1,0,1,-37.327538,-30.0,7.3275375,75.77515,-38.243664,0.0
104.40269654299846,4,95,0.017187340557575228,1,0,1,-37.544422,-30.0,7.544422,31.044004,-38.16919,0.0
104.50218388099893,4,96,-0.030812659442424773,1,0,1,-37.86693,-30.0,7.866928,-101.83715,-38.090908,0.0
104.60447689400098,4,97,-0.07881265944242477,1,0,1,-37.361916,-30.0,7.3619156,120.40328,-38.018627,0.0
104.70361167100054,4,98,-0.12681265944242476,1,0,1,-36.81275,-30.0,6.812752,-120.46432,-37.946712,0.0
104.80329903700112,4,99,-0.13563412427902222,1,0,1,-37.321682,-30.0,7.321682,60.085293,-37.877056,0.0
104.90266373399936,4,100,-0.08763412427902222,1,0,1,-37.31265,-30.0,7.312649,62.290188,-37.803154,0.0
105.00403763299983,4,101,-0.039634124279022215,1,0,1,-37.1239,-30.0,7.1239014,-126.113884,-37.729282,0.0
105.10251534200142,4,102,-0.08763412427902222,1,0,1,-37.822395,-30.0,7.8223953,49.91531,-37.655365,0.0
105.20325954999862,4,103,-0.039634124279022215,1,0,1,-37.021606,-30.0,7.0216064,-78.06015,-37.580994,0.0
105.30346430099962,4,104,0.007101493328809737,1,0,1,-37.40908,-30.0,7.4090805,74.775696,-37.51009,0.0
105.4030754000014,4,105,0.03511845767498017,1,0,1,-37.08768,-30.0,7.087681,-59.703823,-37.436253,0.0
105.50259263100088,4,106,-0.010319712758064273,1,0,1,-37.144382,-30.0,7.1443825,-26.611326,-37.364586,0.0
105.6023618500003,4,107,-0.058319712758064274,1,0,1,-36.94468,-30.0,6.9446793,-25.16937,-37.29381,0.0
105.70399919199917,4,108,-0.10631971275806427,1,0,1,-36.974262,-30.0,6.974262,-7.728576,-37.224415,0.0
105.80258306199903,4,109,-0.058319712758064274,1,0,1,-36.73562,-30.0,6.7356186,3.9482114,-37.156506,0.0
105.90309763099867,4,110,-0.09675511121749879,1,0,1,-36.228798,-30.0,6.228798,-3.0860898,-37.091187,0.0
106.00293026800136,4,111,-0.04875511121749879,1,0,1,-37.117805,-30.0,7.1178055,225.61644,-37.02616,0.0
106.10351244399862,4,112,-0.09675511121749879,1,0,1,-37.68393,-30.0,7.6839294,-13.935088,-36.948853,0.0
106.20278802399844,4,113,-0.04875511121749879,1,0,1,-38.011726,-30.0,8.011726,18.505096,-36.870373,0.0
106.3026444069983,4,114,-0.0007551112174987856,1,0,1,-37.863316,-30.0,7.8633156,11.180877,-36.791565,0.0
106.4029860490009,4,115,-0.04875511121749879,1,0,1,-37.531128,-30.0,7.531128,50.552364,-36.714767,0.0
106.50249881199852,4,116,-0.0007551112174987856,1,0,1,-37.906723,-30.0,7.906723,-8.365631,-36.63681,0.0
106.60307539999849,4,117,0.04712068140506745,1,0,1,-37.769516,-30.0,7.769516,12.519835,-36.558624,0.0
106.70355896099863,4,118,0.09512068140506745,1,0,1,-37.719074,-30.0,7.7190742,-63.041683,-36.48099,0.0
106.80216126899904,4,119,0.04712068140506745,1,0,1,-37.408474,-30.0,7.408474,-88.13476,-36.405106,0.0
106.90276076699956,4,120,-0.0008793185949325516,1,0,1,-37.566006,-30.0,7.5660057,106.34994,-36.332283,0.0
107.00290769200001,4,121,0.04712068140506745,1,0,1,-37.64008,-30.0,7.6400795,-68.07709,-36.255383,0.0
107.1019885550013,4,122,0.09324359893798828,1,0,1,-37.511566,-30.0,7.511566,53.49731,-36.180805,0.0
107.20286769900122,4,123,0.14124359893798827,1,0,1,-38.248722,-30.0,8.248722,153.59497,-36.102535,0.0
107.30274335899958,4,124,0.09324359893798827,1,0,1,-37.99772,-30.0,7.997719,-36.91864,-36.020073,0.0
107.40209185500134,4,125,0.045243598937988266,1,0,1,-37.52483,-30.0,7.52483,-105.0682,-35.94206,0.0
107.5022795670011,4,126,-0.0027564010620117346,1,0,1,-37.216385,-30.0,7.216385,74.279785,-35.869614,0.0
107.60258796500057,4,127,0.045243598937988266,1,0,1,-37.062695,-30.0,7.0626945,-85.826866,-35.796337,0.0
107.70278936699833,4,128,-0.0027564010620117346,1,0,1,-37.39015,-30.0,7.390148,118.84307,-35.726223,0.0
107.80192023700147,4,129,0.045243598937988266,1,0,1,-37.31771,-30.0,7.317711,-23.42224,-35.65163,0.0
107.90311031699821,4,130,0.09324359893798827,1,0,1,-37.43665,-30.0,7.4366493,-81.63833,-35.57692,0.0
108.0023613150006,4,131,0.14124359893798827,1,0,1,-37.081562,-30.0,7.081562,17.051697,-35.505558,0.0
108.10241521200078,4,132,0.09324359893798827,1,0,1,-37.170372,-30.0,7.170372,-147.03369,-35.431946,0.0
108.20251296900096,4,133,0.14124359893798827,1,0,1,-36.854923,-30.0,6.8549232,53.470608,-35.363007,0.0
108.30287807900095,4,134,0.1480175256729126,1,0,1,-37.791195,-30.0,7.791195,-57.220455,-35.2885,0.0
108.40220953500102,4,135,0.13669960498809816,1,0,1,-38.028492,-30.0,8.028492,121.299736,-35.212418,0.0
108.50257296999916,4,136,0.13856406211853028,1,0,1,-38.878956,-30.0,8.878956,11.856078,-35.125237,0.0
108.60268581299897,4,137,0.09056406211853028,1,0,1,-38.125565,-30.0,8.125565,-27.149199,-35.04042,0.0
108.70164403500166,4,138,0.04256406211853028,1,0,1,-37.968864,-30.0,7.9688644,5.9242244,-34.960674,0.0
108.80176889200084,4,139,-0.0054359378814697185,1,0,1,-37.51535,-30.0,7.5153503,-14.91928,-34.883297,0.0
108.90174317000128,4,140,-0.05343593788146972,1,0,1,-37.714092,-30.0,7.7140923,91.4421,-34.80743,0.0
109.00258544000098,4,141,-0.0054359378814697185,1,0,1,-37.79172,-30.0,7.7917213,-47.47772,-34.73012,0.0
109.10273739499826,4,142,-0.05343593788146972,1,0,1,-37.29575,-30.0,7.2957497,38.76877,-34.65569,0.0
109.20283990299868,4,143,-0.05920375585556031,1,0,1,-37.479496,-30.0,7.479496,2.7389524,-34.581215,0.0
109.30204452700127,4,144,-0.07087340950965881,1,0,1,-37.697636,-30.0,7.6976357,78.16315,-34.505985,0.0
109.40216323799905,4,145,-0.04208607375621796,1,0,1,-38.218994,-30.0,8.218994,-22.830961,-34.42423,0.0
109.50339717799943,4,146,-0.09008607375621797,1,0,1,-38.26781,-30.0,8.267811,-7.4958797,-34.341194,0.0
109.60316276999947,4,147,-0.10469721555709839,1,0,1,-38.70138,-30.0,8.701382,51.24664,-34.25784,0.0
109.7028453899984,4,148,-0.05669721555709839,1,0,1,-38.5383,-30.0,8.5383,-42.327877,-34.171772,0.0
109.8021707020016,4,149,-0.10469721555709839,1,0,1,-37.60658,-30.0,7.606579,50.193783,-34.092667,0.0
109.90260593600033,4,150,-0.05669721555709839,1,0,1,-37.25429,-30.0,7.2542915,-25.62332,-34.018623,0.0
110.00311492200126,4,151,-0.05584441423416138,1,0,1,-37.368343,-30.0,7.3683434,4.5280457,-33.945656,0.0
110.10315652899953,4,152,-0.007844414234161379,1,0,1,-36.76307,-30.0,6.763069,-9.983063,-33.874695,0.0
110.20385771899964,4,153,-0.05584441423416138,1,0,1,-37.11406,-30.0,7.1140594,80.06287,-33.805283,0.0
110.30254663500091,4,154,-0.10384441423416138,1,0,1,-37.51341,-30.0,7.5134087,16.918182,-33.731846,0.0
110.40322938700047,4,155,-0.05584441423416138,1,0,1,-38.123013,-30.0,8.123013,82.77892,-33.65429,0.0
110.50340955900174,4,156,-0.10384441423416138,1,0,1,-38.514915,-30.0,8.514915,20.45059,-33.57008,0.0
110.60319386999981,4,157,-0.05584441423416138,1,0,1,-38.447998,-30.0,8.447998,-49.20196,-33.485416,0.0
110.70326536900029,4,158,-0.007844414234161379,1,0,1,-39.03986,-30.0,9.03986,128.68881,-33.39882,0.0
110.80267281499982,4,159,0.04015558576583862,1,0,1,-38.585567,-30.0,8.585567,-117.19512,-33.308613,0.0
110.9024076780006,4,160,-0.007844414234161379,1,0,1,-38.382374,-30.0,8.382374,57.765957,-33.225475,0.0
111.00284291299977,4,161,0.04015558576583862,1,0,1,-37.99372,-30.0,7.993721,-17.189026,-33.14395,0.0
111.10176845300157,4,162,0.08815558576583862,1,0,1,-37.292774,-30.0,7.292774,-55.320736,-33.06728,0.0
111.20245958699888,4,163,0.11723159551620484,1,0,1,-36.55496,-30.0,6.5549583,-28.976439,-32.999046,0.0
111.30346584599829,4,164,0.06923159551620484,1,0,1,-36.821022,-30.0,6.821022,17.57431,-32.932735,0.0
111.40235143600148,4,165,0.021231595516204835,1,0,1,-37.36436,-30.0,7.364361,53.58505,-32.86199,0.0
111.50314146600067,4,166,-0.026768404483795166,1,0,1,-38.523373,-30.0,8.523373,63.140865,-32.78111,0.0
111.60216618100094,4,167,-0.07476840448379517,1,0,1,-38.4404,-30.0,8.440399,-14.61029,-32.69645,0.0
111.70400271700055,4,168,-0.026768404483795166,1,0,1,-38.563225,-30.0,8.563225,43.895718,-32.612362,0.0
111.80329450600038,4,169,0.021231595516204835,1,0,1,-37.984726,-30.0,7.984726,-11.699676,-32.52881,0.0
111.90366297400033,4,170,-0.026768404483795166,1,0,1,-38.49762,-30.0,8.49762,13.835906,-32.44578,0.0
112.00332185099978,4,171,-0.07476840448379517,1,0,1,-37.98818,-30.0,7.9881783,-68.84766,-32.36308,0.0
112.10231304199988,4,172,-0.026768404483795166,1,0,1,-38.033607,-30.0,8.0336075,-76.46561,-32.282604,0.0
112.20235828300065,4,173,0.021231595516204835,1,0,1,-38.09264,-30.0,8.09264,23.696898,-32.202423,0.0
112.30348718499954,4,174,-0.026768404483795166,1,0,1,-37.9544,-30.0,7.954399,62.034603,-32.12296,0.0
112.40276193300087,4,175,-0.07476840448379517,1,0,1,-38.01218,-30.0,8.01218,-57.186123,-32.042458,0.0
112.50248115299837,4,176,-0.12276840448379517,1,0,1,-38.653915,-30.0,8.653915,112.99514,-31.959053,0.0
112.6031918439985,4,177,-0.07476840448379517,1,0,1,-38.646652,-30.0,8.646652,-70.78171,-31.871355,0.0
112.70288815599997,4,178,-0.026768404483795166,1,0,1,-38.104996,-30.0,8.104996,-62.808987,-31.787098,0.0
112.80267442499826,4,179,-0.07476840448379517,1,0,1,-38.34524,-30.0,8.345242,-5.2452083,-31.705078,0.0
112.90276771799836,4,180,-0.12276840448379517,1,0,1,-38.68204,-30.0,8.682041,-20.576475,-31.621279,0.0
113.00249448199975,4,181,-0.07476840448379517,1,0,1,-37.633247,-30.0,7.6332474,-95.75652,-31.54,0.0
113.10449053800039,4,182,-0.026768404483795166,1,0,1,-38.169422,-30.0,8.169422,19.657135,-31.46244,0.0
113.20253132599828,4,183,0.01748912632465363,1,0,1,-38.138626,-30.0,8.138626,-11.947631,-31.380459,0.0
113.30311574499865,4,184,-0.03051087367534637,1,0,1,-37.87031,-30.0,7.8703117,20.58029,-31.300587,0.0
113.40329619900149,4,185,0.01748912632465363,1,0,1,-37.94749,-30.0,7.9474907,51.990505,-31.22073,0.0
113.50285310899926,4,186,-0.03051087367534637,1,0,1,-38.13883,-30.0,8.138828,60.314175,-31.139042,0.0
113.60284918199977,4,187,0.01748912632465363,1,0,1,-38.585674,-30.0,8.585674,97.6448,-31.055586,0.0
113.70304332600062,4,188,0.06548912632465363,1,0,1,-38.117958,-30.0,8.117958,-122.882835,-30.969534,0.0
113.8029167579989,4,189,0.11348912632465363,1,0,1,-37.69106,-30.0,7.691059,-58.551785,-30.89057,0.0
113.9024700359987,4,190,0.06548912632465363,1,0,1,-37.425655,-30.0,7.4256554,-37.63199,-30.815243,0.0
114.00324470399937,4,191,0.019760978221893308,1,0,1,-37.79609,-30.0,7.796089,-6.5307612,-30.738707,0.0
114.10265746100049,4,192,-0.028239021778106693,1,0,1,-37.526665,-30.0,7.5266647,-17.093658,-30.662045,0.0
114.20204703100171,4,193,-0.0762390217781067,1,0,1,-37.75649,-30.0,7.756489,-20.656584,-30.584114,0.0
114.30262781900092,4,194,-0.028239021778106693,1,0,1,-37.71441,-30.0,7.714409,17.69638,-30.506842,0.0
114.40296025000134,4,195,-0.0762390217781067,1,0,1,-38.100536,-30.0,8.100536,-6.1264033,-30.426666,0.0
114.50261717299873,4,196,-0.1242390217781067,1,0,1,-38.185448,-30.0,8.185448,14.495849,-30.34563,0.0
114.60354493400155,4,197,-0.0762390217781067,1,0,1,-38.27771,-30.0,8.27771,6.649017,-30.263689,0.0
114.70308536200173,4,198,-0.028239021778106693,1,0,1,-38.433014,-30.0,8.433014,80.799095,-30.180996,0.0
114.80268417800107,4,199,-0.0762390217781067,1,0,1,-39.038166,-30.0,9.038166,60.8139,-30.093082,0.0
114.9019944089996,4,200,-0.07610073685646057,1,0,1,-39.926983,-30.0,9.926983,69.2482,-29.997925,0.0
115.00318281900036,4,201,-0.02810073685646057,1,0,1,-40.219322,-30.0,10.219322,-183.3267,-29.895378,0.0
115.10297048700158,4,202,-0.07610073685646057,1,0,1,-39.44637,-30.0,9.446369,-82.16476,-29.79714,0.0
115.20231926999986,4,203,-0.02810073685646057,1,0,1,-38.81813,-30.0,8.8181305,-61.51199,-29.706425,0.0
115.30294280200178,4,204,0.01989926314353943,1,0,1,-38.640884,-30.0,8.640884,-15.659331,-29.619638,0.0
115.40364232100183,4,205,-0.02810073685646057,1,0,1,-38.589954,-30.0,8.589954,-38.471222,-29.533424,0.0
115.50358280200089,4,206,-0.03464046716690063,1,0,1,-38.557205,-30.0,8.557205,-14.583587,-29.44951,0.0
115.60366073199839,4,207,0.013359532833099368,1,0,1,-38.360092,-30.0,8.360092,-46.733852,-29.3644,0.0
115.70313662699846,4,208,0.06135953283309937,1,0,1,-38.343956,-30.0,8.343956,59.28039,-29.282621,0.0
115.80354616499972,4,209,0.013359532833099368,1,0,1,-38.467678,-30.0,8.467678,-41.358944,-29.198444,0.0
115.90305809900019,4,210,-0.03464046716690063,1,0,1,-38.522335,-30.0,8.522335,5.5961604,-29.113428,0.0
116.00351512999987,4,211,-0.08264046716690063,1,0,1,-38.81306,-30.0,8.813061,90.46172,-29.027668,0.0
116.10261052900023,4,212,-0.034640467166900626,1,0,1,-39.51492,-30.0,9.514919,-82.302086,-28.934097,0.0
116.20267812300153,4,213,0.013359532833099375,1,0,1,-38.57308,-30.0,8.573078,-113.998405,-28.842432,0.0
116.30292646599992,4,214,0.061359532833099376,1,0,1,-37.95318,-30.0,7.9531784,-99.14779,-28.759817,0.0
116.40263255999889,4,215,0.013359532833099375,1,0,1,-38.379677,-30.0,8.379677,70.77408,-28.679121,0.0
116.50234982899929,4,216,-0.01579742431640625,1,0,1,-37.727524,-30.0,7.727524,-82.05413,-28.597889,0.0
116.60239395600001,4,217,-0.06379742431640625,1,0,1,-38.1055,-30.0,8.105499,72.589874,-28.521112,0.0
116.70326780100004,4,218,-0.015797424316406253,1,0,1,-37.840717,-30.0,7.8407173,-120.07522,-28.440323,0.0
116.80215423499976,4,219,0.03220257568359375,1,0,1,-38.073154,-30.0,8.073154,117.49648,-28.361143,0.0
116.90251851699941,4,220,-0.015797424316406253,1,0,1,-37.714115,-30.0,7.714115,-61.99264,-28.280535,0.0
117.00296856400018,4,221,0.03220257568359375,1,0,1,-38.796104,-30.0,8.796104,34.45053,-28.197233,0.0
117.10225141900082,4,222,0.016022734344005585,1,0,1,-39.07776,-30.0,9.077759,-31.48651,-28.107862,0.0
117.20324036400052,4,223,-0.031977265655994416,1,0,1,-39.76326,-30.0,9.76326,34.049988,-28.015043,0.0
117.30341411799964,4,224,0.0056504704058170305,1,0,1,-40.236107,-30.0,10.236107,61.27548,-27.915226,0.0
117.40261874999851,4,225,0.022244204580783845,1,0,1,-39.807304,-30.0,9.807304,-39.33716,-27.814196,0.0
117.502094088999,4,226,0.06174020767211914,1,0,1,-39.646145,-30.0,9.646145,64.11743,-27.717613,0.0
117.60229326500121,4,227,0.013740207672119142,1,0,1,-38.937916,-30.0,8.937916,-26.397703,-27.623755,0.0
117.70318415200018,4,228,0.06174020767211914,1,0,1,-39.056767,-30.0,9.0567665,99.06005,-27.535463,0.0
117.80296651499884,4,229,0.10974020767211914,1,0,1,-37.788387,-30.0,7.7883873,-91.59469,-27.450922,0.0
117.90339393500108,4,230,0.06174020767211914,1,0,1,-38.24725,-30.0,8.24725,-108.978264,-27.36903,0.0
118.00328748500033,4,231,0.013740207672119142,1,0,1,-38.47895,-30.0,8.4789505,-33.2489,-27.285463,0.0
118.10245552199922,4,232,-0.03425979232788086,1,0,1,-38.69729,-30.0,8.6972885,112.44964,-27.200373,0.0
118.20262368900148,4,233,0.013740207672119142,1,0,1,-39.04594,-30.0,9.04594,2.868652,-27.11037,0.0
118.30230045200005,4,234,0.023292441666126252,1,0,1,-39.25737,-30.0,9.25737,122.23052,-27.021135,0.0
118.40303014600067,4,235,0.07129244166612625,1,0,1,-38.78371,-30.0,8.7837105,-105.10253,-26.929453,0.0
118.50243452599898,4,236,0.02329244166612625,1,0,1,-39.11186,-30.0,9.111858,110.042564,-26.84102,0.0
118.60329496299892,4,237,0.07129244166612625,1,0,1,-39.03088,-30.0,9.03088,13.843535,-26.750334,0.0
118.70269431500128,4,238,0.02329244166612625,1,0,1,-38.74055,-30.0,8.740551,-73.37189,-26.662436,0.0
118.80201432800095,4,239,0.07129244166612625,1,0,1,-38.704678,-30.0,8.704678,-3.5858152,-26.576242,0.0
118.90317508500084,4,240,0.11929244166612625,1,0,1,-38.439793,-30.0,8.439793,-41.39709,-26.490591,0.0
119.00289850199988,4,241,0.07129244166612625,1,0,1,-38.417557,-30.0,8.417557,80.64651,-26.407188,0.0
119.10350499700144,4,242,0.02329244166612625,1,0,1,-38.78589,-30.0,8.785889,29.33502,-26.321714,0.0
119.20327842099869,4,243,0.07129244166612625,1,0,1,-39.395382,-30.0,9.395382,76.13754,-26.23077,0.0
119.30232716899991,4,244,0.11929244166612625,1,0,1,-39.47564,-30.0,9.475639,-63.732143,-26.134974,0.0
119.40250315999947,4,245,0.07129244166612625,1,0,1,-39.266914,-30.0,9.266914,5.134582,-26.04175,0.0
119.50250678199882,4,246,0.11929244166612625,1,0,1,-38.824787,-30.0,8.824787,-125.66375,-25.949917,0.0
119.60303281899905,4,247,0.07129244166612625,1,0,1,-38.65832,-30.0,8.658321,72.43729,-25.864185,0.0
119.70236512400152,4,248,0.11118626594543457,1,0,1,-38.554478,-30.0,8.554478,43.895718,-25.779055,0.0
119.8026640370008,4,249,0.15918626594543456,1,0,1,-38.58335,-30.0,8.583351,-21.244047,-25.693201,0.0
119.90227626699925,4,250,0.11118626594543456,1,0,1,-38.668587,-30.0,8.668587,-41.64886,-25.60611,0.0
120.00334120299885,4,251,0.06318626594543456,1,0,1,-38.834156,-30.0,8.834156,45.80688,-25.519396,0.0
120.10385131699877,4,252,0.11118626594543456,1,0,1,-39.34775,-30.0,9.347752,110.5194,-25.430092,0.0
120.20302326599995,4,253,0.06318626594543456,1,0,1,-39.024567,-30.0,9.024567,60.848232,-25.338837,0.0
120.30278998699941,4,254,0.015186265945434554,1,0,1,-38.632786,-30.0,8.632786,-108.66546,-25.250505,0.0
120.40273019300002,4,255,-0.03281373405456545,1,0,1,-38.604454,-30.0,8.604454,40.46249,-25.164091,0.0
120.50359566100087,4,256,0.015186265945434554,1,0,1,-38.3387,-30.0,8.338699,-45.24612,-25.078302,0.0
120.60180491500068,4,257,0.06318626594543456,1,0,1,-38.142815,-30.0,8.142815,-78.323364,-24.995445,0.0
120.70350010100083,4,258,0.015186265945434554,1,0,1,-38.755146,-30.0,8.755146,120.4338,-24.91186,0.0
120.80265975899965,4,259,-0.03281373405456545,1,0,1,-38.70761,-30.0,8.707611,61.32507,-24.825197,0.0
120.90295001299819,4,260,-0.08081373405456545,1,0,1,-38.700397,-30.0,8.7003975,27.988432,-24.738806,0.0
121.00206553099997,4,261,-0.12881373405456545,1,0,1,-39.063362,-30.0,9.063362,-41.17584,-24.648476,0.0
121.1028457930006,4,262,-0.08081373405456545,1,0,1,-39.097076,-30.0,9.097076,-17.27295,-24.557407,0.0
121.20233398699929,4,263,-0.11855933666229249,1,0,1,-39.58412,-30.0,9.584122,102.17666,-24.464937,0.0
121.30271307899966,4,264,-0.07055933666229249,1,0,1,-40.01553,-30.0,10.01553,61.25259,-24.366793,0.0
121.40183362600146,4,265,-0.047757863998413086,1,0,1,-40.047977,-30.0,10.047977,-32.520294,-24.265684,0.0
121.50273205999838,4,266,0.00024213600158691506,1,0,1,-40.062035,-30.0,10.062035,28.01132,-24.165913,0.0
121.60202218300037,4,267,0.048242136001586916,1,0,1,-39.209652,-30.0,9.209652,-52.70767,-24.070143,0.0
121.70318433899956,4,268,0.00024213600158691506,1,0,1,-39.019455,-30.0,9.019455,-14.987945,-23.979733,0.0
121.80310610900051,4,269,0.048242136001586916,1,0,1,-39.006065,-30.0,9.006065,79.8378,-23.890688,0.0
121.90298821000033,4,270,0.00024213600158691506,1,0,1,-39.017082,-30.0,9.017082,103.66439,-23.801865,0.0
122.00347541800147,4,271,0.048242136001586916,1,0,1,-39.155956,-30.0,9.155956,34.484863,-23.710827,0.0
122.10178273099882,4,272,0.00024213600158691506,1,0,1,-39.250595,-30.0,9.250595,-157.49359,-23.61761,0.0
122.20285996000166,4,273,-0.047757863998413086,1,0,1,-39.756355,-30.0,9.756355,224.34233,-23.524952,0.0
122.30219003299862,4,274,0.00024213600158691506,1,0,1,-40.688248,-30.0,10.688248,25.23422,-23.420965,0.0
122.402960798001,4,275,-0.047757863998413086,1,0,1,-40.0896,-30.0,10.0896,35.007477,-23.318111,0.0
122.50266131000171,4,276,-0.09575786399841309,1,0,1,-39.887318,-30.0,9.887318,-20.45059,-23.21812,0.0
122.60172458799934,4,277,-0.047757863998413086,1,0,1,-39.94158,-30.0,9.941582,-7.1716304,-23.11881,0.0
122.70218497699898,4,278,-0.09575786399841309,1,0,1,-39.391766,-30.0,9.391766,38.9328,-23.023554,0.0
122.80347089399947,4,279,-0.047757863998413086,1,0,1,-39.27502,-30.0,9.275021,-0.67138666,-22.930843,0.0
122.90277498700016,4,280,-0.08963924050331117,1,0,1,-38.733074,-30.0,8.733074,-81.57348,-22.84072,0.0
123.00330046900126,4,281,-0.041639240503311165,1,0,1,-38.648785,-30.0,8.648785,9.803772,-22.754337,0.0
123.1037871189983,4,282,-0.08963924050331117,1,0,1,-38.21392,-30.0,8.213921,-69.58008,-22.670414,0.0
123.20339236899963,4,283,-0.041639240503311165,1,0,1,-38.51776,-30.0,8.517761,13.011931,-22.586792,0.0
123.30310182199901,4,284,0.0063607594966888364,1,0,1,-38.706028,-30.0,8.706028,61.94305,-22.500328,0.0
123.40247771199938,4,285,0.05436075949668884,1,0,1,-39.07728,-30.0,9.077278,170.50551,-22.413496,0.0
123.50241568699857,4,286,0.0063607594966888364,1,0,1,-40.2363,-30.0,10.236301,4.5433044,-22.315317,0.0
123.6028875310003,4,287,-0.041639240503311165,1,0,1,-40.280865,-30.0,10.280865,-30.807493,-22.211735,0.0
123.70224889399833,4,288,-0.08963924050331117,1,0,1,-39.909657,-30.0,9.909657,98.12545,-22.112278,0.0
123.80304480300038,4,289,-0.07381718158721924,1,0,1,-40.15471,-30.0,10.154709,-216.1064,-22.00907,0.0
123.90262295499997,4,290,-0.12181718158721924,1,0,1,-39.50136,-30.0,9.501362,-104.02679,-21.911272,0.0
124.00292354900012,4,291,-0.16981718158721926,1,0,1,-38.79548,-30.0,8.795479,14.194488,-21.820892,0.0
124.10345182500168,4,292,-0.12181718158721926,1,0,1,-38.79639,-30.0,8.796391,49.076077,-21.734045,0.0
124.20186362299864,4,293,-0.07381718158721925,1,0,1,-38.79957,-30.0,8.799568,-8.350372,-21.644726,0.0
124.30266065099931,4,294,-0.12181718158721926,1,0,1,-38.68919,-30.0,8.68919,20.164488,-21.556797,0.0
124.40308360600102,4,295,-0.07381718158721925,1,0,1,-38.661022,-30.0,8.661022,62.881466,-21.469479,0.0
124.50295202000052,4,296,-0.12181718158721926,1,0,1,-39.488148,-30.0,9.488148,43.03741,-21.378304,0.0
124.60336435999852,4,297,-0.16981718158721926,1,0,1,-40.388367,-30.0,10.388367,-107.524864,-21.277048,0.0
124.70288971199989,4,298,-0.16583971977233888,1,0,1,-41.083122,-30.0,11.083122,27.812956,-21.170013,0.0
124.80246646800151,4,299,-0.11783971977233888,1,0,1,-40.35351,-30.0,10.353512,28.274534,-21.064438,0.0
124.9024184129994,4,300,0.0,1,1,1,-40.199352,-30.0,10.199352,-8.12912,-20.96164,0.0
126.62693526099974,5,1,-0.048,1,0,1,-38.779713,-30.0,8.779713,-34.53064,-19.314066,0.0
126.73159285300062,5,2,-0.096,1,0,1,-38.764114,-30.0,8.764114,-35.053253,-19.225388,0.0
126.83091147700179,5,3,-0.048,1,0,1,-39.2353,-30.0,9.235298,79.74243,-19.135761,0.0
126.93202810200091,5,4,0.0,1,0,1,-39.831703,-30.0,9.831703,-36.29303,-19.037996,0.0
127.03284580599939,5,5,-0.048,1,0,1,-39.996643,-30.0,9.996643,-3.5400388,-18.938208,0.0
127.1317716400008,5,6,0.0,1,0,1,-40.24356,-30.0,10.243561,-3.574371,-18.836712,0.0
127.23137158600002,5,7,0.048,1,0,1,-40.168816,-30.0,10.168816,-77.3201,-18.734402,0.0
127.3313889050005,5,8,0.0,1,0,1,-40.367912,-30.0,10.367912,-13.34381,-18.632711,0.0
127.43117435000022,5,9,0.048,1,0,1,-39.994522,-30.0,9.994522,-10.94818,-18.53188,0.0
127.53226052399987,5,10,0.096,1,0,1,-40.06894,-30.0,10.068939,-60.150143,-18.431293,0.0
127.63059913100005,5,11,0.048,1,0,1,-39.89552,-30.0,9.895519,24.574278,-18.331778,0.0
127.73228314899825,5,12,0.0,1,0,1,-39.502888,-30.0,9.502888,-19.931793,-18.23427,0.0
127.83124781700099,5,13,0.048,1,0,1,-39.810875,-30.0,9.810875,-10.932921,-18.136648,0.0
127.93047844100147,5,14,0.0,1,0,1,-40.15589,-30.0,10.155891,-1.838684,-18.037722,0.0
128.0314045390005,5,15,-0.048,1,0,1,-39.814983,-30.0,9.814983,-17.807007,-17.937584,0.0
128.13178252099897,5,16,0.0,1,0,1,-40.412968,-30.0,10.412968,-25.0473,-17.836285,0.0
128.23288098799821,5,17,-0.048,1,0,1,-40.021656,-30.0,10.021656,-117.24471,-17.733294,0.0
128.33271197100112,5,18,-0.096,1,0,1,-39.969536,-30.0,9.969536,-10.6925955,-17.634247,0.0
128.43126289700012,5,19,-0.048,1,0,1,-40.366596,-30.0,10.366596,-24.99008,-17.532375,0.0
128.5317322310002,5,20,-0.040685811638832094,1,0,1,-40.049744,-30.0,10.049744,-0.82015985,-17.430603,0.0
128.63140844499867,5,21,-0.0886858116388321,1,0,1,-40.107224,-30.0,10.1072235,34.606934,-17.329039,0.0
128.73089049899863,5,22,-0.1366858116388321,1,0,1,-39.625046,-30.0,9.625046,-59.06677,-17.228655,0.0
128.83192806599982,5,23,-0.08868581163883209,1,0,1,-40.479897,-30.0,10.479897,53.95889,-17.126652,0.0
128.9310986269993,5,24,-0.04068581163883209,1,0,1,-40.786816,-30.0,10.786816,155.53284,-17.021545,0.0
129.03121987199847,5,25,0.007314188361167914,1,0,1,-40.951534,-30.0,10.951534,62.44659,-16.913069,0.0
129.13127630500094,5,26,0.055314188361167915,1,0,1,-40.245354,-30.0,10.245354,-180.82045,-16.806858,0.0
129.23166378599853,5,27,0.05602439641952515,1,0,1,-39.282986,-30.0,9.282986,150.15411,-16.713785,0.0
129.33157159500115,5,28,0.008024396419525147,1,0,1,-39.396587,-30.0,9.396587,31.08978,-16.619453,0.0
129.43077176899897,5,29,0.05602439641952515,1,0,1,-39.606525,-30.0,9.606525,74.50104,-16.524086,0.0
129.5319526509993,5,30,0.10402439641952516,1,0,1,-39.508442,-30.0,9.508442,-103.31344,-16.42824,0.0
129.63089916000172,5,31,0.056024396419525155,1,0,1,-39.043953,-30.0,9.043953,-97.949974,-16.335518,0.0
129.73220240500086,5,32,0.008024396419525154,1,0,1,-39.23521,-30.0,9.23521,82.561485,-16.243752,0.0
129.8314975639987,5,33,-0.03997560358047485,1,0,1,-39.697197,-30.0,9.697197,-26.790617,-16.146875,0.0
129.93175123000037,5,34,0.008024396419525154,1,0,1,-39.83282,-30.0,9.832821,114.09377,-16.050636,0.0
130.03106147599829,5,35,-0.01824546158313751,1,0,1,-40.142105,-30.0,10.142105,99.96795,-15.950012,0.0
130.13142716700168,5,36,0.02975453841686249,1,0,1,-40.42618,-30.0,10.426182,-28.545378,-15.846284,0.0
130.23079468300057,5,37,0.07775453841686249,1,0,1,-40.269108,-30.0,10.269108,0.030517576,-15.742962,0.0
130.3313400070001,5,38,0.12006173133850098,1,0,1,-40.016136,-30.0,10.016136,-102.68783,-15.640612,0.0
130.43138330999864,5,39,0.07206173133850098,1,0,1,-40.17233,-30.0,10.172329,52.333828,-15.539984,0.0
130.53072708000036,5,40,0.12006173133850098,1,0,1,-40.303875,-30.0,10.303875,-4.673004,-15.437229,0.0
130.63135090599826,5,41,0.07206173133850098,1,0,1,-39.687737,-30.0,9.6877365,80.90591,-15.339099,0.0
130.73061254200002,5,42,0.02406173133850098,1,0,1,-39.807083,-30.0,9.807083,42.888638,-15.242011,0.0
130.83101119999992,5,43,0.07206173133850098,1,0,1,-40.491695,-30.0,10.491695,119.98748,-15.140846,0.0
130.9314048289998,5,44,0.12006173133850098,1,0,1,-40.0767,-30.0,10.076698,50.28152,-15.039075,0.0
131.03090476500074,5,45,0.07206173133850098,1,0,1,-40.457954,-30.0,10.457954,5.363464,-14.935801,0.0
131.13220102700143,5,46,0.062397444248199464,1,0,1,-41.075584,-30.0,11.075584,48.301693,-14.8274355,0.0
131.23073100300098,5,47,0.11039744424819947,1,0,1,-41.342552,-30.0,11.342552,-45.0592,-14.71499,0.0
131.33118329900026,5,48,0.12031029462814331,1,0,1,-40.62895,-30.0,10.628948,-28.274534,-14.605887,0.0
131.43106205599906,5,49,0.07231029462814331,1,0,1,-40.31148,-30.0,10.311481,-84.461205,-14.501879,0.0
131.5320026849986,5,50,0.12031029462814331,1,0,1,-40.40903,-30.0,10.409031,-32.657623,-14.39806,0.0
131.63126376299988,5,51,0.07231029462814331,1,0,1,-40.43688,-30.0,10.436878,-4.2495728,-14.293896,0.0
131.73187948900159,5,52,0.04873591661453247,1,0,1,-40.064728,-30.0,10.064728,34.751892,-14.191033,0.0
131.83213203899868,5,53,0.09673591661453247,1,0,1,-40.21771,-30.0,10.217709,-3.4294126,-14.089316,0.0
131.93085002999942,5,54,0.08403164744377137,1,0,1,-40.648228,-30.0,10.648228,44.07501,-13.984647,0.0
132.031996832,5,55,0.054482501745224,1,0,1,-41.410954,-30.0,11.4109535,105.73577,-13.874908,0.0
132.13188005900156,5,56,0.102482501745224,1,0,1,-41.717472,-30.0,11.717472,-69.00406,-13.758303,0.0
132.2320082920014,5,57,0.054482501745223996,1,0,1,-40.97371,-30.0,10.973709,-15.224456,-13.644531,0.0
132.33172278200072,5,58,0.006482501745223995,1,0,1,-40.73694,-30.0,10.736938,11.875152,-13.535915,0.0
132.43198119899898,5,59,-0.041517498254776006,1,0,1,-40.358467,-30.0,10.358467,55.995937,-13.429922,0.0
132.53152332099853,5,60,-0.089517498254776,1,0,1,-40.740353,-30.0,10.740353,0.25177002,-13.322454,0.0
132.6318415220012,5,61,-0.041517498254776006,1,0,1,-40.499508,-30.0,10.499508,-118.77822,-13.215123,0.0
132.73122775799857,5,62,0.006482501745223995,1,0,1,-40.60695,-30.0,10.606949,-152.4353,-13.109654,0.0
132.83126128499862,5,63,-0.041517498254776006,1,0,1,-40.156162,-30.0,10.156162,36.010742,-13.008166,0.0
132.93138476899912,5,64,0.006482501745223995,1,0,1,-39.577343,-30.0,9.577343,-46.745296,-12.910081,0.0
133.03076485899874,5,65,0.054482501745223996,1,0,1,-40.169586,-30.0,10.169586,-13.0615225,-12.809565,0.0
133.13129817400113,5,66,0.006482501745223995,1,0,1,-41.058292,-30.0,11.058292,56.0646,-12.704331,0.0
133.23072771200168,5,67,-0.041517498254776006,1,0,1,-41.11609,-30.0,11.116089,159.94263,-12.594696,0.0
133.3308609730011,5,68,0.006482501745223995,1,0,1,-40.93742,-30.0,10.93742,3.4332273,-12.4841795,0.0
133.43161722199875,5,69,0.054482501745223996,1,0,1,-40.724823,-30.0,10.724823,40.767666,-12.376478,0.0
133.5308671269995,5,70,0.006482501745223995,1,0,1,-39.53373,-30.0,9.53373,69.164276,-12.277369,0.0
133.63115124699834,5,71,-0.041517498254776006,1,0,1,-39.659866,-30.0,9.659866,3.070831,-12.181319,0.0
133.73120600699986,5,72,0.006482501745223995,1,0,1,-39.91483,-30.0,9.914829,-54.107662,-12.083158,0.0
133.83070762300122,5,73,-0.041517498254776006,1,0,1,-39.56827,-30.0,9.568272,55.416103,-11.9866495,0.0
133.93196309999985,5,74,-0.089517498254776,1,0,1,-40.43551,-30.0,10.435509,143.64243,-11.887592,0.0
134.0319239929995,5,75,-0.137517498254776,1,0,1,-40.42435,-30.0,10.424351,4.7950745,-11.78322,0.0
134.13128564599901,5,76,-0.08951749825477599,1,0,1,-41.030117,-30.0,11.030117,58.887478,-11.675493,0.0
134.23245843100085,5,77,-0.12543094158172607,1,0,1,-42.225056,-30.0,12.225056,104.60662,-11.557837,0.0
134.33198937999987,5,78,-0.14756098985671998,1,0,1,-42.153988,-30.0,12.153988,-32.333374,-11.436269,0.0
134.43235088499932,5,79,-0.09956098985671998,1,0,1,-42.254086,-30.0,12.254086,-17.990112,-11.314475,0.0
134.5320402340003,5,80,-0.0889378845691681,1,0,1,-42.19977,-30.0,12.199772,17.250061,-11.191903,0.0
134.63270764499975,5,81,-0.040937884569168095,1,0,1,-42.16425,-30.0,12.164249,-26.340483,-11.068262,0.0
134.73121471700142,5,82,-0.03129901587963104,1,0,1,-41.925556,-30.0,11.925556,15.167235,-10.948535,0.0
134.83075740099957,5,83,-0.05442478656768799,1,0,1,-41.88501,-30.0,11.88501,19.069672,-10.830907,0.0
134.9314144759992,5,84,-0.04403458833694458,1,0,1,-40.902164,-30.0,10.902164,57.250973,-10.718985,0.0
135.03119378300107,5,85,0.003965411663055418,1,0,1,-40.36878,-30.0,10.368778,-44.44885,-10.61075,0.0
135.13061829399885,5,86,-0.04403458833694458,1,0,1,-40.574528,-30.0,10.574528,-96.97341,-10.504957,0.0
135.23102365999875,5,87,0.003965411663055418,1,0,1,-41.286816,-30.0,11.286816,95.69167,-10.396561,0.0
135.33197686399944,5,88,0.05196541166305542,1,0,1,-41.651207,-30.0,11.651207,-63.621517,-10.280207,0.0
135.43139411200173,5,89,0.09996541166305542,1,0,1,-41.646717,-30.0,11.646717,-135.36453,-10.16373,0.0
135.53127594599937,5,90,0.05196541166305542,1,0,1,-41.087856,-30.0,11.087856,36.59439,-10.051765,0.0
135.63075325699901,5,91,0.09996541166305542,1,0,1,-40.912518,-30.0,10.912518,17.917633,-9.942451,0.0
135.73118376699858,5,92,0.05196541166305542,1,0,1,-40.885395,-30.0,10.885395,45.20416,-9.833486,0.0
135.8313553049993,5,93,0.003965411663055418,1,0,1,-40.992634,-30.0,10.992634,-42.072292,-9.723506,0.0
135.93159947800086,5,94,-0.04403458833694458,1,0,1,-40.848843,-30.0,10.848843,-41.408535,-9.613942,0.0
136.03065410899944,5,95,-0.09203458833694458,1,0,1,-40.54616,-30.0,10.546162,-1.346588,-9.507307,0.0
136.13077703700037,5,96,-0.1400345883369446,1,0,1,-40.09368,-30.0,10.093681,-32.218933,-9.404591,0.0
136.23101366699848,5,97,-0.12540427446365357,1,0,1,-39.83339,-30.0,9.833389,0.1373291,-9.305215,0.0
136.33186462400045,5,98,-0.12396534681320191,1,0,1,-39.772877,-30.0,9.772877,9.44519,-9.2069235,0.0
136.4312930470005,5,99,-0.07596534681320191,1,0,1,-39.787937,-30.0,9.787937,-71.70868,-9.108605,0.0
136.53210908300025,5,100,-0.02796534681320191,1,0,1,-41.07989,-30.0,11.079891,184.12779,-9.005564,0.0
136.63116846399862,5,101,0.02003465318679809,1,0,1,-41.71431,-30.0,11.71431,5.8822627,-8.890569,0.0
136.731466276,5,102,0.06803465318679809,1,0,1,-41.28371,-30.0,11.2837105,6.786346,-8.775798,0.0
136.83205267299854,5,103,0.11603465318679809,1,0,1,-41.411304,-30.0,11.411304,-7.2326655,-8.661887,0.0
136.93193841999891,5,104,0.06803465318679809,1,0,1,-41.31804,-30.0,11.318039,4.8980713,-8.548264,0.0
137.03141601300013,5,105,0.02003465318679809,1,0,1,-41.24444,-30.0,11.244438,3.5858152,-8.435766,0.0
137.131495919999,5,106,-0.02351601868867874,1,0,1,-41.04685,-30.0,11.046848,-47.912594,-8.323644,0.0
137.23066118100178,5,107,0.024483981311321262,1,0,1,-40.969505,-30.0,10.969505,26.718138,-8.213964,0.0
137.33122942000045,5,108,-0.02351601868867874,1,0,1,-40.605488,-30.0,10.605488,-46.604153,-8.105574,0.0
137.43057040300118,5,109,-0.07151601868867874,1,0,1,-40.689873,-30.0,10.689873,11.512755,-7.999505,0.0
137.53077574499912,5,110,-0.02351601868867874,1,0,1,-40.692867,-30.0,10.692867,47.428127,-7.8932133,0.0
137.63138560899824,5,111,0.024483981311321262,1,0,1,-40.60026,-30.0,10.600262,67.98935,-7.787621,0.0
137.73137891299848,5,112,-0.02351601868867874,1,0,1,-41.115143,-30.0,11.115143,12.107848,-7.678506,0.0
137.83057071499934,5,113,-0.07151601868867874,1,0,1,-41.550617,-30.0,11.550617,23.712156,-7.5664554,0.0
137.9313764159997,5,114,-0.02351601868867874,1,0,1,-41.313026,-30.0,11.313026,29.418943,-7.4528794,0.0
138.030634707,5,115,-0.07151601868867874,1,0,1,-41.227535,-30.0,11.227535,54.977413,-7.3401136,0.0
138.13136581800063,5,116,-0.02351601868867874,1,0,1,-41.334366,-30.0,11.334366,102.88238,-7.2273965,0.0
138.23070735999863,5,117,-0.07151601868867874,1,0,1,-41.715973,-30.0,11.715973,116.21856,-7.113682,0.0
138.3311769840002,5,118,-0.11951601868867874,1,0,1,-41.36141,-30.0,11.361408,-40.935513,-6.998224,0.0
138.4313057799991,5,119,-0.08432713747024537,1,0,1,-41.642914,-30.0,11.642914,-54.95834,-6.881465,0.0
138.53117057599957,5,120,-0.13232713747024538,1,0,1,-41.4246,-30.0,11.424599,10.139464,-6.766093,0.0
138.6311507499995,5,121,-0.08432713747024538,1,0,1,-41.393574,-30.0,11.393574,12.977599,-6.651553,0.0
138.73135218199968,5,122,-0.03632713747024538,1,0,1,-41.76544,-30.0,11.765442,139.26697,-6.536637,0.0
138.83084402500026,5,123,0.011672862529754621,1,0,1,-42.391037,-30.0,12.391037,82.96203,-6.41506,0.0
138.93244061299993,5,124,-0.03632713747024538,1,0,1,-41.998383,-30.0,11.998383,-197.12065,-6.2901773,0.0
139.03060742099842,5,125,0.011672862529754621,1,0,1,-41.245884,-30.0,11.245884,38.871765,-6.1766677,0.0
139.13097479700082,5,126,-0.03632713747024538,1,0,1,-41.00915,-30.0,11.009151,-9.670258,-6.066098,0.0
139.2317061879985,5,127,-0.08432713747024538,1,0,1,-41.301506,-30.0,11.301506,-43.78509,-5.953906,0.0
139.33109410600082,5,128,-0.13232713747024538,1,0,1,-41.51534,-30.0,11.515339,54.351803,-5.8409624,0.0
139.43231215299966,5,129,-0.08432713747024538,1,0,1,-41.637386,-30.0,11.637386,45.45593,-5.726096,0.0
139.5323238960009,5,130,-0.03632713747024538,1,0,1,-41.046776,-30.0,11.046776,67.409515,-5.612766,0.0
139.63069184800042,5,131,0.011672862529754621,1,0,1,-41.942745,-30.0,11.942745,5.3787227,-5.4978566,0.0
139.73119108600076,5,132,0.05967286252975462,1,0,1,-42.32461,-30.0,12.324612,60.36758,-5.3768687,0.0
139.83036082000035,5,133,0.10767286252975462,1,0,1,-42.71432,-30.0,12.714321,-21.057127,-5.250617,0.0
139.93062511099924,5,134,0.15567286252975462,1,0,1,-42.78801,-30.0,12.78801,1.2550353,-5.122611,0.0
140.03097097700083,5,135,0.10767286252975462,1,0,1,-42.62591,-30.0,12.625912,-47.15347,-4.995584,0.0
140.13136321799902,5,136,0.05967286252975462,1,0,1,-42.481842,-30.0,12.481842,-35.507202,-4.872103,0.0
140.23073605199897,5,137,0.1059128999710083,1,0,1,-42.110146,-30.0,12.110146,-20.885466,-4.7509503,0.0
140.3325944069984,5,138,0.057912899971008305,1,0,1,-41.58236,-30.0,11.582359,-68.740845,-4.6338367,0.0
140.43126714900063,5,139,0.009912899971008304,1,0,1,-41.066956,-30.0,11.066956,35.411835,-4.5220237,0.0
140.53071736600032,5,140,0.057912899971008305,1,0,1,-40.75485,-30.0,10.7548485,14.511107,-4.414952,0.0
140.63109899199844,5,141,0.009912899971008304,1,0,1,-41.015205,-30.0,11.015205,-47.435757,-4.30472,0.0
140.73141580399897,5,142,-0.0380871000289917,1,0,1,-41.640045,-30.0,11.640045,53.913113,-4.191782,0.0
140.83078919699983,5,143,0.009912899971008304,1,0,1,-41.703922,-30.0,11.703922,59.29565,-4.075607,0.0
140.9311199779986,5,144,-0.0380871000289917,1,0,1,-42.131935,-30.0,12.131935,42.33169,-3.9554389,0.0
141.03047633000097,5,145,-0.0860871000289917,1,0,1,-41.971046,-30.0,11.971046,-58.60519,-3.8336632,0.0
141.13076688300134,5,146,-0.1340871000289917,1,0,1,-42.253582,-30.0,12.253582,27.565,-3.7116153,0.0
141.23123315699922,5,147,-0.08608710002899171,1,0,1,-42.201046,-30.0,12.201046,-42.892452,-3.5891924,0.0
141.3308758589992,5,148,-0.1340871000289917,1,0,1,-41.916916,-30.0,11.916916,1.8424987,-3.469026,0.0
141.43091023300076,5,149,-0.14951205253601074,1,0,1,-41.758232,-30.0,11.758232,-33.187866,-3.3502,0.0
141.53166369500104,5,150,-0.18418602943420412,1,0,1,-41.786583,-30.0,11.786583,-4.2037964,-3.2324884,0.0
141.6310957550013,5,151,-0.1361860294342041,1,0,1,-41.69821,-30.0,11.698212,21.495817,-3.1150143,0.0
141.73037947199919,5,152,-0.0881860294342041,1,0,1,-41.22214,-30.0,11.222141,-70.34683,-2.9999266,0.0
141.83073986700037,5,153,-0.0401860294342041,1,0,1,-41.370655,-30.0,11.370655,57.888027,-2.8882675,0.0
141.93264068899953,5,154,-0.0881860294342041,1,0,1,-41.533436,-30.0,11.533436,-0.30899048,-2.7731292,0.0
142.03109161500106,5,155,-0.0401860294342041,1,0,1,-41.568462,-30.0,11.568462,1.2130737,-2.6574655,0.0
142.13043902799836,5,156,-0.024422772228717804,1,0,1,-41.587894,-30.0,11.587894,-16.693115,-2.5415223,0.0
142.23086730900104,5,157,-0.0724227722287178,1,0,1,-41.47871,-30.0,11.47871,15.022277,-2.4266114,0.0
142.33119920899844,5,158,-0.08738238215446473,1,0,1,-41.459785,-30.0,11.459785,-85.021965,-2.3111372,0.0
142.4313151589995,5,159,-0.13108735084533693,1,0,1,-41.196686,-30.0,11.196686,-69.366455,-2.1987405,0.0
142.53113051000037,5,160,-0.08308735084533693,1,0,1,-41.776936,-30.0,11.776936,7.8659053,-2.084934,0.0
142.63145654300024,5,161,-0.13108735084533693,1,0,1,-41.721733,-30.0,11.721733,-57.559963,-1.9668534,0.0
142.73059415199896,5,162,-0.08308735084533693,1,0,1,-42.24218,-30.0,12.24218,-51.10168,-1.8463218,0.0
142.83126380699832,5,163,-0.03508735084533693,1,0,1,-41.921375,-30.0,11.921375,84.201805,-1.7267829,0.0
142.9313090780015,5,164,0.012912649154663072,1,0,1,-42.902084,-30.0,12.902084,111.537926,-1.6029963,0.0
143.03105989699907,5,165,0.06091264915466307,1,0,1,-43.242645,-30.0,13.242645,-6.8778987,-1.4706048,0.0
143.13062577500023,5,166,0.012912649154663072,1,0,1,-42.598213,-30.0,12.598213,-34.568787,-1.3415643,0.0
143.231702467001,5,167,-0.03508735084533693,1,0,1,-42.13003,-30.0,12.130032,-13.111114,-1.2183092,0.0
143.33103339800073,5,168,-0.08308735084533693,1,0,1,-42.166782,-30.0,12.166782,56.529995,-1.0973253,0.0
143.43147536900142,5,169,-0.0791730284690857,1,0,1,-42.305195,-30.0,12.305195,-47.409054,-0.9743419,0.0
143.53048866099925,5,170,-0.031173028469085692,1,0,1,-41.939045,-30.0,11.939045,39.222717,-0.85481393,0.0
143.63120888100093,5,171,-0.05835046768188477,1,0,1,-41.930065,-30.0,11.930065,-43.071743,-0.7344271,0.0
143.73115162500108,5,172,-0.010350467681884766,1,0,1,-41.74684,-30.0,11.746841,-12.756347,-0.61612177,0.0
143.83058284900108,5,173,0.037649532318115235,1,0,1,-41.714615,-30.0,11.714615,-1.4114379,-0.4988667,0.0
143.93097258000125,5,174,0.08564953231811523,1,0,1,-41.546677,-30.0,11.546677,52.314754,-0.38345492,0.0
144.03097343199988,5,175,0.13364953231811522,1,0,1,-41.820484,-30.0,11.820484,17.097473,-0.2660685,0.0
144.13058903899946,5,176,0.08564953231811522,1,0,1,-42.38784,-30.0,12.38784,133.10623,-0.14542125,0.0
144.23131987599845,5,177,0.037649532318115214,1,0,1,-41.65079,-30.0,11.650791,-81.98928,-0.025073105,0.0
144.33104499399997,5,178,0.08564953231811522,1,0,1,-41.608322,-30.0,11.608322,18.009186,0.09116834,0.0
144.43060696199973,5,179,0.037649532318115214,1,0,1,-41.65828,-30.0,11.658279,-43.956753,0.20833057,0.0
144.53205074200014,5,180,0.08249621391296387,1,0,1,-40.511433,-30.0,10.511433,14.266967,0.31787378,0.0
144.63086680199922,5,181,0.03449621391296387,1,0,1,-40.57698,-30.0,10.576981,1.4266967,0.42347303,0.0
144.7311017639986,5,182,0.04672540128231049,1,0,1,-40.665905,-30.0,10.665905,46.99325,0.5293537,0.0
144.8313375639991,5,183,-0.0012745987176895138,1,0,1,-40.77599,-30.0,10.77599,0.70953363,0.63676393,0.0
144.93115180099994,5,184,-0.049274598717689515,1,0,1,-40.763035,-30.0,10.763035,-19.123077,0.7448137,0.0
145.03114315700077,5,185,-0.0012745987176895138,1,0,1,-40.99753,-30.0,10.997532,112.869255,0.85278034,0.0
145.13121636600044,5,186,0.04672540128231049,1,0,1,-40.98817,-30.0,10.988171,-23.02551,0.96352696,0.0
145.23199721000128,5,187,-0.0012745987176895138,1,0,1,-41.087143,-30.0,11.087143,54.88586,1.0740874,0.0
145.3311784030011,5,188,0.04672540128231049,1,0,1,-41.813816,-30.0,11.813816,-9.056091,1.1898968,0.0
145.43043726000178,5,189,0.0947254012823105,1,0,1,-42.23739,-30.0,12.237389,121.25396,1.3097742,0.0
145.53056941600153,5,190,0.11909259557724,1,0,1,-42.748856,-30.0,12.748856,-33.992767,1.435987,0.0
145.63191597699915,5,191,0.14965729713439943,1,0,1,-42.348774,-30.0,12.348774,-87.82958,1.5619179,0.0
145.73101838900038,5,192,0.10165729713439943,1,0,1,-41.77617,-30.0,11.776169,-5.989074,1.6813219,0.0
145.83189477699852,5,193,0.05365729713439943,1,0,1,-41.69598,-30.0,11.69598,21.678923,1.798075,0.0
145.93117682199954,5,194,0.027193108201026918,1,0,1,-41.697098,-30.0,11.697098,30.53665,1.9150687,0.0
146.03097513600005,5,195,-0.020806891798973083,1,0,1,-41.770924,-30.0,11.770924,-8.975983,2.0321438,0.0
146.13239349599826,5,196,0.027193108201026918,1,0,1,-41.873016,-30.0,11.873016,14.728545,2.1507568,0.0
146.2306969199999,5,197,-0.0016899600625038154,1,0,1,-41.647915,-30.0,11.647915,-31.494139,2.2680595,0.0
146.33200940000097,5,198,0.04631003993749619,1,0,1,-41.786503,-30.0,11.786503,0.20217894,2.3862724,0.0
146.43169596699954,5,199,0.04067434966564179,1,0,1,-41.778107,-30.0,11.778107,11.848449,2.5046108,0.0
146.53212313499898,5,200,0.08728333115577698,1,0,1,-41.77372,-30.0,11.77372,6.404876,2.622359,0.0
146.63147558000128,5,201,0.03928333115577698,1,0,1,-42.234173,-30.0,12.234173,-63.423153,2.7428343,0.0
146.73092161300156,5,202,0.06767280101776123,1,0,1,-41.36075,-30.0,11.360748,22.300718,2.8596528,0.0
146.83102555499863,5,203,0.019672801017761227,1,0,1,-41.783684,-30.0,11.783684,28.553007,2.9756603,0.0
146.93108675400072,5,204,0.06767280101776123,1,0,1,-41.87451,-30.0,11.874512,-1.0986328,3.0943604,0.0
147.0324824849995,5,205,0.11567280101776123,1,0,1,-42.024487,-30.0,12.024487,49.82757,3.213352,0.0
147.13086692700017,5,206,0.13734753131866456,1,0,1,-42.088013,-30.0,12.088013,-2.5863645,3.3344052,0.0
147.23149663599906,5,207,0.08934753131866456,1,0,1,-42.31635,-30.0,12.316349,11.211394,3.4569125,0.0
147.33088679700086,5,208,0.13734753131866456,1,0,1,-42.425274,-30.0,12.425274,16.716003,3.580864,0.0
147.43165618900093,5,209,0.08934753131866456,1,0,1,-42.46037,-30.0,12.460369,-2.2621155,3.7056506,0.0
147.53261024300082,5,210,0.04134753131866456,1,0,1,-42.616905,-30.0,12.616905,46.531673,3.8307347,0.0
147.63129360699895,5,211,-0.006652468681335441,1,0,1,-43.079163,-30.0,13.079163,61.218258,3.9594815,0.0
147.73184369700175,5,212,-0.010088159888982774,1,0,1,-43.991238,-30.0,13.991238,101.72271,4.0944924,0.0
147.8310645620004,5,213,0.012987108528614047,1,0,1,-44.37942,-30.0,14.379421,2.6321409,4.237291,0.0
147.93086343699906,5,214,-0.007748175412416456,1,0,1,-44.11738,-30.0,14.117378,4.802704,4.379551,0.0
148.03197170099884,5,215,-0.054670107364654545,1,0,1,-43.631203,-30.0,13.631203,-20.64514,4.518768,0.0
148.13137862499934,5,216,-0.006670107364654544,1,0,1,-43.020744,-30.0,13.020744,-135.96725,4.652564,0.0
148.23112330300137,5,217,-0.054670107364654545,1,0,1,-42.410416,-30.0,12.410416,-18.745422,4.778205,0.0
148.33020951399885,5,218,-0.006670107364654544,1,0,1,-41.525425,-30.0,11.525425,-87.17727,4.898835,0.0
148.43055454899877,5,219,-0.054670107364654545,1,0,1,-41.88567,-30.0,11.88567,36.476135,5.0156965,0.0
148.53093757899842,5,220,-0.10267010736465454,1,0,1,-42.250286,-30.0,12.250286,49.510952,5.1361985,0.0
148.63117170600162,5,221,-0.09565909504890442,1,0,1,-42.58344,-30.0,12.583439,10.902404,5.2611732,0.0
148.73138320499856,5,222,-0.12084577083587647,1,0,1,-42.480366,-30.0,12.480366,-39.76059,5.3866196,0.0
148.83054959500078,5,223,-0.07284577083587647,1,0,1,-42.506367,-30.0,12.506367,-1.5068053,5.5118203,0.0
148.9316452890016,5,224,-0.02484577083587647,1,0,1,-42.390564,-30.0,12.390564,-13.805388,5.636109,0.0
149.0310069570005,5,225,0.023154229164123533,1,0,1,-42.295822,-30.0,12.295822,-37.204742,5.7598233,0.0
149.13194760199985,5,226,0.053073185682296756,1,0,1,-42.033974,-30.0,12.033974,8.220673,5.8808346,0.0
149.23098101399955,5,227,0.10107318568229676,1,0,1,-41.791607,-30.0,11.791607,-30.83801,5.999661,0.0
149.3313456069991,5,228,0.053073185682296756,1,0,1,-40.261127,-30.0,10.261127,-111.26708,6.1097713,0.0
149.43030917700162,5,229,0.005073185682296755,1,0,1,-40.764317,-30.0,10.764317,124.92751,6.2138004,0.0
149.5314140900009,5,230,-0.042926814317703246,1,0,1,-41.796986,-30.0,11.796986,-12.031554,6.3281956,0.0
149.63251676800064,5,231,-0.03701844811439514,1,0,1,-42.191864,-30.0,12.191864,98.64806,6.447426,0.0
149.7310029020009,5,232,0.01098155188560486,1,0,1,-42.24514,-30.0,12.24514,-23.47946,6.5706005,0.0
149.8311962430016,5,233,0.05898155188560486,1,0,1,-42.453873,-30.0,12.453873,34.549713,6.693695,0.0
149.9312172159989,5,234,0.059779500961303716,1,0,1,-42.36137,-30.0,12.36137,22.46475,6.8182535,0.0
150.03179189300135,5,235,0.011779500961303715,1,0,1,-42.54468,-30.0,12.544682,88.06228,6.9425673,0.0
150.13078647300063,5,236,0.059779500961303716,1,0,1,-42.43614,-30.0,12.436138,2.5215147,7.0677433,0.0
150.2320687850006,5,237,0.011779500961303715,1,0,1,-42.71971,-30.0,12.719711,54.111477,7.1934824,0.0
150.33229090199893,5,238,-0.036220499038696286,1,0,1,-42.564705,-30.0,12.564705,-19.073486,7.320137,0.0
150.43044319299952,5,239,-0.07801884412765503,1,0,1,-42.581936,-30.0,12.581936,45.177456,7.445482,0.0
150.53120839799885,5,240,-0.03001884412765503,1,0,1,-42.553852,-30.0,12.553852,116.30248,7.569918,0.0
150.63058962099967,5,241,-0.07801884412765503,1,0,1,-43.26695,-30.0,13.266949,75.653076,7.6999154,0.0
150.73110283799906,5,242,-0.03001884412765503,1,0,1,-43.4041,-30.0,13.4040985,-72.00241,7.834452,0.0
150.83211807599946,5,243,-0.07801884412765503,1,0,1,-42.9586,-30.0,12.958599,57.502743,7.9655013,0.0
150.93120568700033,5,244,-0.03001884412765503,1,0,1,-42.939217,-30.0,12.939217,-17.024994,8.094618,0.0
151.031573354001,5,245,-0.07801884412765503,1,0,1,-42.879192,-30.0,12.879192,-8.605957,8.223656,0.0
151.13175859499825,5,246,-0.12090270519256592,1,0,1,-42.81822,-30.0,12.818218,-4.2877197,8.351977,0.0
151.23235478399874,5,247,-0.07290270519256592,1,0,1,-42.616863,-30.0,12.616863,23.113249,8.478689,0.0
151.33122365099916,5,248,-0.02490270519256592,1,0,1,-42.563755,-30.0,12.563755,48.82049,8.60435,0.0
151.4303484180018,5,249,-0.07290270519256592,1,0,1,-42.69091,-30.0,12.69091,38.272858,8.729877,0.0
151.53123877899998,5,250,-0.02490270519256592,1,0,1,-42.629753,-30.0,12.629753,-16.799927,8.856301,0.0
151.6304579710013,5,251,0.023097294807434082,1,0,1,-42.572323,-30.0,12.572323,87.37182,8.981803,0.0
151.73072869899988,5,252,0.07109729480743408,1,0,1,-43.290577,-30.0,13.290577,124.19128,9.111454,0.0
151.83165454100163,5,253,0.023097294807434082,1,0,1,-43.21615,-30.0,13.216148,-68.660736,9.245197,0.0
151.93060526300178,5,254,0.04990115761756897,1,0,1,-42.718784,-30.0,12.718784,54.550167,9.37305,0.0
152.03124168200156,5,255,0.0019011576175689687,1,0,1,-42.94198,-30.0,12.941978,56.911465,9.501549,0.0
152.1324544329982,5,256,-0.029097440838813785,1,0,1,-42.96204,-30.0,12.96204,-14.427184,9.631791,0.0
152.23076624500027,5,257,-0.04781770706176758,1,0,1,-42.83014,-30.0,12.830139,-12.054442,9.760935,0.0
152.33145043499826,5,258,0.00018229293823242287,1,0,1,-43.19854,-30.0,13.19854,67.28363,9.890416,0.0
152.4313194339993,5,259,0.048182292938232424,1,0,1,-43.230976,-30.0,13.230976,-52.890774,10.023618,0.0
152.53059422099977,5,260,0.09618229293823242,1,0,1,-43.28967,-30.0,13.289669,-4.589081,10.156222,0.0
152.63066129100116,5,261,0.048182292938232424,1,0,1,-43.25092,-30.0,13.250919,17.780304,10.288811,0.0
152.73124714499863,5,262,0.09618229293823242,1,0,1,-43.52896,-30.0,13.528961,-49.934383,10.423892,0.0
152.83036632600124,5,263,0.05053212642669678,1,0,1,-43.011288,-30.0,13.011288,-154.87671,10.557441,0.0
152.93111393299841,5,264,0.0025321264266967777,1,0,1,-43.85091,-30.0,13.85091,154.6402,10.689382,0.0
153.0321923099982,5,265,-0.04546787357330322,1,0,1,-44.005314,-30.0,14.005314,-39.791107,10.830428,0.0
153.1315766100015,5,266,-0.04335849285125733,1,0,1,-43.644188,-30.0,13.644188,-78.18985,10.968692,0.0
153.23188700899846,5,267,-0.06724936366081238,1,0,1,-43.003925,-30.0,13.003925,-50.617214,11.101059,0.0
153.33157553899946,5,268,-0.09704344272613526,1,0,1,-42.713898,-30.0,12.713898,-13.4773245,11.229664,0.0
153.43111349000174,5,269,-0.049043442726135256,1,0,1,-42.850094,-30.0,12.850094,-0.579834,11.357967,0.0
153.53133644699847,5,270,-0.0010434427261352547,1,0,1,-42.76043,-30.0,12.760429,-3.3950803,11.485961,0.0
153.6315359379987,5,271,-0.049043442726135256,1,0,1,-42.732594,-30.0,12.732594,-5.2032466,11.612616,0.0
153.73068864300149,5,272,-0.09704344272613526,1,0,1,-42.503292,-30.0,12.503292,-21.938322,11.739028,0.0
153.8316541569984,5,273,-0.049043442726135256,1,0,1,-42.356037,-30.0,12.356037,-23.902891,11.86344,0.0
153.93121361999874,5,274,-0.09704344272613526,1,0,1,-42.202065,-30.0,12.2020645,-39.871216,11.986264,0.0
154.0308024170008,5,275,-0.049043442726135256,1,0,1,-42.253582,-30.0,12.253582,37.29248,12.107819,0.0
154.1315796380004,5,276,-0.09704344272613526,1,0,1,-42.1839,-30.0,12.183899,-48.66409,12.230594,0.0
154.23081699199975,5,277,-0.049043442726135256,1,0,1,-41.478996,-30.0,11.478996,-10.208129,12.348918,0.0
154.33120226200117,5,278,-0.04071140587329865,1,0,1,-41.97916,-30.0,11.97916,4.7187805,12.466992,0.0
154.43128386099852,5,279,-0.08871140587329865,1,0,1,-42.146137,-30.0,12.146137,54.420467,12.587477,0.0
154.53080812400003,5,280,-0.13671140587329866,1,0,1,-42.458546,-30.0,12.458546,8.68988,12.710923,0.0
154.6321979960012,5,281,-0.08871140587329866,1,0,1,-42.46741,-30.0,12.467411,-52.44064,12.836023,0.0
154.73219215299832,5,282,-0.13671140587329866,1,0,1,-42.47051,-30.0,12.470509,22.369383,12.960353,0.0
154.8305089960013,5,283,-0.18471140587329865,1,0,1,-42.54278,-30.0,12.542782,24.791716,13.085769,0.0
154.93069787299828,5,284,-0.1969739079475403,1,0,1,-42.673374,-30.0,12.673374,-87.669365,13.212744,0.0
155.0314600089987,5,285,-0.14897390794754028,1,0,1,-43.009926,-30.0,13.009926,60.321804,13.340305,0.0
155.13216096399992,5,286,-0.10097390794754028,1,0,1,-43.227554,-30.0,13.227554,-52.356716,13.472388,0.0
155.23135501700017,5,287,-0.05297390794754028,1,0,1,-43.581062,-30.0,13.581062,112.59078,13.60612,0.0
155.3309996880016,5,288,-0.004973907947540282,1,0,1,-44.423412,-30.0,14.423412,82.122795,13.7463,0.0
155.43122711699834,5,289,-0.05297390794754028,1,0,1,-44.453857,-30.0,14.453857,68.222046,13.889877,0.0
155.53174173500156,5,290,-0.10097390794754028,1,0,1,-44.389954,-30.0,14.389954,-63.514706,14.035361,0.0
155.63146993600094,5,291,-0.14897390794754028,1,0,1,-43.959156,-30.0,13.959156,-25.913237,14.177206,0.0
155.7316853529992,5,292,-0.15634570121765137,1,0,1,-43.23121,-30.0,13.231209,-89.58053,14.312938,0.0
155.83096796600148,5,293,-0.10834570121765137,1,0,1,-42.941616,-30.0,12.941616,-1.4686583,14.44279,0.0
155.93177843300145,5,294,-0.06034570121765137,1,0,1,-43.09479,-30.0,13.094791,4.638672,14.572815,0.0
156.0314468510005,5,295,-0.01234570121765137,1,0,1,-43.01993,-30.0,13.019932,-12.882232,14.703282,0.0
156.1307101880011,5,296,-0.06034570121765137,1,0,1,-43.13557,-30.0,13.135571,8.460999,14.833687,0.0
156.23294989400165,5,297,-0.055644828081130984,1,0,1,-43.50731,-30.0,13.507309,57.08694,14.966816,0.0
156.3313597669985,5,298,-0.007644828081130983,1,0,1,-43.482864,-30.0,13.482864,64.29672,15.101079,0.0
156.430662494,5,299,0.01921505928039551,1,0,1,-43.602234,-30.0,13.602234,-64.403534,15.23772,0.0
156.5307376689998,5,300,0.0,1,1,1,-44.05885,-30.0,14.058849,35.42328,15.375583,0.0
158.2536436549999,6,1,0.048,1,0,1,-43.04987,-30.0,13.04987,-83.1108,17.680466,0.0
158.35942153799988,6,2,0.096,1,0,1,-42.35258,-30.0,12.352581,-34.938812,17.807232,0.0
158.4586066539996,6,3,0.14400000000000002,1,0,1,-42.584393,-30.0,12.584393,140.44952,17.929537,0.0
158.55813902199952,6,4,0.18996918201446533,1,0,1,-42.9292,-30.0,12.929199,7.427215,18.058609,0.0
158.65718166200168,6,5,0.14196918201446534,1,0,1,-43.379917,-30.0,13.379917,54.660793,18.190006,0.0
158.75750212300045,6,6,0.09396918201446534,1,0,1,-43.556984,-30.0,13.556984,-14.328002,18.324993,0.0
158.85830952000106,6,7,0.04596918201446534,1,0,1,-43.317665,-30.0,13.317665,-106.258385,18.475142,0.0
158.95791508399998,6,8,-0.002030817985534658,1,0,1,-43.658035,-30.0,13.658035,35.194397,18.609663,0.0
159.05767653400108,6,9,0.04596918201446534,1,0,1,-43.636543,-30.0,13.636543,68.099976,18.731865,0.0
159.1582995489989,6,10,0.06214593052864075,1,0,1,-43.548573,-30.0,13.548573,19.706726,18.868113,0.0
159.25775984199936,6,11,0.11014593052864075,1,0,1,-43.43385,-30.0,13.433849,49.076077,19.00267,0.0
159.35846443300034,6,12,0.062145930528640744,1,0,1,-43.949615,-30.0,13.9496155,-18.184662,19.1531,0.0
159.4577713530016,6,13,0.014145930528640743,1,0,1,-43.407593,-30.0,13.407593,-71.315765,19.275785,0.0
159.55839185399964,6,14,0.062145930528640744,1,0,1,-44.022045,-30.0,14.022045,71.071625,19.411951,0.0
159.6580331769983,6,15,0.014145930528640743,1,0,1,-43.277126,-30.0,13.277126,-74.56207,19.550085,0.0
159.75711576699905,6,16,0.062145930528640744,1,0,1,-42.95525,-30.0,12.95525,22.14813,19.680511,0.0
159.85776308799905,6,17,0.07945143580436707,1,0,1,-42.780228,-30.0,12.780228,10.959624,19.808073,0.0
159.95813327799988,6,18,0.06697157621383668,1,0,1,-43.151863,-30.0,13.151863,16.464233,19.95157,0.0
160.0576849249992,6,19,0.018971576213836674,1,0,1,-43.307262,-30.0,13.307262,2.105713,20.07074,0.0
160.15852053900016,6,20,-0.029028423786163327,1,0,1,-43.29161,-30.0,13.291611,-25.627134,20.204578,0.0
160.25827947500147,6,21,0.018971576213836674,1,0,1,-43.323555,-30.0,13.323555,-7.4882503,20.338274,0.0
160.3575006309984,6,22,0.06697157621383668,1,0,1,-43.997997,-30.0,13.997997,38.936615,20.47511,0.0
160.4581133110005,6,23,0.018971576213836674,1,0,1,-43.771317,-30.0,13.771317,5.7220454,20.61385,0.0
160.5579714230007,6,24,0.06697157621383668,1,0,1,-44.32355,-30.0,14.323551,2.2087097,20.755064,0.0
160.6576035270009,6,25,0.018971576213836674,1,0,1,-44.596333,-30.0,14.596333,-7.884979,20.90005,0.0
160.7577225669993,6,26,0.06697157621383668,1,0,1,-44.497715,-30.0,14.497715,-9.647369,21.059938,0.0
160.85854337600176,6,27,0.018971576213836674,1,0,1,-44.235275,-30.0,14.235275,-58.586117,21.189503,0.0
160.95773827200173,6,28,-0.029028423786163327,1,0,1,-43.929173,-30.0,13.9291725,-31.970976,21.3298,0.0
161.05801459600116,6,29,0.018971576213836674,1,0,1,-43.6327,-30.0,13.632702,28.987883,21.481167,0.0
161.15733492800064,6,30,0.06697157621383668,1,0,1,-43.505814,-30.0,13.505814,-37.78839,21.602774,0.0
161.25787832599963,6,31,0.11497157621383668,1,0,1,-43.631264,-30.0,13.631264,-2.407074,21.738129,0.0
161.3574405899999,6,32,0.06697157621383668,1,0,1,-43.40437,-30.0,13.404369,80.61599,21.872927,0.0
161.457477775999,6,33,0.018971576213836674,1,0,1,-44.314045,-30.0,14.314045,26.180265,22.02718,0.0
161.5580306720003,6,34,0.05295443534851074,1,0,1,-44.52149,-30.0,14.521488,54.996487,22.15683,0.0
161.65744906200052,6,35,0.004954435348510741,1,0,1,-44.993744,-30.0,14.993744,16.719818,22.304304,0.0
161.75744546100032,6,36,-0.04304556465148926,1,0,1,-45.144264,-30.0,15.144264,87.295525,22.454096,0.0
161.85798243500176,6,37,-0.02645218074321747,1,0,1,-44.916176,-30.0,14.916176,-50.30441,22.605648,0.0
161.95824981999976,6,38,0.021547819256782532,1,0,1,-44.602486,-30.0,14.602486,-20.088194,22.753231,0.0
162.0575190290001,6,39,-0.02645218074321747,1,0,1,-44.342045,-30.0,14.342045,-112.751,22.900074,0.0
162.1581071260007,6,40,0.013596647977828984,1,0,1,-44.02288,-30.0,14.022881,-7.202148,23.040894,0.0
162.25842144499984,6,41,0.06159664797782899,1,0,1,-42.963226,-30.0,12.963226,-89.11132,23.17485,0.0
162.35847846699835,6,42,0.10959664797782899,1,0,1,-43.286358,-30.0,13.286358,82.23342,23.305576,0.0
162.4574141129997,6,43,0.06159664797782899,1,0,1,-43.347786,-30.0,13.347786,25.75302,23.438028,0.0
162.55788431800102,6,44,0.013596647977828988,1,0,1,-44.004555,-30.0,14.004555,-59.333797,23.577372,0.0
162.65757173800012,6,45,0.06159664797782899,1,0,1,-44.879513,-30.0,14.879513,-34.48105,23.72337,0.0
162.75831488399854,6,46,0.013596647977828988,1,0,1,-45.577232,-30.0,15.577232,-39.455414,23.87707,0.0
162.85853505699924,6,47,-0.03440335202217101,1,0,1,-45.388424,-30.0,15.388424,47.672268,24.045305,0.0
162.9585680550008,6,48,0.013596647977828988,1,0,1,-45.509705,-30.0,15.509705,59.93652,24.184582,0.0
163.05908156299847,6,49,0.06159664797782899,1,0,1,-45.53271,-30.0,15.532711,-121.76513,24.341553,0.0
163.15780293499847,6,50,0.09868882894515991,1,0,1,-45.45213,-30.0,15.452129,112.667076,24.494593,0.0
163.2591637609985,6,51,0.1014752507209778,1,0,1,-45.820145,-30.0,15.820145,-164.78346,24.66931,0.0
163.35910317099842,6,52,0.14947525072097778,1,0,1,-45.048508,-30.0,15.048508,21.224974,24.82182,0.0
163.45859084499898,6,53,0.19747525072097777,1,0,1,-44.956676,-30.0,14.9566765,-25.75302,24.957355,0.0
163.55848583600164,6,54,0.14947525072097778,1,0,1,-44.95708,-30.0,14.957081,21.01898,25.106777,0.0
163.6581123549986,6,55,0.14469373226165771,1,0,1,-45.21104,-30.0,15.2110405,-53.119656,25.258698,0.0
163.757663725999,6,56,0.09669373226165771,1,0,1,-44.76003,-30.0,14.760029,-38.35678,25.408321,0.0
163.85840324200035,6,57,0.14469373226165771,1,0,1,-44.158504,-30.0,14.1585045,-36.411285,25.553217,0.0
163.9583077319985,6,58,0.09669373226165771,1,0,1,-44.43381,-30.0,14.433811,-38.42163,25.697,0.0
164.058655017001,6,59,0.14469373226165771,1,0,1,-45.016094,-30.0,15.016094,50.54092,25.84274,0.0
164.1588782639992,6,60,0.09669373226165771,1,0,1,-45.064804,-30.0,15.064804,-33.691406,26.00836,0.0
164.25771501599957,6,61,0.07972206473350525,1,0,1,-44.972122,-30.0,14.972122,-40.817257,26.143305,0.0
164.35776030600027,6,62,0.03172206473350525,1,0,1,-44.832916,-30.0,14.832916,-8.968353,26.292128,0.0
164.45734073100175,6,63,-0.01627793526649475,1,0,1,-44.78481,-30.0,14.784809,43.35403,26.439985,0.0
164.55833028000052,6,64,-0.06427793526649475,1,0,1,-44.463303,-30.0,14.463303,-39.83307,26.58655,0.0
164.65828533500098,6,65,-0.01627793526649475,1,0,1,-44.239765,-30.0,14.239765,-46.085354,26.729504,0.0
164.7575232579984,6,66,0.03172206473350525,1,0,1,-44.149136,-30.0,14.149136,-58.444973,26.87148,0.0
164.85832758800098,6,67,-0.01627793526649475,1,0,1,-43.834106,-30.0,13.834106,-5.523681,27.010824,0.0
164.95725569299975,6,68,-0.06427793526649475,1,0,1,-44.337135,-30.0,14.337135,83.27102,27.15139,0.0
165.05859025999962,6,69,-0.01627793526649475,1,0,1,-45.056805,-30.0,15.056805,100.67367,27.298853,0.0
165.15792344700094,6,70,-0.037762570381164554,1,0,1,-45.29827,-30.0,15.298271,35.60257,27.45114,0.0
165.25864759899923,6,71,0.010237429618835447,1,0,1,-45.508366,-30.0,15.508366,19.397736,27.62033,0.0
165.35848923199956,6,72,0.05823742961883545,1,0,1,-45.15377,-30.0,15.15377,-81.59637,27.773983,0.0
165.45916030399894,6,73,0.10623742961883545,1,0,1,-44.576145,-30.0,14.576145,-103.31725,27.908024,0.0
165.55818898099824,6,74,0.10196338891983033,1,0,1,-45.231724,-30.0,15.231724,31.379698,28.05731,0.0
165.65827897100098,6,75,0.1424022436141968,1,0,1,-45.14905,-30.0,15.149052,31.181334,28.208914,0.0
165.75957331099926,6,76,0.19040224361419678,1,0,1,-44.976067,-30.0,14.976067,-27.519224,28.35923,0.0
165.85823573900052,6,77,0.1424022436141968,1,0,1,-44.534206,-30.0,14.534206,-78.0983,28.523254,0.0
165.95808156400017,6,78,0.15096724033355713,1,0,1,-44.655792,-30.0,14.655792,146.19446,28.654291,0.0
166.05789246800123,6,79,0.19046556949615479,1,0,1,-45.379593,-30.0,15.379593,63.678738,28.805567,0.0
166.1575337969989,6,80,0.15309264659881594,1,0,1,-46.397472,-30.0,16.397472,129.13895,28.965328,0.0
166.2579375159985,6,81,0.10509264659881594,1,0,1,-45.605606,-30.0,15.605606,-207.9582,29.126713,0.0
166.3576992519993,6,82,0.11471728086471558,1,0,1,-44.94626,-30.0,14.946259,16.727448,29.277363,0.0
166.45826751799905,6,83,0.06671728086471558,1,0,1,-44.993748,-30.0,14.993748,9.441376,29.442566,0.0
166.55742833600016,6,84,0.01871728086471558,1,0,1,-45.03535,-30.0,15.035351,-25.562284,29.592812,0.0
166.65797229799864,6,85,0.06671728086471558,1,0,1,-44.74126,-30.0,14.741261,-36.14044,29.74123,0.0
166.75794327900076,6,86,0.01871728086471558,1,0,1,-45.620213,-30.0,15.620213,176.59758,29.890821,0.0
166.85790029299824,6,87,-0.02928271913528442,1,0,1,-45.719345,-30.0,15.719345,-45.314785,30.03316,0.0
166.95903679099865,6,88,-0.07728271913528442,1,0,1,-45.987003,-30.0,15.987003,-22.785185,30.191923,0.0
167.05764949399963,6,89,-0.12528271913528444,1,0,1,-45.593933,-30.0,15.593933,21.102903,30.349463,0.0
167.15828424999927,6,90,-0.07728271913528444,1,0,1,-45.886868,-30.0,15.886868,-2.1247864,30.50892,0.0
167.25836027400146,6,91,-0.11176666021347047,1,0,1,-46.173626,-30.0,16.173626,78.58276,30.669289,0.0
167.35754316300154,6,92,-0.06376666021347047,1,0,1,-46.720673,-30.0,16.720673,112.64037,30.835054,0.0
167.45776473599835,6,93,-0.07733992934226991,1,0,1,-46.727737,-30.0,16.727737,-50.033566,31.020502,0.0
167.55695684500097,6,94,-0.1253399293422699,1,0,1,-46.164524,-30.0,16.164524,-128.1662,31.16955,0.0
167.6572675360003,6,95,-0.17333992934226988,1,0,1,-45.737473,-30.0,15.737473,-90.45791,31.32982,0.0
167.75753408799937,6,96,-0.1253399293422699,1,0,1,-45.537468,-30.0,15.537468,-18.821716,31.486809,0.0
167.85830154400173,6,97,-0.15100816488265992,1,0,1,-45.424126,-30.0,15.424126,-104.47311,31.658567,0.0
167.95748191999883,6,98,-0.1942111372947693,1,0,1,-45.91113,-30.0,15.911129,-0.5722046,31.800058,0.0
168.0589841100009,6,99,-0.1462111372947693,1,0,1,-45.877262,-30.0,15.877262,82.61108,31.973587,0.0
168.15748450799947,6,100,-0.09821113729476931,1,0,1,-45.68692,-30.0,15.68692,-84.510796,32.116074,0.0
168.2583827080016,6,101,-0.0706936240196228,1,0,1,-46.020588,-30.0,16.020588,151.68,32.273,0.0
168.3589001319997,6,102,-0.0226936240196228,1,0,1,-46.93553,-30.0,16.935532,72.04437,32.44008,0.0
168.45728012299878,6,103,-0.0706936240196228,1,0,1,-47.017666,-30.0,17.017666,-15.529632,32.611008,0.0
168.55953157299882,6,104,-0.1186936240196228,1,0,1,-47.01075,-30.0,17.01075,-44.74258,32.798267,0.0
168.65781713899923,6,105,-0.0706936240196228,1,0,1,-46.611687,-30.0,16.611687,-27.51541,32.94928,0.0
168.75836445499954,6,106,-0.0226936240196228,1,0,1,-46.90221,-30.0,16.90221,56.60629,33.115868,0.0
168.85769988000175,6,107,0.025306375980377202,1,0,1,-45.340683,-30.0,15.340683,-11.32965,33.27662,0.0
168.95725293099895,6,108,-0.005044010281562806,1,0,1,-45.73011,-30.0,15.73011,95.489494,33.43163,0.0
169.05729571199845,6,109,0.0429559897184372,1,0,1,-45.886837,-30.0,15.886837,-0.7286071,33.590015,0.0
169.15770390399848,6,110,0.04366226196289063,1,0,1,-45.506603,-30.0,15.506603,-14.904021,33.747204,0.0
169.25790005700037,6,111,-0.004337738037109372,1,0,1,-45.90633,-30.0,15.90633,64.39972,33.919666,0.0
169.35785846900035,6,112,-0.05233773803710937,1,0,1,-46.25272,-30.0,16.25272,42.797085,34.080387,0.0
169.45761238499836,6,113,-0.10033773803710938,1,0,1,-46.30091,-30.0,16.30091,-34.179688,34.227146,0.0
169.55889220099925,6,114,-0.14833773803710937,1,0,1,-46.01208,-30.0,16.012081,-12.126922,34.40454,0.0
169.65795803700166,6,115,-0.10033773803710937,1,0,1,-45.7552,-30.0,15.755199,31.585691,34.54725,0.0
169.75771335099853,6,116,-0.14833773803710937,1,0,1,-45.524883,-30.0,15.524883,-47.416683,34.704323,0.0
169.85773238600086,6,117,-0.10033773803710937,1,0,1,-44.69915,-30.0,14.69915,-18.882751,34.85501,0.0
169.9583185349984,6,118,-0.052337738037109366,1,0,1,-44.51949,-30.0,14.519489,6.8054194,35.000446,0.0
170.0576285390016,6,119,-0.004337738037109365,1,0,1,-44.125813,-30.0,14.125813,-25.173185,35.143963,0.0
170.15877481799907,6,120,0.043662261962890636,1,0,1,-45.09169,-30.0,15.09169,57.510372,35.305977,0.0
170.2579828529997,6,121,0.09166226196289064,1,0,1,-45.62457,-30.0,15.624569,73.87924,35.44422,0.0
170.35887043899857,6,122,0.06649919748306275,1,0,1,-46.257996,-30.0,16.257996,20.282743,35.60417,0.0
170.45753342999888,6,123,0.11449919748306275,1,0,1,-46.560448,-30.0,16.560448,-22.9187,35.76902,0.0
170.55748011000105,6,124,0.06649919748306275,1,0,1,-46.41605,-30.0,16.41605,2.7618406,35.933693,0.0
170.6589647010005,6,125,0.11449919748306275,1,0,1,-46.066242,-30.0,16.066242,-12.195586,36.113113,0.0
170.7570435380003,6,126,0.16249919748306274,1,0,1,-46.317924,-30.0,16.317924,-71.49887,36.25945,0.0
170.85763108500032,6,127,0.11449919748306274,1,0,1,-46.047943,-30.0,16.047943,-26.268003,36.42111,0.0
170.9590598040013,6,128,0.1358794450759888,1,0,1,-45.808437,-30.0,15.808437,-13.107299,36.579742,0.0
171.05864526400183,6,129,0.1428908109664917,1,0,1,-45.72332,-30.0,15.72332,-51.090237,36.737877,0.0
171.15808266000022,6,130,0.1908908109664917,1,0,1,-45.306423,-30.0,15.306423,73.33374,36.89193,0.0
171.25809443300022,6,131,0.1428908109664917,1,0,1,-45.685917,-30.0,15.685917,55.18722,37.046886,0.0
171.35825203499917,6,132,0.18618324995040894,1,0,1,-46.47483,-30.0,16.47483,20.519255,37.209072,0.0
171.45800399699874,6,133,0.13818324995040893,1,0,1,-46.31852,-30.0,16.31852,27.973173,37.37309,0.0
171.55750955799886,6,134,0.09018324995040893,1,0,1,-46.254753,-30.0,16.254753,-43.23196,37.53674,0.0
171.65844407799887,6,135,0.042183249950408924,1,0,1,-46.3556,-30.0,16.355598,-55.419918,37.699852,0.0
171.75831756499974,6,136,-0.005816750049591077,1,0,1,-46.314034,-30.0,16.314034,53.58505,37.861835,0.0
171.85816842400163,6,137,-0.05381675004959108,1,0,1,-46.1391,-30.0,16.1391,-1.4114379,38.02385,0.0
171.95826736000163,6,138,-0.039611005783081056,1,0,1,-45.94963,-30.0,15.949631,-75.59204,38.184353,0.0
172.05798803400103,6,139,-0.08761100578308106,1,0,1,-45.79667,-30.0,15.796669,-10.417937,38.359314,0.0
172.1575835520016,6,140,-0.03961100578308106,1,0,1,-46.091217,-30.0,16.091217,55.06515,38.50254,0.0
172.25879352899938,6,141,0.008388994216918938,1,0,1,-45.59055,-30.0,15.590549,41.64123,38.67481,0.0
172.35871981599848,6,142,-0.03961100578308106,1,0,1,-46.11485,-30.0,16.11485,61.51962,38.833954,0.0
172.45796528799838,6,143,0.008388994216918938,1,0,1,-46.853043,-30.0,16.853043,31.440733,38.983368,0.0
172.55747280599826,6,144,0.024272683262825015,1,0,1,-46.69629,-30.0,16.69629,-102.043144,39.15269,0.0
172.65813745899868,6,145,0.07227268326282502,1,0,1,-45.929176,-30.0,15.929176,-126.22451,39.315376,0.0
172.7581140330003,6,146,0.12027268326282502,1,0,1,-45.832798,-30.0,15.832798,91.09878,39.471146,0.0
172.85854094599927,6,147,0.07227268326282502,1,0,1,-46.03701,-30.0,16.03701,-30.98297,39.631424,0.0
172.9582725170003,6,148,0.024272683262825015,1,0,1,-44.708977,-30.0,14.708977,-77.293396,39.784916,0.0
173.05761744399933,6,149,0.07227268326282502,1,0,1,-44.77048,-30.0,14.770481,35.827637,39.931305,0.0
173.15798345499934,6,150,0.024272683262825015,1,0,1,-44.802734,-30.0,14.802734,70.71304,40.07929,0.0
173.2586299499999,6,151,0.04493655562400818,1,0,1,-45.264416,-30.0,15.264416,18.203735,40.230343,0.0
173.35888197999884,6,152,-0.0030634443759918195,1,0,1,-45.3613,-30.0,15.361301,5.939483,40.382866,0.0
173.45751675800057,6,153,0.028302118182182312,1,0,1,-45.473576,-30.0,15.473576,27.431486,40.53677,0.0
173.55830293599865,6,154,-0.007606013119220732,1,0,1,-45.78917,-30.0,15.789169,26.38626,40.6929,0.0
173.65962940900135,6,155,-0.045779505372047426,1,0,1,-46.648575,-30.0,16.648575,55.618282,40.855137,0.0
173.75833654400049,6,156,-0.09377950537204743,1,0,1,-47.307888,-30.0,17.307888,-26.821135,41.02649,0.0
173.85830976700163,6,157,-0.14177950537204742,1,0,1,-46.76211,-30.0,16.762112,-50.08697,41.196823,0.0
173.9587048329995,6,158,-0.09377950537204742,1,0,1,-46.31689,-30.0,16.31689,-14.625548,41.361534,0.0
174.0578854939995,6,159,-0.04577950537204742,1,0,1,-45.932587,-30.0,15.932587,-88.33312,41.52288,0.0
174.15737289900062,6,160,0.0022204946279525822,1,0,1,-45.641552,-30.0,15.641552,-29.987333,41.680477,0.0
174.25784115900024,6,161,-0.04577950537204742,1,0,1,-45.41044,-30.0,15.410439,-3.6277769,41.83572,0.0
174.3584488230008,6,162,0.0022204946279525822,1,0,1,-45.30132,-30.0,15.301319,15.468596,42.00494,0.0
174.45852792599908,6,163,0.0326687753200531,1,0,1,-45.35785,-30.0,15.357849,-103.805534,42.14395,0.0
174.55860898500032,6,164,0.0806687753200531,1,0,1,-45.48836,-30.0,15.488361,20.931242,42.298294,0.0
174.657884070999,6,165,0.09886759519577026,1,0,1,-45.38809,-30.0,15.388088,-51.37634,42.452972,0.0
174.75694683999973,6,166,0.13567929267883302,1,0,1,-45.693554,-30.0,15.693554,61.786648,42.60757,0.0
174.8581467619988,6,167,0.08767929267883302,1,0,1,-46.86856,-30.0,16.86856,114.29214,42.77104,0.0
174.95811383899854,6,168,0.13567929267883302,1,0,1,-46.840637,-30.0,16.840637,-26.988981,42.941334,0.0
175.0581968539991,6,169,0.15078694820404054,1,0,1,-45.948246,-30.0,15.948246,-65.258026,43.10472,0.0
175.1577211369986,6,170,0.10278694820404054,1,0,1,-45.732033,-30.0,15.732033,22.502897,43.261734,0.0
175.25806116899912,6,171,0.054786948204040536,1,0,1,-45.97529,-30.0,15.975288,20.591734,43.43697,0.0
175.35786649299916,6,172,0.0067869482040405354,1,0,1,-45.896286,-30.0,15.896286,21.57974,43.579903,0.0
175.4576564529998,6,173,0.054786948204040536,1,0,1,-45.937317,-30.0,15.937317,20.38574,43.739006,0.0
175.55726426600086,6,174,0.0067869482040405354,1,0,1,-45.758827,-30.0,15.758827,-44.18945,43.89786,0.0
175.658062737999,6,175,-0.041213051795959466,1,0,1,-45.924736,-30.0,15.924736,38.475037,44.05586,0.0
175.75775017100023,6,176,0.0067869482040405354,1,0,1,-46.10746,-30.0,16.10746,-69.229126,44.216415,0.0
175.8582843639997,6,177,0.054786948204040536,1,0,1,-45.8944,-30.0,15.894402,-40.725704,44.392345,0.0
175.9581296389988,6,178,0.10278694820404054,1,0,1,-45.910698,-30.0,15.910698,-16.712189,44.535507,0.0
176.05826294000144,6,179,0.054786948204040536,1,0,1,-46.53093,-30.0,16.53093,157.95898,44.696133,0.0
176.15750003499852,6,180,0.10278694820404054,1,0,1,-47.353546,-30.0,17.353546,-23.769377,44.866817,0.0
176.2592234900003,6,181,0.08010801076889039,1,0,1,-47.056255,-30.0,17.056255,-37.124634,45.038914,0.0
176.35748392000096,6,182,0.1281080107688904,1,0,1,-46.617207,-30.0,16.617207,-55.39703,45.20744,0.0
176.4577789750001,6,183,0.17610801076889038,1,0,1,-46.59219,-30.0,16.59219,17.333984,45.38984,0.0
176.55735549900055,6,184,0.1281080107688904,1,0,1,-46.625786,-30.0,16.625786,-20.984648,45.539303,0.0
176.65813441700084,6,185,0.17610801076889038,1,0,1,-46.940598,-30.0,16.940598,74.43619,45.722694,0.0
176.75747459799823,6,186,0.1281080107688904,1,0,1,-46.56644,-30.0,16.56644,-7.263183,45.873653,0.0
176.85838621600124,6,187,0.08010801076889039,1,0,1,-46.37099,-30.0,16.37099,-6.027221,46.05441,0.0
176.95776830199975,6,188,0.1281080107688904,1,0,1,-46.21055,-30.0,16.210548,19.676208,46.20098,0.0
177.05710373400143,6,189,0.17610801076889038,1,0,1,-46.280155,-30.0,16.280155,20.030975,46.363888,0.0
177.1578982969986,6,190,0.1281080107688904,1,0,1,-46.504646,-30.0,16.504646,36.10611,46.527527,0.0
177.2571705929986,6,191,0.10116864442825318,1,0,1,-46.712837,-30.0,16.712837,65.6929,46.69318,0.0
177.35745419500017,6,192,0.053168644428253184,1,0,1,-47.1248,-30.0,17.124802,-42.27447,46.863625,0.0
177.46009956000125,6,193,0.005168644428253183,1,0,1,-46.499744,-30.0,16.499744,-32.38678,47.031254,0.0
177.55714335000084,6,194,-0.04283135557174682,1,0,1,-46.471977,-30.0,16.471977,29.666899,47.19568,0.0
177.6572959289988,6,195,-0.09083135557174682,1,0,1,-46.545486,-30.0,16.545486,10.158538,47.361088,0.0
177.75800193300165,6,196,-0.04283135557174682,1,0,1,-46.780838,-30.0,16.780838,76.09558,47.527393,0.0
177.85723427999983,6,197,-0.09083135557174682,1,0,1,-46.83029,-30.0,16.830292,53.184505,47.69526,0.0
177.95832329599943,6,198,-0.1388313555717468,1,0,1,-47.001053,-30.0,17.001053,7.0457454,47.864735,0.0
178.05855968600008,6,199,-0.1868313555717468,1,0,1,-46.29161,-30.0,16.29161,-76.06125,48.031986,0.0
178.16025716199874,6,200,-0.1388313555717468,1,0,1,-46.363415,-30.0,16.363415,18.936157,48.194294,0.0
178.25915901899862,6,201,-0.0908313555717468,1,0,1,-46.83943,-30.0,16.839432,44.6701,48.360226,0.0
178.35784604199944,6,202,-0.1388313555717468,1,0,1,-47.46863,-30.0,17.468632,63.617702,48.532066,0.0
178.45748542599904,6,203,-0.0908313555717468,1,0,1,-47.86968,-30.0,17.869678,-14.747619,48.70966,0.0
178.55912786699992,6,204,-0.042831355571746804,1,0,1,-47.847218,-30.0,17.847218,21.595,48.887325,0.0
178.65772242100138,6,205,0.005168644428253197,1,0,1,-47.23451,-30.0,17.234509,-98.55651,49.063023,0.0
178.7583543940018,6,206,-0.042831355571746804,1,0,1,-46.9138,-30.0,16.9138,-29.33502,49.249268,0.0
178.8593920070016,6,207,0.005168644428253197,1,0,1,-46.40871,-30.0,16.40871,56.262966,49.414253,0.0
178.95829582000079,6,208,-0.042831355571746804,1,0,1,-46.547066,-30.0,16.547066,97.34344,49.578773,0.0
179.05824250799924,6,209,0.005168644428253197,1,0,1,-46.711655,-30.0,16.711655,22.941587,49.746727,0.0
179.15758939599982,6,210,0.0531686444282532,1,0,1,-46.79448,-30.0,16.79448,81.28356,49.89647,0.0
179.258851341001,6,211,0.005168644428253197,1,0,1,-46.950706,-30.0,16.950706,-42.465206,50.082558,0.0
179.35888239699852,6,212,0.030046021938323977,1,0,1,-47.101162,-30.0,17.101162,111.164085,50.235306,0.0
179.45762697100145,6,213,0.0722282350063324,1,0,1,-47.38628,-30.0,17.38628,-6.4887996,50.40914,0.0
179.5584486350017,6,214,0.024228235006332394,1,0,1,-47.309692,-30.0,17.309692,10.795592,50.582363,0.0
179.65871938800046,6,215,0.03801292479038239,1,0,1,-47.454327,-30.0,17.454327,19.752502,50.756443,0.0
179.75788189399827,6,216,0.08601292479038239,1,0,1,-47.21866,-30.0,17.218658,10.2767935,50.929325,0.0
179.85699187999853,6,217,0.03801292479038239,1,0,1,-46.957344,-30.0,16.957344,-21.40045,51.100136,0.0
179.95830355300131,6,218,0.08601292479038239,1,0,1,-46.799145,-30.0,16.799145,-15.92636,51.269455,0.0
180.0590760490013,6,219,0.03801292479038239,1,0,1,-46.718,-30.0,16.717999,59.49783,51.436977,0.0
180.15766054699998,6,220,-0.009987075209617613,1,0,1,-46.949234,-30.0,16.949234,-66.00571,51.6064,0.0
180.25975863699932,6,221,-0.057987075209617614,1,0,1,-47.464405,-30.0,17.464405,49.316402,51.795223,0.0
180.35856383400096,6,222,-0.009987075209617613,1,0,1,-47.558315,-30.0,17.558315,-2.2583008,51.970318,0.0
180.4590670209982,6,223,0.02556647956371308,1,0,1,-47.577984,-30.0,17.577984,-4.283905,52.14605,0.0
180.55755374,6,224,-0.02243352043628692,1,0,1,-47.50181,-30.0,17.501808,-80.95168,52.304684,0.0
180.65836506800042,6,225,0.02556647956371308,1,0,1,-47.67977,-30.0,17.679771,-6.8016047,52.496796,0.0
180.75774324699887,6,226,0.053956162929534916,1,0,1,-47.34312,-30.0,17.34312,-60.44006,52.671448,0.0
180.85867414400127,6,227,0.10195616292953491,1,0,1,-47.102985,-30.0,17.102985,-27.084349,52.84371,0.0
180.95841745500002,6,228,0.1486428499221802,1,0,1,-47.34152,-30.0,17.341518,-24.181364,53.015736,0.0
181.05846527500034,6,229,0.1643194556236267,1,0,1,-47.388786,-30.0,17.388786,35.842896,53.171486,0.0
181.15871703299854,6,230,0.11631945562362671,1,0,1,-47.682358,-30.0,17.682358,71.502686,53.346485,0.0
181.2586964080001,6,231,0.06831945562362671,1,0,1,-48.36847,-30.0,18.36847,70.3392,53.526688,0.0
181.35891492099836,6,232,0.020319455623626706,1,0,1,-48.70389,-30.0,18.703892,10.181426,53.730743,0.0
181.45712842099965,6,233,0.06831945562362671,1,0,1,-48.251976,-30.0,18.251976,-105.95321,53.89798,0.0
181.5579229879986,6,234,0.020319455623626706,1,0,1,-48.13126,-30.0,18.13126,19.241333,54.079475,0.0
181.65757019599914,6,235,0.06831945562362671,1,0,1,-47.650196,-30.0,17.650196,-115.898125,54.26005,0.0
181.75814741700015,6,236,0.11631945562362671,1,0,1,-47.964676,-30.0,17.964676,8.903503,54.455902,0.0
181.85781418199986,6,237,0.06831945562362671,1,0,1,-47.862606,-30.0,17.862606,38.208008,54.616688,0.0
181.95835592300136,6,238,0.020319455623626706,1,0,1,-47.119934,-30.0,17.119934,-46.474453,54.790955,0.0
182.0592440779983,6,239,-0.027680544376373295,1,0,1,-47.604305,-30.0,17.604305,2.2354126,54.964382,0.0
182.15904018999936,6,240,0.020319455623626706,1,0,1,-47.967266,-30.0,17.967266,-24.497984,55.14217,0.0
182.25833847100148,6,241,0.014031797647476196,1,0,1,-48.290318,-30.0,18.290318,7.8735347,55.324284,0.0
182.3577032409994,6,242,-0.033968202352523805,1,0,1,-49.404728,-30.0,19.404728,9.178162,55.512398,0.0
182.45811451800182,6,243,0.014031797647476196,1,0,1,-49.644985,-30.0,19.644985,85.071556,55.726418,0.0
182.55717449900112,6,244,-0.033968202352523805,1,0,1,-49.349876,-30.0,19.349876,-191.82967,55.904434,0.0
182.6582537409995,6,245,0.014031797647476196,1,0,1,-49.3131,-30.0,19.313099,109.832756,56.095673,0.0
182.75818506699943,6,246,-0.033968202352523805,1,0,1,-49.164486,-30.0,19.164486,-30.906675,56.28826,0.0
182.8572620900013,6,247,-0.06856487393379211,1,0,1,-49.00963,-30.0,19.009628,35.079956,56.477318,0.0
182.95865226800015,6,248,-0.02970858216285706,1,0,1,-48.763252,-30.0,18.763252,-48.976894,56.665157,0.0
183.05798575000154,6,249,0.018291417837142943,1,0,1,-48.784477,-30.0,18.784477,9.89151,56.870834,0.0
183.15763240199885,6,250,-0.02970858216285706,1,0,1,-48.797707,-30.0,18.797707,-103.06548,57.04045,0.0
183.25857978299973,6,251,0.018291417837142943,1,0,1,-48.513702,-30.0,18.513702,59.50546,57.243164,0.0
183.3593478119983,6,252,0.06629141783714294,1,0,1,-48.860195,-30.0,18.860195,121.24633,57.430332,0.0
183.4586608999998,6,253,0.11429141783714294,1,0,1,-48.888477,-30.0,18.888477,22.52197,57.600616,0.0
183.55817569099963,6,254,0.16229141783714296,1,0,1,-48.89201,-30.0,18.89201,101.05132,57.78883,0.0
183.65823077700043,6,255,0.18989005088806155,1,0,1,-49.18583,-30.0,19.18583,-104.75921,57.980286,0.0
183.75964414199916,6,256,0.1911226511001587,1,0,1,-48.668453,-30.0,18.668453,-31.230925,58.167538,0.0
183.85813757000142,6,257,0.1431226511001587,1,0,1,-48.51246,-30.0,18.512459,22.3999,58.351795,0.0
183.95889833600086,6,258,0.0951226511001587,1,0,1,-48.98669,-30.0,18.98669,-16.57486,58.53901,0.0
184.05762559399955,6,259,0.1319955587387085,1,0,1,-49.457596,-30.0,19.457596,18.367767,58.731453,0.0
184.1584251919994,6,260,0.0839955587387085,1,0,1,-49.040634,-30.0,19.040634,29.701231,58.92459,0.0
184.25799501800066,6,261,0.035995558738708494,1,0,1,-48.68776,-30.0,18.68776,-61.962124,59.11502,0.0
184.35714998600088,6,262,-0.012004441261291507,1,0,1,-48.76681,-30.0,18.766811,-10.326385,59.30354,0.0
184.4573793970012,6,263,-0.06000444126129151,1,0,1,-48.442436,-30.0,18.442436,61.969753,59.48906,0.0
184.55780771699938,6,264,-0.10800444126129151,1,0,1,-48.72055,-30.0,18.72055,70.21332,59.673477,0.0
184.6575295190014,6,265,-0.06000444126129151,1,0,1,-48.891273,-30.0,18.891273,-14.60266,59.86277,0.0
184.7592239279984,6,266,-0.07215655446052552,1,0,1,-48.75507,-30.0,18.75507,79.21982,60.049618,0.0
184.85797325699968,6,267,-0.024156554460525517,1,0,1,-50.03201,-30.0,20.03201,113.24691,60.243896,0.0
184.95876028400016,6,268,0.023843445539474484,1,0,1,-49.61328,-30.0,19.613281,91.59469,60.461296,0.0
185.05813734899857,6,269,-0.024156554460525517,1,0,1,-49.2152,-30.0,19.215199,-161.8881,60.657578,0.0
185.1578546819983,6,270,0.023843445539474484,1,0,1,-49.196823,-30.0,19.196823,77.21329,60.829525,0.0
185.25771309500124,6,271,-0.024156554460525517,1,0,1,-48.448334,-30.0,18.448334,-75.52338,61.017845,0.0
185.35831797599894,6,272,-0.07215655446052552,1,0,1,-49.228783,-30.0,19.228783,47.237392,61.20588,0.0
185.45916814000157,6,273,-0.12015655446052552,1,0,1,-49.366108,-30.0,19.366108,-26.93176,61.39863,0.0
185.55729978900126,6,274,-0.16815655446052552,1,0,1,-49.353226,-30.0,19.353226,43.277737,61.592327,0.0
185.65914868799882,6,275,-0.14532580375671386,1,0,1,-49.583534,-30.0,19.583534,-63.514706,61.8084,0.0
185.75833271100055,6,276,-0.11299976110458375,1,0,1,-48.985832,-30.0,18.985832,10.505675,61.979725,0.0
185.85761563100095,6,277,-0.06499976110458375,1,0,1,-48.775097,-30.0,18.775097,0.8888244,62.168427,0.0
185.95751483200002,6,278,-0.016999761104583747,1,0,1,-49.148228,-30.0,19.148228,20.366667,62.358704,0.0
186.05819821600016,6,279,0.031000238895416254,1,0,1,-49.33929,-30.0,19.33929,129.79507,62.5492,0.0
186.15783732699856,6,280,-0.016999761104583747,1,0,1,-49.417187,-30.0,19.417187,54.611202,62.74456,0.0
186.25784045299952,6,281,0.031000238895416254,1,0,1,-49.462036,-30.0,19.462036,-76.931,62.940147,0.0
186.35911469599887,6,282,-0.016999761104583747,1,0,1,-49.20535,-30.0,19.205349,-72.86835,63.1331,0.0
186.4578796700007,6,283,0.009331575036048888,1,0,1,-49.378307,-30.0,19.378307,51.97906,63.324837,0.0
186.55863205700007,6,284,-0.03866842496395111,1,0,1,-49.05716,-30.0,19.05716,48.86627,63.51542,0.0
186.65963559399825,6,285,-0.08666842496395111,1,0,1,-49.221004,-30.0,19.221004,-35.243988,63.727257,0.0
186.7572576800012,6,286,-0.0409735381603241,1,0,1,-49.140488,-30.0,19.140488,18.573761,63.900352,0.0
186.85788155900082,6,287,-0.06624869108200074,1,0,1,-49.472477,-30.0,19.472477,-112.92266,64.0955,0.0
186.9573619920011,6,288,-0.11424869108200074,1,0,1,-49.158386,-30.0,19.158386,71.78497,64.287895,0.0
187.0586462930005,6,289,-0.16224869108200074,1,0,1,-49.984222,-30.0,19.984222,-84.11025,64.48646,0.0
187.1583225610011,6,290,-0.11424869108200074,1,0,1,-49.9671,-30.0,19.967098,-25.245665,64.68561,0.0
187.25799575600104,6,291,-0.16224869108200074,1,0,1,-50.534485,-30.0,20.534485,48.141476,64.887985,0.0
187.35810895300165,6,292,-0.11424869108200074,1,0,1,-50.187714,-30.0,20.187714,-92.55599,65.09188,0.0
187.45777460500176,6,293,-0.16224869108200074,1,0,1,-49.91648,-30.0,19.916481,-30.765532,65.291794,0.0
187.5592114409992,6,294,-0.19765961170196533,1,0,1,-50.11987,-30.0,20.11987,-87.05901,65.49407,0.0
187.6580529620005,6,295,-0.18338365554809571,1,0,1,-50.52328,-30.0,20.523281,87.31841,65.69622,0.0
187.75851564700133,6,296,-0.16439728736877443,1,0,1,-50.4318,-30.0,20.4318,165.45103,65.89894,0.0
187.85773654899822,6,297,-0.1372238874435425,1,0,1,-50.58617,-30.0,20.58617,-59.803005,66.12607,0.0
187.9575435609986,6,298,-0.16188131570816042,1,0,1,-50.690704,-30.0,20.690704,-1.083374,66.31101,0.0
188.05788584000038,6,299,-0.11388131570816042,1,0,1,-50.79061,-30.0,20.790611,-8.983612,66.51815,0.0
188.1592112090002,6,300,0.0,1,1,1,-50.787033,-30.0,20.787033,28.545378,66.725624,0.0
189.89149070699932,7,1,-0.026952728629112244,1,0,1,-50.061836,-30.0,20.061836,-98.430626,70.386116,0.0
189.9962380370016,7,2,-0.07495272862911224,1,0,1,-50.438107,-30.0,20.438107,-40.06958,70.590004,0.0
190.09588748899841,7,3,-0.026952728629112244,1,0,1,-50.948193,-30.0,20.948193,95.092766,70.79493,0.0
190.1953425009997,7,4,0.021047271370887757,1,0,1,-51.47433,-30.0,21.47433,93.23501,71.005135,0.0
190.2961365170013,7,5,-0.026952728629112244,1,0,1,-50.84532,-30.0,20.845322,41.084286,71.214745,0.0
190.39659948400003,7,6,-0.07495272862911224,1,0,1,-51.013725,-30.0,21.013725,65.99045,71.42422,0.0
190.49648192699897,7,7,-0.026952728629112244,1,0,1,-50.73091,-30.0,20.730911,-0.793457,71.63286,0.0
190.59597493299952,7,8,-0.07495272862911224,1,0,1,-50.482044,-30.0,20.482044,-25.001524,71.84013,0.0
190.69580234100067,7,9,-0.026952728629112244,1,0,1,-50.653454,-30.0,20.653454,51.30386,72.04607,0.0
190.79526964600154,7,10,-0.07495272862911224,1,0,1,-51.01834,-30.0,21.018341,4.348755,72.25485,0.0
190.89585609400092,7,11,-0.12295272862911225,1,0,1,-50.311317,-30.0,20.311317,44.4107,72.46094,0.0
190.9949820139991,7,12,-0.17095272862911226,1,0,1,-51.408504,-30.0,21.408504,123.90899,72.67102,0.0
191.09669263199976,7,13,-0.17166316509246826,1,0,1,-51.60277,-30.0,21.602772,-46.028133,72.88735,0.0
191.1960604829983,7,14,-0.12366316509246826,1,0,1,-50.856113,-30.0,20.856113,-4.2152405,73.097855,0.0
191.29536352099967,7,15,-0.07566316509246826,1,0,1,-51.02479,-30.0,21.024792,43.22433,73.307,0.0
191.3960446730016,7,16,-0.02766316509246826,1,0,1,-51.05385,-30.0,21.053848,98.22463,73.51736,0.0
191.49555136900017,7,17,0.020336834907531742,1,0,1,-51.086525,-30.0,21.086525,-145.16068,73.73026,0.0
191.59715163800138,7,18,0.06833683490753174,1,0,1,-51.067883,-30.0,21.067883,109.62295,73.93863,0.0
191.6956461890004,7,19,0.020336834907531742,1,0,1,-51.030075,-30.0,21.030075,41.2178,74.14878,0.0
191.79623347600136,7,20,0.06833683490753174,1,0,1,-50.951496,-30.0,20.951496,-73.69614,74.35908,0.0
191.89568960700126,7,21,0.020336834907531742,1,0,1,-50.990383,-30.0,20.990383,33.740997,74.567764,0.0
191.99671493999995,7,22,-0.02766316509246826,1,0,1,-51.172363,-30.0,21.172363,-38.497925,74.779305,0.0
192.0955955770005,7,23,-0.07566316509246826,1,0,1,-51.31828,-30.0,21.31828,5.062103,74.99218,0.0
192.19629991799957,7,24,-0.02766316509246826,1,0,1,-51.38088,-30.0,21.380878,-2.0179749,75.2057,0.0
192.29543952699896,7,25,-0.002886350452899932,1,0,1,-52.511276,-30.0,22.511276,161.01073,75.424355,0.0
192.39606760099923,7,26,-0.04908590316772461,1,0,1,-52.26761,-30.0,22.267609,-36.598206,75.649376,0.0
192.49702057800096,7,27,-0.0010859031677246112,1,0,1,-51.309322,-30.0,21.309322,-113.87252,75.867256,0.0
192.59555703599835,7,28,0.04691409683227539,1,0,1,-51.18013,-30.0,21.18013,-89.553825,76.08041,0.0
192.69619460800095,7,29,-0.0010859031677246112,1,0,1,-51.54355,-30.0,21.543549,-24.330137,76.29428,0.0
192.79604436799855,7,30,-0.04908590316772461,1,0,1,-51.69356,-30.0,21.693562,12.516021,76.51079,0.0
192.89596704200085,7,31,-0.0307763010263443,1,0,1,-51.693886,-30.0,21.693886,55.042263,76.72803,0.0
192.99596095499874,7,32,0.0172236989736557,1,0,1,-51.65222,-30.0,21.652222,44.170376,76.94508,0.0
193.09608645000117,7,33,-0.0307763010263443,1,0,1,-52.09797,-30.0,22.09797,65.52124,77.1643,0.0
193.1963153100005,7,34,0.0172236989736557,1,0,1,-51.985912,-30.0,21.985912,-47.489162,77.38543,0.0
193.29579239500163,7,35,-0.0307763010263443,1,0,1,-51.984505,-30.0,21.984505,27.70233,77.605156,0.0
193.39508984699933,7,36,-0.05606896877288819,1,0,1,-52.752758,-30.0,22.752758,82.935326,77.82885,0.0
193.4954466570016,7,37,-0.008068968772888187,1,0,1,-52.97533,-30.0,22.97533,-7.6751704,78.0588,0.0
193.59721678200003,7,38,-0.05606896877288819,1,0,1,-52.45881,-30.0,22.458809,-110.401146,78.28687,0.0
193.69616027699885,7,39,-0.008068968772888187,1,0,1,-51.631687,-30.0,21.631687,-10.356902,78.50607,0.0
193.7954188980002,7,40,-0.05606896877288819,1,0,1,-51.747055,-30.0,21.747055,3.0632017,78.72298,0.0
193.8957963819994,7,41,-0.10406896877288818,1,0,1,-51.70909,-30.0,21.709091,8.422852,78.93993,0.0
193.9951826739998,7,42,-0.15206896877288817,1,0,1,-51.85489,-30.0,21.854889,70.98007,79.156876,0.0
194.09552383999835,7,43,-0.10406896877288817,1,0,1,-51.820175,-30.0,21.820175,-24.024961,79.37598,0.0
194.19691263099958,7,44,-0.11885559558868408,1,0,1,-52.037537,-30.0,22.037537,37.00638,79.59484,0.0
194.29548345199873,7,45,-0.13185312747955322,1,0,1,-52.35241,-30.0,22.35241,2.8305051,79.817375,0.0
194.39628613199966,7,46,-0.13284866809844972,1,0,1,-52.697838,-30.0,22.697838,19.954681,80.04265,0.0
194.4960104569982,7,47,-0.08484866809844972,1,0,1,-53.2486,-30.0,23.2486,74.52774,80.27166,0.0
194.59651644900077,7,48,-0.03684866809844972,1,0,1,-53.802784,-30.0,23.802784,117.0082,80.50644,0.0
194.69567030799953,7,49,-0.08484866809844972,1,0,1,-54.17747,-30.0,24.177471,-78.23181,80.74772,0.0
194.79520717899868,7,50,-0.09534249305725098,1,0,1,-53.82831,-30.0,23.828308,-30.677794,80.98729,0.0
194.89608109799883,7,51,-0.143342493057251,1,0,1,-53.48607,-30.0,23.486069,26.836393,81.2234,0.0
194.995950135999,7,52,-0.095342493057251,1,0,1,-53.246296,-30.0,23.246296,-116.76025,81.45754,0.0
195.0973017719989,7,53,-0.135215163230896,1,0,1,-52.06212,-30.0,22.062119,-17.83371,81.68185,0.0
195.19573961499918,7,54,-0.1752919912338257,1,0,1,-51.469925,-30.0,21.469925,-119.60601,81.900185,0.0
195.29645736900056,7,55,-0.12729199123382567,1,0,1,-51.808575,-30.0,21.808575,152.35138,82.11486,0.0
195.39640490799866,7,56,-0.07929199123382567,1,0,1,-52.186108,-30.0,22.186108,-33.779144,82.33612,0.0
195.4955249650011,7,57,-0.03129199123382567,1,0,1,-52.054985,-30.0,22.054985,37.92572,82.556946,0.0
195.59567197200158,7,58,0.01670800876617433,1,0,1,-52.358143,-30.0,22.358143,-12.031554,82.7802,0.0
195.6963279849988,7,59,0.06470800876617433,1,0,1,-52.7834,-30.0,22.783401,128.31116,83.00466,0.0
195.79530724199867,7,60,0.01670800876617433,1,0,1,-52.89518,-30.0,22.89518,37.979126,83.23399,0.0
195.89656529100102,7,61,-0.03129199123382567,1,0,1,-52.69385,-30.0,22.693851,-95.5162,83.46366,0.0
195.99701624999943,7,62,0.01670800876617433,1,0,1,-53.277157,-30.0,23.277157,-24.059294,83.6936,0.0
196.09548175099917,7,63,-0.0019191987812519073,1,0,1,-53.209965,-30.0,23.209965,-52.989956,83.92521,0.0
196.19534101200043,7,64,0.046080801218748094,1,0,1,-52.959988,-30.0,22.959988,48.427578,84.15446,0.0
196.2961098900014,7,65,0.0940808012187481,1,0,1,-52.18331,-30.0,22.183311,27.462004,84.3792,0.0
196.39697291500124,7,66,0.05127634406089783,1,0,1,-50.94672,-30.0,20.94672,-52.18887,84.59473,0.0
196.49581667899838,7,67,0.054129076004028324,1,0,1,-51.48028,-30.0,21.480282,160.25162,84.80603,0.0
196.59541724600058,7,68,0.0061290760040283235,1,0,1,-51.682384,-30.0,21.682384,-49.293514,85.02366,0.0
196.69799334599884,7,69,-0.04187092399597168,1,0,1,-51.876503,-30.0,21.876503,88.03176,85.241295,0.0
196.79593643300177,7,70,0.0061290760040283235,1,0,1,-51.953556,-30.0,21.953556,87.471,85.46082,0.0
196.89566159899914,7,71,-0.04187092399597168,1,0,1,-52.11285,-30.0,22.11285,-30.578611,85.68184,0.0
196.99632375999863,7,72,0.0061290760040283235,1,0,1,-53.765488,-30.0,23.765488,236.7401,85.909996,0.0
197.09547035799915,7,73,-0.04187092399597168,1,0,1,-53.447834,-30.0,23.447834,-155.98297,86.14968,0.0
197.1958450509992,7,74,-0.01804606765508652,1,0,1,-53.000454,-30.0,23.000454,-56.488033,86.38045,0.0
197.29662733900113,7,75,0.029953932344913482,1,0,1,-52.613384,-30.0,22.613384,-21.217344,86.60871,0.0
197.39624886000092,7,76,0.02223416119813919,1,0,1,-52.88282,-30.0,22.88282,34.744263,86.83621,0.0
197.49670596600117,7,77,0.0038246750831604018,1,0,1,-53.059795,-30.0,23.059795,4.386902,87.065315,0.0
197.59675575599977,7,78,0.0518246750831604,1,0,1,-52.210682,-30.0,22.210682,68.748474,87.28963,0.0
197.69518158799838,7,79,0.0038246750831604018,1,0,1,-52.280674,-30.0,22.280674,41.423794,87.51193,0.0
197.7957875969987,7,80,0.030952256917953492,1,0,1,-52.255844,-30.0,22.255844,48.95019,87.733536,0.0
197.89596645499842,7,81,0.037896049022674565,1,0,1,-52.24316,-30.0,22.24316,7.8124995,87.955864,0.0
197.99533794400122,7,82,-0.010103950977325436,1,0,1,-53.23153,-30.0,23.23153,74.718475,88.181984,0.0
198.09569615500004,7,83,-0.05290967822074891,1,0,1,-53.541946,-30.0,23.541946,19.874573,88.41591,0.0
198.19514335200074,7,84,-0.004909678220748906,1,0,1,-54.197235,-30.0,24.197235,8.052826,88.65501,0.0
198.29532332700182,7,85,0.043090321779251095,1,0,1,-54.018993,-30.0,24.018993,-18.642426,88.89488,0.0
198.3956206369985,7,86,-0.004909678220748906,1,0,1,-53.90267,-30.0,23.902672,18.871307,89.13495,0.0
198.49563606499942,7,87,-0.05290967822074891,1,0,1,-53.86515,-30.0,23.86515,-57.010647,89.37406,0.0
198.5951567359989,7,88,-0.004909678220748906,1,0,1,-53.468323,-30.0,23.468323,-50.79269,89.608665,0.0
198.6953610160017,7,89,0.043090321779251095,1,0,1,-53.263565,-30.0,23.263565,-13.774871,89.84111,0.0
198.79627125600018,7,90,0.0910903217792511,1,0,1,-53.0428,-30.0,23.0428,-109.93957,90.07328,0.0
198.89555083400046,7,91,0.06865326762199402,1,0,1,-51.48794,-30.0,21.487942,-190.68907,90.29675,0.0
198.99568192099832,7,92,0.020653267621994015,1,0,1,-52.509327,-30.0,22.509327,108.01696,90.514824,0.0
199.09508302299946,7,93,0.06441823840141296,1,0,1,-54.072865,-30.0,24.072865,154.44183,90.74668,0.0
199.19581446899974,7,94,0.01641823840141296,1,0,1,-54.907116,-30.0,24.907116,64.23569,90.99158,0.0
199.2961050740014,7,95,0.06441823840141296,1,0,1,-54.50327,-30.0,24.50327,-93.589775,91.239746,0.0
199.39522429600038,7,96,0.01641823840141296,1,0,1,-54.069588,-30.0,24.069588,111.87743,91.48029,0.0
199.49535929400008,7,97,0.06441823840141296,1,0,1,-53.6117,-30.0,23.611698,-100.605,91.72089,0.0
199.5962659020006,7,98,0.11241823840141296,1,0,1,-54.236187,-30.0,24.236187,115.386955,91.95809,0.0
199.69688867399964,7,99,0.06441823840141296,1,0,1,-54.057724,-30.0,24.057724,-31.21948,92.19931,0.0
199.7950647559992,7,100,0.01641823840141296,1,0,1,-54.151264,-30.0,24.151264,28.541563,92.439995,0.0
199.8956878079989,7,101,0.006546571850776672,1,0,1,-54.514816,-30.0,24.514816,-49.27444,92.68316,0.0
199.99629605399969,7,102,-0.008736281096935273,1,0,1,-53.902657,-30.0,23.902657,120.307915,92.92305,0.0
200.0968774799985,7,103,-0.013524499535560609,1,0,1,-54.303604,-30.0,24.303604,114.78042,93.16345,0.0
200.19601011199848,7,104,0.034475500464439396,1,0,1,-55.09379,-30.0,25.093788,230.5374,93.4092,0.0
200.29600151699924,7,105,0.0824755004644394,1,0,1,-55.011524,-30.0,25.011524,-127.05993,93.66322,0.0
200.39514057500128,7,106,0.1304755004644394,1,0,1,-53.31161,-30.0,23.311611,89.83611,93.90164,0.0
200.49545380899872,7,107,0.0824755004644394,1,0,1,-53.915108,-30.0,23.915108,65.34195,94.13855,0.0
200.59710409200125,7,108,0.1304755004644394,1,0,1,-53.540726,-30.0,23.540726,80.9822,94.37565,0.0
200.6972173009999,7,109,0.0824755004644394,1,0,1,-53.213272,-30.0,23.213272,-36.102295,94.610565,0.0
200.79557189800107,7,110,0.034475500464439396,1,0,1,-53.66159,-30.0,23.66159,-3.2501218,94.84534,0.0
200.89626507199864,7,111,-0.013524499535560605,1,0,1,-53.803596,-30.0,23.803596,-82.49282,95.082924,0.0
200.99586005699894,7,112,0.034475500464439396,1,0,1,-53.548203,-30.0,23.548203,19.126892,95.31868,0.0
201.0949407270018,7,113,0.0824755004644394,1,0,1,-53.420258,-30.0,23.420258,-73.56262,95.55347,0.0
201.1954042619982,7,114,0.1304755004644394,1,0,1,-53.43309,-30.0,23.43309,-34.137726,95.78692,0.0
201.29589294000107,7,115,0.0824755004644394,1,0,1,-54.67047,-30.0,24.670471,188.06456,96.02603,0.0
201.3954191999983,7,116,0.034475500464439396,1,0,1,-53.95742,-30.0,23.95742,-289.3982,96.2738,0.0
201.49642302999928,7,117,0.03979267179965973,1,0,1,-54.36366,-30.0,24.363659,-27.912138,96.51407,0.0
201.59647254399897,7,118,0.08779267179965973,1,0,1,-53.9669,-30.0,23.9669,-8.529663,96.754196,0.0
201.69576497399976,7,119,0.13579267179965973,1,0,1,-53.82733,-30.0,23.827332,-21.362303,96.9924,0.0
201.7952222319982,7,120,0.08779267179965973,1,0,1,-53.772526,-30.0,23.772526,-3.6659238,97.22937,0.0
201.89655962599863,7,121,0.05109184980392456,1,0,1,-53.816624,-30.0,23.816624,-100.63552,97.46868,0.0
201.99538132499947,7,122,0.0030918498039245595,1,0,1,-54.02112,-30.0,24.021118,-133.54492,97.70968,0.0
202.0956819899984,7,123,-0.04490815019607544,1,0,1,-54.600956,-30.0,24.600956,52.494045,97.95169,0.0
202.1963192910007,7,124,0.0030918498039245595,1,0,1,-54.381172,-30.0,24.381172,118.67141,98.19417,0.0
202.29587656199874,7,125,0.05109184980392456,1,0,1,-54.345615,-30.0,24.345615,-80.90591,98.440445,0.0
202.3957162730003,7,126,0.0030918498039245595,1,0,1,-55.366035,-30.0,25.366035,46.53549,98.68951,0.0
202.49540763899859,7,127,-0.013617235422134402,1,0,1,-55.172176,-30.0,25.172176,-114.4638,98.944305,0.0
202.59673441699852,7,128,-0.0616172354221344,1,0,1,-54.75869,-30.0,24.75869,-22.514341,99.193504,0.0
202.6960369059998,7,129,-0.013617235422134402,1,0,1,-54.69557,-30.0,24.695572,-83.30535,99.44155,0.0
202.79563692100055,7,130,0.0343827645778656,1,0,1,-54.776684,-30.0,24.776684,-55.38177,99.68894,0.0
202.8958557320002,7,131,0.0823827645778656,1,0,1,-54.357742,-30.0,24.357742,-20.542143,99.93384,0.0
202.99602928699824,7,132,0.1303827645778656,1,0,1,-54.31759,-30.0,24.317589,-78.804016,100.0,0.0
203.09507364100136,7,133,0.0823827645778656,1,0,1,-54.697594,-30.0,24.697594,40.76385,100.0,0.0
203.1954312980015,7,134,0.0343827645778656,1,0,1,-54.475594,-30.0,24.475594,99.04479,100.0,0.0
203.29697598300118,7,135,-0.013617235422134402,1,0,1,-54.607037,-30.0,24.607037,10.707854,100.0,0.0
203.39539232199968,7,136,-0.0616172354221344,1,0,1,-54.767628,-30.0,24.767628,18.619537,100.0,0.0
203.49689426400073,7,137,-0.013617235422134402,1,0,1,-55.996075,-30.0,25.996075,259.72748,100.0,0.0
203.59539245699852,7,138,-0.04757099747657776,1,0,1,-56.21667,-30.0,26.216671,50.991055,100.0,0.0
203.69600685100158,7,139,0.0004290025234222408,1,0,1,-56.42161,-30.0,26.421612,-44.422146,100.0,0.0
203.79514619199836,7,140,0.03900668621063233,1,0,1,-56.22927,-30.0,26.22927,-92.11349,100.0,0.0
203.89673613500054,7,141,-0.008993313789367671,1,0,1,-55.646427,-30.0,25.646427,-76.89285,100.0,0.0
203.9956746099997,7,142,0.03900668621063233,1,0,1,-54.39153,-30.0,24.39153,-48.873898,100.0,0.0
204.0960012579999,7,143,-0.008993313789367671,1,0,1,-54.701862,-30.0,24.701862,37.799835,100.0,0.0
204.19613290800044,7,144,-0.03037322759628296,1,0,1,-54.990406,-30.0,24.990406,67.905426,100.0,0.0
204.29599189700093,7,145,-0.07837322759628296,1,0,1,-54.963623,-30.0,24.963623,17.990112,100.0,0.0
204.39542429200083,7,146,-0.030373227596282956,1,0,1,-55.132015,-30.0,25.132015,74.165344,100.0,0.0
204.49705167000138,7,147,0.017626772403717045,1,0,1,-55.408554,-30.0,25.408554,-3.27301,100.0,0.0
204.5962449280014,7,148,-0.030373227596282956,1,0,1,-56.044605,-30.0,26.044605,106.92214,100.0,0.0
204.6952912400011,7,149,0.014702956378459933,1,0,1,-57.113964,-30.0,27.113964,68.359375,100.0,0.0
204.796410171999,7,150,0.06270295637845993,1,0,1,-57.63168,-30.0,27.63168,15.655517,100.0,0.0
204.89611187799892,7,151,0.11070295637845994,1,0,1,-57.422276,-30.0,27.422276,-43.952938,100.0,0.0
204.99564791900048,7,152,0.15870295637845994,1,0,1,-57.186417,-30.0,27.186417,-13.694762,100.0,0.0
205.0975370640008,7,153,0.11070295637845994,1,0,1,-57.033867,-30.0,27.033867,46.3829,100.0,0.0
205.1968074280012,7,154,0.06270295637845993,1,0,1,-56.545513,-30.0,26.545513,-45.63522,100.0,0.0
205.29639794600007,7,155,0.014702956378459933,1,0,1,-56.015408,-30.0,26.015408,-43.49899,100.0,0.0
205.39576776499962,7,156,-0.03329704362154007,1,0,1,-55.142937,-30.0,25.142937,13.22174,100.0,0.0
205.49610447099985,7,157,-0.08129704362154007,1,0,1,-55.23416,-30.0,25.234161,41.667934,100.0,0.0
205.59608805699827,7,158,-0.1255859375,1,0,1,-55.446236,-30.0,25.446236,-24.993895,100.0,0.0
205.69642560099965,7,159,-0.0775859375,1,0,1,-54.70404,-30.0,24.70404,23.605345,100.0,0.0
205.79597114200078,7,160,-0.04136195778846741,1,0,1,-56.37574,-30.0,26.37574,114.517204,100.0,0.0
205.8950803129992,7,161,0.006638042211532594,1,0,1,-57.141136,-30.0,27.141136,-27.774809,100.0,0.0
205.99556955300068,7,162,0.054638042211532595,1,0,1,-56.626022,-30.0,26.626022,-26.283262,100.0,0.0
206.09648231399842,7,163,0.006638042211532594,1,0,1,-56.740463,-30.0,26.740463,74.10431,100.0,0.0
206.19568479300142,7,164,0.054638042211532595,1,0,1,-56.253662,-30.0,26.253662,0.7705688,100.0,0.0
206.2966749369989,7,165,0.1026380422115326,1,0,1,-56.392757,-30.0,26.392757,-7.2822566,100.0,0.0
206.39626908799983,7,166,0.1506380422115326,1,0,1,-56.134556,-30.0,26.134556,-74.100494,100.0,0.0
206.4954028430002,7,167,0.17726716995239258,1,0,1,-55.3444,-30.0,25.344398,-53.909298,100.0,0.0
206.59581358099967,7,168,0.12926716995239257,1,0,1,-54.961475,-30.0,24.961475,6.710052,100.0,0.0
206.69550159899882,7,169,0.10866208076477052,1,0,1,-54.687843,-30.0,24.687843,19.97757,100.0,0.0
206.79615510800068,7,170,0.06898941397666931,1,0,1,-55.701378,-30.0,25.701378,44.738766,100.0,0.0
206.8959540350006,7,171,0.020989413976669313,1,0,1,-56.318993,-30.0,26.318993,-105.323784,100.0,0.0
206.9964592010001,7,172,-0.027010586023330688,1,0,1,-56.86082,-30.0,26.86082,1.2893676,100.0,0.0
207.09535633300038,7,173,-0.07501058602333069,1,0,1,-57.803734,-30.0,27.803734,114.322655,100.0,0.0
207.1955991729992,7,174,-0.027010586023330688,1,0,1,-57.850746,-30.0,27.850746,5.3825374,100.0,0.0
207.29569506700136,7,175,-0.07501058602333069,1,0,1,-57.161602,-30.0,27.161602,1.1253357,100.0,0.0
207.39639830300075,7,176,-0.06466864347457886,1,0,1,-56.53536,-30.0,26.535358,-27.973173,100.0,0.0
207.49576225700002,7,177,-0.11266864347457886,1,0,1,-56.477306,-30.0,26.477306,-17.33017,100.0,0.0
207.59627719999844,7,178,-0.06466864347457886,1,0,1,-57.19476,-30.0,27.19476,19.71817,100.0,0.0
207.69519696100178,7,179,-0.11266864347457886,1,0,1,-56.00756,-30.0,26.00756,-4.5318604,100.0,0.0
207.79606278899882,7,180,-0.16066864347457888,1,0,1,-55.986855,-30.0,25.986855,-75.32501,100.0,0.0
207.8952865020001,7,181,-0.11266864347457888,1,0,1,-55.267254,-30.0,25.267254,-78.73917,100.0,0.0
207.99551621299906,7,182,-0.16066864347457888,1,0,1,-56.218246,-30.0,26.218246,50.90713,100.0,0.0
208.0957973270015,7,183,-0.19784455299377443,1,0,1,-56.795746,-30.0,26.795746,189.10979,100.0,0.0
208.19504785900062,7,184,-0.14984455299377442,1,0,1,-57.667408,-30.0,27.667408,-57.41882,100.0,0.0
208.29549435800072,7,185,-0.10184455299377441,1,0,1,-57.5671,-30.0,27.5671,55.278774,100.0,0.0
208.3960660140001,7,186,-0.053844552993774414,1,0,1,-58.287045,-30.0,28.287045,67.60788,100.0,0.0
208.49529922500005,7,187,-0.10184455299377441,1,0,1,-57.4543,-30.0,27.4543,-95.79467,100.0,0.0
208.59532332199888,7,188,-0.14984455299377442,1,0,1,-58.10507,-30.0,28.105068,157.71484,100.0,0.0
208.69594861600126,7,189,-0.1978445529937744,1,0,1,-57.966957,-30.0,27.966957,-113.60168,100.0,0.0
208.7956835699988,7,190,-0.14984455299377442,1,0,1,-57.447712,-30.0,27.447712,-62.904354,100.0,0.0
208.8948444250018,7,191,-0.10184455299377441,1,0,1,-57.504936,-30.0,27.504936,105.747215,100.0,0.0
208.9956096829992,7,192,-0.053844552993774414,1,0,1,-57.865532,-30.0,27.865532,-150.37918,100.0,0.0
209.09592962999886,7,193,-0.005844552993774413,1,0,1,-57.439972,-30.0,27.439972,-67.848206,100.0,0.0
209.19511032100127,7,194,0.04215544700622559,1,0,1,-56.98168,-30.0,26.981682,-19.348145,100.0,0.0
209.29589401599878,7,195,-0.005844552993774413,1,0,1,-57.759518,-30.0,27.759518,68.49289,100.0,0.0
209.39524372400047,7,196,-0.053844552993774414,1,0,1,-58.435726,-30.0,28.435726,48.572536,100.0,0.0
209.49540191800043,7,197,-0.005844552993774413,1,0,1,-57.584045,-30.0,27.584045,-44.23904,100.0,0.0
209.59629568400123,7,198,0.04215544700622559,1,0,1,-57.723293,-30.0,27.723293,-0.24414061,100.0,0.0
209.6964209129983,7,199,0.07775942087173462,1,0,1,-58.07071,-30.0,28.07071,68.65311,100.0,0.0
209.79587650100075,7,200,0.029759420871734624,1,0,1,-58.483692,-30.0,28.483692,-89.14947,100.0,0.0
209.89507088100072,7,201,-0.018240579128265377,1,0,1,-57.96249,-30.0,27.96249,-26.802061,100.0,0.0
209.9956808120005,7,202,-0.06624057912826538,1,0,1,-58.316704,-30.0,28.316704,117.16842,100.0,0.0
210.09556243399857,7,203,-0.04702196419239044,1,0,1,-58.208508,-30.0,28.208508,-105.674736,100.0,0.0
210.19611565300147,7,204,0.0009780358076095577,1,0,1,-59.06389,-30.0,29.063889,46.630856,100.0,0.0
210.29646046500056,7,205,0.04897803580760956,1,0,1,-58.722298,-30.0,28.722298,-53.94363,100.0,0.0
210.39643679200162,7,206,0.09697803580760955,1,0,1,-58.60272,-30.0,28.602718,-184.11635,100.0,0.0
210.4960426789985,7,207,0.04897803580760955,1,0,1,-58.219288,-30.0,28.219288,63.293453,100.0,0.0
210.59611091799889,7,208,0.015249152481555936,1,0,1,-58.378704,-30.0,28.378704,0.40435788,100.0,0.0
210.69579419000002,7,209,0.06324915248155594,1,0,1,-57.76151,-30.0,27.761509,-35.755157,100.0,0.0
210.79617531999975,7,210,0.06863625049591064,1,0,1,-58.299137,-30.0,28.299137,113.47198,100.0,0.0
210.89496825199967,7,211,0.03140985369682312,1,0,1,-58.389984,-30.0,28.389984,-19.065857,100.0,0.0
210.99613915100053,7,212,0.07940985369682313,1,0,1,-58.047783,-30.0,28.047783,96.4508,100.0,0.0
211.0956595530006,7,213,0.03140985369682313,1,0,1,-58.161964,-30.0,28.161964,88.23394,100.0,0.0
211.19557525900018,7,214,-0.016590146303176873,1,0,1,-59.644764,-30.0,29.644764,169.1551,100.0,0.0
211.29572982299942,7,215,-0.06459014630317687,1,0,1,-60.086445,-30.0,30.086445,18.115997,100.0,0.0
211.3960475370004,7,216,-0.016590146303176873,1,0,1,-59.448666,-30.0,29.448666,-136.46317,100.0,0.0
211.49513464100164,7,217,-0.01945227682590485,1,0,1,-58.834717,-30.0,28.834717,-96.03881,100.0,0.0
211.59585799499837,7,218,-0.06745227682590485,1,0,1,-58.084335,-30.0,28.084335,-185.38283,100.0,0.0
211.69618325199917,7,219,-0.11545227682590485,1,0,1,-58.36801,-30.0,28.368011,185.44768,100.0,0.0
211.79653365299964,7,220,-0.14864122867584229,1,0,1,-58.896572,-30.0,28.896572,-39.089203,100.0,0.0
211.89698294900154,7,221,-0.16913104057312012,1,0,1,-58.604473,-30.0,28.604473,162.69301,100.0,0.0
211.9951766410013,7,222,-0.18325681686401368,1,0,1,-59.20592,-30.0,29.205921,-40.824886,100.0,0.0
212.09653639200042,7,223,-0.152306866645813,1,0,1,-58.95887,-30.0,28.95887,136.91711,100.0,0.0
212.1961685419992,7,224,-0.104306866645813,1,0,1,-59.516148,-30.0,29.516148,70.78934,100.0,0.0
212.29713215200172,7,225,-0.056306866645813,1,0,1,-60.4021,-30.0,30.4021,236.51884,100.0,0.0
212.3950713410013,7,226,-0.104306866645813,1,0,1,-60.992935,-30.0,30.992935,35.785675,100.0,0.0
212.49558824400083,7,227,-0.056306866645813,1,0,1,-61.849754,-30.0,31.849754,18.733978,100.0,0.0
212.59631942100168,7,228,-0.03545377850532532,1,0,1,-61.58897,-30.0,31.58897,-18.436432,100.0,0.0
212.6959367640011,7,229,0.01254622149467468,1,0,1,-61.29304,-30.0,31.293041,46.665188,100.0,0.0
212.7953722400016,7,230,0.06054622149467468,1,0,1,-60.776237,-30.0,30.776237,-93.23882,100.0,0.0
212.89727675800168,7,231,0.01254622149467468,1,0,1,-60.86006,-30.0,30.860062,54.90112,100.0,0.0
212.99537239200072,7,232,0.06054622149467468,1,0,1,-60.426365,-30.0,30.426365,-93.72329,100.0,0.0
213.09619883399864,7,233,0.01254622149467468,1,0,1,-60.03972,-30.0,30.039719,43.46847,100.0,0.0
213.19659644900094,7,234,0.06054622149467468,1,0,1,-60.178043,-30.0,30.178043,19.901276,100.0,0.0
213.2967996240004,7,235,0.01254622149467468,1,0,1,-60.480484,-30.0,30.480484,133.60214,100.0,0.0
213.39633092299846,7,236,-0.03545377850532532,1,0,1,-61.781925,-30.0,31.781925,114.10903,100.0,0.0
213.4960287239992,7,237,-0.08345377850532532,1,0,1,-62.74917,-30.0,32.74917,-112.30468,100.0,0.0
213.59502587500174,7,238,-0.035453778505325315,1,0,1,-62.436832,-30.0,32.436832,-1.5563964,100.0,0.0
213.69553355899916,7,239,0.012546221494674686,1,0,1,-62.675003,-30.0,32.675003,71.8689,100.0,0.0
213.79566968799918,7,240,-0.035453778505325315,1,0,1,-62.611515,-30.0,32.611515,-37.719727,100.0,0.0
213.89725600699967,7,241,-0.08345377850532532,1,0,1,-62.50467,-30.0,32.50467,-20.317076,100.0,0.0
213.9960855390018,7,242,-0.035453778505325315,1,0,1,-62.172386,-30.0,32.172386,-43.701168,100.0,0.0
214.09592693499872,7,243,-0.08345377850532532,1,0,1,-61.722843,-30.0,31.722843,9.674072,100.0,0.0
214.19545907299835,7,244,-0.1314537785053253,1,0,1,-61.749424,-30.0,31.749424,-45.89462,100.0,0.0
214.2964749269995,7,245,-0.0834537785053253,1,0,1,-61.107857,-30.0,31.107857,-28.591154,100.0,0.0
214.396627817001,7,246,-0.0354537785053253,1,0,1,-61.41829,-30.0,31.41829,10.055541,100.0,0.0
214.49542550000115,7,247,0.0125462214946747,1,0,1,-62.619427,-30.0,32.619427,57.83462,100.0,0.0
214.59603543399862,7,248,0.0605462214946747,1,0,1,-63.8933,-30.0,33.8933,117.214195,100.0,0.0
214.69574161700075,7,249,0.061940532922744755,1,0,1,-64.816216,-30.0,34.816216,-33.7677,100.0,0.0
214.79610878200037,7,250,0.10994053292274475,1,0,1,-65.13439,-30.0,35.13439,-11.238097,100.0,0.0
214.89511906400003,7,251,0.06194053292274475,1,0,1,-64.847275,-30.0,34.847275,-29.525755,100.0,0.0
214.9951604880007,7,252,0.10994053292274475,1,0,1,-64.45617,-30.0,34.45617,75.94299,100.0,0.0
215.09781817900148,7,253,0.06194053292274475,1,0,1,-64.483025,-30.0,34.483025,4.2495728,100.0,0.0
215.19670330499866,7,254,0.10994053292274475,1,0,1,-64.48069,-30.0,34.48069,51.162716,100.0,0.0
215.29675339000096,7,255,0.06194053292274475,1,0,1,-64.47121,-30.0,34.471207,-93.475334,100.0,0.0
215.39659925700107,7,256,0.03212864995002747,1,0,1,-64.01497,-30.0,34.01497,-122.74932,100.0,0.0
215.4952256889992,7,257,-0.015871350049972532,1,0,1,-63.99476,-30.0,33.99476,-2.0866394,100.0,0.0
215.59638346200154,7,258,-0.007588803768157959,1,0,1,-63.84184,-30.0,33.84184,-15.354156,100.0,0.0
215.69605640100053,7,259,-0.05558880376815796,1,0,1,-63.99445,-30.0,33.99445,118.92318,100.0,0.0
215.79527844399854,7,260,-0.007588803768157959,1,0,1,-65.07438,-30.0,35.07438,129.74548,100.0,0.0
215.89547910799956,7,261,0.04041119623184204,1,0,1,-65.97323,-30.0,35.97323,-18.501282,100.0,0.0
215.99588203199892,7,262,0.08841119623184204,1,0,1,-66.383896,-30.0,36.383896,107.39135,100.0,0.0
216.09534097800133,7,263,0.04041119623184204,1,0,1,-66.28225,-30.0,36.28225,-16.975403,100.0,0.0
216.19640879500002,7,264,-0.007588803768157959,1,0,1,-66.34688,-30.0,36.346878,20.454405,100.0,0.0
216.29658152200136,7,265,0.025818270444869992,1,0,1,-66.12431,-30.0,36.124313,-19.348145,100.0,0.0
216.39624468499824,7,266,0.07381827044487,1,0,1,-65.98474,-30.0,35.98474,66.711426,100.0,0.0
216.49531922199822,7,267,0.025818270444869992,1,0,1,-66.24246,-30.0,36.242462,-84.19036,100.0,0.0
216.59555760000148,7,268,0.07381827044487,1,0,1,-66.144,-30.0,36.143997,-56.823727,100.0,0.0
216.6970349680014,7,269,0.025818270444869992,1,0,1,-65.994965,-30.0,35.994965,-8.010864,100.0,0.0
216.79591814000014,7,270,0.07381827044487,1,0,1,-65.56383,-30.0,35.563828,-51.23901,100.0,0.0
216.8966157979994,7,271,0.025818270444869992,1,0,1,-66.37793,-30.0,36.37793,166.32079,100.0,0.0
216.99637254900153,7,272,-0.021552346646785736,1,0,1,-67.35839,-30.0,37.35839,87.72277,100.0,0.0
217.09612874099912,7,273,-0.06955234664678574,1,0,1,-67.49734,-30.0,37.497337,-95.77941,100.0,0.0
217.19671437299985,7,274,-0.11755234664678574,1,0,1,-67.5334,-30.0,37.5334,19.248962,100.0,0.0
217.2971480289998,7,275,-0.07379496693611146,1,0,1,-67.583305,-30.0,37.583305,31.669615,100.0,0.0
217.39636504399823,7,276,-0.025794966936111455,1,0,1,-67.67932,-30.0,37.67932,-16.677856,100.0,0.0
217.49599328600016,7,277,-0.009936510771512988,1,0,1,-67.897865,-30.0,37.897865,-37.43744,100.0,0.0
217.596581152,7,278,-0.05793651077151299,1,0,1,-68.13178,-30.0,38.131783,24.17755,100.0,0.0
217.69547410200175,7,279,-0.060612285137176515,1,0,1,-68.407684,-30.0,38.407684,-6.935119,100.0,0.0
217.79610219800088,7,280,-0.012612285137176514,1,0,1,-67.64249,-30.0,37.642487,101.4862,100.0,0.0
217.89545051599998,7,281,0.03538771486282349,1,0,1,-68.32722,-30.0,38.327217,61.82861,100.0,0.0
217.99718937299986,7,282,-0.012612285137176514,1,0,1,-69.322754,-30.0,39.322754,147.07184,100.0,0.0
218.0966008280011,7,283,0.03538771486282349,1,0,1,-70.18402,-30.0,40.18402,42.4118,100.0,0.0
218.19590724099908,7,284,0.012846812605857849,1,0,1,-70.18402,-30.0,40.18402,42.4118,100.0,0.0
218.29566455199893,7,285,0.024353678524494174,1,0,1,-70.18402,-30.0,40.18402,42.4118,100.0,0.0
218.39617782799905,7,286,-0.023646321475505827,1,0,1,-70.18402,-30.0,40.18402,42.4118,100.0,0.0
218.49555603800036,7,287,-0.07164632147550583,1,0,1,-70.18402,-30.0,40.18402,42.4118,100.0,0.0
218.5964981420002,7,288,-0.11964632147550583,1,0,1,-70.18402,-30.0,40.18402,42.4118,100.0,0.0
218.69573052299893,7,289,-0.07164632147550583,1,0,1,-70.18402,-30.0,40.18402,42.4118,100.0,0.0
218.79637873500178,7,290,-0.023646321475505827,1,0,1,-70.18402,-30.0,40.18402,42.4118,100.0,0.0
218.8965048099999,7,291,-0.058103591203689575,1,0,1,-70.18402,-30.0,40.18402,42.4118,100.0,0.0
218.99602242499896,7,292,-0.10610359120368958,1,0,1,-70.18402,-30.0,40.18402,42.4118,100.0,0.0
219.0956204969989,7,293,-0.058103591203689575,1,0,1,-70.18402,-30.0,40.18402,42.4118,100.0,0.0
219.19479700599913,7,294,-0.10610359120368958,1,0,1,-70.18402,-30.0,40.18402,42.4118,100.0,0.0
219.2954114130007,7,295,-0.07694351673126221,1,0,1,-70.18402,-30.0,40.18402,42.4118,100.0,0.0
219.3959305569988,7,296,-0.028943516731262206,1,0,1,-70.18402,-30.0,40.18402,42.4118,100.0,0.0
219.49608652499955,7,297,0.019056483268737795,1,0,1,-70.18402,-30.0,40.18402,42.4118,100.0,0.0
219.59748567299903,7,298,-0.028943516731262206,1,0,1,-70.18402,-30.0,40.18402,42.4118,100.0,0.0
219.6961386490002,7,299,0.019056483268737795,1,0,1,-70.18402,-30.0,40.18402,42.4118,100.0,0.0
219.79648793899833,7,300,0.0,1,1,1,-70.18402,-30.0,40.18402,42.4118,100.0,0.0
221.53133304400035,8,1,-0.048,1,0,1,-70.18402,-30.0,40.18402,42.4118,100.0,0.0
221.6367106530015,8,2,-0.096,1,0,1,-70.18402,-30.0,40.18402,42.4118,100.0,0.0
221.7353130650008,8,3,-0.14400000000000002,1,0,1,-70.18402,-30.0,40.18402,42.4118,100.0,0.0
221.8358844530012,8,4,-0.09600000000000002,1,0,1,-70.18402,-30.0,40.18402,42.4118,100.0,0.0
221.93600941299883,8,5,-0.048000000000000015,1,0,1,-70.18402,-30.0,40.18402,42.4118,100.0,0.0
222.0358941179984,8,6,-1.3877787807814457e-17,1,0,1,-70.18402,-30.0,40.18402,42.4118,100.0,0.0
222.13644706700143,8,7,-0.048000000000000015,1,0,1,-70.18402,-30.0,40.18402,42.4118,100.0,0.0
222.2365102879994,8,8,-1.3877787807814457e-17,1,0,1,-70.18402,-30.0,40.18402,42.4118,100.0,0.0
222.33462492599938,8,9,-0.048000000000000015,1,0,1,-70.18402,-30.0,40.18402,42.4118,100.0,0.0
222.4358360639999,8,10,-1.3877787807814457e-17,1,0,1,-70.18402,-30.0,40.18402,42.4118,100.0,0.0
222.53539838000142,8,11,0.04799999999999999,1,0,1,-70.18402,-30.0,40.18402,42.4118,100.0,0.0
222.63599463100036,8,12,0.09599999999999999,1,0,1,-70.18402,-30.0,40.18402,42.4118,100.0,0.0
222.7361860810015,8,13,0.04799999999999999,1,0,1,-70.18402,-30.0,40.18402,42.4118,100.0,0.0
222.834529800999,8,14,0.09599999999999999,1,0,1,-70.18402,-30.0,40.18402,42.4118,100.0,0.0
222.93589095900097,8,15,0.144,1,0,1,-70.18402,-30.0,40.18402,42.4118,100.0,0.0
223.03574549300174,8,16,0.09599999999999999,1,0,1,-70.18402,-30.0,40.18402,42.4118,100.0,0.0
223.13628754800084,8,17,0.04799999999999999,1,0,1,-70.18402,-30.0,40.18402,42.4118,100.0,0.0
223.23637814700123,8,18,0.09599999999999999,1,0,1,-70.18402,-30.0,40.18402,42.4118,100.0,0.0
223.33673637899847,8,19,0.04799999999999999,1,0,1,-70.18402,-30.0,40.18402,42.4118,100.0,0.0
223.43638585900044,8,20,-1.3877787807814457e-17,1,0,1,-70.18402,-30.0,40.18402,42.4118,100.0,0.0
223.53534362600112,8,21,0.04799999999999999,1,0,1,-70.18402,-30.0,40.18402,42.4118,100.0,0.0
223.63551188899874,8,22,-1.3877787807814457e-17,1,0,1,-70.18402,-30.0,40.18402,42.4118,100.0,0.0
223.7354044169988,8,23,-0.048000000000000015,1,0,1,-70.18402,-30.0,40.18402,42.4118,100.0,0.0
223.83604816300067,8,24,-0.09600000000000002,1,0,1,-70.18402,-30.0,40.18402,42.4118,100.0,0.0
223.9349589980011,8,25,-0.14400000000000002,1,0,1,-70.18402,-30.0,40.18402,42.4118,100.0,0.0
224.03705908100164,8,26,-0.18441343307495117,1,0,1,-70.18402,-30.0,40.18402,42.4118,100.0,0.0
224.13641215299867,8,27,-0.13641343307495118,1,0,1,-70.18402,-30.0,40.18402,42.4118,100.0,0.0
224.2351363710004,8,28,-0.14565449953079224,1,0,1,-70.18402,-30.0,40.18402,42.4118,100.0,0.0
224.33568820499931,8,29,-0.16392590999603274,1,0,1,-70.18402,-30.0,40.18402,42.4118,100.0,0.0
224.43668395200075,8,30,-0.11592590999603274,1,0,1,-70.18402,-30.0,40.18402,42.4118,100.0,0.0
224.5361582689984,8,31,-0.11854302883148193,1,0,1,-70.18402,-30.0,40.18402,42.4118,100.0,0.0
224.63554961499904,8,32,-0.07054302883148193,1,0,1,-70.18402,-30.0,40.18402,42.4118,100.0,0.0
224.73574162500154,8,33,-0.054237073659896856,1,0,1,-70.18402,-30.0,40.18402,42.4118,100.0,0.0
224.836104607999,8,34,-0.006237073659896855,1,0,1,-70.18402,-30.0,40.18402,42.4118,100.0,0.0
224.9343958089994,8,35,0.041762926340103146,1,0,1,-70.18402,-30.0,40.18402,42.4118,100.0,0.0
225.03656098500142,8,36,0.08976292634010315,1,0,1,-70.18402,-30.0,40.18402,42.4118,100.0,0.0
225.13599367699862,8,37,0.041762926340103146,1,0,1,-70.18402,-30.0,40.18402,42.4118,100.0,0.0
225.23471426499964,8,38,-0.006237073659896855,1,0,1,-70.18402,-30.0,40.18402,42.4118,100.0,0.0
225.33549182700153,8,39,0.041762926340103146,1,0,1,-70.18402,-30.0,40.18402,42.4118,100.0,0.0
225.43499883099867,8,40,-0.006237073659896855,1,0,1,-70.18402,-30.0,40.18402,42.4118,100.0,0.0
225.5359012709996,8,41,-0.054237073659896856,1,0,1,-70.18402,-30.0,40.18402,42.4118,100.0,0.0
225.63558399600151,8,42,-0.006237073659896855,1,0,1,-70.18402,-30.0,40.18402,42.4118,100.0,0.0
225.73497254899848,8,43,0.041762926340103146,1,0,1,-70.18402,-30.0,40.18402,42.4118,100.0,0.0
225.8364451769994,8,44,0.05062220692634583,1,0,1,-70.18402,-30.0,40.18402,42.4118,100.0,0.0
225.93606588400144,8,45,0.08853894472122192,1,0,1,-70.18402,-30.0,40.18402,42.4118,100.0,0.0
226.0352365309991,8,46,0.04053894472122192,1,0,1,-70.18402,-30.0,40.18402,42.4118,100.0,0.0
226.13535618699825,8,47,-0.007461055278778078,1,0,1,-70.18402,-30.0,40.18402,42.4118,100.0,0.0
226.23755740200068,8,48,0.04053894472122192,1,0,1,-70.18402,-30.0,40.18402,42.4118,100.0,0.0
226.33583938399897,8,49,0.08853894472122192,1,0,1,-70.18402,-30.0,40.18402,42.4118,100.0,0.0
226.4370753889998,8,50,0.04053894472122192,1,0,1,-70.18402,-30.0,40.18402,42.4118,100.0,0.0
226.5357356329987,8,51,-0.007461055278778078,1,0,1,-70.18402,-30.0,40.18402,42.4118,100.0,0.0
226.63612208400082,8,52,-0.05546105527877808,1,0,1,-70.18402,-30.0,40.18402,42.4118,100.0,0.0
226.73533128399868,8,53,-0.007461055278778078,1,0,1,-70.18402,-30.0,40.18402,42.4118,100.0,0.0
226.83607756000129,8,54,-0.01606556922197342,1,0,1,-70.18402,-30.0,40.18402,42.4118,100.0,0.0
226.93622599100127,8,55,0.03193443077802658,1,0,1,-70.18402,-30.0,40.18402,42.4118,100.0,0.0
227.03610203900098,8,56,-0.01606556922197342,1,0,1,-70.18402,-30.0,40.18402,42.4118,100.0,0.0
227.13540957700025,8,57,-0.06406556922197343,1,0,1,-70.18402,-30.0,40.18402,42.4118,100.0,0.0
227.23618658299893,8,58,-0.11206556922197343,1,0,1,-70.18402,-30.0,40.18402,42.4118,100.0,0.0
227.33512368100128,8,59,-0.06406556922197343,1,0,1,-70.18402,-30.0,40.18402,42.4118,100.0,0.0
227.43518718400082,8,60,-0.016065569221973428,1,0,1,-70.18402,-30.0,40.18402,42.4118,100.0,0.0
227.53573147800125,8,61,0.031934430778026573,1,0,1,-70.18402,-30.0,40.18402,42.4118,100.0,0.0
227.63575084100012,8,62,-0.016065569221973428,1,0,1,-70.18402,-30.0,40.18402,42.4118,100.0,0.0
227.73729498800094,8,63,-0.06406556922197343,1,0,1,-70.18402,-30.0,40.18402,42.4118,100.0,0.0
227.83651089400155,8,64,-0.11206556922197343,1,0,1,-70.18402,-30.0,40.18402,42.4118,100.0,0.0
227.9361989300014,8,65,-0.10715007781982422,1,0,1,-70.18402,-30.0,40.18402,42.4118,100.0,0.0
228.03619426899968,8,66,-0.1551500778198242,1,0,1,-70.18402,-30.0,40.18402,42.4118,100.0,0.0
228.13686986600078,8,67,-0.12921581268310547,1,0,1,-70.18402,-30.0,40.18402,42.4118,100.0,0.0
228.23605141000007,8,68,-0.1353358030319214,1,0,1,-70.18402,-30.0,40.18402,42.4118,100.0,0.0
228.33618447700064,8,69,-0.08733580303192139,1,0,1,-70.18402,-30.0,40.18402,42.4118,100.0,0.0
228.43852817099832,9,1,0.048,1,0,1,-70.18402,-30.0,40.18402,42.4118,100.0,0.0
228.54117805100032,10,1,-0.008220943063497544,1,0,1,-70.18402,-30.0,40.18402,42.4118,100.0,0.0
