time_s,episode,step,residual_mpa,timing_accurate,episode_done,sander_active,current_force,target_force,force_error,force_error_dot,force_error_int,pi_output
0.29167319999760366,1,1,0.048,1,0,1,-29.452225,-30.0,-0.54777527,-12.134551,-66.824356,0.20722826
0.2926663589969394,1,2,0.096,0,0,1,-29.877247,-30.0,-0.12275314,24.333952,-66.8302,0.20393407
0.30197104800026864,1,3,0.14400000000000002,1,0,1,-29.936861,-30.0,-0.06313896,59.614178,-66.83026,0.20365316
0.40133728299770155,1,4,0.192,1,0,1,-29.782433,-30.0,-0.21756744,11.039733,-66.831276,0.20535956
0.502490366998245,1,5,0.19999994039535524,1,0,1,-29.757627,-30.0,-0.24237251,50.63438,-66.83442,0.20629117
0.6019189019971236,1,6,0.1999990463256836,1,0,1,-29.619406,-30.0,-0.38059425,-40.01236,-66.83717,0.20770285
0.701762859000155,1,7,0.19999808073043823,1,0,1,-29.581503,-30.0,-0.4184971,-17.482758,-66.84139,0.20883515
0.8014640569999756,1,8,0.19999890327453615,1,0,1,-29.411737,-30.0,-0.58826256,-23.275373,-66.84662,0.21177667
0.9024109659985697,1,9,0.1999995231628418,1,0,1,-29.330204,-30.0,-0.669796,31.122206,-66.85335,0.21451887
1.0016741119979997,1,10,0.1999998450279236,1,0,1,-29.153912,-30.0,-0.8460884,-83.57238,-66.86006,0.21680349
1.1020119940003497,1,11,0.19999839067459108,1,0,1,-29.147207,-30.0,-0.85279274,-17.150879,-66.86897,0.21870056
1.201552834998438,1,12,0.19999916553497316,1,0,1,-29.020805,-30.0,-0.97919464,-4.896164,-66.87828,0.22218764
1.3017686319981294,1,13,0.1999992609024048,1,0,1,-28.661972,-30.0,-1.338028,-5.775451,-66.89068,0.22818626
1.4016983549990982,1,14,0.19999908208847048,1,0,1,-28.876427,-30.0,-1.1235733,7.0800776,-66.90268,0.22823915
1.5017406639999535,1,15,0.1999980926513672,1,0,1,-28.847431,-30.0,-1.1525688,-16.397476,-66.91393,0.23042248
1.60237775099813,1,16,0.19999916553497316,1,0,1,-28.847816,-30.0,-1.1521835,21.598814,-66.92517,0.23297451
1.70138443599717,1,17,0.19999910593032838,1,0,1,-28.987799,-30.0,-1.0122013,-5.281448,-66.936226,0.23286949
1.8019125689970679,1,18,0.1999990224838257,1,0,1,-28.689306,-30.0,-1.3106937,-10.318755,-66.94785,0.23866574
1.9020238809971488,1,19,0.19999890327453615,1,0,1,-28.798729,-30.0,-1.201271,-5.0144196,-66.96093,0.23955761
2.001378659999318,1,20,0.19999929666519167,1,0,1,-28.654076,-30.0,-1.3459244,6.633758,-66.97336,0.24396056
2.1021442569981446,1,21,0.19999996423721314,1,0,1,-28.925562,-30.0,-1.0744381,56.451794,-66.986435,0.24311776
2.201226091998251,1,22,0.19999918937683106,1,0,1,-28.999115,-30.0,-1.000885,21.331785,-66.99669,0.2442709
2.301550562999182,1,23,0.19999998807907104,1,0,1,-29.328005,-30.0,-0.67199516,80.39474,-67.00525,0.24258244
2.4019870619995345,1,24,0.19999881982803347,1,0,1,-29.394524,-30.0,-0.6054764,19.9337,-67.01109,0.24264696
2.5012381950000417,1,25,0.1999993681907654,1,0,1,-29.786879,-30.0,-0.21312141,36.031723,-67.01502,0.23876607
2.6013651519970153,1,26,0.19999994039535524,1,0,1,-29.722372,-30.0,-0.27762794,47.82104,-67.0177,0.24049129
2.7016505119972862,1,27,0.19999978542327881,1,0,1,-29.564735,-30.0,-0.4352646,-79.28276,-67.02079,0.24165629
2.8023867739975685,1,28,0.19999924898147584,1,0,1,-29.637547,-30.0,-0.36245346,-2.5901792,-67.02496,0.24202833
2.9014876049986924,1,29,0.19999881982803347,1,0,1,-29.72884,-30.0,-0.27116013,3.6697385,-67.027954,0.24178563
3.0015413669971167,1,30,0.19999839067459108,1,0,1,-29.506546,-30.0,-0.49345398,-28.04756,-67.03208,0.24477443
3.1021334739998565,1,31,0.19999836683273317,1,0,1,-29.235107,-30.0,-0.7648926,-24.692533,-67.03841,0.24906233
3.2017958389988053,1,32,0.19999920129776003,1,0,1,-29.328636,-30.0,-0.67136383,-5.8364863,-67.04556,0.24929817
3.3012768919979862,1,33,0.1999995231628418,1,0,1,-29.397966,-30.0,-0.6020336,-65.12642,-67.050705,0.24914703
3.4015041419988847,1,34,0.19999969005584717,1,0,1,-29.150068,-30.0,-0.8499317,36.920547,-67.05954,0.2540819
3.5018850460000976,1,35,0.199998676776886,1,0,1,-29.152426,-30.0,-0.84757423,-26.792524,-67.06718,0.2551914
3.601176686999679,1,36,0.19999909400939941,1,0,1,-29.05279,-30.0,-0.9472103,22.878645,-67.076485,0.25841203
3.7015902759994788,1,37,0.19999887943267824,1,0,1,-28.916653,-30.0,-1.0833473,-24.417875,-67.0863,0.26137954
3.802132654996967,1,38,0.19999862909317018,1,0,1,-29.149822,-30.0,-0.85017776,22.785185,-67.09594,0.2607688
3.9015108999992663,1,39,0.1999980926513672,1,0,1,-29.060791,-30.0,-0.939209,-27.84538,-67.1048,0.2629132
4.002137647999916,1,40,0.19999918937683106,1,0,1,-28.972282,-30.0,-1.0277176,26.06201,-67.11506,0.26627836
4.101151873997878,1,41,0.19999855756759644,1,0,1,-28.811024,-30.0,-1.1889763,-1.0356903,-67.12538,0.27021748
4.201862711997819,1,42,0.1999999761581421,1,0,1,-29.131365,-30.0,-0.8686352,61.52534,-67.135864,0.26849604
4.3020980629989936,1,43,0.1999996304512024,1,0,1,-29.184282,-30.0,-0.8157177,40.06195,-67.14528,0.2692828
4.40134528300041,1,44,0.19999998807907104,1,0,1,-29.401382,-30.0,-0.59861755,85.03532,-67.15269,0.26896623
4.501723671997752,1,45,0.19999998807907104,1,0,1,-30.278067,-30.0,0.27806664,90.20423,-67.15427,0.25907683
4.602032496997708,1,46,0.19999972581863404,1,0,1,-30.637585,-30.0,0.6375847,40.452953,-67.14911,0.2540838
4.702111679998779,1,47,0.19999901056289673,1,0,1,-30.628424,-30.0,0.6284237,-36.97586,-67.14247,0.25239128
4.801530433000153,1,48,0.19999940395355226,1,0,1,-30.34724,-30.0,0.34724045,23.509977,-67.13887,0.25548452
4.901814672997716,1,49,0.19999870061874392,1,0,1,-30.370903,-30.0,0.37090302,-39.354324,-67.13484,0.25382438
5.002051420000498,1,50,0.19999886751174928,1,0,1,-30.301857,-30.0,0.301857,-38.370132,-67.13174,0.253879
5.101090508997004,1,51,0.1999999523162842,1,0,1,-30.233467,-30.0,0.2334671,49.592968,-67.12962,0.2552569
5.201011288998416,1,52,0.19999848604202272,1,0,1,-29.76175,-30.0,-0.23825073,-28.585432,-67.12923,0.26004943
5.301996746999066,1,53,0.1999999761581421,1,0,1,-30.05626,-30.0,0.056259155,55.177685,-67.13018,0.25724596
5.401488135998079,1,54,0.19999988079071046,1,0,1,-29.969175,-30.0,-0.030824661,37.88376,-67.13027,0.25832897
5.502171036998334,1,55,0.1999989986419678,1,0,1,-29.704027,-30.0,-0.29597282,-11.1083975,-67.13143,0.2612864
5.601887597000314,1,56,0.19999862909317018,1,0,1,-29.739763,-30.0,-0.26023674,-41.33224,-67.13368,0.26056507
5.702677496999968,1,57,0.19999905824661257,1,0,1,-29.600044,-30.0,-0.39995575,-13.298034,-67.13705,0.26314136
5.801732230000198,1,58,0.19999821186065675,1,0,1,-29.51422,-30.0,-0.48578072,-27.395247,-67.141846,0.26467806
5.901836555000045,1,59,0.19999940395355226,1,0,1,-29.49133,-30.0,-0.5086708,-58.977123,-67.146385,0.2655151
6.001182111998787,1,60,0.1999988317489624,1,0,1,-29.548018,-30.0,-0.4519825,19.557953,-67.151474,0.26657382
6.1012724680003885,1,61,0.19999884366989137,1,0,1,-29.392883,-30.0,-0.6071167,-17.17186,-67.15645,0.26897028
6.20119240999702,1,62,0.19999916553497316,1,0,1,-29.468702,-30.0,-0.5312977,30.612944,-67.16261,0.26944593
6.301441168998281,1,63,0.1999992370605469,1,0,1,-29.514288,-30.0,-0.48571205,12.613296,-67.16787,0.26987517
6.40128176899816,1,64,0.1999994993209839,1,0,1,-29.516397,-30.0,-0.48360252,36.203384,-67.17286,0.27107412
6.744958515999315,1,65,0.1999349355697632,1,0,1,-29.59109,-30.0,-0.40891075,24.311064,-67.17745,0.27078626
6.750353703999281,1,66,0.1765729308128357,0,0,1,-30.008339,-30.0,0.008338928,-36.518097,-67.184654,0.26664174
6.755124221999722,1,67,0.12857293081283572,0,0,1,-30.008339,-30.0,0.008338928,-36.518097,-67.184654,0.26664174
6.806867687999329,1,68,0.08057293081283572,1,0,1,-30.270063,-30.0,0.2700634,76.07269,-67.18407,0.26470613
6.907731339997554,1,69,0.032572930812835715,1,0,1,-30.796234,-30.0,0.79623413,80.37185,-67.178505,0.25801697
7.006738857999153,1,70,-0.015427069187164286,1,0,1,-31.075348,-30.0,1.0753479,-23.132322,-67.169,0.25184897
7.106787587999861,1,71,-0.06342706918716429,1,0,1,-31.150543,-30.0,1.1505432,10.324477,-67.15814,0.24968396
7.206535715999053,1,72,-0.046399036049842836,1,0,1,-30.878334,-30.0,0.87833405,25.093077,-67.1487,0.25133637
7.306743127999653,1,73,0.0016009639501571651,1,0,1,-31.002136,-30.0,1.0021362,19.71817,-67.13934,0.24800397
7.406752186998347,1,74,0.049600963950157166,1,0,1,-30.73015,-30.0,0.7301502,-21.91162,-67.13095,0.24931349
7.506601446999412,1,75,0.09760096395015716,1,0,1,-30.529678,-30.0,0.52967834,-9.969711,-67.125824,0.25090927
7.606953292997787,1,76,0.14560096395015715,1,0,1,-30.664173,-30.0,0.6641731,8.852005,-67.11988,0.24813916
7.706794729998364,1,77,0.16206732988357545,1,0,1,-30.613102,-30.0,0.61310196,-29.655455,-67.11316,0.2472445
7.80653643199912,1,78,0.11406732988357544,1,0,1,-30.382627,-30.0,0.3826275,-22.474287,-67.10823,0.24900979
7.9059034989986685,1,79,0.1612487316131592,1,0,1,-30.348822,-30.0,0.34882164,5.550384,-67.10454,0.24893747
8.007058810999297,1,80,0.1132487316131592,1,0,1,-30.40644,-30.0,0.40644073,14.137267,-67.10068,0.24762796
8.106862811997416,1,81,0.0923553764820099,1,0,1,-30.133287,-30.0,0.13328743,-83.07647,-67.097755,0.24923018
8.207394291999663,1,82,0.04435537648200989,1,0,1,-30.164892,-30.0,0.1648922,36.27014,-67.09701,0.24974294
8.306504617998144,1,83,0.06689515113830567,1,0,1,-30.205393,-30.0,0.20539284,13.877868,-67.09527,0.24871409
8.406841097999859,1,84,0.07810539603233338,1,0,1,-30.161009,-30.0,0.16100883,14.972686,-67.09336,0.24914356
8.506464625999797,1,85,0.11770586967468262,1,0,1,-30.3112,-30.0,0.3111992,0.2822876,-67.09106,0.24659583
8.60686340599932,1,86,0.1408759355545044,1,0,1,-30.164225,-30.0,0.16422462,-15.6822195,-67.08888,0.24790671
8.706890343997657,1,87,0.0928759355545044,1,0,1,-30.2222,-30.0,0.2222004,17.522812,-67.0872,0.24715355
8.806813914998202,1,88,0.04487593555450439,1,0,1,-30.524343,-30.0,0.5243435,39.115906,-67.08367,0.24312617
8.90681766399939,1,89,-0.0031240644454956085,1,0,1,-30.441654,-30.0,0.4416542,4.081726,-67.07871,0.24319038
9.007363671000348,1,90,0.04487593555450439,1,0,1,-31.173943,-30.0,1.1739426,73.46344,-67.070305,0.23371069
9.106531825000275,1,91,-0.0031240644454956085,1,0,1,-31.764307,-30.0,1.764307,10.951995,-67.05454,0.22381555
9.206258160997095,1,92,0.017778927087783815,1,0,1,-31.878967,-30.0,1.8789673,-29.85954,-67.03607,0.21887536
9.30578139499994,1,93,0.020535917580127717,1,0,1,-31.791615,-30.0,1.7916145,-8.218765,-67.01742,0.21682759
9.406379363997985,1,94,0.0032029256224632256,1,0,1,-31.644344,-30.0,1.6443443,3.7078855,-67.00055,0.21535632
9.506499610997707,1,95,-0.04479707437753677,1,0,1,-31.539534,-30.0,1.5395336,-22.632597,-66.98471,0.21345279
9.60732833899965,1,96,-0.09279707437753677,1,0,1,-31.496805,-30.0,1.4968052,-21.671293,-66.97023,0.21100082
9.708582547998958,1,97,-0.14079707437753677,1,0,1,-31.342161,-30.0,1.3421612,-48.57635,-66.956085,0.21011813
9.805811875998188,1,98,-0.09279707437753677,1,0,1,-31.12606,-30.0,1.1260605,19.008636,-66.94431,0.21114294
9.90642744499928,1,99,-0.04479707437753677,1,0,1,-30.846165,-30.0,0.8461647,-23.065565,-66.93401,0.21223459
10.00643678099732,1,100,-0.09279707437753677,1,0,1,-31.151993,-30.0,1.1519928,30.000685,-66.92376,0.20696908
10.10743285100034,1,101,-0.04479707437753677,1,0,1,-31.061537,-30.0,1.0615368,-33.042908,-66.912544,0.20534506
10.207004694999341,1,102,-0.005277493223547938,1,0,1,-31.045261,-30.0,1.0452614,-8.00705,-66.9015,0.20391363
10.309066001998872,1,103,-0.04171425998210907,1,0,1,-30.633226,-30.0,0.6332264,27.555464,-66.89386,0.20746435
10.407369505999668,1,104,-0.08971425998210908,1,0,1,-30.63027,-30.0,0.63027,-34.488678,-66.88709,0.20555979
10.506932967997272,1,105,-0.04171425998210908,1,0,1,-30.686977,-30.0,0.6869774,0.98419183,-66.88045,0.20395775
10.605692124998313,1,106,-0.08971425998210908,1,0,1,-30.58276,-30.0,0.58275986,-5.6076045,-66.87398,0.20407167
10.706717249999201,1,107,-0.04171425998210908,1,0,1,-30.8287,-30.0,0.8286991,41.276928,-66.867294,0.20024326
10.805833998998423,1,108,-0.08971425998210908,1,0,1,-30.900808,-30.0,0.90080833,49.25346,-66.858696,0.19810762
10.907551401000092,1,109,-0.04171425998210908,1,0,1,-31.020124,-30.0,1.0201244,-55.11665,-66.84842,0.19370359
11.006236523997359,1,110,0.006285740017890923,1,0,1,-30.856306,-30.0,0.8563061,-51.68533,-66.83919,0.19407713
11.107340430997283,1,111,-0.04171425998210908,1,0,1,-30.964756,-30.0,0.964756,46.129223,-66.83081,0.19204156
11.207255618999625,1,112,-0.08971425998210908,1,0,1,-31.211977,-30.0,1.211977,19.294739,-66.81952,0.18706681
11.307868392999808,1,113,-0.10454041957855226,1,0,1,-31.790854,-30.0,1.7908535,66.54167,-66.8043,0.17815638
11.406920048997563,1,114,-0.14337873458862305,1,0,1,-32.17305,-30.0,2.17305,46.047207,-66.78443,0.16999629
11.508118103000015,1,115,-0.09537873458862305,1,0,1,-32.40346,-30.0,2.4034615,-47.256466,-66.760826,0.16240373
11.60707281699797,1,116,-0.047378734588623045,1,0,1,-32.15545,-30.0,2.155449,-16.342163,-66.73809,0.1616338
11.707273800999246,1,117,0.0006212654113769561,1,0,1,-32.048378,-30.0,2.048378,7.2326655,-66.71711,0.15916038
11.805410799999663,1,118,-0.047378734588623045,1,0,1,-32.262962,-30.0,2.2629623,45.356747,-66.69602,0.15283434
11.90577158099768,1,119,-0.09537873458862305,1,0,1,-32.153286,-30.0,2.153286,-3.0632017,-66.67399,0.1499006
12.006665400997008,1,120,-0.047378734588623045,1,0,1,-32.059868,-30.0,2.0598679,-9.098053,-66.654335,0.14682116
12.106291719999717,1,121,-0.047657787799835205,1,0,1,-31.95278,-30.0,1.9527798,17.023087,-66.63393,0.14522673
12.206370058996981,1,122,-0.0956577877998352,1,0,1,-31.703028,-30.0,1.7030277,37.75406,-66.61633,0.14476709
12.306909916998848,1,123,-0.047657787799835205,1,0,1,-31.901213,-30.0,1.9012127,-103.502266,-66.59677,0.13741103
12.407179902998905,1,124,-0.0956577877998352,1,0,1,-31.45236,-30.0,1.4523602,-69.33212,-66.57907,0.1402719
12.50582703100008,1,125,-0.047657787799835205,1,0,1,-31.57815,-30.0,1.5781498,49.659725,-66.56427,0.13648278
12.60693708299732,1,126,0.0003422122001647959,1,0,1,-31.487144,-30.0,1.4871445,-58.385845,-66.54902,0.13364947
12.70692742099709,1,127,0.0483422122001648,1,0,1,-31.634193,-30.0,1.6341934,-36.899567,-66.533005,0.12918665
12.807197964997613,1,128,0.0003422122001647959,1,0,1,-31.088263,-30.0,1.0882626,-2.4662018,-66.51969,0.13382828
12.906429812999704,1,129,-0.047657787799835205,1,0,1,-31.173626,-30.0,1.173626,-3.4236906,-66.507805,0.13035496
13.006681081998977,1,130,-0.0956577877998352,1,0,1,-31.608877,-30.0,1.6088772,-23.597715,-66.49292,0.12226343
13.10747432700009,1,131,-0.1436577877998352,1,0,1,-31.651134,-30.0,1.6511345,-54.616924,-66.4764,0.11856265
13.205795709000085,1,132,-0.19165778779983522,1,0,1,-31.374458,-30.0,1.3744583,-8.558273,-66.46193,0.119673535
13.306925594999484,1,133,-0.15923949480056765,1,0,1,-31.456545,-30.0,1.4565449,-9.105682,-66.44771,0.11589931
13.407315430999006,1,134,-0.11123949480056765,1,0,1,-31.75905,-30.0,1.7590504,92.71812,-66.43199,0.11059743
13.506241089999094,1,135,-0.06323949480056765,1,0,1,-32.852085,-30.0,2.852085,46.95892,-66.40801,0.093106054
13.607295546000387,1,136,-0.015239494800567646,1,0,1,-33.14356,-30.0,3.1435585,58.49838,-66.377945,0.08507696
13.707683145999908,1,137,0.032760505199432355,1,0,1,-32.885056,-30.0,2.8850555,-8.411407,-66.347565,0.08200923
13.80651717100045,1,138,0.08076050519943236,1,0,1,-32.752396,-30.0,2.7523956,32.066345,-66.31993,0.078609854
13.906442134997633,1,139,0.032760505199432355,1,0,1,-32.433323,-30.0,2.433323,-54.809566,-66.29363,0.07666865
14.005973466999421,1,140,0.08076050519943236,1,0,1,-32.297222,-30.0,2.2972221,-22.96066,-66.27033,0.073938735
14.10635855199871,1,141,0.032760505199432355,1,0,1,-32.18403,-30.0,2.1840286,-27.835844,-66.247795,0.0712184
14.206078457998956,1,142,-0.015239494800567646,1,0,1,-32.13896,-30.0,2.1389618,64.8613,-66.22728,0.06858866
14.307182641998224,1,143,0.032760505199432355,1,0,1,-31.894632,-30.0,1.8946323,-26.222227,-66.20694,0.06699005
14.406675419999374,1,144,0.08076050519943236,1,0,1,-31.803156,-30.0,1.8031559,-35.62355,-66.188126,0.06426654
14.508203127999877,1,145,0.032760505199432355,1,0,1,-31.71274,-30.0,1.71274,-108.415596,-66.169975,0.06125107
14.605947610998555,1,146,0.08076050519943236,1,0,1,-31.442904,-30.0,1.4429035,-33.19359,-66.15401,0.06231781
14.706986141998641,1,147,0.12876050519943236,1,0,1,-31.404594,-30.0,1.4045944,13.914107,-66.14005,0.060387325
14.806691521000175,1,148,0.08076050519943236,1,0,1,-31.379343,-30.0,1.379343,-21.02661,-66.12622,0.057734348
14.90759595399868,1,149,0.12876050519943236,1,0,1,-31.218836,-30.0,1.2188358,-26.048658,-66.11299,0.057273068
15.006679455000267,1,150,0.08076050519943236,1,0,1,-31.02832,-30.0,1.0283203,79.013824,-66.10225,0.058578197
15.106092332996923,1,151,0.032760505199432355,1,0,1,-31.174225,-30.0,1.1742249,-18.98384,-66.09062,0.05353688
15.206160333000298,1,152,-0.015239494800567646,1,0,1,-30.887974,-30.0,0.8879738,2.681732,-66.081726,0.055242293
15.306931506998808,1,153,0.032760505199432355,1,0,1,-30.815903,-30.0,0.8159027,29.117582,-66.073364,0.055020727
15.406954248999682,1,154,-0.002803338505327699,1,0,1,-31.191854,-30.0,1.1918545,-36.079407,-66.062744,0.047875326
15.506291138997767,1,155,-0.03853106200695038,1,0,1,-31.132729,-30.0,1.1327286,22.872923,-66.05177,0.047351655
15.606542685000022,1,156,0.009468937993049618,1,0,1,-31.17171,-30.0,1.1717091,-49.07417,-66.039604,0.043811906
15.70586057699984,1,157,-0.026191362738609315,1,0,1,-31.32301,-30.0,1.3230095,82.561485,-66.02737,0.041228946
15.80791992399827,1,158,0.021808637261390686,1,0,1,-31.703857,-30.0,1.7038574,37.693024,-66.0125,0.033492133
15.906917378997605,1,159,-0.026191362738609315,1,0,1,-31.858522,-30.0,1.8585224,38.562775,-65.99475,0.028886829
16.006943192998733,1,160,-0.07419136273860932,1,0,1,-31.583946,-30.0,1.5839462,13.0558,-65.97753,0.028876923
16.107208427998557,1,161,-0.12219136273860932,1,0,1,-31.178734,-30.0,1.1787338,40.79437,-65.963936,0.031396765
16.207859471996926,1,162,-0.08196476101875305,1,0,1,-31.003044,-30.0,1.0030441,-16.330719,-65.95259,0.03045959
16.306616109999595,1,163,-0.03396476101875305,1,0,1,-30.899378,-30.0,0.8993778,-95.01838,-65.94284,0.02869962
16.406758979999722,1,164,-0.08196476101875305,1,0,1,-30.274632,-30.0,0.2746315,-82.03124,-65.93778,0.035148475
16.506894586997078,1,165,-0.12996476101875304,1,0,1,-30.381546,-30.0,0.38154602,32.93228,-65.935295,0.034387548
16.60688911199759,1,166,-0.08196476101875304,1,0,1,-30.565916,-30.0,0.56591606,100.351326,-65.9308,0.03213946
16.706704001997423,1,167,-0.03396476101875304,1,0,1,-30.448734,-30.0,0.44873428,-39.95514,-65.926414,0.03104539
16.80731425799968,1,168,0.014035238981246964,1,0,1,-30.578594,-30.0,0.5785942,-24.150846,-65.920906,0.028934393
16.905916124000214,1,169,0.062035238981246965,1,0,1,-30.224758,-30.0,0.22475815,-20.448683,-65.917,0.032477662
17.00788746899707,1,170,0.014035238981246964,1,0,1,-30.075066,-30.0,0.07506561,-25.957106,-65.91594,0.03367463
17.106813682999928,1,171,-0.03396476101875304,1,0,1,-29.892672,-30.0,-0.107328415,-18.899918,-65.91618,0.035926744
17.206988959998853,1,172,-0.08196476101875304,1,0,1,-30.013762,-30.0,0.01376152,30.408857,-65.91623,0.035154786
17.307056957997702,1,173,-0.03396476101875304,1,0,1,-30.00447,-30.0,0.004470825,-44.147488,-65.91583,0.034300067
17.40740292999908,1,174,0.014035238981246964,1,0,1,-30.211227,-30.0,0.21122742,22.102354,-65.91509,0.0322848
17.50636294799915,1,175,0.062035238981246965,1,0,1,-30.212109,-30.0,0.21210861,-64.323425,-65.913086,0.030956985
17.607315989997005,1,176,0.014035238981246964,1,0,1,-30.18715,-30.0,0.18714905,25.564192,-65.91114,0.032163087
17.70666153899947,1,177,0.062035238981246965,1,0,1,-30.28937,-30.0,0.28936958,-61.500546,-65.90787,0.029328441
17.806782337000186,1,178,0.014035238981246964,1,0,1,-30.187202,-30.0,0.18720245,33.763885,-65.9062,0.031211974
17.906305005999457,1,179,0.021623614430427554,1,0,1,-31.081753,-30.0,1.0817528,111.57989,-65.90033,0.020279374
18.006463239998993,1,180,0.06962361443042756,1,0,1,-31.384916,-30.0,1.3849163,-17.875671,-65.886536,0.013864779
18.106806695999694,1,181,0.11762361443042756,1,0,1,-30.790142,-30.0,0.79014206,-50.453182,-65.8759,0.018436784
18.20742589099973,1,182,0.06962361443042756,1,0,1,-29.889256,-30.0,-0.11074448,-33.27942,-65.87296,0.02839045
18.307407842999964,1,183,0.11762361443042756,1,0,1,-29.262016,-30.0,-0.7379837,-3.1051633,-65.87867,0.03608876
18.406539952000458,1,184,0.06962361443042756,1,0,1,-29.172993,-30.0,-0.8270073,4.5814514,-65.886536,0.038818974
18.506739532997017,1,185,0.05912466645240784,1,0,1,-29.106619,-30.0,-0.8933811,41.79954,-65.89589,0.041382425
18.60675361199901,1,186,0.10712466645240784,1,0,1,-29.329699,-30.0,-0.67030144,-6.271362,-65.9041,0.039626013
18.70725966199825,1,187,0.15512466645240786,1,0,1,-29.28513,-30.0,-0.71487045,32.262802,-65.91147,0.042275205
18.807251670998085,1,188,0.12463610172271729,1,0,1,-28.915043,-30.0,-1.0849571,-20.078657,-65.920494,0.047819104
18.905950197000493,1,189,0.07663610172271729,1,0,1,-28.96447,-30.0,-1.0355301,-13.322829,-65.93092,0.048887823
19.006805179000366,1,190,0.028636101722717286,1,0,1,-29.034779,-30.0,-0.9652214,-78.83835,-65.93948,0.049308714
19.106714772999112,1,191,-0.019363898277282715,1,0,1,-28.714434,-30.0,-1.2855663,-14.858245,-65.95215,0.05535577
19.20717835799951,1,192,0.028636101722717286,1,0,1,-28.516113,-30.0,-1.4838867,-20.01381,-65.96705,0.06043898
19.306171060998167,1,193,-0.019363898277282715,1,0,1,-28.693415,-30.0,-1.3065853,-26.24893,-65.98054,0.06086049
19.4058728050004,1,194,-0.04256407916545868,1,0,1,-28.525852,-30.0,-1.4741478,-56.579586,-65.99461,0.06499731
19.506458752999606,1,195,-0.09056407916545868,1,0,1,-28.604017,-30.0,-1.3959827,45.343395,-66.00992,0.06776564
19.60738217999824,1,196,-0.04256407916545868,1,0,1,-28.6744,-30.0,-1.3255997,-28.47862,-66.02294,0.068847045
19.70625223999741,1,197,0.005435920834541322,1,0,1,-28.490683,-30.0,-1.5093174,-13.002395,-66.03711,0.07383746
19.806242850998387,1,198,0.005619658529758454,1,0,1,-28.637676,-30.0,-1.3623238,-20.936964,-66.05109,0.07445556
19.905518275998475,1,199,-0.018320432305336004,1,0,1,-28.811077,-30.0,-1.1889229,49.371716,-66.06407,0.075549915
20.00601594299951,1,200,0.029679567694663997,1,0,1,-28.50017,-30.0,-1.4998302,-75.927734,-66.07605,0.08072284
20.10685723399729,1,201,0.077679567694664,1,0,1,-29.042658,-30.0,-0.95734215,114.52865,-66.08984,0.07768779
20.20764404899819,1,202,0.06849029064178468,1,0,1,-29.42533,-30.0,-0.5746708,-11.9915,-66.096016,0.07410307
20.30799644400031,1,203,0.0662272572517395,1,0,1,-29.513954,-30.0,-0.48604584,62.322613,-66.101555,0.074879855
20.406643844999053,1,204,0.0182272572517395,1,0,1,-29.81823,-30.0,-0.18177032,28.619764,-66.10462,0.07149507
20.50650231399777,1,205,0.0662272572517395,1,0,1,-30.187983,-30.0,0.18798256,50.773617,-66.10494,0.06743337
20.606266077000328,1,206,0.0182272572517395,1,0,1,-30.425905,-30.0,0.42590523,34.740448,-66.10207,0.06432945
20.706151364996913,1,207,-0.0297727427482605,1,0,1,-30.557423,-30.0,0.55742264,30.725477,-66.09718,0.062035337
20.806788717000018,1,208,0.0182272572517395,1,0,1,-30.944166,-30.0,0.9441662,-27.589796,-66.08946,0.055221844
20.90680055899793,1,209,0.0662272572517395,1,0,1,-30.395481,-30.0,0.3954811,39.2437,-66.08346,0.061895214
21.006805695997173,1,210,0.03166075646877289,1,0,1,-30.94068,-30.0,0.94067955,33.901215,-66.07693,0.05369297
21.10628198699851,1,211,0.07966075646877288,1,0,1,-30.604475,-30.0,0.604475,-108.27445,-66.06828,0.05509055
21.20594796899968,1,212,0.03166075646877288,1,0,1,-30.442888,-30.0,0.44288826,-53.08151,-66.06321,0.056250066
21.3070663949984,1,213,0.03902775347232819,1,0,1,-30.346443,-30.0,0.34644318,-5.7888026,-66.05928,0.05727703
21.408337635999487,1,214,0.08702775347232819,1,0,1,-30.065891,-30.0,0.065891266,23.37074,-66.057755,0.06043051
21.507682901999942,1,215,0.1309971570968628,1,0,1,-30.32778,-30.0,0.32777977,-2.319336,-66.05536,0.05649375
21.606323038999108,1,216,0.1789971570968628,1,0,1,-30.297798,-30.0,0.29779816,26.826857,-66.05278,0.05672528
21.70778061999954,1,217,0.13099715709686283,1,0,1,-30.27715,-30.0,0.2771492,-54.237362,-66.04887,0.055714644
21.805585719997907,1,218,0.08299715709686283,1,0,1,-30.265085,-30.0,0.26508522,62.85095,-66.04675,0.056440547
21.906455784999707,1,219,0.034997157096862824,1,0,1,-30.304594,-30.0,0.30459404,-10.7975,-66.04294,0.054812547
22.007076093999785,1,220,0.08299715709686283,1,0,1,-30.289831,-30.0,0.28983116,89.06173,-66.04149,0.055290014
22.107050499998877,1,221,0.13099715709686283,1,0,1,-30.319887,-30.0,0.31988716,-14.020919,-66.037674,0.053512946
22.207813566998084,1,222,0.08299715709686283,1,0,1,-30.235315,-30.0,0.23531532,17.929077,-66.03459,0.054433372
22.306519074998505,1,223,0.13099715709686283,1,0,1,-30.459051,-30.0,0.45905113,-4.8656464,-66.03022,0.050587248
22.40736343899698,1,224,0.16709905862808228,1,0,1,-30.689383,-30.0,0.68938255,31.164167,-66.025024,0.046985924
22.506028997999238,1,225,0.11909905862808227,1,0,1,-31.225164,-30.0,1.2251644,56.982037,-66.014854,0.039661173
22.60822159899908,1,226,0.07109905862808227,1,0,1,-31.85316,-30.0,1.8531609,40.044785,-65.99854,0.029456591
22.707436118998885,1,227,0.023099058628082272,1,0,1,-31.711428,-30.0,1.7114277,-134.60922,-65.979355,0.026268782
22.807108805998723,1,228,-0.012176932394504549,1,0,1,-30.812271,-30.0,0.8122711,-13.866424,-65.96823,0.035604615
22.90618196399737,1,229,0.03582306760549545,1,0,1,-30.74494,-30.0,0.7449398,40.34805,-65.96155,0.03506803
23.00644607600043,1,230,0.019846472144126895,1,0,1,-30.775976,-30.0,0.7759762,-16.151428,-65.95358,0.032852333
23.10691719999886,1,231,-0.028153527855873106,1,0,1,-30.67121,-30.0,0.67120934,26.863096,-65.94636,0.033207547
23.20807557399894,1,232,0.019846472144126895,1,0,1,-30.86145,-30.0,0.8614502,42.77229,-65.93901,0.029660815
23.307854140999552,1,233,-0.028153527855873106,1,0,1,-30.862286,-30.0,0.8622856,58.25233,-65.930756,0.028565152
23.40643449199706,1,234,-0.07615352785587311,1,0,1,-30.57608,-30.0,0.5760803,-65.41252,-65.92365,0.029101754
23.50642901199899,1,235,-0.028153527855873106,1,0,1,-30.226088,-30.0,0.22608757,21.099089,-65.92063,0.033362422
23.607718130999274,1,236,0.006735530495643613,1,0,1,-30.282152,-30.0,0.28215218,-7.5340266,-65.9178,0.03191605
23.706220815998677,1,237,-0.006035437807440758,1,0,1,-30.160326,-30.0,0.160326,7.2441096,-65.91618,0.0330427
23.805749625997123,1,238,-0.029569825530052187,1,0,1,-30.167171,-30.0,0.16717148,15.443801,-65.91444,0.032786217
23.90851856599693,1,239,0.018430174469947814,1,0,1,-30.074785,-30.0,0.07478523,9.35936,-65.91348,0.033602938
24.00745930300036,1,240,-0.029569825530052187,1,0,1,-30.108713,-30.0,0.10871315,-32.245636,-65.912315,0.03252929
24.106265941998572,1,241,-0.07756982553005219,1,0,1,-30.072433,-30.0,0.07243347,-0.5226135,-65.91123,0.03322132
24.206598218999716,1,242,-0.11285529136657715,1,0,1,-30.22326,-30.0,0.22326088,0.9937286,-65.90971,0.031018896
24.30608233000021,1,243,-0.06485529136657715,1,0,1,-30.119366,-30.0,0.11936569,-32.194138,-65.90811,0.03172078
24.40666631899876,1,244,-0.043889093399047854,1,0,1,-30.181486,-30.0,0.18148613,6.8283076,-65.907104,0.030921143
24.50711760699778,1,245,-0.09188909339904786,1,0,1,-29.938772,-30.0,-0.0612278,-55.94253,-65.907,0.03311418
24.607509948997176,1,246,-0.043889093399047854,1,0,1,-29.9775,-30.0,-0.022499084,-9.902954,-65.907196,0.033414707
24.70681246899767,1,247,-0.08228429555892945,1,0,1,-30.291866,-30.0,0.2918663,79.79965,-65.906105,0.030456627
24.8064376609982,1,248,-0.03428429555892945,1,0,1,-30.18468,-30.0,0.18468094,-58.2447,-65.902824,0.029872322
24.907005166998715,1,249,0.01371570444107055,1,0,1,-30.37418,-30.0,0.37417984,7.0838923,-65.899055,0.027577914
25.00733101699734,1,250,-0.03428429555892945,1,0,1,-30.476978,-30.0,0.4769783,32.283783,-65.894936,0.025840878
25.10794266299854,1,251,-0.06353026032447816,1,0,1,-30.837881,-30.0,0.8378811,35.161972,-65.88802,0.020559918
25.207049065997126,1,252,-0.015530260324478157,1,0,1,-30.607176,-30.0,0.6071758,29.401777,-65.881485,0.022093246
25.307645345998026,1,253,-0.004597890749573709,1,0,1,-30.171854,-30.0,0.17185402,-65.294266,-65.87737,0.025386576
25.40759432699997,1,254,-0.05259789074957371,1,0,1,-29.841042,-30.0,-0.15895844,-15.100478,-65.878,0.029515127
25.50597408899921,1,255,-0.004597890749573709,1,0,1,-29.956848,-30.0,-0.043151855,22.916792,-65.87897,0.028616123
25.60544450999805,1,256,-0.05259789074957371,1,0,1,-29.984934,-30.0,-0.015066147,13.963698,-65.878876,0.02835844
25.70612879199689,1,257,-0.004597890749573709,1,0,1,-29.994122,-30.0,-0.0058784485,40.51208,-65.87927,0.028584037
25.80698628299797,1,258,-0.05259789074957371,1,0,1,-29.729942,-30.0,-0.27005768,23.448942,-65.88102,0.03173459
25.907112941997184,1,259,-0.004597890749573709,1,0,1,-29.91124,-30.0,-0.088760376,-38.83934,-65.88208,0.028979797
26.007008562999545,1,260,-0.05259789074957371,1,0,1,-29.848394,-30.0,-0.1516056,-12.706756,-65.883514,0.030349994
26.106449928000075,1,261,-0.004597890749573709,1,0,1,-29.56468,-30.0,-0.4353199,-23.303984,-65.886246,0.03425547
26.20681656599845,1,262,-0.05259789074957371,1,0,1,-29.32647,-30.0,-0.6735306,23.359297,-65.89146,0.038397767
26.306346771998506,1,263,-0.07841435074806213,1,0,1,-29.347332,-30.0,-0.652668,11.157989,-65.8981,0.038955744
26.405845686997054,1,264,-0.030414350748062133,1,0,1,-29.390581,-30.0,-0.60941887,-52.221294,-65.90414,0.03866889
26.50642408799831,1,265,0.00286730844527483,1,0,1,-29.837605,-30.0,-0.16239548,41.77284,-65.9087,0.035359725
26.605947866999486,1,266,-0.04513269155472517,1,0,1,-29.489843,-30.0,-0.51015663,-138.88931,-65.91124,0.038348645
26.706481009998242,1,267,0.00286730844527483,1,0,1,-29.600325,-30.0,-0.39967537,27.68707,-65.91628,0.039269973
26.805678205997538,1,268,-0.04513269155472517,1,0,1,-29.571714,-30.0,-0.4282856,9.22966,-65.920395,0.040287312
26.90749393399892,1,269,-0.09313269155472517,1,0,1,-29.43607,-30.0,-0.5639305,-1.379013,-65.9263,0.042724915
27.005492353997397,1,270,-0.1411326915547252,1,0,1,-29.76692,-30.0,-0.23307991,51.2886,-65.92965,0.04045866
27.105986942999152,1,271,-0.18145370483398438,1,0,1,-29.748825,-30.0,-0.25117493,66.54549,-65.933105,0.04120098
27.207821387997683,1,272,-0.1334537048339844,1,0,1,-30.622784,-30.0,0.62278366,79.452515,-65.93114,0.030811535
27.306072079998557,1,273,-0.08545370483398439,1,0,1,-31.151173,-30.0,1.1511726,-2.0828247,-65.92061,0.022682255
27.406264110999473,1,274,-0.1334537048339844,1,0,1,-31.019842,-30.0,1.0198421,-15.542983,-65.909546,0.022145478
27.50575157200001,1,275,-0.08545370483398439,1,0,1,-30.837065,-30.0,0.83706474,-44.652935,-65.90017,0.022238106
27.606873624998116,1,276,-0.1060522198677063,1,0,1,-30.723125,-30.0,0.72312546,-28.898237,-65.89209,0.02224229
27.706381478998082,1,277,-0.15405221986770629,1,0,1,-30.573805,-30.0,0.57380486,-21.203993,-65.88568,0.02272852
27.807303782999952,1,278,-0.18711067438125611,1,0,1,-30.4786,-30.0,0.47859955,-38.28621,-65.88019,0.02269126
27.90687002499908,1,279,-0.13911067438125613,1,0,1,-30.28361,-30.0,0.2836094,10.471343,-65.87668,0.024651792
28.007636997997906,1,280,-0.09111067438125613,1,0,1,-30.354174,-30.0,0.35417366,-47.466274,-65.873436,0.0223496
28.106238576998294,1,281,-0.043110674381256125,1,0,1,-30.23484,-30.0,0.2348404,8.811951,-65.87088,0.024129564
28.207758451997506,1,282,-0.021022692322731018,1,0,1,-30.503687,-30.0,0.5036869,14.568328,-65.86628,0.020170059
28.307719164000446,1,283,0.026977307677268983,1,0,1,-30.044817,-30.0,0.04481697,-15.472411,-65.863914,0.024862414
28.407331222999346,1,284,0.07497730767726898,1,0,1,-29.878014,-30.0,-0.12198639,-43.653484,-65.86435,0.026177814
28.50731316800011,1,285,0.12297730767726898,1,0,1,-29.900726,-30.0,-0.09927368,-36.060333,-65.865906,0.0260933
28.605997160997504,1,286,0.07497730767726898,1,0,1,-29.73965,-30.0,-0.26034927,-3.1547544,-65.86702,0.028994028
28.707611182999244,1,287,0.026977307677268983,1,0,1,-29.562218,-30.0,-0.4377823,9.002686,-65.87056,0.03149005
28.807322138000018,1,288,-0.021022692322731018,1,0,1,-29.836916,-30.0,-0.16308403,-11.447906,-65.873245,0.02834116
28.90723787099705,1,289,-0.03665117025375366,1,0,1,-29.849613,-30.0,-0.15038681,-6.8111415,-65.87504,0.028796677
29.005957901998045,1,290,0.01134882974624634,1,0,1,-29.757679,-30.0,-0.24232101,-105.78918,-65.87609,0.02929686
29.107064308998815,1,291,0.05934882974624634,1,0,1,-30.30404,-30.0,0.3040409,80.36613,-65.87628,0.02438745
29.206831416999194,1,292,0.10734882974624635,1,0,1,-30.152561,-30.0,0.15256119,-42.68455,-65.873566,0.025032334
29.30742657799783,1,293,0.05934882974624635,1,0,1,-29.949375,-30.0,-0.050624847,23.441313,-65.87431,0.027667064
29.40600748199722,1,294,0.011348829746246347,1,0,1,-30.384125,-30.0,0.38412476,47.424313,-65.87216,0.022880213
29.50763156099856,1,295,-0.036651170253753654,1,0,1,-31.514877,-30.0,1.5148773,-80.50727,-65.86116,0.006346884
29.606824005997623,1,296,-0.08465117025375365,1,0,1,-31.210577,-30.0,1.210577,-180.63925,-65.84644,0.006987573
29.70700206699985,1,297,-0.036651170253753654,1,0,1,-30.699173,-30.0,0.699173,147.83287,-65.84083,0.0143708205
29.8072807009994,1,298,0.011348829746246347,1,0,1,-30.074562,-30.0,0.07456207,-7.333755,-65.83692,0.019778453
29.905898760996934,1,299,0.05934882974624635,1,0,1,-30.447193,-30.0,0.44719315,72.423935,-65.8337,0.015571514
30.00667104099921,1,300,0.0,1,1,1,-30.648056,-30.0,0.64805603,36.04126,-65.82814,0.011747361
31.749837340998056,2,1,0.048,1,0,1,-30.405172,-30.0,0.40517235,70.417404,-65.84582,0.017395949
31.85539298799995,2,2,0.023784276843070985,1,0,1,-31.316303,-30.0,1.3163033,4.6749115,-65.83544,0.0052192095
31.95424571699914,2,3,-0.024215723156929016,1,0,1,-30.586962,-30.0,0.58696175,-124.961845,-65.82587,0.01099941
32.05363371799831,2,4,-0.07221572315692902,1,0,1,-30.221918,-30.0,0.2219181,3.9329526,-65.82287,0.015512771
32.15417858999717,2,5,-0.12021572315692902,1,0,1,-29.943256,-30.0,-0.05674362,-7.1353908,-65.822205,0.018359613
32.2553872440003,2,6,-0.07221572315692902,1,0,1,-30.233732,-30.0,0.23373222,45.019146,-65.82106,0.01528324
32.35549741599971,2,7,-0.12021572315692902,1,0,1,-30.311865,-30.0,0.31186485,-111.31858,-65.81716,0.012086387
32.45527262399992,2,8,-0.07221572315692902,1,0,1,-30.10951,-30.0,0.10951042,-117.64907,-65.815285,0.0139422435
32.55432342600034,2,9,-0.05630608201026917,1,0,1,-30.284142,-30.0,0.28414154,-36.62491,-65.81533,0.012026346
32.6548529319989,2,10,-0.008306082010269167,1,0,1,-30.03129,-30.0,0.031290054,-48.156734,-65.814545,0.015291391
32.75395681499867,2,11,0.039693917989730834,1,0,1,-29.725143,-30.0,-0.27485657,100.45432,-65.81728,0.020768527
32.85517301099753,2,12,0.07489327788352966,1,0,1,-29.57102,-30.0,-0.42897987,-2.3002625,-65.818954,0.022439968
32.95539157799794,2,13,0.12289327788352966,1,0,1,-29.285746,-30.0,-0.7142544,40.97366,-65.82605,0.026454411
33.053743395998026,2,14,0.07489327788352966,1,0,1,-29.296848,-30.0,-0.7031517,-34.412384,-65.83308,0.026980318
33.154619878998346,2,15,0.02689327788352966,1,0,1,-29.728853,-30.0,-0.27114677,147.88246,-65.84049,0.024564276
33.253428187999816,2,16,-0.02110672211647034,1,0,1,-29.473795,-30.0,-0.52620506,30.675886,-65.84458,0.027808592
33.354814240999985,2,17,0.02689327788352966,1,0,1,-29.200928,-30.0,-0.79907227,-12.506484,-65.8513,0.031869683
33.453926504000265,2,18,0.07489327788352966,1,0,1,-29.341747,-30.0,-0.6582527,31.906126,-65.85856,0.03199183
33.553919059999316,2,19,0.02689327788352966,1,0,1,-29.65982,-30.0,-0.34017944,-103.99818,-65.86265,0.027535904
33.653840377999586,2,20,0.033311793208122255,1,0,1,-30.030737,-30.0,0.030736923,-17.162323,-65.86397,0.024541577
33.75305600799766,2,21,0.08131179320812226,1,0,1,-29.347164,-30.0,-0.65283585,11.970519,-65.86686,0.033963177
33.85330446599983,2,22,0.12931179320812225,1,0,1,-30.289597,-30.0,0.28959656,-76.54762,-65.86671,0.021426674
33.953642043998116,2,23,0.1752077341079712,1,0,1,-30.877085,-30.0,0.87708473,135.70023,-65.86153,0.01609145
34.05492472900005,2,24,0.1272077341079712,1,0,1,-31.362133,-30.0,1.362133,-121.7308,-65.84819,0.005940089
34.15366403299777,2,25,0.0792077341079712,1,0,1,-30.829273,-30.0,0.8292732,10.374068,-65.8407,0.011178038
34.25421868099875,2,26,0.031207734107971202,1,0,1,-30.524824,-30.0,0.52482414,-50.39024,-65.83295,0.013796225
34.35404948199721,2,27,0.0792077341079712,1,0,1,-30.101473,-30.0,0.101472855,-92.66471,-65.82822,0.017220419
34.454525626999384,2,28,0.11974613666534424,1,0,1,-30.452782,-30.0,0.45278168,-7.9326625,-65.82629,0.012360229
34.55426898499718,2,29,0.12232213020324707,1,0,1,-30.923885,-30.0,0.92388535,-61.60545,-65.81956,0.0055948403
34.65424869100025,2,30,0.17032213020324707,1,0,1,-30.02389,-30.0,0.023889542,-135.26917,-65.814606,0.015444218
34.75367105300029,2,31,0.12232213020324707,1,0,1,-30.030771,-30.0,0.030771255,-62.789913,-65.81576,0.0149474265
34.85478946799776,2,32,0.08533740639686585,1,0,1,-29.605223,-30.0,-0.3947773,-31.801222,-65.81765,0.02114006
34.95415344199864,2,33,0.03733740639686585,1,0,1,-30.445381,-30.0,0.44538116,164.85403,-65.8195,0.01269808
35.05443318899779,2,34,0.07743320465087891,1,0,1,-29.945215,-30.0,-0.054784775,-13.820647,-65.8181,0.017382592
35.15412793699943,2,35,0.02943320465087891,1,0,1,-29.696314,-30.0,-0.30368614,-46.150204,-65.82079,0.02005695
35.254673084997194,2,36,0.07743320465087891,1,0,1,-29.778969,-30.0,-0.22103119,32.384872,-65.822426,0.020704672
35.35334366299867,2,37,0.02943320465087891,1,0,1,-29.805452,-30.0,-0.19454765,-148.46039,-65.82282,0.018563543
35.454877222000505,2,38,0.07743320465087891,1,0,1,-29.75233,-30.0,-0.24766922,99.96986,-65.827614,0.021843338
35.55408670399993,2,39,0.05873593091964722,1,0,1,-29.443287,-30.0,-0.5567131,-1.6288756,-65.83189,0.025740236
35.65491038399705,2,40,0.10673593091964723,1,0,1,-29.995407,-30.0,-0.0045928955,100.1377,-65.835594,0.020568285
35.754144450998865,2,41,0.058735930919647225,1,0,1,-29.637774,-30.0,-0.3622265,-46.314236,-65.83749,0.02394944
35.85424791499827,2,42,0.010735930919647224,1,0,1,-29.472225,-30.0,-0.5277748,-124.83787,-65.84076,0.025820168
35.953431973997795,2,43,0.058735930919647225,1,0,1,-29.354755,-30.0,-0.6452446,49.16763,-65.84882,0.029543217
36.05497949999699,2,44,0.10673593091964723,1,0,1,-29.631893,-30.0,-0.36810684,-15.11383,-65.85268,0.027014269
36.15455132399802,2,45,0.1547359309196472,1,0,1,-30.122936,-30.0,0.12293625,-93.107216,-65.85217,0.020656701
36.25452292599948,2,46,0.10673593091964721,1,0,1,-30.688356,-30.0,0.6883564,130.72968,-65.85013,0.015537847
36.35350388299776,2,47,0.1547359309196472,1,0,1,-30.457186,-30.0,0.45718575,-87.158195,-65.842415,0.015903521
36.45559366599991,2,48,0.19800888299942018,1,0,1,-30.45557,-30.0,0.45557022,158.60748,-65.83875,0.017271781
36.55473945099948,2,49,0.15000888299942017,1,0,1,-31.003248,-30.0,1.0032482,-82.27157,-65.82878,0.006642269
36.65436631099874,2,50,0.10200888299942017,1,0,1,-30.719826,-30.0,0.71982574,-148.20099,-65.81933,0.007869971
36.75481311999829,2,51,0.08264465332031251,1,0,1,-30.622478,-30.0,0.6224785,-83.36639,-65.81283,0.007990814
36.85486015099741,2,52,0.03464465332031251,1,0,1,-30.65351,-30.0,0.65350914,-101.89628,-65.80533,0.006626276
36.954278041997895,2,53,0.08264465332031251,1,0,1,-30.287628,-30.0,0.28762817,-117.5785,-65.79943,0.009525137
37.05579790999764,2,54,0.1306446533203125,1,0,1,-29.80254,-30.0,-0.19746017,-71.22421,-65.800285,0.015176442
37.154516816997784,2,55,0.17864465332031249,1,0,1,-30.290575,-30.0,0.29057503,166.09,-65.801865,0.011629097
37.25722009499805,2,56,0.1306446533203125,1,0,1,-30.748312,-30.0,0.748312,-8.213043,-65.79509,0.0040654633
37.35512016999928,2,57,0.0826446533203125,1,0,1,-30.03563,-30.0,0.035629272,-159.69086,-65.790634,0.010220704
37.45388768799967,2,58,0.034644653320312496,1,0,1,-29.959282,-30.0,-0.04071808,34.248352,-65.79132,0.013046083
37.555638035999436,2,59,-0.013355346679687505,1,0,1,-30.089947,-30.0,0.08994675,-23.89717,-65.7911,0.010150742
37.654920711996965,2,60,0.034644653320312496,1,0,1,-29.595482,-30.0,-0.40451813,4.9419403,-65.7929,0.01730654
37.75346613099828,2,61,-0.013355346679687505,1,0,1,-29.387676,-30.0,-0.61232376,-13.755797,-65.797226,0.01995211
37.85403139199843,2,62,-0.061355346679687506,1,0,1,-29.680779,-30.0,-0.3192215,9.138107,-65.801384,0.017305503
37.95394572099758,2,63,-0.013355346679687505,1,0,1,-29.766241,-30.0,-0.23375893,-137.25853,-65.803795,0.01516491
38.05382596799973,2,64,0.034644653320312496,1,0,1,-29.419016,-30.0,-0.5809841,67.72423,-65.80929,0.022557236
38.15447559799941,2,65,0.0826446533203125,1,0,1,-30.023268,-30.0,0.023267746,-11.827468,-65.81054,0.015059896
38.25552891799816,2,66,0.1306446533203125,1,0,1,-29.98103,-30.0,-0.01897049,73.926926,-65.811646,0.016531324
38.354087746000005,2,67,0.12835071086883545,1,0,1,-29.571466,-30.0,-0.42853355,50.640102,-65.81439,0.021727758
38.455407025998284,2,68,0.15041651725769045,1,0,1,-30.18759,-30.0,0.18758965,173.87389,-65.815895,0.015756324
38.55529900599868,2,69,0.19841651725769044,1,0,1,-30.344788,-30.0,0.3447876,-174.52238,-65.81124,0.01010631
38.65466688899687,2,70,0.16199445724487305,1,0,1,-30.5477,-30.0,0.5477009,152.68707,-65.810524,0.009894418
38.75476699899809,2,71,0.11399445724487305,1,0,1,-31.296013,-30.0,1.2960129,-55.854794,-65.798164,0.0
38.853684816996974,2,72,0.06599445724487304,1,0,1,-30.583715,-30.0,0.58371544,-108.329765,-65.78928,0.004356909
38.9542450480003,2,73,0.11399445724487305,1,0,1,-29.997732,-30.0,-0.0022678375,-28.173445,-65.78675,0.011238853
39.0542286609998,2,74,0.15931485891342165,1,0,1,-30.21518,-30.0,0.21517944,6.2847133,-65.78594,0.008335871
39.15503389999867,2,75,0.11131485891342165,1,0,1,-30.039488,-30.0,0.03948784,-8.392334,-65.78444,0.010422287
39.25595312099904,2,76,0.06331485891342165,1,0,1,-30.153053,-30.0,0.15305328,76.39694,-65.78361,0.009611176
39.35625437699855,2,77,0.10438694953918458,1,0,1,-29.922298,-30.0,-0.07770157,-30.439375,-65.78262,0.011070606
39.4557591499979,2,78,0.15238694953918458,1,0,1,-29.792746,-30.0,-0.20725441,11.980056,-65.78343,0.013259019
39.555220062000444,2,79,0.17496576309204104,1,0,1,-29.80595,-30.0,-0.19404984,-9.216309,-65.78505,0.012998607
39.65521456999704,2,80,0.19354419708251955,1,0,1,-29.873024,-30.0,-0.12697601,63.03024,-65.78742,0.0131824035
39.754551441998046,2,81,0.14554419708251953,1,0,1,-29.71378,-30.0,-0.28622055,-35.697937,-65.78876,0.01450658
39.854937345997314,2,82,0.09754419708251953,1,0,1,-29.707777,-30.0,-0.29222298,3.6697385,-65.79175,0.015374034
39.95349589399848,2,83,0.1171926736831665,1,0,1,-29.534653,-30.0,-0.4653473,16.921997,-65.7961,0.01818678
40.05492189099823,2,84,0.1651926736831665,1,0,1,-29.59072,-30.0,-0.40928078,0.9040832,-65.80038,0.018067153
40.15445460000046,2,85,0.12257354259490967,1,0,1,-29.359943,-30.0,-0.6400566,-1.3999938,-65.80626,0.02163573
40.25470864199815,2,86,0.09607931971549988,1,0,1,-29.111078,-30.0,-0.88892174,-72.59369,-65.81297,0.025295826
40.353833191999,2,87,0.04807931971549988,1,0,1,-29.311604,-30.0,-0.68839645,55.39703,-65.820984,0.025442794
40.453650858999026,2,88,7.931971549987593e-05,1,0,1,-29.03506,-30.0,-0.9649391,-106.164925,-65.8289,0.028685734
40.55612952099909,2,89,-0.047920680284500125,1,0,1,-29.128628,-30.0,-0.8713722,160.43663,-65.840385,0.031811196
40.65515992399742,2,90,-0.004195639118552211,1,0,1,-29.07032,-30.0,-0.9296799,-8.22258,-65.84824,0.03289933
40.75690831399697,2,91,-0.05219563911855221,1,0,1,-29.486076,-30.0,-0.51392365,33.525467,-65.85616,0.029383834
40.855057862998365,2,92,-0.10019563911855221,1,0,1,-29.09647,-30.0,-0.9035301,-83.63532,-65.86258,0.034310512
40.95406004799952,2,93,-0.05219563911855221,1,0,1,-29.038408,-30.0,-0.9615917,65.02533,-65.873436,0.03806859
41.055795306998334,2,94,-0.004195639118552211,1,0,1,-29.49391,-30.0,-0.50609016,19.908905,-65.8802,0.03383156
41.153839814000094,2,95,0.04380436088144779,1,0,1,-29.319931,-30.0,-0.68006897,14.902114,-65.88644,0.037202764
41.25601507999818,2,96,0.09180436088144779,1,0,1,-29.817781,-30.0,-0.18221855,88.533394,-65.891594,0.032760955
41.354405725000106,2,97,0.04380436088144779,1,0,1,-30.253366,-30.0,0.25336647,-4.1942596,-65.890594,0.027004072
41.453458476997184,2,98,0.09180436088144779,1,0,1,-30.912394,-30.0,0.91239357,96.5557,-65.88539,0.019479686
41.55465846399966,2,99,0.12583248615264894,1,0,1,-30.934366,-30.0,0.9343662,11.587142,-65.875435,0.01731817
41.65404031199796,2,100,0.07783248615264894,1,0,1,-31.296919,-30.0,1.2969189,38.354874,-65.864784,0.010904804
41.75390155999776,2,101,0.12583248615264894,1,0,1,-31.000872,-30.0,1.0008717,-85.96992,-65.8521,0.011467482
41.85325072100022,2,102,0.07783248615264894,1,0,1,-30.661259,-30.0,0.6612587,-6.687164,-65.84439,0.014449368
41.95437946799939,2,103,0.12583248615264894,1,0,1,-30.582544,-30.0,0.5825443,-1.0623932,-65.83823,0.014045564
42.05361939700015,2,104,0.1711182236671448,1,0,1,-30.684792,-30.0,0.68479156,-40.500637,-65.83122,0.011191565
42.15532168899881,2,105,0.1231182236671448,1,0,1,-30.544416,-30.0,0.5444164,-9.843826,-65.82541,0.0119451955
42.25338910299979,2,106,0.08331545591354371,1,0,1,-30.593254,-30.0,0.5932541,-29.914854,-65.819466,0.010196241
42.35479358799785,2,107,0.1313154559135437,1,0,1,-30.434914,-30.0,0.43491364,-40.351864,-65.813644,0.011170834
42.453854998999304,2,108,0.08331545591354371,1,0,1,-30.397158,-30.0,0.39715767,-125.0286,-65.80881,0.009389538
42.55401014199742,2,109,0.03531545591354371,1,0,1,-29.859388,-30.0,-0.14061165,-76.387405,-65.80677,0.016156139
42.65430050099894,2,110,0.08331545591354371,1,0,1,-30.156698,-30.0,0.15669823,-56.93626,-65.80672,0.011875786
42.75495571599822,2,111,0.03531545591354371,1,0,1,-30.14525,-30.0,0.14525032,-54.933544,-65.80495,0.012249532
42.85450741999739,2,112,0.08331545591354371,1,0,1,-30.28156,-30.0,0.2815609,38.459778,-65.80377,0.011266308
42.954700835998665,2,113,0.03531545591354371,1,0,1,-30.121698,-30.0,0.12169838,-138.48305,-65.80016,0.011084899
43.05429109399847,2,114,-0.012684544086456292,1,0,1,-30.198147,-30.0,0.19814682,54.601665,-65.800095,0.01170299
43.15426408699932,2,115,0.03531545591354371,1,0,1,-30.260136,-30.0,0.26013565,-67.39044,-65.79726,0.009242046
43.25383087799855,2,116,0.08331545591354371,1,0,1,-30.260183,-30.0,0.26018333,17.215729,-65.79508,0.009787725
43.35441736699795,2,117,0.10636858940124512,1,0,1,-30.218828,-30.0,0.2188282,-14.783858,-65.79231,0.009695718
43.45409869899959,2,118,0.05836858940124512,1,0,1,-30.518635,-30.0,0.5186348,100.708,-65.789734,0.006633865
43.55375181399722,2,119,0.041762495040893556,1,0,1,-31.310987,-30.0,1.3109875,-10.318755,-65.77889,0.0
43.654635552997206,2,120,0.031635919213294984,1,0,1,-30.558882,-30.0,0.55888176,-100.98075,-65.769554,0.0011492547
43.754486182999244,2,121,0.07963591921329499,1,0,1,-30.24702,-30.0,0.24702072,-5.9089656,-65.76658,0.004527027
43.8553358379977,2,122,0.03163591921329499,1,0,1,-30.195322,-30.0,0.19532204,-51.868435,-65.76376,0.004317256
43.95440618700013,2,123,-0.01636408078670501,1,0,1,-30.272121,-30.0,0.27212143,32.831192,-65.76188,0.0037681304
44.05448422299742,2,124,0.03163591921329499,1,0,1,-30.359356,-30.0,0.35935593,-8.033752,-65.758606,0.0018148662
44.15425746699839,2,125,-0.01636408078670501,1,0,1,-30.022774,-30.0,0.022773743,-28.909681,-65.75718,0.005213492
44.2545042419988,2,126,0.02458713054656983,1,0,1,-29.920717,-30.0,-0.07928276,47.832485,-65.75826,0.0072599673
44.35364387499794,2,127,-0.02341286945343017,1,0,1,-29.818623,-30.0,-0.18137741,119.48966,-65.761665,0.009488713
44.45450219099803,2,128,0.02458713054656983,1,0,1,-29.878567,-30.0,-0.12143326,13.252257,-65.76214,0.008284916
44.55430420999983,2,129,0.07258713054656983,1,0,1,-29.84965,-30.0,-0.15035057,12.155532,-65.764084,0.008682635
44.65366538299713,2,130,0.12058713054656983,1,0,1,-29.847765,-30.0,-0.15223503,-40.6208,-65.76597,0.008231426
44.755241398997896,2,131,0.09755796790122986,1,0,1,-29.24626,-30.0,-0.7537403,-33.85353,-65.7715,0.016593058
44.854662636000285,2,132,0.04955796790122986,1,0,1,-29.904528,-30.0,-0.095472336,-1.9283293,-65.77518,0.009641519
44.95418360799886,2,133,0.001557967901229862,1,0,1,-29.468037,-30.0,-0.53196335,34.37805,-65.77883,0.01626733
45.054606105997664,2,134,-0.04644203209877014,1,0,1,-29.19058,-30.0,-0.80941963,-56.585308,-65.78484,0.01943826
45.154324592997,2,135,0.001557967901229862,1,0,1,-29.259785,-30.0,-0.7402153,68.29071,-65.79293,0.021191789
45.25439284999811,2,136,0.04955796790122986,1,0,1,-29.437166,-30.0,-0.5628338,-8.911133,-65.79792,0.019492967
45.35427365099895,2,137,0.03577512502670288,1,0,1,-29.223505,-30.0,-0.776495,-20.305632,-65.805176,0.022985239
45.454452537996985,2,138,0.036923304200172424,1,0,1,-29.23521,-30.0,-0.7647896,81.09664,-65.81341,0.025383784
45.55451967800036,2,139,0.08492330420017243,1,0,1,-29.221325,-30.0,-0.7786751,-46.623226,-65.82045,0.025446363
45.653964381999685,2,140,0.036923304200172424,1,0,1,-29.03979,-30.0,-0.9602108,3.103256,-65.829544,0.029730635
45.75405722399955,2,141,-0.011076695799827577,1,0,1,-28.998154,-30.0,-1.0018463,-12.119292,-65.83946,0.031769183
45.8551317700003,2,142,0.036923304200172424,1,0,1,-29.377623,-30.0,-0.6223774,22.756575,-65.847305,0.029035635
45.95390319299986,2,143,-0.011076695799827577,1,0,1,-29.223736,-30.0,-0.7762642,9.483337,-65.854416,0.03240083
46.054188520000025,2,144,-0.05907669579982758,1,0,1,-29.723665,-30.0,-0.27633476,60.665127,-65.85935,0.02776967
46.15404641100031,2,145,-0.011076695799827577,1,0,1,-30.039204,-30.0,0.039203644,102.848045,-65.860565,0.025107889
46.25328745399747,2,146,-0.05907669579982758,1,0,1,-30.483414,-30.0,0.4834137,-1.0528564,-65.856705,0.018518845
46.35449358299957,2,147,-0.011076695799827577,1,0,1,-30.59656,-30.0,0.5965595,-23.22006,-65.85123,0.01577927
46.45520327199847,2,148,0.036923304200172424,1,0,1,-30.571676,-30.0,0.57167625,69.387436,-65.846146,0.016241789
46.55412806899767,2,149,-0.009625818580389023,1,0,1,-30.75334,-30.0,0.75333977,4.2152405,-65.83871,0.012377037
46.65365127499899,2,150,0.03837418141961098,1,0,1,-30.592041,-30.0,0.592041,-5.2909846,-65.83171,0.012897474
46.75338205299704,2,151,-0.009625818580389023,1,0,1,-30.671465,-30.0,0.6714649,-2.649307,-65.824974,0.010690143
46.85486252299961,2,152,0.03837418141961098,1,0,1,-30.54691,-30.0,0.54690933,-85.06202,-65.818695,0.009911906
46.95445389499946,2,153,0.08637418141961098,1,0,1,-30.750362,-30.0,0.7503624,28.905867,-65.81197,0.007724341
47.05444811800044,2,154,0.12744038105010988,1,0,1,-30.129429,-30.0,0.12942886,-50.092693,-65.80823,0.013285583
47.15577158099768,2,155,0.07944038105010988,1,0,1,-30.2804,-30.0,0.28039932,43.964382,-65.806465,0.011929403
47.255042795997724,2,156,0.03144038105010988,1,0,1,-30.473436,-30.0,0.47343636,-14.694213,-65.80248,0.008411491
47.355134518998966,2,157,-0.016559618949890123,1,0,1,-30.228155,-30.0,0.22815514,-31.904219,-65.79903,0.010680097
47.454947988997446,2,158,-0.0087742418050766,1,0,1,-30.22358,-30.0,0.2235794,46.358105,-65.798065,0.010909532
47.554407218998676,2,159,0.0392257581949234,1,0,1,-30.277878,-30.0,0.2778778,-9.830475,-65.795296,0.009364086
47.654983090000314,2,160,0.0872257581949234,1,0,1,-30.409502,-30.0,0.40950203,-10.046004,-65.79162,0.0072135185
47.755553651997616,2,161,0.13522575819492338,1,0,1,-30.282593,-30.0,0.28259277,27.429579,-65.78887,0.00855278
47.85488800299936,2,162,0.08722575819492338,1,0,1,-30.336569,-30.0,0.33656883,4.4441223,-65.78563,0.007165075
47.95486434600025,2,163,0.03922575819492338,1,0,1,-30.327074,-30.0,0.32707405,-36.193848,-65.781685,0.0062701907
48.05378914099856,2,164,0.08722575819492338,1,0,1,-30.448952,-30.0,0.44895172,-69.66019,-65.776825,0.0033808723
48.15590349999911,2,165,0.13522575819492338,1,0,1,-30.568144,-30.0,0.56814384,5.6362147,-65.77217,0.0019034592
48.25454836599965,2,166,0.08722575819492338,1,0,1,-30.243706,-30.0,0.24370575,-48.500057,-65.7679,0.004638886
48.35455599799752,2,167,0.03922575819492338,1,0,1,-30.090464,-30.0,0.09046364,23.834227,-65.76722,0.006714933
48.45612502699805,2,168,0.08722575819492338,1,0,1,-30.524065,-30.0,0.524065,17.70401,-65.763756,0.00094262
48.55419103999884,2,169,0.098663729429245,1,0,1,-30.154697,-30.0,0.15469742,-58.616634,-65.75959,0.0041975155
48.65447301299719,2,170,0.050663729429245005,1,0,1,-30.043198,-30.0,0.04319763,-26.288984,-65.75903,0.005129457
48.75432363899745,2,171,0.0026637294292450042,1,0,1,-29.754059,-30.0,-0.24594116,28.57208,-65.760765,0.00952701
48.85433546099739,2,172,0.050663729429245005,1,0,1,-29.881235,-30.0,-0.11876488,0.0,-65.76215,0.007843367
48.954602067999076,2,173,0.098663729429245,1,0,1,-29.744072,-30.0,-0.25592804,-4.835129,-65.76341,0.009889257
49.05491504999736,2,174,0.050663729429245005,1,0,1,-29.744072,-30.0,-0.25592804,-4.835129,-65.76341,0.009889257
49.15378648499973,2,175,0.0026637294292450042,1,0,1,-29.744072,-30.0,-0.25592804,-4.835129,-65.76341,0.009889257
49.25343875799808,2,176,0.050663729429245005,1,0,1,-29.744072,-30.0,-0.25592804,-4.835129,-65.76341,0.009889257
49.35371542199937,2,177,0.06732000112533569,1,0,1,-29.744072,-30.0,-0.25592804,-4.835129,-65.76341,0.009889257
49.454304700997454,2,178,0.01932000112533569,1,0,1,-29.67804,-30.0,-0.32196045,0.0,-65.76694,0.010725147
49.55471378599759,2,179,-0.02867999887466431,1,0,1,-29.675083,-30.0,-0.32491684,0.0,-65.770195,0.010760597
49.6547060519988,2,180,-0.07667999887466431,1,0,1,-29.675083,-30.0,-0.32491684,0.0,-65.773476,0.01074594
49.75353558200004,2,181,-0.02867999887466431,1,0,1,-29.671726,-30.0,-0.32827377,0.0,-65.77676,0.010788756
49.85468136399868,2,182,0.01932000112533569,1,0,1,-29.671726,-30.0,-0.32827377,0.0,-65.78004,0.010774695
49.9547859359991,2,183,0.06732000112533569,1,0,1,-29.726732,-30.0,-0.27326775,70.22858,-65.78323,0.011114657
50.055656538999756,2,184,0.01932000112533569,1,0,1,-29.946499,-30.0,-0.05350113,1.2130737,-65.784386,0.007812516
50.15460759399866,2,185,0.06732000112533569,1,0,1,-29.791262,-30.0,-0.20873833,-40.6723,-65.78529,0.0096629895
50.25540528199781,2,186,0.11532000112533569,1,0,1,-29.838694,-30.0,-0.16130638,-99.17449,-65.786995,0.00843267
50.35527099200044,2,187,0.14581174850463868,1,0,1,-29.906456,-30.0,-0.09354401,7.738113,-65.78819,0.009343332
50.45454583599712,2,188,0.09781174850463868,1,0,1,-29.934574,-30.0,-0.06542587,39.733887,-65.78898,0.009380597
50.55420229899755,2,189,0.04981174850463868,1,0,1,-30.136976,-30.0,0.13697624,76.12038,-65.78938,0.0073983977
50.65340925599958,2,190,0.00181174850463868,1,0,1,-30.570635,-30.0,0.57063484,5.4969783,-65.785416,0.00089678844
50.754247172997566,2,191,-0.04618825149536132,1,0,1,-30.798601,-30.0,0.79860115,-6.86264,-65.7781,0.0
50.85508760399898,2,192,0.00181174850463868,1,0,1,-30.54169,-30.0,0.5416908,-84.27238,-65.771225,0.0
50.95598139399954,2,193,0.04981174850463868,1,0,1,-30.4016,-30.0,0.40159988,39.978027,-65.76718,0.0002024768
51.053676122999605,2,194,0.00181174850463868,1,0,1,-30.32694,-30.0,0.32694054,15.8901205,-65.76355,0.00019551386
51.15303729099833,2,195,0.04981174850463868,1,0,1,-30.244095,-30.0,0.24409485,8.892059,-65.76073,0.0005209103
51.25276862499959,2,196,0.00181174850463868,1,0,1,-30.105719,-30.0,0.10571861,-3.2634733,-65.75952,0.0015317299
51.35369035199983,2,197,0.02203550934791565,1,0,1,-29.980652,-30.0,-0.019348145,-4.398346,-65.75928,0.0029679395
51.45405864799977,2,198,0.07003550934791565,1,0,1,-29.92085,-30.0,-0.079149246,-18.537521,-65.75954,0.0035667266
51.554423591998784,2,199,0.02203550934791565,1,0,1,-29.727362,-30.0,-0.27263832,-3.6640165,-65.76134,0.0062885266
51.6534908629983,2,200,-0.02596449065208435,1,0,1,-29.65324,-30.0,-0.3467598,-56.898113,-65.76345,0.0070220763
51.75385999699938,2,201,0.02203550934791565,1,0,1,-29.770657,-30.0,-0.22934341,-19.462585,-65.76633,0.006300872
51.85382963200027,2,202,0.07003550934791565,1,0,1,-29.56835,-30.0,-0.43165016,-17.242432,-65.76999,0.0094047235
51.95294188099797,2,203,0.02203550934791565,1,0,1,-29.406902,-30.0,-0.5930977,-32.642365,-65.774925,0.011966861
52.053978707997885,2,204,0.07003550934791565,1,0,1,-29.27952,-30.0,-0.72047997,-39.548874,-65.781555,0.014572605
52.15532423900004,2,205,0.11803550934791565,1,0,1,-29.407053,-30.0,-0.592947,10.107039,-65.78798,0.014802672
52.25475832200027,2,206,0.07003550934791565,1,0,1,-29.324615,-30.0,-0.6753845,-44.45648,-65.79427,0.016230369
52.35468269899866,2,207,0.02203550934791565,1,0,1,-29.247442,-30.0,-0.75255775,24.381636,-65.80177,0.019057447
52.45449057899896,2,208,0.026591578125953676,1,0,1,-29.459785,-30.0,-0.54021454,-3.9215086,-65.80718,0.017720366
52.55585175399756,2,209,0.02331059128046036,1,0,1,-29.30461,-30.0,-0.6953907,-2.649307,-65.813736,0.020519026
52.65407728399805,2,210,0.03671319484710694,1,0,1,-29.701769,-30.0,-0.29823112,2.3212433,-65.8185,0.016617652
52.754177663999144,2,211,0.08471319484710693,1,0,1,-29.696436,-30.0,-0.30356407,26.86691,-65.82202,0.017803742
52.85396431099798,2,212,0.13271319484710692,1,0,1,-29.740217,-30.0,-0.2597828,-16.504288,-65.82438,0.017485335
52.9546840519979,2,213,0.08471319484710692,1,0,1,-29.85515,-30.0,-0.14484978,31.614302,-65.826904,0.016869346
53.05437655199785,2,214,0.03671319484710692,1,0,1,-30.193441,-30.0,0.19344139,44.811245,-65.82706,0.013234134
53.15502477499831,2,215,-0.011286805152893084,1,0,1,-31.110685,-30.0,1.1106853,65.1474,-65.82012,0.0015690831
53.254145404000155,2,216,-0.059286805152893085,1,0,1,-30.78775,-30.0,0.78775024,-107.60688,-65.80904,0.0026903343
53.35328363399822,2,217,-0.028844678401947023,1,0,1,-30.493143,-30.0,0.49314308,9.572983,-65.80344,0.005559284
53.4533273019988,2,218,0.019155321598052978,1,0,1,-30.718754,-30.0,0.7187538,61.716076,-65.79767,0.0023038483
53.55366039599903,2,219,-0.028844678401947023,1,0,1,-30.550709,-30.0,0.5507088,-35.86769,-65.79076,0.0022446539
53.65402198499942,2,220,0.019155321598052978,1,0,1,-30.244919,-30.0,0.24491882,-53.74908,-65.78706,0.004629668
53.753782929998124,2,221,-0.028844678401947023,1,0,1,-30.258156,-30.0,0.25815582,46.4344,-65.78506,0.0050611673
53.85351649599761,2,222,0.019155321598052978,1,0,1,-30.236845,-30.0,0.23684502,-2.9907224,-65.782486,0.0044049025
53.95414851500027,2,223,-0.028844678401947023,1,0,1,-30.40955,-30.0,0.4095497,-15.281676,-65.77941,0.0014368162
54.05396030499833,2,224,0.019155321598052978,1,0,1,-30.120274,-30.0,0.12027359,-24.034498,-65.776985,0.004602377
54.15366649299904,2,225,-0.028844678401947023,1,0,1,-30.139072,-30.0,0.13907242,33.000946,-65.77635,0.0044900347
54.25327909199768,2,226,0.019155321598052978,1,0,1,-29.862259,-30.0,-0.13774109,-119.832985,-65.77492,0.006419669
54.354747542998666,2,227,0.033611661195755003,1,0,1,-29.632484,-30.0,-0.36751556,-30.462263,-65.77722,0.010145152
54.453318092997506,2,228,-0.014388338804244998,1,0,1,-29.835033,-30.0,-0.16496658,10.829925,-65.779854,0.008378475
54.55481224699906,2,229,-0.062388338804245,1,0,1,-29.787424,-30.0,-0.21257591,23.187635,-65.78155,0.009729376
54.65319757500038,2,230,-0.020586965978145598,1,0,1,-29.826872,-30.0,-0.17312813,9.469986,-65.78344,0.009163979
54.75363152099817,2,231,0.027413034021854403,1,0,1,-29.940826,-30.0,-0.059173584,17.475128,-65.78479,0.008203745
54.85329999299938,2,232,-0.020586965978145598,1,0,1,-29.892649,-30.0,-0.1073513,-87.316505,-65.78467,0.007869164
54.95544116599922,2,233,0.027413034021854403,1,0,1,-30.199474,-30.0,0.19947433,41.7366,-65.78408,0.005472021
55.05475847100024,2,234,-0.020586965978145598,1,0,1,-30.19572,-30.0,0.19572067,-22.251127,-65.781296,0.004611029
55.15381624099973,2,235,0.027413034021854403,1,0,1,-30.169493,-30.0,0.16949272,78.762054,-65.78038,0.005473112
55.25395740699969,2,236,0.03868969082832337,1,0,1,-30.470568,-30.0,0.4705677,60.28175,-65.77703,0.0013056233
55.35537529099747,2,237,0.06867887973785401,1,0,1,-31.244236,-30.0,1.244236,-10.150908,-65.76753,0.0
55.456422453000414,2,238,0.02067887973785401,1,0,1,-30.710642,-30.0,0.71064186,-40.23933,-65.757996,0.0
55.554928746998485,2,239,-0.02732112026214599,1,0,1,-30.638174,-30.0,0.63817406,-68.618774,-65.75061,0.0
55.65508332299942,2,240,0.02067887973785401,1,0,1,-30.552578,-30.0,0.552578,-29.743193,-65.74503,0.0
55.75374969599943,2,241,-0.02732112026214599,1,0,1,-30.41931,-30.0,0.41930962,-37.265778,-65.74033,0.0
55.8540948009977,2,242,0.02067887973785401,1,0,1,-30.490364,-30.0,0.49036407,-9.468079,-65.73529,0.0
55.954290721998404,2,243,0.06867887973785401,1,0,1,-30.338816,-30.0,0.3388157,-3.0250547,-65.73128,0.0
56.05345297599706,2,244,0.02067887973785401,1,0,1,-30.26429,-30.0,0.26428986,-0.8735656,-65.728195,0.0
56.153889434997836,2,245,-0.02732112026214599,1,0,1,-30.357119,-30.0,0.3571186,6.8759913,-65.7247,0.0
56.25408479699763,2,246,0.02067887973785401,1,0,1,-30.403315,-30.0,0.4033146,30.611036,-65.72182,0.0
56.35501490199749,2,247,0.06867887973785401,1,0,1,-30.295507,-30.0,0.29550743,-23.317335,-65.71801,0.0
56.453705020998314,2,248,0.07484720945358277,1,0,1,-30.127827,-30.0,0.12782669,-48.06709,-65.71558,0.0
56.55509692399937,2,249,0.032286989688873294,1,0,1,-29.729683,-30.0,-0.27031708,20.509718,-65.71656,0.0
56.65371999499985,2,250,0.0802869896888733,1,0,1,-29.282513,-30.0,-0.71748734,140.45334,-65.723015,0.005705388
56.75332672500008,2,251,0.032286989688873294,1,0,1,-29.481892,-30.0,-0.51810837,-159.11102,-65.7266,0.001234978
56.85437584099782,2,252,-0.015713010311126707,1,0,1,-29.310406,-30.0,-0.68959427,-15.026092,-65.73338,0.0058195973
56.95577388899983,2,253,0.032286989688873294,1,0,1,-29.172073,-30.0,-0.82792664,19.30046,-65.74095,0.0090390425
57.05379072699725,2,254,0.0802869896888733,1,0,1,-29.858301,-30.0,-0.14169884,95.77941,-65.74585,0.0023533008
57.153642184999626,2,255,0.08849427103996277,1,0,1,-29.255095,-30.0,-0.7449055,51.170345,-65.75129,0.010219637
57.255414029998065,2,256,0.04049427103996277,1,0,1,-29.383966,-30.0,-0.61603355,13.809203,-65.75765,0.009386093
57.35435613899972,2,257,0.08849427103996277,1,0,1,-29.63763,-30.0,-0.36236954,-54.744717,-65.761925,0.0063996543
57.453514201999496,2,258,0.04049427103996277,1,0,1,-29.669022,-30.0,-0.3309784,52.5341,-65.76594,0.008146179
57.55446777299949,2,259,-0.0075057289600372334,1,0,1,-29.790127,-30.0,-0.2098732,-38.021088,-65.76798,0.006215441
57.65353867199883,2,260,-0.055505728960037234,1,0,1,-29.810617,-30.0,-0.18938255,-6.3228602,-65.769325,0.0067756367
57.75378180599728,2,261,-0.00773354917764664,1,0,1,-30.415438,-30.0,0.4154377,6.0997005,-65.76729,0.0
57.85381848599718,2,262,0.04026645082235336,1,0,1,-30.419767,-30.0,0.41976738,-15.714644,-65.76254,0.0
57.95421862500007,2,263,0.08826645082235336,1,0,1,-30.890032,-30.0,0.8900318,51.6777,-65.75545,0.0
58.05430056199839,2,264,0.04026645082235336,1,0,1,-30.72736,-30.0,0.7273598,-111.02676,-65.746925,0.0
58.154424124997604,2,265,-0.00773354917764664,1,0,1,-30.709497,-30.0,0.70949745,9.752274,-65.73935,0.0
58.25438593400031,2,266,0.04026645082235336,1,0,1,-30.499317,-30.0,0.49931717,64.02588,-65.73406,0.0
58.35538783499942,2,267,0.08826645082235336,1,0,1,-30.466524,-30.0,0.46652412,-55.2597,-65.72812,0.0
58.45451432799746,2,268,0.13626645082235336,1,0,1,-30.32863,-30.0,0.32863045,44.13986,-65.72469,0.0
58.5550368309996,2,269,0.08826645082235336,1,0,1,-30.452108,-30.0,0.45210838,-12.367248,-65.720535,0.0
58.654057722997095,2,270,0.04026645082235336,1,0,1,-30.275255,-30.0,0.2752552,58.578487,-65.71705,0.0
58.75468750299842,2,271,-0.00773354917764664,1,0,1,-30.097702,-30.0,0.09770203,-44.725414,-65.71363,0.0
58.85453421099737,2,272,0.04026645082235336,1,0,1,-30.074669,-30.0,0.074668884,43.846127,-65.71372,0.0
58.953925824996986,2,273,-0.00773354917764664,1,0,1,-30.319443,-30.0,0.31944275,69.999695,-65.712364,0.0
59.054124258997035,2,274,-0.05573354917764664,1,0,1,-29.677937,-30.0,-0.32206345,20.341871,-65.71311,0.0
59.1534356939992,2,275,-0.03564349710941315,1,0,1,-29.77433,-30.0,-0.22566986,-90.3263,-65.713394,0.0
59.25453341799948,2,276,-0.08364349710941316,1,0,1,-29.456697,-30.0,-0.54330254,-92.75626,-65.71703,0.00020165992
59.35428206699726,2,277,-0.035643497109413155,1,0,1,-29.841965,-30.0,-0.15803528,158.25844,-65.722404,0.0
59.45428577999701,2,278,-0.08364349710941316,1,0,1,-29.8913,-30.0,-0.1086998,-154.82521,-65.72071,0.0
59.554692343997885,2,279,-0.035643497109413155,1,0,1,-29.491552,-30.0,-0.50844765,15.895843,-65.724335,0.0025993634
59.65466700199977,2,280,-0.08364349710941316,1,0,1,-29.739443,-30.0,-0.26055717,-2.7351377,-65.7271,0.0
59.75362056499944,2,281,-0.035643497109413155,1,0,1,-29.825958,-30.0,-0.17404175,-6.189346,-65.72944,0.0
59.85348626799896,2,282,-0.08364349710941316,1,0,1,-29.716198,-30.0,-0.28380203,-6.9370265,-65.7319,0.00081073854
59.95488766699782,2,283,-0.035643497109413155,1,0,1,-30.392176,-30.0,0.39217567,23.418425,-65.73075,0.0
60.05493468199711,2,284,-0.08364349710941316,1,0,1,-30.708605,-30.0,0.7086048,4.7245026,-65.724045,0.0
60.15415308599768,2,285,-0.035643497109413155,1,0,1,-30.776482,-30.0,0.7764816,43.573376,-65.71577,0.0
60.25450852499853,2,286,-0.08364349710941316,1,0,1,-30.777128,-30.0,0.7771282,-7.623672,-65.70752,0.0
60.354464184998506,2,287,-0.035643497109413155,1,0,1,-31.050348,-30.0,1.0503483,-21.888731,-65.69813,0.0
60.45479559799787,2,288,0.012356502890586846,1,0,1,-30.78278,-30.0,0.7827797,-24.150846,-65.68902,0.0
60.55440679599997,2,289,0.06035650289058685,1,0,1,-30.680748,-30.0,0.680748,-1.6059874,-65.68231,0.0
60.6547703369979,2,290,0.012356502890586846,1,0,1,-30.466106,-30.0,0.4661064,-31.848906,-65.67676,0.0
60.754082887997356,2,291,-0.035643497109413155,1,0,1,-30.398285,-30.0,0.3982849,32.060623,-65.673,0.0
60.85394160699798,2,292,-0.07297301292419434,1,0,1,-30.457682,-30.0,0.45768166,8.825302,-65.66842,0.0
60.95439594199706,2,293,-0.024973012924194335,1,0,1,-30.431032,-30.0,0.43103218,-19.987106,-65.66414,0.0
61.05467455299731,2,294,0.023026987075805666,1,0,1,-30.276514,-30.0,0.27651405,8.277893,-65.66093,0.0
61.15373539199936,2,295,0.021760858595371246,1,0,1,-29.971012,-30.0,-0.028987885,-59.00955,-65.659515,0.0
61.25391594499888,2,296,0.06976085859537125,1,0,1,-29.827168,-30.0,-0.17283249,-1.3637542,-65.66078,0.0
61.35503378299836,2,297,0.11776085859537125,1,0,1,-29.764389,-30.0,-0.23561096,-66.1087,-65.662346,0.0
61.45377306699811,2,298,0.06976085859537125,1,0,1,-29.361885,-30.0,-0.6381149,-54.725643,-65.66649,7.307406e-06
61.55382818299768,2,299,0.09905438423156739,1,0,1,-29.62827,-30.0,-0.3717308,-26.82495,-65.67099,0.0
61.6530518949985,2,300,0.0,1,1,1,-29.411577,-30.0,-0.5884228,17.980576,-65.67646,0.0017587354
63.397507089997816,3,1,0.048,1,0,1,-29.748789,-30.0,-0.25121117,-30.260084,-65.64494,0.0
63.50221454599887,3,2,0.0,1,0,1,-30.106564,-30.0,0.10656357,8.331299,-65.64543,0.0
63.600909130997024,3,3,-0.006267469376325607,1,0,1,-29.960173,-30.0,-0.039827347,-25.794981,-65.64488,0.0
63.701155612998264,3,4,0.013007499277591705,1,0,1,-29.970947,-30.0,-0.029052734,44.315334,-65.64576,0.0
63.800600863,3,5,0.061007499277591706,1,0,1,-29.802017,-30.0,-0.19798279,-88.86146,-65.64601,0.0
63.901758927997435,3,6,0.013007499277591705,1,0,1,-29.636553,-30.0,-0.3634472,67.61551,-65.64973,0.0
64.002841841997,3,7,0.061007499277591706,1,0,1,-29.666079,-30.0,-0.33392143,-45.198437,-65.65269,0.0
64.1029771350004,3,8,0.013007499277591705,1,0,1,-29.706156,-30.0,-0.29384422,99.761955,-65.65622,0.0
64.20097664700006,3,9,0.061007499277591706,1,0,1,-29.894402,-30.0,-0.10559845,-5.1746364,-65.65808,0.0
64.30132453899932,3,10,0.013007499277591705,1,0,1,-29.745499,-30.0,-0.25450134,43.02406,-65.6606,0.0
64.40145899399795,3,11,0.061007499277591706,1,0,1,-29.89436,-30.0,-0.10564041,50.72212,-65.66268,0.0
64.50160797599892,3,12,0.013007499277591705,1,0,1,-30.126472,-30.0,0.12647247,45.629498,-65.66259,0.0
64.60128035299931,3,13,0.061007499277591706,1,0,1,-30.181515,-30.0,0.18151474,55.31883,-65.66166,0.0
64.70123768699705,3,14,0.06525545716285706,1,0,1,-31.101479,-30.0,1.1014786,23.19145,-65.6548,0.0
64.80145734899997,3,15,0.04814504683017731,1,0,1,-31.106686,-30.0,1.1066856,-11.1522665,-65.64382,0.0
64.90002761199867,3,16,0.09614504683017731,1,0,1,-30.953781,-30.0,0.9537811,-2.8095243,-65.63369,0.0
65.0018044799981,3,17,0.14414504683017731,1,0,1,-30.850393,-30.0,0.8503933,-26.563643,-65.62456,0.0
65.10045436399741,3,18,0.09614504683017731,1,0,1,-30.631416,-30.0,0.6314163,1.4400481,-65.617,0.0
65.20222871700025,3,19,0.14414504683017731,1,0,1,-30.846588,-30.0,0.84658813,-15.026092,-65.60909,0.0
65.30086742599815,3,20,0.1721444606781006,1,0,1,-30.866009,-30.0,0.86600876,75.80757,-65.601875,0.0
65.40088733799712,3,21,0.16656427383422853,1,0,1,-30.883558,-30.0,0.8835583,34.067154,-65.59299,0.0
65.50024542399842,3,22,0.11856427383422853,1,0,1,-30.786823,-30.0,0.7868233,1.0890961,-65.58364,0.0
65.60027232100038,3,23,0.07056427383422853,1,0,1,-30.441679,-30.0,0.441679,-62.196728,-65.57776,0.0
65.70028217599975,3,24,0.02256427383422853,1,0,1,-29.841948,-30.0,-0.15805244,15.604018,-65.578354,0.0
65.80098654299945,3,25,0.07056427383422853,1,0,1,-29.946981,-30.0,-0.05301857,-20.39337,-65.578545,0.0
65.90120955599923,3,26,0.02256427383422853,1,0,1,-30.17449,-30.0,0.17448997,7.606506,-65.57781,0.0
66.00432907399954,3,27,0.07056427383422853,1,0,1,-29.976776,-30.0,-0.023223877,-67.89589,-65.577,0.0
66.10115942199991,3,28,0.11856427383422853,1,0,1,-29.781624,-30.0,-0.21837616,29.117582,-65.57908,0.0
66.20235017199957,3,29,0.07056427383422853,1,0,1,-29.796064,-30.0,-0.20393562,-75.80757,-65.58066,0.0
66.30208764099734,3,30,0.02256427383422853,1,0,1,-29.797863,-30.0,-0.202137,3.8986204,-65.58322,0.0
66.40201089099719,3,31,-0.02543572616577147,1,0,1,-29.754795,-30.0,-0.24520493,-1.5239714,-65.58515,0.0
66.50147848899724,3,32,-0.07343572616577147,1,0,1,-29.630306,-30.0,-0.36969376,-43.479916,-65.58815,8.640117e-05
66.60155008400034,3,33,-0.02543572616577147,1,0,1,-29.631544,-30.0,-0.3684559,-5.846023,-65.591484,0.0010986533
66.70087520299785,3,34,0.02256427383422853,1,0,1,-29.63042,-30.0,-0.36957932,-26.279448,-65.595085,0.0013935536
66.80134853100026,3,35,0.07056427383422853,1,0,1,-29.803099,-30.0,-0.19690132,5.8383937,-65.59758,0.00032637053
66.9017352539995,3,36,0.02256427383422853,1,0,1,-29.874313,-30.0,-0.12568665,35.491943,-65.59905,0.00020922048
67.00214181299816,3,37,0.07056427383422853,1,0,1,-29.905577,-30.0,-0.094423294,-3.2005308,-65.600204,0.0
67.10124008300045,3,38,0.02256427383422853,1,0,1,-30.370623,-30.0,0.37062263,43.903347,-65.598564,0.0
67.20232886200029,3,39,-0.02543572616577147,1,0,1,-30.925201,-30.0,0.9252014,31.980513,-65.59166,0.0
67.30135002699899,3,40,0.02256427383422853,1,0,1,-31.033365,-30.0,1.0333652,3.52478,-65.58111,0.0
67.40047874899756,3,41,0.07056427383422853,1,0,1,-30.84295,-30.0,0.8429508,-2.0809174,-65.571754,0.0
67.50042686199959,3,42,0.03319576382637024,1,0,1,-30.89401,-30.0,0.89401054,-60.817715,-65.56212,0.0
67.60030289699716,3,43,-0.014804236173629762,1,0,1,-30.74911,-30.0,0.74910927,-23.19145,-65.553986,0.0
67.70228314499764,3,44,0.03319576382637024,1,0,1,-30.421118,-30.0,0.42111778,-90.93856,-65.54839,0.0
67.80100314799711,3,45,0.00759418085217476,1,0,1,-30.323814,-30.0,0.3238144,-63.8771,-65.544655,0.0
67.90106831599769,3,46,-0.04040581914782524,1,0,1,-30.351276,-30.0,0.3512764,33.441544,-65.54173,0.0
68.0003763929999,3,47,0.00759418085217476,1,0,1,-30.461203,-30.0,0.46120262,67.819595,-65.53796,0.0
68.10085558699939,3,48,0.05559418085217476,1,0,1,-29.928677,-30.0,-0.071323395,40.618893,-65.53703,0.0
68.20067155699871,3,49,0.010489899665117264,1,0,1,-30.22974,-30.0,0.22974014,38.814545,-65.53577,0.0
68.30062246299713,3,50,-0.03751010033488274,1,0,1,-30.080158,-30.0,0.08015823,14.392852,-65.535255,0.0
68.40071892099877,3,51,0.010489899665117264,1,0,1,-30.009752,-30.0,0.009752274,-29.115675,-65.534004,0.0
68.50093746299899,3,52,0.058489899665117265,1,0,1,-29.861406,-30.0,-0.13859367,18.02063,-65.53502,0.0
68.60160970099969,3,53,0.10648989966511727,1,0,1,-30.01086,-30.0,0.010860443,-7.6160426,-65.53489,0.0
68.70062751200021,3,54,0.058489899665117265,1,0,1,-29.972353,-30.0,-0.027647018,-16.34407,-65.534676,0.0
68.80060998599947,3,55,0.05594093203544617,1,0,1,-30.120056,-30.0,0.12005615,-20.35713,-65.533325,0.0
68.900250511997,3,56,0.06270390748977661,1,0,1,-30.025455,-30.0,0.025455475,-33.800125,-65.532555,0.0
69.00151780699889,3,57,0.01470390748977661,1,0,1,-30.055696,-30.0,0.055696487,7.0800776,-65.5324,0.0
69.10121783799696,3,58,-0.03329609251022339,1,0,1,-30.175688,-30.0,0.17568779,39.58702,-65.53174,0.0
69.20049574199948,3,59,0.01470390748977661,1,0,1,-30.599253,-30.0,0.5992527,48.78616,-65.52729,0.0
69.29972307999924,3,60,0.06270390748977661,1,0,1,-30.882061,-30.0,0.882061,36.569595,-65.520195,0.0
69.4010926239971,3,61,0.01470390748977661,1,0,1,-31.259089,-30.0,1.2590885,-1.6288756,-65.508766,0.0
69.50130138799796,3,62,0.06270390748977661,1,0,1,-31.376976,-30.0,1.376976,42.005535,-65.49573,0.0
69.6024440839974,3,63,0.0866535484790802,1,0,1,-31.293743,-30.0,1.2937431,-75.82092,-65.48243,0.0
69.70145826299995,3,64,0.10980484485626221,1,0,1,-31.097607,-30.0,1.0976067,-51.41258,-65.47025,0.0
69.8015804209972,3,65,0.06180484485626221,1,0,1,-30.982735,-30.0,0.9827347,-5.7620997,-65.46011,0.0
69.90147656899717,3,66,0.01380484485626221,1,0,1,-30.792625,-30.0,0.7926254,-38.03444,-65.45097,0.0
70.00220775299749,3,67,0.05608039498329163,1,0,1,-30.864365,-30.0,0.8643646,-55.98068,-65.44202,0.0
70.1020100329988,3,68,0.008080394983291626,1,0,1,-30.611183,-30.0,0.61118317,-2.0160675,-65.43478,0.0
70.20165530699887,3,69,-0.039919605016708375,1,0,1,-30.326826,-30.0,0.3268261,1.1196136,-65.42963,0.0
70.30192944199734,3,70,-0.06270707249641419,1,0,1,-30.706068,-30.0,0.70606804,23.273466,-65.424706,0.0
70.40168087699931,3,71,-0.014707072496414189,1,0,1,-30.352446,-30.0,0.3524456,-21.326063,-65.41942,0.0
70.50073249100024,3,72,-0.06270707249641419,1,0,1,-30.123384,-30.0,0.123384476,-10.803222,-65.41689,0.0
70.60151312299786,3,73,-0.09723931550979614,1,0,1,-30.098183,-30.0,0.09818268,49.70741,-65.415855,0.0
70.70094942899959,3,74,-0.06652536988258362,1,0,1,-30.183788,-30.0,0.1837883,6.2980647,-65.41441,0.0
70.80206614199778,3,75,-0.08969846963882447,1,0,1,-30.059952,-30.0,0.059951782,-24.272917,-65.41274,0.0
70.90182009099954,3,76,-0.04169846963882447,1,0,1,-29.90905,-30.0,-0.09095001,-2.1591187,-65.41318,0.0
71.00060546399982,3,77,0.0063015303611755336,1,0,1,-29.976133,-30.0,-0.023866653,-15.707015,-65.4134,0.0
71.1006007879987,3,78,0.029554080963134766,1,0,1,-29.943874,-30.0,-0.05612564,24.749754,-65.41468,0.0
71.20104896999692,3,79,-0.018445919036865235,1,0,1,-29.839314,-30.0,-0.1606865,-48.92921,-65.41491,0.0
71.300552323999,3,80,-0.06644591903686524,1,0,1,-30.122398,-30.0,0.12239838,-48.681255,-65.414734,0.0
71.40055379299883,3,81,-0.11444591903686524,1,0,1,-29.948975,-30.0,-0.05102539,-55.501934,-65.414444,0.0
71.50018006999744,3,82,-0.06644591903686524,1,0,1,-30.10573,-30.0,0.10573006,4.486084,-65.4144,0.0
71.60222121699917,3,83,-0.018445919036865238,1,0,1,-30.69544,-30.0,0.6954403,87.820045,-65.410446,0.0
71.70107140499749,3,84,0.029554080963134763,1,0,1,-31.301466,-30.0,1.301466,70.20187,-65.40073,0.0
71.80341203599892,3,85,-0.018445919036865238,1,0,1,-31.418777,-30.0,1.4187775,-19.290924,-65.38626,0.0
71.90159816099913,3,86,0.018761345744132997,1,0,1,-31.393515,-30.0,1.3935146,9.515762,-65.37234,0.0
72.00196951599719,3,87,0.066761345744133,1,0,1,-31.324955,-30.0,1.324955,-61.775204,-65.35843,0.0
72.10296889299934,3,88,0.018761345744133004,1,0,1,-31.011715,-30.0,1.0117149,17.690659,-65.347244,0.0
72.20123854999838,3,89,-0.029238654255866997,1,0,1,-31.030308,-30.0,1.0303078,-54.77905,-65.336624,0.0
72.3011472679973,3,90,0.009481868147850035,1,0,1,-30.981895,-30.0,0.98189545,-51.689144,-65.32629,0.0
72.40042908099713,3,91,0.037548142671585086,1,0,1,-30.878073,-30.0,0.87807274,25.981901,-65.317375,0.0
72.50075713299884,3,92,0.08554814267158509,1,0,1,-30.737383,-30.0,0.7373829,10.879516,-65.309494,0.0
72.60038284999973,3,93,0.1222734808921814,1,0,1,-30.6882,-30.0,0.6882,-20.483015,-65.30225,0.0
72.70038124599887,3,94,0.0742734808921814,1,0,1,-30.656988,-30.0,0.65698814,-14.29367,-65.29507,0.0
72.80023185499886,3,95,0.09288556575775148,1,0,1,-30.301413,-30.0,0.30141258,-36.86905,-65.29004,0.0
72.90007128899742,3,96,0.044885565757751475,1,0,1,-30.249609,-30.0,0.249609,-52.637096,-65.2871,0.0
73.00206913299917,3,97,0.09288556575775148,1,0,1,-29.927282,-30.0,-0.07271767,13.639449,-65.28701,0.0
73.10092183400047,3,98,0.044885565757751475,1,0,1,-30.216154,-30.0,0.2161541,55.97305,-65.28665,0.0
73.20149824499822,3,99,-0.003114434242248526,1,0,1,-30.342676,-30.0,0.34267616,18.407822,-65.28391,0.0
73.30145613199784,3,100,0.044885565757751475,1,0,1,-30.291456,-30.0,0.29145622,-16.88385,-65.28064,0.0
73.40051556599792,3,101,-0.003114434242248526,1,0,1,-29.919819,-30.0,-0.08018112,-34.763336,-65.279915,0.0
73.50135709799724,3,102,0.015084098279476169,1,0,1,-29.880407,-30.0,-0.11959267,2.0160675,-65.28067,0.0
73.60059141799866,3,103,0.05223584175109863,1,0,1,-30.148989,-30.0,0.14898872,50.041195,-65.28094,0.0
73.70070770699749,3,104,0.09660248756408692,1,0,1,-30.135489,-30.0,0.13548851,26.189802,-65.279144,0.0
73.80054909599858,3,105,0.048602487564086916,1,0,1,-30.290222,-30.0,0.29022217,35.650253,-65.27709,0.0
73.89953309999692,3,106,0.0006024875640869148,1,0,1,-30.55529,-30.0,0.5552902,6.9904323,-65.272995,0.0
74.00106495499858,3,107,-0.047397512435913086,1,0,1,-31.205671,-30.0,1.2056713,193.31168,-65.26601,0.0
74.10146647999863,3,108,0.0006024875640869148,1,0,1,-31.360756,-30.0,1.3607559,-13.568877,-65.25169,0.0
74.20079997499852,3,109,-0.011119725555181504,1,0,1,-31.326878,-30.0,1.3268776,14.333724,-65.23842,0.0
74.30087687199921,3,110,0.0368802744448185,1,0,1,-31.335146,-30.0,1.335146,-17.980576,-65.2252,0.0
74.40244280999832,3,111,-0.011119725555181502,1,0,1,-31.212736,-30.0,1.2127361,-11.760711,-65.21209,0.0
74.50142988599691,3,112,0.0368802744448185,1,0,1,-31.06457,-30.0,1.0645695,1.0509491,-65.20071,0.0
74.6021010029981,3,113,-0.011119725555181502,1,0,1,-31.120892,-30.0,1.1208916,-77.70729,-65.189705,0.0
74.70277519299998,3,114,-0.0591197255551815,1,0,1,-30.888012,-30.0,0.88801193,-41.57638,-65.17947,0.0
74.8014454639997,3,115,-0.011119725555181502,1,0,1,-30.836552,-30.0,0.83655167,19.891739,-65.170746,0.0
74.90176820600027,3,116,0.0024222321808338165,1,0,1,-31.043264,-30.0,1.0432644,-17.629623,-65.16086,0.0
75.00188449399866,3,117,0.05042223218083382,1,0,1,-30.9512,-30.0,0.9512005,54.378506,-65.151695,0.0
75.10037540999838,3,118,0.0024222321808338165,1,0,1,-30.606781,-30.0,0.606781,6.742477,-65.14439,0.0
75.20179970599929,3,119,-0.045577767819166184,1,0,1,-30.54686,-30.0,0.54685974,-16.44516,-65.13871,0.0
75.30136395999943,3,120,-0.09357776781916619,1,0,1,-30.47227,-30.0,0.47226906,-88.90914,-65.13313,0.0
75.40178671600006,3,121,-0.045577767819166184,1,0,1,-30.409904,-30.0,0.40990448,33.16307,-65.129234,0.0
75.5017906969988,3,122,0.0024222321808338165,1,0,1,-30.497204,-30.0,0.49720383,32.318115,-65.124306,0.0
75.60074732199791,3,123,-0.045577767819166184,1,0,1,-30.348946,-30.0,0.34894562,32.482147,-65.120224,0.0
75.7007225289999,3,124,-0.09357776781916619,1,0,1,-30.446299,-30.0,0.4462986,-95.819466,-65.115654,0.0
75.80084943199836,3,125,-0.045577767819166184,1,0,1,-30.22184,-30.0,0.2218399,2.3670197,-65.11333,0.0
75.90067182299754,3,126,-0.09357776781916619,1,0,1,-30.214333,-30.0,0.21433258,7.509231,-65.11096,0.0
76.00030256500031,3,127,-0.045577767819166184,1,0,1,-30.200428,-30.0,0.20042801,-38.398743,-65.10874,0.0
76.10069151799689,3,128,0.0024222321808338165,1,0,1,-30.526407,-30.0,0.52640724,-1.7833709,-65.10444,0.0
76.20118607099721,3,129,0.04529721438884735,1,0,1,-31.09742,-30.0,1.0974197,118.97849,-65.097626,0.0
76.30152026699943,3,130,0.03557795584201813,1,0,1,-31.301605,-30.0,1.3016052,134.81522,-65.08578,0.0
76.40111664699725,3,131,-0.01242204415798187,1,0,1,-31.683304,-30.0,1.6833038,-107.711784,-65.06859,0.0
76.50143855100032,3,132,0.022608767449855807,1,0,1,-31.662786,-30.0,1.6627865,15.684127,-65.053055,0.0
76.60108745300022,3,133,0.049296614527702336,1,0,1,-31.617002,-30.0,1.6170025,-43.544765,-65.03623,0.0
76.70098694899934,3,134,0.09729661452770233,1,0,1,-31.540405,-30.0,1.5404053,-38.32054,-65.02053,0.0
76.80175668099764,3,135,0.06893306374549867,1,0,1,-31.086067,-30.0,1.0860672,-26.216505,-65.00854,0.0
76.90135026699863,3,136,0.04077830612659455,1,0,1,-31.110367,-30.0,1.1103668,-18.651962,-64.99778,0.0
77.00050440499763,3,137,0.08877830612659454,1,0,1,-31.2565,-30.0,1.2565002,1.6403197,-64.98569,0.0
77.10188455999742,3,138,0.13677830612659453,1,0,1,-31.121614,-30.0,1.1216145,-2.5539396,-64.97399,0.0
77.20149490800031,3,139,0.08877830612659453,1,0,1,-31.00745,-30.0,1.0074501,42.190548,-64.96331,0.0
77.30104407399995,3,140,0.04077830612659453,1,0,1,-30.97028,-30.0,0.9702797,-58.87222,-64.95299,0.0
77.4011924890001,3,141,-0.007221693873405474,1,0,1,-30.711197,-30.0,0.7111969,2.7160642,-64.94474,0.0
77.50113975699787,3,142,-0.055221693873405475,1,0,1,-30.657322,-30.0,0.65732193,35.562515,-64.93792,0.0
77.60249560599914,3,143,-0.10322169387340548,1,0,1,-30.418343,-30.0,0.4183426,16.47377,-64.932365,0.0
77.70139831099732,3,144,-0.055221693873405475,1,0,1,-30.725449,-30.0,0.7254486,38.520813,-64.92687,0.0
77.8016640599999,3,145,-0.007221693873405474,1,0,1,-30.460146,-30.0,0.46014595,-29.575346,-64.92035,0.0
77.90167921399916,3,146,-0.0011729940772056578,1,0,1,-30.380465,-30.0,0.38046455,13.81874,-64.917015,0.0
78.00097247699887,3,147,-0.013161523640155794,1,0,1,-30.492865,-30.0,0.4928646,5.228042,-64.91261,0.0
78.10230765300003,3,148,-0.051620340347290045,1,0,1,-30.567444,-30.0,0.56744385,45.75729,-64.90838,0.0
78.20099384599962,3,149,-0.0036203403472900436,1,0,1,-30.4735,-30.0,0.4734993,-14.778136,-64.902695,0.0
78.30278662899946,3,150,-0.051620340347290045,1,0,1,-30.51178,-30.0,0.5117798,53.888317,-64.89823,0.0
78.40111299399723,3,151,-0.0036203403472900436,1,0,1,-30.378675,-30.0,0.37867546,-1.1482239,-64.89326,0.0
78.5031868219994,3,152,0.04437965965270996,1,0,1,-31.089203,-30.0,1.0892029,78.78685,-64.886024,0.0
78.60105976999694,3,153,0.09237965965270996,1,0,1,-31.596918,-30.0,1.5969181,58.78448,-64.87264,0.0
78.70112074099961,3,154,0.14037965965270996,1,0,1,-31.900343,-30.0,1.900343,38.398743,-64.8552,0.0
78.80194746399866,3,155,0.18837965965270997,1,0,1,-31.878765,-30.0,1.8787651,-64.23187,-64.83533,0.0
78.90088424999703,3,156,0.14037965965271,1,0,1,-31.56992,-30.0,1.5699196,-11.634826,-64.81835,0.0
79.001208665999,3,157,0.09720849990844727,1,0,1,-31.52198,-30.0,1.5219803,-45.392986,-64.802055,0.0
79.10383201399964,3,158,0.049208499908447265,1,0,1,-31.300175,-30.0,1.3001747,18.667221,-64.78785,0.0
79.20034694599963,3,159,0.09720849990844727,1,0,1,-31.232483,-30.0,1.2324829,-0.26893616,-64.7747,0.0
79.301479578,3,160,0.1085639238357544,1,0,1,-31.084326,-30.0,1.0843258,43.895718,-64.76293,0.0
79.40133688700007,3,161,0.1294824719429016,1,0,1,-31.585814,-30.0,1.5858135,54.443356,-64.749176,0.0
79.50208259200008,3,162,0.0814824719429016,1,0,1,-30.943308,-30.0,0.9433079,-23.246763,-64.73727,0.0
79.60107776699806,3,163,0.12661263942718506,1,0,1,-31.375536,-30.0,1.375536,-14.5092,-64.7255,0.0
79.70246043499719,3,164,0.07861263942718506,1,0,1,-31.080107,-30.0,1.0801067,57.45506,-64.71422,0.0
79.80251693500031,3,165,0.030612639427185062,1,0,1,-30.63566,-30.0,0.6356602,-49.861904,-64.70631,0.0
79.90108243899886,3,166,-0.01738736057281494,1,0,1,-30.724134,-30.0,0.72413445,28.430937,-64.7001,0.0
80.00296433899712,3,167,0.030612639427185062,1,0,1,-30.60981,-30.0,0.6098099,11.880874,-64.69391,0.0
80.10122197799865,3,168,0.07861263942718506,1,0,1,-30.648941,-30.0,0.64894104,-16.576767,-64.68697,0.0
80.20083120699928,3,169,0.030612639427185062,1,0,1,-30.473524,-30.0,0.4735241,-6.622314,-64.68204,0.0
80.30155148799895,3,170,0.035745379328727726,1,0,1,-30.443132,-30.0,0.4431324,6.7520137,-64.67737,0.0
80.39984320999793,3,171,-0.007311371713876726,1,0,1,-30.73542,-30.0,0.7354202,57.26814,-64.67209,0.0
80.50051767499826,3,172,-0.05531137171387673,1,0,1,-30.545647,-30.0,0.54564667,10.417937,-64.66552,0.0
80.60306307799692,3,173,-0.007311371713876726,1,0,1,-30.630384,-30.0,0.63038445,-17.778397,-64.65972,0.0
80.70026106799924,3,174,0.040688628286123275,1,0,1,-30.539751,-30.0,0.53975105,37.69684,-64.65492,0.0
80.80071622799733,3,175,0.08868862828612328,1,0,1,-30.787321,-30.0,0.7873211,14.942168,-64.64797,0.0
80.90263221100031,3,176,0.0590266227722168,1,0,1,-31.220657,-30.0,1.2206573,44.10362,-64.638115,0.0
81.00160000599863,3,177,0.011026622772216797,1,0,1,-32.132248,-30.0,2.132248,194.39696,-64.62239,0.0
81.10055020099753,3,178,0.0590266227722168,1,0,1,-32.322514,-30.0,2.3225136,-41.96548,-64.59942,0.0
81.20197561099849,3,179,0.011026622772216797,1,0,1,-31.962534,-30.0,1.962534,-49.020763,-64.57876,0.0
81.3023033779973,3,180,-0.036973377227783204,1,0,1,-31.472858,-30.0,1.4728584,-110.47744,-64.56145,0.0
81.40139605199874,3,181,0.011026622772216797,1,0,1,-31.694574,-30.0,1.6945744,39.18457,-64.54683,0.0
81.50170314499701,3,182,0.0590266227722168,1,0,1,-31.53381,-30.0,1.5338097,-34.036636,-64.53074,0.0
81.6010190349989,3,183,0.011026622772216797,1,0,1,-31.368917,-30.0,1.3689175,-53.41911,-64.51635,0.0
81.70034833499813,3,184,0.0590266227722168,1,0,1,-31.18606,-30.0,1.18606,-38.318634,-64.50408,0.0
81.8000408150001,3,185,0.04820770919322968,1,0,1,-31.2845,-30.0,1.2845001,63.837048,-64.493065,0.0
81.90131927499897,3,186,0.09620770919322968,1,0,1,-31.050138,-30.0,1.0501385,14.795302,-64.482,0.0
82.00111400399692,3,187,0.048207709193229684,1,0,1,-31.11572,-30.0,1.1157207,-38.35106,-64.47116,0.0
82.10284895499717,3,188,0.00020770919322968262,1,0,1,-31.0453,-30.0,1.0452995,13.101577,-64.46085,0.0
82.20107558199743,3,189,0.048207709193229684,1,0,1,-30.787178,-30.0,0.78717804,-30.01785,-64.452576,0.0
82.30153688700011,3,190,0.010946746170520785,1,0,1,-30.860064,-30.0,0.86006355,69.8185,-64.445244,0.0
82.40180849999888,3,191,-0.037053253829479216,1,0,1,-30.715048,-30.0,0.71504784,-14.244079,-64.43715,0.0
82.50116685299872,3,192,0.010946746170520785,1,0,1,-30.418358,-30.0,0.41835785,-48.307415,-64.43077,0.0
82.60172370199871,3,193,0.01980244368314743,1,0,1,-30.56481,-30.0,0.5648098,40.359493,-64.42594,0.0
82.70111474199803,3,194,-0.02819755631685257,1,0,1,-30.655754,-30.0,0.6557541,57.93571,-64.42008,0.0
82.80081699899893,3,195,0.01980244368314743,1,0,1,-30.867785,-30.0,0.8677845,-48.179623,-64.41144,0.0
82.9028841199979,3,196,-0.02819755631685257,1,0,1,-30.510895,-30.0,0.5108948,12.647628,-64.40552,0.0
83.00164797399702,3,197,0.01980244368314743,1,0,1,-30.799158,-30.0,0.7991581,37.937164,-64.39885,0.0
83.10025677799786,3,198,0.04909113943576813,1,0,1,-30.96005,-30.0,0.9600506,41.442867,-64.38934,0.0
83.20074210799794,3,199,0.09709113943576814,1,0,1,-31.00285,-30.0,1.0028496,-7.104873,-64.380066,0.0
83.30062008899768,3,200,0.14509113943576812,1,0,1,-31.547606,-30.0,1.5476055,39.405823,-64.36746,0.0
83.40076877799947,3,201,0.09709113943576812,1,0,1,-32.168633,-30.0,2.1686325,-36.239624,-64.34684,0.0
83.50275963099921,3,202,0.14509113943576812,1,0,1,-32.07487,-30.0,2.074871,30.475615,-64.326126,0.0
83.60178972399808,3,203,0.09709113943576812,1,0,1,-31.88291,-30.0,1.8829098,-42.112347,-64.30598,0.0
83.70149477499945,3,204,0.14509113943576812,1,0,1,-31.655285,-30.0,1.6552849,35.45952,-64.289024,0.0
83.80186919399785,3,205,0.09709113943576812,1,0,1,-31.79812,-30.0,1.7981205,-13.3571615,-64.271,0.0
83.90080849199876,3,206,0.04909113943576812,1,0,1,-31.36831,-30.0,1.3683109,-48.538204,-64.25469,0.0
84.00196235299882,3,207,0.0010911394357681209,1,0,1,-31.4007,-30.0,1.4006996,-10.053634,-64.24109,0.0
84.10097624199989,3,208,-0.04690886056423188,1,0,1,-31.612492,-30.0,1.6124916,37.574768,-64.22649,0.0
84.20140737399925,3,209,-0.09490886056423188,1,0,1,-31.442541,-30.0,1.4425411,-31.362532,-64.210884,0.0
84.30114147799759,3,210,-0.04690886056423188,1,0,1,-31.382965,-30.0,1.3829651,-51.702496,-64.196594,0.0
84.40151030999914,3,211,0.0010911394357681209,1,0,1,-31.1179,-30.0,1.1179008,52.761074,-64.18622,0.0
84.50146120499994,3,212,0.04909113943576812,1,0,1,-31.16043,-30.0,1.1604309,23.244856,-64.1749,0.0
84.60151798199877,3,213,0.09709113943576812,1,0,1,-30.791086,-30.0,0.7910862,-11.2342825,-64.16522,0.0
84.70136718600043,3,214,0.12622843980789186,1,0,1,-30.80692,-30.0,0.8069191,-65.618515,-64.15633,0.0
84.8008730449983,3,215,0.07822843980789186,1,0,1,-30.450165,-30.0,0.4501648,-4.3296814,-64.15052,0.0
84.90121589499904,3,216,0.03022843980789186,1,0,1,-30.656424,-30.0,0.65642357,-3.5152433,-64.144585,0.0
85.00115226199705,3,217,0.06831546425819397,1,0,1,-30.692707,-30.0,0.69270706,20.793913,-64.13791,0.0
85.1008182000005,3,218,0.11331865787506104,1,0,1,-30.447447,-30.0,0.44744682,-60.085293,-64.13186,0.0
85.20167648699862,3,219,0.1251286268234253,1,0,1,-30.537617,-30.0,0.5376167,25.255201,-64.127846,0.0
85.300965274997,3,220,0.07712862682342529,1,0,1,-30.852076,-30.0,0.8520756,-40.655132,-64.11999,0.0
85.40078290999736,3,221,0.1251286268234253,1,0,1,-30.65516,-30.0,0.6551609,32.13501,-64.11309,0.0
85.50038626899914,3,222,0.11199004650115968,1,0,1,-30.84955,-30.0,0.84955025,-11.247634,-64.105194,0.0
85.60081125400029,3,223,0.06399004650115968,1,0,1,-31.12636,-30.0,1.1263599,28.245924,-64.095276,0.0
85.70133178299875,3,224,0.05586512684822083,1,0,1,-31.947056,-30.0,1.9470558,48.748013,-64.07958,0.0
85.80139610100014,3,225,0.007865126848220827,1,0,1,-32.244232,-30.0,2.2442322,-1.7776488,-64.05823,0.0
85.90189399999872,3,226,-0.040134873151779174,1,0,1,-31.889359,-30.0,1.8893585,16.551971,-64.03839,0.0
86.00100036000003,3,227,0.007865126848220827,1,0,1,-31.901,-30.0,1.9009991,-51.650997,-64.01852,0.0
86.10047576699799,3,228,0.03600869774818421,1,0,1,-31.47659,-30.0,1.4765892,-45.673367,-64.00134,0.0
86.20136059299693,3,229,-0.011991302251815793,1,0,1,-31.625713,-30.0,1.6257133,-54.62646,-63.98545,0.0
86.30149251799958,3,230,-0.059991302251815794,1,0,1,-31.970228,-30.0,1.9702282,-57.94334,-63.96657,0.0
86.40009992399791,3,231,-0.018342413008213043,1,0,1,-31.65807,-30.0,1.6580696,44.897076,-63.949448,0.0
86.50099117599893,3,232,-0.06634241300821304,1,0,1,-31.294867,-30.0,1.2948666,-3.1661985,-63.933125,0.0
86.60149326600003,3,233,-0.08021799325942994,1,0,1,-31.3387,-30.0,1.3386993,-7.541656,-63.92036,0.0
86.70106617199781,3,234,-0.032217993259429936,1,0,1,-31.08323,-30.0,1.0832291,-127.63976,-63.90766,0.0
86.80184763099896,3,235,0.015782006740570065,1,0,1,-30.964546,-30.0,0.9645462,41.276928,-63.89778,0.0
86.9019460319978,3,236,0.06378200674057007,1,0,1,-31.135576,-30.0,1.1355762,37.86087,-63.88703,0.0
87.00250231899918,3,237,0.015782006740570065,1,0,1,-31.095434,-30.0,1.0954342,5.4645534,-63.87521,0.0
87.10236940100003,3,238,0.06378200674057007,1,0,1,-30.812185,-30.0,0.8121853,-28.07617,-63.86484,0.0
87.20066195599793,3,239,0.016356012225151068,1,0,1,-31.129099,-30.0,1.1290989,-58.053967,-63.85445,0.0
87.30114393099939,3,240,-0.03164398777484893,1,0,1,-30.727365,-30.0,0.7273655,-2.9621122,-63.844658,0.0
87.4022402390001,3,241,0.016356012225151068,1,0,1,-30.552246,-30.0,0.5522461,-64.59808,-63.83828,0.0
87.50124518699886,3,242,-0.03164398777484893,1,0,1,-30.653872,-30.0,0.65387154,-2.1858215,-63.833393,0.0
87.60095107300003,3,243,0.016356012225151068,1,0,1,-30.816252,-30.0,0.81625175,-31.150816,-63.82558,0.0
87.70131571299862,3,244,-0.03164398777484893,1,0,1,-30.653234,-30.0,0.6532345,-25.308607,-63.817657,0.0
87.80149820299994,3,245,0.016356012225151068,1,0,1,-30.913109,-30.0,0.9131088,-30.925749,-63.81012,0.0
87.90194581399919,3,246,0.010536164045333862,1,0,1,-30.872482,-30.0,0.8724823,-84.0187,-63.800327,0.0
88.00171008799953,3,247,-0.03746383595466614,1,0,1,-31.540413,-30.0,1.5404129,156.39877,-63.790283,0.0
88.1008273419975,3,248,0.010536164045333862,1,0,1,-31.775698,-30.0,1.7756977,51.492687,-63.77209,0.0
88.19983927299836,3,249,0.05853616404533386,1,0,1,-31.421486,-30.0,1.4214859,24.085997,-63.755474,0.0
88.3004047789982,3,250,0.05725203156471253,1,0,1,-32.038097,-30.0,2.0380974,-31.127928,-63.735413,0.0
88.40020425299736,3,251,0.009252031564712528,1,0,1,-31.470158,-30.0,1.4701576,-18.568039,-63.716217,0.0
88.50054095499945,3,252,-0.03874796843528747,1,0,1,-31.735588,-30.0,1.7355881,65.050125,-63.699913,0.0
88.59990740599824,3,253,0.009252031564712528,1,0,1,-31.359001,-30.0,1.3590012,-158.54073,-63.68224,0.0
88.70097801199881,3,254,-0.03874796843528747,1,0,1,-31.688639,-30.0,1.6886387,-21.755217,-63.66789,0.0
88.80220031499994,3,255,0.009252031564712528,1,0,1,-31.543774,-30.0,1.5437737,-26.327131,-63.651863,0.0
88.90240487399933,3,256,0.029827708005905153,1,0,1,-31.454248,-30.0,1.4542484,32.855988,-63.63649,0.0
89.00104859599742,3,257,0.07782770800590516,1,0,1,-31.40953,-30.0,1.4095306,73.47298,-63.62124,0.0
89.1009061779987,3,258,0.02982770800590516,1,0,1,-31.00399,-30.0,1.0039902,-64.98337,-63.60695,0.0
89.200948144,3,259,0.07782770800590516,1,0,1,-31.419804,-30.0,1.4198036,18.627167,-63.593735,0.0
89.30170781099878,3,260,0.02982770800590516,1,0,1,-30.24618,-30.0,0.24617958,-24.705885,-63.58579,0.0
89.40146202699907,3,261,0.06142503619194031,1,0,1,-31.004332,-30.0,1.0043316,46.718594,-63.57819,0.0
89.50108214499778,3,262,0.10942503619194031,1,0,1,-31.290981,-30.0,1.2909813,-82.69309,-63.56565,0.0
89.60131408300003,3,263,0.15742503619194032,1,0,1,-31.194633,-30.0,1.1946335,96.13227,-63.55423,0.0
89.70175303299766,3,264,0.12200757265090943,1,0,1,-31.27034,-30.0,1.27034,109.84611,-63.54309,0.0
89.80086302199925,3,265,0.07400757265090943,1,0,1,-31.614199,-30.0,1.6141987,43.6573,-63.528275,0.0
89.90015096899879,3,266,0.11466178894042969,1,0,1,-31.238579,-30.0,1.2385788,-126.77764,-63.51311,0.0
90.0006091949981,3,267,0.1626617889404297,1,0,1,-30.804893,-30.0,0.8048935,48.551556,-63.504295,0.0
90.10197285899994,3,268,0.1146617889404297,1,0,1,-31.061281,-30.0,1.0612812,14.541625,-63.4934,0.0
90.20125326299967,3,269,0.0666617889404297,1,0,1,-30.843494,-30.0,0.8434944,79.60129,-63.484608,0.0
90.30109212699972,3,270,0.018661788940429705,1,0,1,-31.185276,-30.0,1.185276,61.851498,-63.475513,0.0
90.40145285299877,3,271,0.023614618182182315,1,0,1,-32.685795,-30.0,2.6857948,147.7127,-63.454655,0.0
90.50076622299821,3,272,0.07161461818218232,1,0,1,-32.718113,-30.0,2.718113,-112.83492,-63.425594,0.0
90.60135687000002,3,273,0.11961461818218232,1,0,1,-32.31008,-30.0,2.3100815,-171.69188,-63.399555,0.0
90.70038472399756,3,274,0.07161461818218232,1,0,1,-32.418434,-30.0,2.4184341,85.67046,-63.378635,0.0
90.80006239199793,3,275,0.023614618182182315,1,0,1,-32.16314,-30.0,2.1631393,-104.64477,-63.354897,0.0
90.90110198500042,3,276,-0.024385381817817686,1,0,1,-31.604572,-30.0,1.6045723,-44.622417,-63.337982,0.0
91.00138811899888,3,277,-0.07238538181781769,1,0,1,-31.513664,-30.0,1.5136642,-11.350631,-63.321472,0.0
91.10017431799861,3,278,-0.024385381817817686,1,0,1,-31.610134,-30.0,1.6101341,-30.475615,-63.306747,0.0
91.20205090299714,3,279,0.023614618182182315,1,0,1,-31.727737,-30.0,1.7277374,22.693632,-63.289864,0.0
91.30311759599863,3,280,0.007219228893518448,1,0,1,-31.411863,-30.0,1.4118633,-95.53527,-63.274044,0.0
91.40235721099816,3,281,-0.04078077110648155,1,0,1,-31.436884,-30.0,1.4368839,-76.58386,-63.260075,0.0
91.50090845999875,3,282,0.007219228893518448,1,0,1,-30.844933,-30.0,0.84493256,-11.999129,-63.24868,0.0
91.60220339799707,3,283,0.05521922889351845,1,0,1,-31.35055,-30.0,1.3505497,7.3699946,-63.237556,0.0
91.70266497599732,3,284,0.10321922889351845,1,0,1,-30.929853,-30.0,0.92985344,-152.99034,-63.22564,0.0
91.80103658999724,3,285,0.15121922889351846,1,0,1,-30.99341,-30.0,0.9934101,45.446392,-63.216778,0.0
91.90214742199896,3,286,0.10321922889351846,1,0,1,-30.914545,-30.0,0.91454506,-42.638775,-63.20834,0.0
92.00019524599702,3,287,0.15121922889351846,1,0,1,-30.506727,-30.0,0.5067272,72.28088,-63.201855,0.0
92.10196706699935,3,288,0.10321922889351846,1,0,1,-30.456068,-30.0,0.45606804,21.842955,-63.196983,0.0
92.20154052900034,3,289,0.1445428729057312,1,0,1,-30.644571,-30.0,0.6445713,61.630245,-63.191578,0.0
92.30175011499887,3,290,0.0965428729057312,1,0,1,-30.840809,-30.0,0.84080887,51.523205,-63.18429,0.0
92.40398876199833,3,291,0.0485428729057312,1,0,1,-30.791746,-30.0,0.79174614,-37.24861,-63.17545,0.0
92.50181085599979,3,292,0.0005428729057311982,1,0,1,-30.68362,-30.0,0.68362045,63.869473,-63.169014,0.0
92.60188271299921,3,293,-0.0474571270942688,1,0,1,-30.986942,-30.0,0.9869423,81.41898,-63.161377,0.0
92.7019196479996,3,294,-0.0954571270942688,1,0,1,-31.249584,-30.0,1.2495842,-19.834518,-63.14968,0.0
92.8013229729986,3,295,-0.1434571270942688,1,0,1,-31.314949,-30.0,1.314949,8.134842,-63.13685,0.0
92.90159625500019,3,296,-0.0954571270942688,1,0,1,-31.519201,-30.0,1.5192013,1.5678405,-63.122974,0.0
93.00045341199802,3,297,-0.0474571270942688,1,0,1,-31.323338,-30.0,1.3233376,64.75639,-63.110184,0.0
93.10178326999812,3,298,-0.0954571270942688,1,0,1,-31.302225,-30.0,1.3022251,18.911362,-63.096493,0.0
93.20232809899971,3,299,-0.0474571270942688,1,0,1,-31.89552,-30.0,1.8955193,48.788067,-63.08088,0.0
93.30083380900032,3,300,0.0,1,1,1,-31.802488,-30.0,1.8024883,26.782988,-63.062893,0.0
95.03568865699708,4,1,-0.048,1,0,1,-32.5413,-30.0,2.5413017,-66.24603,-62.807827,0.0
95.14068942899758,4,2,0.0,1,0,1,-32.68138,-30.0,2.6813812,-50.7431,-62.78341,0.0
95.24031038199973,4,3,0.048,1,0,1,-31.940598,-30.0,1.9405975,-109.775536,-62.76109,0.0
95.3416986259981,4,4,0.08548254966735841,1,0,1,-32.163986,-30.0,2.1639862,43.373104,-62.740925,0.0
95.44184423499973,4,5,0.04252729713916779,1,0,1,-31.92017,-30.0,1.9201698,18.45169,-62.72164,0.0
95.54087627599802,4,6,-0.005472702860832214,1,0,1,-31.467136,-30.0,1.4671364,3.1242368,-62.708435,0.0
95.64098388999992,4,7,0.04252729713916779,1,0,1,-31.562243,-30.0,1.5622425,-27.929304,-62.69165,0.0
95.74162342399723,4,8,-0.005472702860832214,1,0,1,-31.47744,-30.0,1.4774399,111.948006,-62.677616,0.0
95.84025540799848,4,9,0.04252729713916779,1,0,1,-31.487482,-30.0,1.4874821,127.51388,-62.66397,0.0
95.94055019900043,4,10,-0.005472702860832214,1,0,1,-31.525164,-30.0,1.5251637,-25.03967,-62.6491,0.0
96.04100003999702,4,11,0.04252729713916779,1,0,1,-31.361313,-30.0,1.3613129,-37.07695,-62.634975,0.0
96.14038911500029,4,12,0.07111330628395081,1,0,1,-31.175749,-30.0,1.1757488,-28.51486,-62.62183,0.0
96.240000288999,4,13,0.023113306283950807,1,0,1,-31.044537,-30.0,1.0445366,-13.593673,-62.61088,0.0
96.34119967899824,4,14,-0.024886693716049194,1,0,1,-31.136078,-30.0,1.1360779,-35.60257,-62.599945,0.0
96.44129025099755,4,15,0.023113306283950807,1,0,1,-31.024132,-30.0,1.0241318,-11.3601675,-62.589844,0.0
96.54093885999828,4,16,-0.024886693716049194,1,0,1,-31.020182,-30.0,1.0201817,70.89043,-62.580585,0.0
96.64027904599789,4,17,0.023113306283950807,1,0,1,-30.8625,-30.0,0.86249924,-10.288238,-62.570446,0.0
96.7417726120002,4,18,-0.024886693716049194,1,0,1,-31.236202,-30.0,1.2362022,37.47368,-62.558983,0.0
96.84074793999753,4,19,0.023113306283950807,1,0,1,-30.966082,-30.0,0.9660816,6.528854,-62.54804,0.0
96.94141708499956,4,20,0.006346014142036439,1,0,1,-31.001867,-30.0,1.0018673,16.582489,-62.537548,0.0
97.04073966999931,4,21,-0.041653985857963566,1,0,1,-31.030212,-30.0,1.0302124,64.3425,-62.528164,0.0
97.14078023399998,4,22,-0.08965398585796357,1,0,1,-31.129637,-30.0,1.1296368,6.162643,-62.51704,0.0
97.23994273999779,4,23,-0.13765398585796357,1,0,1,-31.18391,-30.0,1.1839104,-0.7286071,-62.506428,0.0
97.33959805300037,4,24,-0.08965398585796357,1,0,1,-31.844284,-30.0,1.844284,123.51798,-62.49124,0.0
97.43912206299865,4,25,-0.041653985857963566,1,0,1,-32.29712,-30.0,2.2971191,11.589049,-62.469273,0.0
97.53917408199777,4,26,0.006346014142036435,1,0,1,-32.321953,-30.0,2.3219528,-22.434233,-62.44628,0.0
97.63954905100036,4,27,0.054346014142036436,1,0,1,-32.40086,-30.0,2.4008598,12.96234,-62.42336,0.0
97.7408439849969,4,28,0.09132708311080934,1,0,1,-32.03538,-30.0,2.0353813,-65.971375,-62.400894,0.0
97.84035737799786,4,29,0.05763908624649048,1,0,1,-31.91163,-30.0,1.9116306,-58.9447,-62.38029,0.0
97.94226161599727,4,30,0.009639086246490479,1,0,1,-31.844109,-30.0,1.8441086,25.871275,-62.362225,0.0
98.04098299599718,4,31,0.05763908624649048,1,0,1,-31.986322,-30.0,1.9863224,-47.136303,-62.3433,0.0
98.1411590539974,4,32,0.009639086246490479,1,0,1,-31.711645,-30.0,1.7116451,-82.273476,-62.32402,0.0
98.24066574300014,4,33,0.05763908624649048,1,0,1,-31.52559,-30.0,1.5255909,-12.880324,-62.307156,0.0
98.34128320399759,4,34,0.009639086246490479,1,0,1,-31.511679,-30.0,1.5116787,-105.83877,-62.29042,0.0
98.43989646899718,4,35,0.05763908624649048,1,0,1,-31.038603,-30.0,1.0386028,145.90836,-62.27908,0.0
98.54037452499688,4,36,0.009639086246490479,1,0,1,-31.443247,-30.0,1.4432468,-189.75066,-62.263466,0.0
98.64041816199824,4,37,0.05763908624649048,1,0,1,-31.633345,-30.0,1.6333447,79.25224,-62.24989,0.0
98.74089957099932,4,38,0.009639086246490479,1,0,1,-30.866444,-30.0,0.86644363,-22.476194,-62.23831,0.0
98.8399249039976,4,39,-0.03836091375350952,1,0,1,-31.088316,-30.0,1.088316,-16.017914,-62.226524,0.0
98.94076027399933,4,40,0.009639086246490479,1,0,1,-30.89807,-30.0,0.8980694,20.29228,-62.216152,0.0
99.04025941899818,4,41,0.05763908624649048,1,0,1,-31.168427,-30.0,1.1684265,70.08362,-62.20674,0.0
99.13920261800013,4,42,0.009639086246490479,1,0,1,-31.313328,-30.0,1.3133278,35.629272,-62.19409,0.0
99.23999049399936,4,43,0.029607516527175904,1,0,1,-31.14118,-30.0,1.14118,101.93061,-62.18197,0.0
99.34120105699913,4,44,0.0776075165271759,1,0,1,-31.590883,-30.0,1.5908833,85.784904,-62.168095,0.0
99.4403549009985,4,45,0.0296075165271759,1,0,1,-30.820824,-30.0,0.82082367,-178.4992,-62.154625,0.0
99.5412101059992,4,46,-0.0183924834728241,1,0,1,-31.13516,-30.0,1.1351604,226.39655,-62.14812,0.0
99.64104365599997,4,47,0.0296075165271759,1,0,1,-31.842726,-30.0,1.8427258,131.99043,-62.13208,0.0
99.74135911799749,4,48,0.0776075165271759,1,0,1,-32.819286,-30.0,2.8192863,73.17352,-62.106834,0.0
99.83990728799836,4,49,0.1256075165271759,1,0,1,-33.32067,-30.0,3.320671,98.518364,-62.076275,0.0
99.93995455500044,4,50,0.07760751652717589,1,0,1,-32.467625,-30.0,2.4676247,-142.12799,-62.04961,0.0
100.0402638710002,4,51,0.1256075165271759,1,0,1,-32.68405,-30.0,2.6840515,-16.525269,-62.022717,0.0
100.14071343099931,4,52,0.07760751652717589,1,0,1,-32.56955,-30.0,2.5695496,134.4719,-61.99933,0.0
100.23945855599959,4,53,0.029607516527175887,1,0,1,-32.58808,-30.0,2.5880814,-116.67632,-61.970226,0.0
100.3405339029996,4,54,0.0,1,0,0,-32.60961,-30.0,2.6096115,59.593197,-61.946266,0.0
100.43483817099695,4,55,0.0,1,0,0,-32.180897,-30.0,2.1808968,94.791405,-61.924797,0.0
100.53452756499973,4,56,0.0,1,0,0,-32.19892,-30.0,2.1989212,-153.34702,-61.90049,0.0
100.63428959599696,4,57,0.0,1,0,0,-32.2653,-30.0,2.2653008,152.35138,-61.881756,0.0
100.7350271849973,4,58,0.0,1,0,0,-32.622387,-30.0,2.622387,-24.42932,-61.85622,0.0
100.83492191599726,4,59,0.0,1,0,0,-32.19027,-30.0,2.1902695,-2.693176,-61.834103,0.0
100.93450375300017,4,60,0.0,1,0,0,-31.251623,-30.0,1.2516232,32.69005,-61.81879,0.0
101.0350477389984,4,61,0.0,1,0,0,-30.793762,-30.0,0.7937622,-64.453125,-61.807922,0.0
101.13420940399737,4,62,0.0,1,0,0,-30.294197,-30.0,0.29419708,-57.70492,-61.802937,0.0
101.23465113999919,4,63,0.0,1,0,0,-28.379322,-30.0,-1.620678,-168.62105,-61.81044,0.0
101.33433438799693,4,64,0.0,1,0,0,-26.51469,-30.0,-3.4853096,-237.64227,-61.836353,0.0
101.43433276499854,4,65,0.0,1,0,0,-24.102243,-30.0,-5.8977566,-283.9203,-61.88009,0.0
101.53505303299971,4,66,0.0,1,0,0,-23.746347,-30.0,-6.2536526,-38.41591,-61.947823,0.0
101.63484160299777,4,67,0.0,1,0,0,-23.864706,-30.0,-6.135294,-8.821487,-62.010662,0.0
101.73445081799946,4,68,0.0,1,0,0,-23.533724,-30.0,-6.466276,-32.19223,-62.07471,0.0
101.83412819899968,4,69,0.0,1,0,0,-22.488997,-30.0,-7.5110035,-31.373976,-62.145374,0.0
101.93419362299755,4,70,0.0,1,0,0,-22.588713,-30.0,-7.4112873,82.70072,-62.213203,0.0
102.03481527300028,4,71,0.0,1,0,0,-22.904032,-30.0,-7.0959682,-75.00267,-62.290897,0.0
102.13434319099906,4,72,0.0,1,0,0,-21.78012,-30.0,-8.219879,39.224625,-62.368595,0.0
102.23425887399935,4,73,0.0,1,0,0,-21.969355,-30.0,-8.030645,56.18095,-62.450726,0.0
102.33494701299787,4,74,0.0,1,0,0,-20.440315,-30.0,-9.559685,-276.38815,-62.53611,0.0
102.43459533999703,4,75,0.0,1,0,0,-18.71218,-30.0,-11.287821,-122.947685,-62.642544,0.0
102.53421852300016,4,76,0.0,1,0,0,-15.178381,-30.0,-14.821619,-382.80103,-62.772507,0.0
102.63502036600039,4,77,0.0,1,0,0,-13.62334,-30.0,-16.37666,-73.52829,-62.932053,0.0
