episode,step,prog,in_band_now,edot_abs,du_abs,reward,is_her
1,2,0.0,1,6.595611095428467,0.05,1.0660877780914306,0
1,3,-0.4615020751953125,1,2.643584966659546,0.0,0.22412415027618404,0
1,4,-0.002696990966796875,1,2.696990728378296,0.0,1.1406662034988402,0
1,5,0.0,1,2.696990728378296,0.0,1.146060185432434,0
1,6,0.030994415283203125,1,0.8201598525047302,0.0,1.2455856335163116,0
1,7,0.0,1,0.8201598525047302,0.0,1.1835968029499053,0
1,8,-0.00115203857421875,1,1.15203857421875,0.0,1.1746551513671875,0
1,9,0.0,1,1.15203857421875,0.0,1.176959228515625,0
1,10,0.0,1,1.15203857421875,0.0,1.176959228515625,0
1,11,-0.001361846923828125,1,1.3618468046188354,0.0,1.170039370059967,0
1,12,0.0,1,1.3618468046188354,0.0,1.1727630639076232,0
1,13,-0.00151824951171875,1,1.5182493925094604,0.0,1.1665985131263732,0
1,14,0.0,1,1.5182493925094604,0.0,1.1696350121498107,0
1,15,0.0,1,1.5182493925094604,0.0,1.1696350121498107,0
1,16,-0.00167083740234375,1,1.6708372831344604,0.0,1.1632415795326232,0
1,17,0.0,1,1.6708372831344604,0.0,1.1665832543373107,0
1,18,-0.003742218017578125,1,1.9378660917282104,0.0,1.1537582421302794,0
1,19,0.0,1,1.9378660917282104,0.0,1.1612426781654357,0
1,20,-0.002063751220703125,1,2.063751220703125,0.0,1.1545974731445312,0
1,21,0.0,1,2.063751220703125,0.0,1.1587249755859375,0
1,22,0.0,1,2.063751220703125,0.0,1.1587249755859375,0
1,23,-0.014492034912109375,1,2.601623296737671,0.0,1.1189834642410277,0
1,24,-0.024639129638671875,1,0.8277892470359802,0.0,1.1341659557819366,0
1,25,0.04099273681640625,1,5.306243419647217,0.0,1.1758606052398681,0
1,26,0.041278839111328125,1,4.215240478515625,0.0,1.1982528686523437,0
1,27,0.04068756103515625,1,3.883361577987671,0.0,1.2037078905105592,0
1,28,0.03571319580078125,1,3.448486089706421,0.0,1.2024566698074342,0
1,29,0.0385894775390625,1,3.356933355331421,0.0,1.2100402879714967,0
1,30,0.02706146240234375,1,2.727508306503296,0.0,1.1995727586746214,0
1,31,0.022335052490234375,1,1.3236998319625854,0.0,1.218196108341217,0
1,32,-0.0048370361328125,1,1.049041748046875,0.0,1.1693450927734375,0
1,33,-0.00020599365234375,1,0.579833984375,0.0,1.1879913330078125,0
1,34,0.00745391845703125,1,0.8621215224266052,0.0,1.1976654064655303,0
1,35,0.005558013916015625,1,0.1144409105181694,0.0,1.208827209621668,0
1,36,-0.009334564208984375,1,1.6632078886032104,0.0,1.148066713809967,0
1,37,-0.02335357666015625,1,3.982543706893921,0.0,1.0736419725418092,0
1,38,-0.0665130615234375,1,7.438659191131592,0.0,0.9182006931304931,0
1,39,-0.05838775634765625,1,4.69970703125,0.0,0.9892303466796875,0
1,40,-0.036518096923828125,1,2.834319829940796,0.0,1.0702774095535277,0
1,41,-0.019641876220703125,1,1.3923643827438354,0.0,1.132868959903717,0
1,42,-0.00925445556640625,1,0.3929137885570526,0.0,1.1736328130960465,0
1,43,0.0054168701171875,1,1.3847349882125854,0.0,1.1831390404701232,0
1,44,0.026920318603515625,1,2.674102544784546,0.0,1.2003585863113402,0
1,45,0.019145965576171875,1,1.3694761991500854,0.0,1.210902407169342,0
1,46,-0.002201080322265625,1,1.5296934843063354,0.0,1.165003969669342,0
1,47,-0.030651092529296875,1,4.1046142578125,0.0,1.0566055297851562,0
1,48,-0.053867340087890625,1,5.073546886444092,0.0,0.9907943820953369,0
1,49,-0.04319000244140625,1,4.82177734375,0.0,1.0171844482421875,0
1,50,-0.05107879638671875,1,4.543304443359375,0.0,1.006976318359375,0
1,51,-0.0277862548828125,1,1.8920897245407104,0.0,1.1065856957435607,0
1,52,-0.02065277099609375,1,2.4871826171875,0.0,1.1089508056640625,0
1,53,-0.02099609375,1,0.1144409105181694,0.0,1.1557189942896366,0
1,54,0.049472808837890625,1,7.308959484100342,0.0,1.1527664279937744,0
1,55,0.07276153564453125,1,5.336760997772217,0.0,1.2387878513336181,0
1,56,0.033565521240234375,1,3.505706548690796,0.0,1.197016911506653,0
1,57,0.049297332763671875,1,5.020141124725342,0.0,1.1981918430328369,0
1,58,0.03379058837890625,1,1.7127989530563354,0.0,1.2333251976966857,0
1,59,0.0078887939453125,1,0.8125304579734802,0.0,1.1995269787311553,0
1,60,0.01904296875,1,3.028869390487671,0.0,1.1775085496902464,0
1,61,0.04547882080078125,1,4.688262939453125,0.0,1.1971923828125,0
1,62,0.028491973876953125,1,0.614166259765625,0.0,1.2447006225585937,0
1,63,-0.01311492919921875,1,3.173827886581421,0.0,1.1102935838699342,0
1,64,-0.052978515625,1,6.042479991912842,0.0,0.9731933689117431,0
1,65,-0.055568695068359375,1,4.322052001953125,0.0,1.0024215698242187,0
1,66,-0.0334320068359375,1,3.234863042831421,0.0,1.0684387254714967,0
1,67,-0.025287628173828125,1,1.6136168241500854,0.0,1.117152407169342,0
1,68,0.000469207763671875,1,1.178741455078125,0.0,1.1773635864257812,0
1,69,0.020648956298828125,1,2.563476324081421,0.0,1.1900283861160277,0
1,70,0.027812957763671875,1,3.055572271347046,0.0,1.1945144701004027,0
1,71,0.034229278564453125,1,3.063201665878296,0.0,1.2071945238113402,0
1,72,0.0144500732421875,1,0.6904601454734802,0.0,1.2150909435749053,0
1,73,0.00344085693359375,1,0.0953674241900444,0.0,1.2049743653833866,0
1,74,0.00189971923828125,1,0.7057189345359802,0.0,1.1896850597858428,0
1,75,0.01708984375,1,2.391815185546875,0.0,1.1863433837890625,0
1,76,0.026157379150390625,1,3.261565923690796,0.0,1.1870834398269654,0
1,77,0.035190582275390625,1,3.368377447128296,0.0,1.2030136156082154,0
1,78,0.026210784912109375,1,1.3656615018844604,0.0,1.2251083397865294,0
1,79,0.0007171630859375,1,1.110076904296875,0.0,1.1792327880859375,0
1,80,-0.020015716552734375,1,2.475738525390625,0.0,1.1104537963867187,0
1,81,-0.018901824951171875,1,1.7280577421188354,0.0,1.1276351952552794,0
1,82,-0.02234649658203125,1,2.079010009765625,0.0,1.113726806640625,0
1,83,-0.010593414306640625,1,0.2098083347082138,0.0,1.1746170046925544,0
1,84,0.032848358154296875,1,3.524780035018921,0.0,1.1952011156082154,0
1,85,0.020244598388671875,1,1.2817381620407104,0.0,1.2148544335365294,0
1,86,0.00215911865234375,1,0.3890990912914276,0.0,1.196536255478859,0
1,87,-0.00605010986328125,1,0.7095336318016052,0.0,1.1737091076374053,0
1,88,-0.009449005126953125,1,1.13677978515625,0.0,1.1583663940429687,0
1,89,-0.014545440673828125,1,2.06756591796875,0.0,1.1295578002929687,0
1,90,-0.035900115966796875,1,5.447387218475342,0.0,1.0192520236968994,0
1,91,-0.08464431762695312,1,9.487152099609375,0.0,0.8409683227539062,0
1,92,-0.07889938354492188,1,5.920409679412842,0.0,0.9237930393218994,0
1,93,-0.024761199951171875,1,0.270843505859375,0.0,1.1450607299804687,0
1,94,0.01155853271484375,1,1.9111632108688354,0.0,1.1848938012123107,0
1,95,0.02188873291015625,1,2.906799077987671,0.0,1.185641484260559,0
1,96,0.045864105224609375,1,5.504607677459717,0.0,1.1816360569000244,0
1,97,0.055782318115234375,1,4.833221435546875,0.0,1.2149002075195312,0
1,98,0.024089813232421875,1,0.2288818210363388,0.0,1.2436019900441169,0
1,99,-0.02474212646484375,1,3.505706548690796,0.0,1.0804016160964967,0
1,100,-0.025722503662109375,1,1.8501280546188354,0.0,1.1115524315834044,0
1,101,-0.0106048583984375,1,0.3929137885570526,0.0,1.170932007431984,0
1,102,0.00331878662109375,1,0.4158019721508026,0.0,1.1983215337991715,0
1,103,-0.004650115966796875,1,1.3771055936813354,0.0,1.1631576561927794,0
1,104,-0.026363372802734375,1,2.807616949081421,0.0,1.0911209154129027,0
1,105,-0.01412200927734375,1,0.1907348483800888,0.0,1.1679412844777106,0
1,106,0.01042938232421875,1,1.5525816679000854,0.0,1.1898071312904357,0
1,107,-0.0080413818359375,1,1.3961790800094604,0.0,1.1559936547279357,0
1,108,0.001155853271484375,1,0.7553099989891052,0.0,1.1872055065631866,0
1,109,0.010280609130859375,1,2.03704833984375,0.0,1.1798202514648437,0
1,110,0.034648895263671875,1,3.166198492050171,0.0,1.2059738206863404,0
1,111,0.01416015625,1,0.8926391005516052,0.0,1.2104675304889678,0
1,112,0.008480072021484375,1,0.29754638671875,0.0,1.2110092163085937,0
1,113,-0.034030914306640625,1,4.60052490234375,0.0,1.0399276733398437,0
1,114,-0.035289764404296875,1,2.574920415878296,0.0,1.0779220628738402,0
1,115,-0.01617431640625,1,2.25067138671875,0.0,1.122637939453125,0
1,116,-0.05399322509765625,1,6.980895519256592,0.0,0.9523956394195556,0
1,117,-0.06682586669921875,1,4.955291748046875,0.0,0.967242431640625,0
1,118,-0.006404876708984375,1,0.7476806044578552,0.0,1.172236634492874,0
1,119,-0.0143890380859375,1,1.4762877225875854,0.0,1.1416961693763732,0
1,120,-0.004180908203125,1,1.0528564453125,0.0,1.1705810546875,0
1,121,-0.040332794189453125,1,4.924774169921875,0.0,1.0208389282226562,0
1,122,-0.033660888671875,1,1.7623900175094604,0.0,1.0974304223060607,0
1,123,-0.007740020751953125,1,0.3356933295726776,0.0,1.1778060919046403,0
1,124,0.000576019287109375,1,0.6866454482078552,0.0,1.1874191296100616,0
1,125,0.019641876220703125,1,2.796172857284546,0.0,1.1833602952957152,0
1,126,0.038463592529296875,1,4.1961669921875,0.0,1.1930038452148437,0
1,127,0.042568206787109375,1,4.45556640625,0.0,1.1960250854492187,0
1,128,0.025722503662109375,1,0.148773193359375,0.0,1.2484695434570312,0
1,129,-0.04135894775390625,1,3.543853521347046,0.0,1.0464050340652467,0
1,130,-0.0023956298828125,1,0.9155272841453552,0.0,1.1768981945514678,0
1,131,-0.001964569091796875,1,1.06048583984375,0.0,1.1748611450195312,0
1,132,-0.01882171630859375,1,2.002716064453125,0.0,1.12230224609375,0
1,133,-0.012115478515625,1,0.9346007704734802,0.0,1.1570770275592803,0
1,134,-0.012516021728515625,1,1.3504027128219604,0.0,1.1479599022865294,0
1,135,-0.011005401611328125,1,0.6103515625,0.0,1.1657821655273437,0
1,136,0.00231170654296875,1,0.4196166694164276,0.0,1.196231079697609,0
1,137,-0.022098541259765625,1,4.634857177734375,0.0,1.0631057739257812,0
1,138,-0.0777740478515625,1,7.362365245819092,0.0,0.8972045993804931,0
1,139,-0.01978302001953125,1,0.278472900390625,0.0,1.154864501953125,0
1,140,-0.029827117919921875,1,4.02069091796875,0.0,1.0599319458007812,0
1,141,-0.03112030029296875,1,2.414703369140625,0.0,1.08946533203125,0
1,142,-0.017017364501953125,1,1.2969969511032104,0.0,1.1400253319740294,0
1,143,-0.010456085205078125,1,1.0528564453125,0.0,1.1580307006835937,0
1,144,-0.01015472412109375,1,0.9574889540672302,0.0,1.1605407726764678,0
1,145,-0.009632110595703125,1,0.308990478515625,0.0,1.1745559692382812,0
1,146,0.048839569091796875,1,7.553100109100342,0.0,1.1466171360015869,0
1,147,0.08785247802734375,1,10.486601829528809,0.0,1.1659729194641113,0
1,148,0.09381103515625,1,8.1329345703125,0.0,1.22496337890625,0
1,149,0.05849456787109375,1,3.326415777206421,0.0,1.2504608201980592,0
1,150,-0.003849029541015625,1,2.826690435409546,0.0,1.1357681322097777,0
1,151,-0.04541778564453125,1,4.573822021484375,0.0,1.01768798828125,0
1,152,-0.04180908203125,1,2.964019536972046,0.0,1.057101445198059,0
1,153,-0.0211944580078125,1,2.094268798828125,0.0,1.1157257080078125,0
1,154,-0.021266937255859375,1,3.158569097518921,0.0,1.094294743537903,0
1,155,-0.047855377197265625,1,4.810333251953125,0.0,1.0080825805664062,0
1,156,-0.043720245361328125,1,3.986358404159546,0.0,1.032832341194153,0
1,157,-0.034030914306640625,1,2.590179204940796,0.0,1.0801345872879027,0
1,158,-0.011699676513671875,1,0.7362365126609802,0.0,1.1618759167194366,0
1,159,-0.01532745361328125,1,2.0751953125,0.0,1.1278411865234375,0
1,160,-0.025516510009765625,1,3.070831060409546,0.0,1.0875503587722777,0
1,161,-0.03891754150390625,1,4.375457763671875,0.0,1.03465576171875,0
1,162,-0.045482635498046875,1,4.40216064453125,0.0,1.0209915161132812,0
1,163,-0.037097930908203125,1,3.170013189315796,0.0,1.062403874397278,0
1,164,-0.026340484619140625,1,2.46429443359375,0.0,1.0980331420898437,0
1,165,-0.027530670166015625,1,2.956390142440796,0.0,1.0858108568191527,0
1,166,-0.032318115234375,1,3.787994146347046,0.0,1.0596038866043092,0
1,167,-0.04869842529296875,1,4.901885986328125,0.0,1.0045654296875,0
1,168,-0.033660888671875,1,2.11334228515625,0.0,1.090411376953125,0
1,169,-0.005718231201171875,1,0.8773803114891052,0.0,1.171015931367874,0
1,170,0.026233673095703125,1,2.597808599472046,0.0,1.2005111742019652,0
1,171,0.000946044921875,1,1.0223388671875,0.0,1.1814453125,0
1,172,-0.0072479248046875,1,0.8430480360984802,0.0,1.1686431896686553,0
1,173,-0.015583038330078125,1,1.7166136503219604,0.0,1.1345016503334044,0
1,174,-0.011615753173828125,1,0.9193419814109802,0.0,1.158381654024124,0
1,175,-0.00861358642578125,1,0.7247924208641052,0.0,1.1682769787311553,0
1,176,0.008968353271484375,1,0.8659362196922302,0.0,1.200617982149124,0
1,177,1.1444091796875e-05,1,0.0801086351275444,0.0,1.198420715481043,0
1,178,0.008319854736328125,1,0.9231566786766052,0.0,1.198176575899124,0
1,179,0.00417327880859375,1,0.0495910607278347,0.0,1.2073547364026307,0
1,180,-0.01184844970703125,1,2.01416015625,0.0,1.1360198974609375,0
1,181,-0.02718353271484375,1,2.399444580078125,0.0,1.09764404296875,0
1,182,-0.0147857666015625,1,1.9226073026657104,0.0,1.1319763207435607,0
1,183,-0.031124114990234375,1,4.4708251953125,0.0,1.0483352661132812,0
1,184,-0.059841156005859375,1,6.225585460662842,0.0,0.9558059787750244,0
1,185,-0.06995773315429688,1,7.797240734100342,0.0,0.9041397190093994,0
1,186,-0.07585906982421875,1,7.946013927459717,0.0,0.8893615818023681,0
1,187,-0.05542755126953125,1,3.948211431503296,0.0,1.0101806688308717,0
1,188,-0.02806854248046875,1,1.186370849609375,0.0,1.120135498046875,0
1,189,0.002742767333984375,1,1.01470947265625,0.0,1.1851913452148437,0
1,190,0.0109405517578125,1,1.018524169921875,0.0,1.2015106201171875,0
1,191,2.288818359375e-05,1,1.201629638671875,0.0,1.17601318359375,0
1,192,-0.029376983642578125,1,2.613067388534546,0.0,1.0889846849441527,0
1,193,0.012416839599609375,1,3.612518072128296,0.0,1.152583317756653,0
1,194,0.043941497802734375,1,4.558563232421875,0.0,1.1967117309570312,0
1,195,0.01905059814453125,1,0.8049010634422302,0.0,1.2220031750202178,0
1,196,0.01348876953125,1,1.2664793729782104,0.0,1.2016479516029357,0
1,197,0.002475738525390625,1,0.3356933295726776,0.0,1.1982376104593278,0
1,198,-0.003692626953125,1,0.537872314453125,0.0,1.1818572998046875,0
1,199,0.0307464599609375,1,3.967284917831421,0.0,1.1821472215652467,0
1,200,0.03449249267578125,1,3.723144292831421,0.0,1.1945220994949342,0
1,201,0.048381805419921875,1,6.214141368865967,0.0,1.1724807834625244,0
1,202,0.06380462646484375,1,6.477355480194092,0.0,1.1980621433258056,0
1,203,0.06525802612304688,1,6.549834728240967,0.0,1.1995193576812744,0
1,204,0.06523513793945312,1,6.343841075897217,0.0,1.2035934543609619,0
1,205,0.05934906005859375,1,5.954741954803467,0.0,1.1996032810211181,0
1,206,0.06641769409179688,1,7.171630382537842,0.0,1.1894027805328369,0
1,207,0.07663345336914062,1,7.701873302459717,0.0,1.1992294406890869,0
1,208,0.06911087036132812,1,5.535125255584717,0.0,1.2275192356109619,0
1,209,0.02915191650390625,1,2.34222412109375,0.0,1.2114593505859375,0
1,210,0.041477203369140625,1,3.845214605331421,0.0,1.206050114631653,0
1,211,0.005435943603515625,1,1.4228819608688354,0.0,1.1824142479896544,0
1,212,-0.023906707763671875,1,1.9111632108688354,0.0,1.1139633202552794,0
1,213,0.002834320068359375,1,2.292633056640625,0.0,1.1598159790039062,0
1,214,0.0447235107421875,1,5.950927257537842,0.0,1.1704284763336181,0
1,215,0.06869125366210938,1,6.694793224334717,0.0,1.2034866428375244,0
1,216,0.057098388671875,1,5.661010265350342,0.0,1.2009765720367431,0
1,217,0.0560455322265625,1,6.439208507537842,0.0,1.1833068943023681,0
1,218,0.062381744384765625,1,6.050109386444092,0.0,1.2037613010406494,0
1,219,0.06563949584960938,1,6.587981700897217,0.0,1.1995193576812744,0
1,220,0.06938552856445312,1,8.251190185546875,0.0,1.1737472534179687,0
1,221,0.08354949951171875,1,8.7738037109375,0.0,1.1916229248046875,0
1,222,0.09697723388671875,1,9.578704833984375,0.0,1.20238037109375,0
1,223,0.08003616333007812,1,7.499694347381592,0.0,1.2100784397125244,0
1,224,0.09514617919921875,1,10.341643333435059,0.0,1.1834594917297363,0
1,225,0.12435150146484375,1,13.153075218200684,0.0,1.1856414985656738,0
1,226,0.11187744140625,1,10.524748802185059,0.0,1.2132599067687988,0
1,227,0.06134033203125,1,3.059386968612671,0.0,1.2614929246902464,0
1,228,0.023113250732421875,1,1.9302366971969604,0.0,1.2076217675209044,0
1,229,0.0158843994140625,1,1.6784666776657104,0.0,1.1981994652748107,0
1,230,0.018341064453125,1,2.716064214706421,0.0,1.1823608446121214,0
1,231,0.058635711669921875,1,7.278441905975342,0.0,1.1717025852203369,0
1,232,0.08776092529296875,1,9.51385498046875,0.0,1.1852447509765625,0
1,233,0.0574798583984375,1,10.505675315856934,0.0,1.1048462104797363,0
1,234,-0.12078857421875,1,12.897490501403809,0.0,0.7004730415344238,0
1,235,-0.14106369018554688,1,12.035368919372559,0.0,0.677165241241455,0
1,236,-0.09499359130859375,1,9.571075439453125,0.0,0.81859130859375,0
1,237,-0.08661651611328125,1,8.1024169921875,0.0,0.8647186279296875,0
1,238,-0.07500076293945312,1,5.790709972381592,0.0,0.9341842746734619,0
1,239,-0.018444061279296875,1,0.1678466647863388,0.0,1.1597549441456794,0
1,240,-0.005710601806640625,1,0.8354186415672302,0.0,1.171870423555374,0
1,241,-0.005279541015625,1,0.8201598525047302,0.0,1.1730377209186553,0
1,242,0.02783203125,1,3.078460454940796,0.0,1.194094853401184,0
1,243,0.020000457763671875,1,1.155853271484375,0.0,1.2168838500976562,0
1,244,0.00319671630859375,1,0.2250671237707138,0.0,1.2018920901417731,0
1,245,-0.007030487060546875,1,0.4196166694164276,0.0,1.1775466924905778,0
1,246,0.0135345458984375,1,2.361297607421875,0.0,1.1798431396484375,0
1,247,0.02685546875,1,2.876281499862671,0.0,1.1961853075027464,0
1,248,0.0169830322265625,1,1.087188720703125,0.0,1.2122222900390625,0
1,249,0.01094818115234375,1,1.4648436307907104,0.0,1.1925994896888732,0
1,250,0.025447845458984375,1,1.7776488065719604,0.0,1.2153427147865294,0
1,251,0.001739501953125,1,0.5035400390625,0.0,1.193408203125,0
1,252,-0.0045928955078125,1,0.8697509169578552,0.0,1.1734191906452178,0
1,253,-0.02063751220703125,1,2.498626708984375,0.0,1.10875244140625,0
1,254,-0.022495269775390625,1,1.9111632108688354,0.0,1.116786196231842,0
1,255,-0.017932891845703125,1,1.9454954862594604,0.0,1.1252243065834044,0
1,256,-0.01634979248046875,1,1.1749267578125,0.0,1.1438018798828125,0
1,257,-0.002223968505859375,1,0.6561278700828552,0.0,1.182429505586624,0
1,258,0.018093109130859375,1,2.3651123046875,0.0,1.1888839721679687,0
1,259,0.022979736328125,1,2.13623046875,0.0,1.20323486328125,0
1,260,0.017330169677734375,1,1.3313292264938354,0.0,1.208033754825592,0
1,261,0.00713348388671875,1,0.2288818210363388,0.0,1.2096893313527106,0
1,262,-0.002895355224609375,1,0.583648681640625,0.0,1.1825363159179687,0
1,263,-0.00516510009765625,1,0.4158019721508026,0.0,1.1813537603616715,0
1,264,0.01859283447265625,1,2.105712890625,0.0,1.1950714111328125,0
1,265,0.012935638427734375,1,0.9422301650047302,0.0,1.207026673555374,0
1,266,0.00580596923828125,1,0.9346007704734802,0.0,1.1929199230670928,0
1,267,0.020366668701171875,1,2.590179204940796,0.0,1.1889297533035277,0
1,268,0.026638031005859375,1,2.323150634765625,0.0,1.2068130493164062,0
1,269,0.015338897705078125,1,1.6784666776657104,0.0,1.197108461856842,0
1,270,0.02770233154296875,1,2.998351812362671,0.0,1.195437626838684,0
1,271,0.032665252685546875,1,3.643035650253296,0.0,1.192469792366028,0
1,272,0.036533355712890625,1,4.108428955078125,0.0,1.1908981323242187,0
1,273,0.036479949951171875,1,3.284454107284546,0.0,1.207270817756653,0
1,274,0.029224395751953125,1,2.815246343612671,0.0,1.2021438646316527,0
1,275,0.03326416015625,1,3.067016363143921,0.0,1.2051879930496214,0
1,276,0.02501678466796875,1,1.9264219999313354,0.0,1.2115051293373107,0
1,277,-0.000797271728515625,1,0.545501708984375,0.0,1.1874954223632812,0
1,278,0.007610321044921875,1,0.4768371284008026,0.0,1.2056838995218278,0
1,279,-0.021697998046875,1,3.494262456893921,0.0,1.0867187547683717,0
1,280,-0.034671783447265625,1,3.211974859237671,0.0,1.0664169359207154,0
1,281,-0.024871826171875,1,1.9683836698532104,0.0,1.1108886742591857,0
1,282,-0.01540374755859375,1,1.4190672636032104,0.0,1.1408111596107482,0
1,283,-0.0172271728515625,1,2.048492431640625,0.0,1.1245758056640625,0
1,284,-0.025543212890625,1,2.834319829940796,0.0,1.092227177619934,0
1,285,-0.027294158935546875,1,0.6599425673484802,0.0,1.1322128307819366,0
1,286,0.02063751220703125,1,3.791808843612671,0.0,1.1654388475418092,0
1,287,0.041744232177734375,1,4.642486572265625,0.0,1.1906387329101562,0
1,288,0.05957794189453125,1,5.516051769256592,0.0,1.2088348484039306,0
1,289,0.047946929931640625,1,3.631591558456421,0.0,1.223262028694153,0
1,290,0.019878387451171875,1,1.4533995389938354,0.0,1.210688784122467,0
1,291,0.013072967529296875,1,0.54931640625,0.0,1.2151596069335937,0
1,292,-0.02320098876953125,1,2.880096197128296,0.0,1.0959960985183714,0
1,293,-0.0201873779296875,1,1.190185546875,0.0,1.135821533203125,0
1,294,-0.0038299560546875,1,0.576019287109375,0.0,1.1808197021484375,0
1,295,-0.018436431884765625,1,1.4610289335250854,0.0,1.133906557559967,0
1,296,0.01372528076171875,1,1.3580321073532104,0.0,1.2002899193763732,0
1,297,-0.00890350341796875,1,2.784728765487671,0.0,1.126498417854309,0
1,298,-0.038982391357421875,1,4.15802001953125,0.0,1.0388748168945312,0
1,299,-0.016170501708984375,1,0.621795654296875,0.0,1.1552230834960937,0
1,300,-0.0103302001953125,1,0.6713866591453552,0.0,1.1659118664264678,0
1,301,0.003101348876953125,1,1.041412353515625,0.0,1.1853744506835937,0
1,302,0.018894195556640625,1,3.276824712753296,0.0,1.1722518968582154,0
1,303,0.057743072509765625,1,5.870818614959717,0.0,1.1980697727203369,0
1,304,0.0329132080078125,1,3.696441411972046,0.0,1.1918975877761842,0
1,305,0.0612640380859375,1,7.129668712615967,0.0,1.1799347019195556,0
1,306,0.039272308349609375,1,3.036498785018921,0.0,1.2178146409988402,0
1,307,-0.048618316650390625,1,5.226134777069092,0.0,0.9982406711578369,0
1,308,-0.03493499755859375,1,2.510070562362671,0.0,1.079928593635559,0
1,309,-0.021312713623046875,1,1.8348692655563354,0.0,1.1206771874427794,0
1,310,-0.013057708740234375,1,0.015258788131177425,0.0,1.1735794067569076,0
1,311,0.02608489990234375,1,2.609252691268921,0.0,1.199984745979309,0
1,312,-0.011280059814453125,1,1.7013548612594604,0.0,1.1434127831459044,0
1,313,4.1961669921875e-05,1,1.3160704374313354,0.0,1.173762514591217,0
1,314,0.025295257568359375,1,1.8157957792282104,0.0,1.2142745995521544,0
1,315,-0.017795562744140625,1,2.933501958847046,0.0,1.1057388353347777,0
1,316,-0.016010284423828125,1,2.262115478515625,0.0,1.1227371215820312,0
1,317,-0.042057037353515625,1,5.348205089569092,0.0,1.0089218235015869,0
1,318,-0.0393218994140625,1,2.944946050643921,0.0,1.0624572801589964,0
1,319,-0.02216339111328125,1,1.247406005859375,0.0,1.13072509765625,0
1,320,-0.004116058349609375,1,0.4615783393383026,0.0,1.1825363165140153,0
1,321,0.02239990234375,1,3.856658697128296,0.0,1.1676666307449342,0
1,322,0.056774139404296875,1,5.348205089569092,0.0,1.2065841770172119,0
1,323,0.02155303955078125,1,1.9302366971969604,0.0,1.2045013451576232,0
1,324,0.056247711181640625,1,6.607055187225342,0.0,1.1803543186187744,0
1,325,0.04331207275390625,1,3.849029302597046,0.0,1.2096435594558717,0
1,326,-0.024600982666015625,1,6.370543956756592,0.0,1.0233871555328369,0
1,327,-0.052310943603515625,1,4.547119140625,0.0,1.0044357299804687,0
1,328,-0.01538848876953125,1,0.2250671237707138,0.0,1.1647216799855231,0
1,329,0.011993408203125,1,1.6822813749313354,0.0,1.1903411889076232,0
1,330,0.021087646484375,1,2.38037109375,0.0,1.19456787109375,0
1,331,0.02216339111328125,1,2.197265625,0.0,1.2003814697265625,0
1,332,0.012447357177734375,1,0.583648681640625,0.0,1.2132217407226562,0
1,333,0.00159454345703125,1,0.4692077338695526,0.0,1.1938049322366715,0
1,334,0.024997711181640625,1,4.032135009765625,0.0,1.1693527221679687,0
1,335,-0.01857757568359375,1,7.343291759490967,0.0,1.0159790134429931,0
1,336,-0.08765792846679688,1,8.087158203125,0.0,0.8629409790039062,0
1,337,-0.04340362548828125,1,2.00653076171875,0.0,1.0730621337890625,0
1,338,-0.01775360107421875,1,2.944946050643921,0.0,1.105593876838684,0
1,339,-0.059398651123046875,1,7.972716808319092,0.0,0.9217483615875244,0
1,340,-0.09498977661132812,1,10.116576194763184,0.0,0.80768892288208,0
1,341,-0.09372711181640625,1,7.331847667694092,0.0,0.8659088230133056,0
1,342,-0.02745819091796875,1,1.16729736328125,0.0,1.1217376708984375,0
1,343,-0.035472869873046875,1,4.05120849609375,0.0,1.0480300903320312,0
1,344,-0.033267974853515625,1,2.655029058456421,0.0,1.0803634691238402,0
1,345,-0.000308990478515625,1,1.4533995389938354,0.0,1.170314028263092,0
1,346,0.020038604736328125,1,2.40325927734375,0.0,1.1920120239257812,0
1,347,0.034580230712890625,1,4.825592041015625,0.0,1.1726486206054687,0
1,348,0.061405181884765625,1,6.286620616912842,0.0,1.1970779514312744,0
1,349,0.019748687744140625,1,0.019073486328125,0.0,1.2391159057617187,0
1,350,0.003040313720703125,1,0.0953674241900444,0.0,1.2041732789576054,0
1,351,-0.010578155517578125,1,2.101898193359375,0.0,1.1368057250976562,0
1,352,-0.03327178955078125,1,3.398895025253296,0.0,1.0654785203933717,0
1,353,-0.0184326171875,1,0.9117125868797302,0.0,1.1449005138874053,0
1,354,-0.006427764892578125,1,1.01470947265625,0.0,1.1668502807617187,0
1,355,-0.015766143798828125,1,1.064300537109375,0.0,1.1471817016601562,0
1,356,0.01599884033203125,1,1.247406005859375,0.0,1.207049560546875,0
1,357,-0.0330963134765625,1,4.619598388671875,0.0,1.0414154052734375,0
1,358,-0.018192291259765625,1,0.034332275390625,0.0,1.1629287719726562,0
1,359,0.014003753662109375,1,2.346038818359375,0.0,1.1810867309570312,0
1,360,0.03208160400390625,1,4.09698486328125,0.0,1.1822235107421875,0
1,361,0.051364898681640625,1,4.37164306640625,0.0,1.2152969360351562,0
1,362,0.006870269775390625,1,1.4114378690719604,0.0,1.185511782169342,0
1,363,-0.02233123779296875,1,1.6746519804000854,0.0,1.1218444848060607,0
1,364,-0.003429412841796875,1,0.7591246962547302,0.0,1.1779586803913116,0
1,365,0.01357269287109375,1,0.7553099989891052,0.0,1.2120391857624053,0
1,366,-0.022846221923828125,1,2.864837408065796,0.0,1.0970108079910277,0
1,367,-0.00173187255859375,1,0.8316039443016052,0.0,1.1799041759967803,0
1,368,0.004932403564453125,1,0.3547668159008026,0.0,1.2027694708108903,0
1,369,0.00252532958984375,1,0.02288818173110485,0.0,1.2045928955450653,0
1,370,-0.007823944091796875,1,1.0528564453125,0.0,1.1632949829101562,0
1,371,-0.00457000732421875,1,1.026153564453125,0.0,1.1703369140625,0
1,372,0.025203704833984375,1,2.529144048690796,0.0,1.1998245286941527,0
1,373,-0.00467681884765625,1,0.8239745497703552,0.0,1.1741668713092803,0
1,374,0.027408599853515625,1,3.791808843612671,0.0,1.178981022834778,0
1,375,0.032501220703125,1,3.795623540878296,0.0,1.1890899705886842,0
1,376,0.045871734619140625,1,5.084990978240967,0.0,1.1900436496734619,0
1,377,0.051265716552734375,1,3.974914312362671,0.0,1.2230331468582154,0
1,378,0.005985260009765625,1,0.7171630263328552,0.0,1.197627259492874,0
1,379,-0.004238128662109375,1,0.9002684950828552,0.0,1.173518372774124,0
1,380,-0.027057647705078125,1,4.50897216796875,0.0,1.0557052612304687,0
1,381,-0.074371337890625,1,6.027221202850342,0.0,0.9307129001617431,0
1,382,-0.027679443359375,1,2.025604248046875,0.0,1.1041290283203125,0
1,383,-0.029079437255859375,1,2.918243169784546,0.0,1.0834762620925902,0
1,384,-0.0161895751953125,1,0.54168701171875,0.0,1.156787109375,0
1,385,0.0011138916015625,1,2.01416015625,0.0,1.161944580078125,0
1,386,-0.055187225341796875,1,7.778167247772217,0.0,0.9340622043609619,0
1,387,-0.06610488891601562,1,4.596710205078125,0.0,0.9758560180664062,0
1,388,-0.00548553466796875,1,0.6599425673484802,0.0,1.1758300793170928,0
1,389,-0.0010223388671875,1,0.7362365126609802,0.0,1.1832305920124053,0
1,390,0.044094085693359375,1,6.778716564178467,0.0,1.1526138401031494,0
1,391,0.093353271484375,1,9.555816650390625,0.0,1.1955902099609375,0
1,392,0.10010910034179688,1,9.91058349609375,0.0,1.2020065307617187,0
1,393,0.08264923095703125,1,8.32366943359375,0.0,1.1988250732421875,0
1,394,0.0697479248046875,1,4.123687744140625,0.0,1.2570220947265625,0
1,395,0.019092559814453125,1,2.0751953125,0.0,1.1966812133789062,0
1,396,0.03456878662109375,1,4.138946533203125,0.0,1.186358642578125,0
1,397,0.02480316162109375,1,0.530242919921875,0.0,1.23900146484375,0
1,398,-0.009731292724609375,1,0.9956359267234802,0.0,1.1606246960163116,0
1,399,0.001811981201171875,1,1.2702940702438354,0.0,1.178218080997467,0
1,400,0.02423095703125,1,0.2593994140625,0.0,1.24327392578125,0
1,401,-0.034984588623046875,1,3.143310308456421,0.0,1.067164616584778,0
1,402,-0.0026397705078125,1,1.4152525663375854,0.0,1.1664154076576232,0
1,403,-0.047603607177734375,1,5.859374523162842,0.0,0.9876052951812744,0
1,404,-0.0210113525390625,1,0.26702880859375,0.0,1.15263671875,0
1,405,0.009609222412109375,1,1.3160704374313354,0.0,1.192897036075592,0
1,406,0.008472442626953125,1,0.60272216796875,0.0,1.2048904418945312,0
1,407,-0.001247406005859375,1,0.4768371284008026,0.0,1.1879684454202653,0
1,408,-0.005023956298828125,1,0.7019042372703552,0.0,1.1759140026569366,0
1,409,-0.01177215576171875,1,1.129150390625,0.0,1.1538726806640625,0
1,410,-0.005275726318359375,1,0.9231566786766052,0.0,1.170985413789749,0
1,411,-0.017673492431640625,1,1.5411375761032104,0.0,1.1338302636146544,0
1,412,0.0113677978515625,1,1.2931822538375854,0.0,1.1968719506263732,0
1,413,-3.814697265625e-05,1,0.3890990912914276,0.0,1.192141724228859,0
1,414,0.018520355224609375,1,1.5106199979782104,0.0,1.2068283104896544,0
1,415,-0.000370025634765625,1,0.1754760593175888,0.0,1.1957504275441169,0
1,416,0.01476287841796875,1,1.9607542753219604,0.0,1.1903106713294982,0
1,417,0.00959014892578125,1,0.0877380296587944,0.0,1.2174255372583866,0
1,418,-0.003055572509765625,1,0.02288818173110485,0.0,1.1934310913458466,0
1,419,0.01535797119140625,1,2.517699956893921,0.0,1.180361943244934,0
1,420,0.0296173095703125,1,2.4566650390625,0.0,1.210101318359375,0
1,421,0.0056915283203125,1,0.3662109076976776,0.0,1.2040588384866715,0
1,422,0.03115081787109375,1,4.940032958984375,0.0,1.1635009765625,0
1,423,0.0586395263671875,1,6.351470470428467,0.0,1.1902496433258056,0
1,424,0.00803375244140625,1,2.407073974609375,0.0,1.167926025390625,0
1,425,-0.026546478271484375,1,3.334045171737671,0.0,1.080226140022278,0
1,426,-0.05536651611328125,1,5.928039073944092,0.0,0.9707061862945556,0
1,427,-0.0553741455078125,1,6.164550304412842,0.0,0.9659607028961181,0
1,428,-0.05831146240234375,1,5.516051769256592,0.0,0.9730560398101806,0
1,429,-0.04804229736328125,1,3.108978033065796,0.0,1.0417358446121214,0
1,430,0.008304595947265625,1,3.383636236190796,0.0,1.1489364671707154,0
1,431,0.04876708984375,1,4.69970703125,0.0,1.2035400390625,0
1,432,0.020275115966796875,1,0.4386901557445526,0.0,1.2317764288187028,0
1,433,-0.001682281494140625,1,0.1373291015625,0.0,1.1938888549804687,0
1,434,0.0156707763671875,1,0.9117125868797302,0.0,1.2131073009967803,0
1,435,-0.029636383056640625,1,4.8980712890625,0.0,1.0427658081054687,0
1,436,-0.0499725341796875,1,5.336760997772217,0.0,0.9933197116851806,0
1,437,-0.06441116333007812,1,8.258819580078125,0.0,0.9060012817382812,0
1,438,-0.1159210205078125,1,11.962889671325684,0.0,0.7289001655578613,0
1,439,-0.08399200439453125,1,6.919860363006592,0.0,0.8936187839508056,0
1,440,-0.07642364501953125,1,7.488250255584717,0.0,0.8973877048492431,0
1,441,-0.060825347900390625,1,5.561828136444092,0.0,0.9671127414703369,0
1,442,-0.06136322021484375,1,3.654479742050171,0.0,1.0041839647293092,0
1,443,-0.003383636474609375,1,0.6103515625,0.0,1.1810256958007812,0
1,444,-0.0068359375,1,0.1373291015625,0.0,1.18358154296875,0
1,445,0.044719696044921875,1,7.469176769256592,0.0,1.1400558567047119,0
1,446,0.09769058227539062,1,10.402678489685059,0.0,1.18732759475708,0
1,447,0.09511184692382812,1,6.942748546600342,0.0,1.2513687229156494,0
1,448,0.04743194580078125,1,4.627227783203125,0.0,1.2023193359375,0
1,449,0.046833038330078125,1,3.181457281112671,0.0,1.230036931037903,0
1,450,-0.01212310791015625,1,3.589629888534546,0.0,1.1039611864089967,0
1,451,-0.0415191650390625,1,4.4403076171875,0.0,1.028155517578125,0
1,452,-0.044300079345703125,1,4.29534912109375,0.0,1.0254928588867187,0
1,453,-0.041107177734375,1,4.85992431640625,0.0,1.020587158203125,0
1,454,-0.06937789916992188,1,6.515502452850342,0.0,0.9309341526031494,0
1,455,-0.025676727294921875,1,1.3999937772750854,0.0,1.1206466698646544,0
1,456,-0.0381011962890625,1,5.714416027069092,0.0,1.0095092868804931,0
1,457,-0.0745086669921875,1,6.999969005584717,0.0,0.9109832859039306,0
1,458,-0.03136444091796875,1,1.4648436307907104,0.0,1.1079742455482482,0
1,459,-0.0188140869140625,1,1.8234251737594604,0.0,1.1259033226966857,0
1,460,-0.018939971923828125,1,2.323150634765625,0.0,1.1156570434570312,0
1,461,-0.03493499755859375,1,4.299163818359375,0.0,1.044146728515625,0
1,462,-0.047351837158203125,1,4.0130615234375,0.0,1.0250350952148437,0
1,463,-0.011150360107421875,1,1.4190672636032104,0.0,1.149317934513092,0
1,464,0.044097900390625,1,5.306243419647217,0.0,1.1820709323883056,0
1,465,0.0350341796875,1,1.9912718534469604,0.0,1.2302429223060607,0
1,466,0.004001617431640625,1,0.3929137885570526,0.0,1.2001449590921403,0
1,467,0.01564788818359375,1,2.597808599472046,0.0,1.1793396043777464,0
1,468,0.02993011474609375,1,1.9950865507125854,0.0,1.2199584984779357,0
1,469,-0.015300750732421875,1,3.929137945175171,0.0,1.090815739631653,0
1,470,-0.055828094482421875,1,5.504607677459717,0.0,0.9782516574859619,0
1,471,-0.029170989990234375,1,1.4419554471969604,0.0,1.112818911075592,0
1,472,-0.0123748779296875,1,1.8844603300094604,0.0,1.1375610375404357,0
1,473,-0.030364990234375,1,3.768920660018921,0.0,1.0638916063308717,0
1,474,-0.031810760498046875,1,2.761840581893921,0.0,1.0811416673660277,0
1,475,-0.03205108642578125,1,3.402709722518921,0.0,1.0678436326980592,0
1,476,-0.0320892333984375,1,4.276275634765625,0.0,1.0502960205078125,0
1,477,-0.06312179565429688,1,4.611968994140625,0.0,0.9815170288085937,0
1,478,-0.012729644775390625,1,0.3204345405101776,0.0,1.1681320196390153,0
1,479,0.00556182861328125,1,0.6675719618797302,0.0,1.1977722179889678,0
1,480,-0.011566162109375,1,2.002716064453125,0.0,1.1368133544921875,0
1,481,-0.02184295654296875,1,1.129150390625,0.0,1.1337310791015625,0
1,482,0.010982513427734375,1,2.26593017578125,0.0,1.1766464233398437,0
1,483,0.02274322509765625,1,1.7967222929000854,0.0,1.2095520043373107,0
1,484,-0.011260986328125,1,3.002166509628296,0.0,1.117434697151184,0
1,485,-0.038909912109375,1,4.940032958984375,0.0,1.0233795166015625,0
1,486,-0.048465728759765625,1,4.482269287109375,0.0,1.0134231567382812,0
1,487,-0.033954620361328125,1,1.9683836698532104,0.0,1.0927230858802794,0
1,488,0.005970001220703125,1,2.11334228515625,0.0,1.1696731567382812,0
1,489,0.030101776123046875,1,2.609252691268921,0.0,1.2080184984207152,0
1,490,0.0187835693359375,1,2.609252691268921,0.0,1.1853820848464964,0
1,491,0.049236297607421875,1,6.420135021209717,0.0,1.1700698947906494,0
1,492,0.07394790649414062,1,7.789611339569092,0.0,1.1921035861968994,0
1,493,0.07612991333007812,1,7.827758312225342,0.0,1.1957046604156494,0
1,494,0.08488082885742188,1,7.816314220428467,0.0,1.2134353733062744,0
1,495,0.05010986328125,1,3.723144292831421,0.0,1.2257568407058717,0
1,496,0.041034698486328125,1,4.6844482421875,0.0,1.1883804321289062,0
1,497,0.05743408203125,1,6.046294689178467,0.0,1.1939422702789306,0
1,498,0.052886962890625,1,4.314422607421875,0.0,1.2194854736328125,0
1,499,0.025142669677734375,1,0.4577636420726776,0.0,1.2411300665140153,0
1,500,-0.012096405029296875,1,2.708434820175171,0.0,1.1216384935379027,0
1,501,-0.039703369140625,1,3.421783208847046,0.0,1.0521575975418092,0
1,502,-0.000171661376953125,1,1.9912718534469604,0.0,1.1598312401771544,0
1,503,0.02675628662109375,1,1.9798277616500854,0.0,1.2139160180091857,0
1,504,-0.01132965087890625,1,3.505706548690796,0.0,1.1072265672683717,0
1,505,-0.057651519775390625,1,6.465911388397217,0.0,0.9553787326812744,0
1,506,-0.0479583740234375,1,4.589080810546875,0.0,1.0123016357421875,0
1,507,-0.045978546142578125,1,3.566741704940796,0.0,1.036708073616028,0
1,508,-0.02149200439453125,1,0.0877380296587944,0.0,1.1552612306177616,0
1,509,0.04790496826171875,1,5.104064464569092,0.0,1.1937286472320556,0
1,510,0.0280303955078125,1,1.9950865507125854,0.0,1.2161590600013732,0
1,511,0.01381683349609375,1,0.7781981825828552,0.0,1.2120697033405303,0
1,512,-0.003078460693359375,1,1.4190672636032104,0.0,1.165461733341217,0
1,513,-0.023250579833984375,1,3.059386968612671,0.0,1.0923111009597777,0
1,514,-0.0281982421875,1,2.597808599472046,0.0,1.091647343635559,0
1,515,-0.02370452880859375,1,2.544402837753296,0.0,1.1017028856277464,0
1,516,-0.03539276123046875,1,2.841949224472046,0.0,1.0723754930496214,0
1,517,-0.013072967529296875,1,0.007629394065588713,0.0,1.1737014770600944,0
1,518,0.024078369140625,1,4.0283203125,0.0,1.16759033203125,0
1,519,0.0580596923828125,1,5.855559825897217,0.0,1.1990081882476806,0
1,520,0.051342010498046875,1,4.940032958984375,0.0,1.2038833618164062,0
1,521,0.031658172607421875,1,3.608703374862671,0.0,1.1911422777175904,0
1,522,0.07393646240234375,1,9.39178466796875,0.0,1.1600372314453125,0
1,523,0.09432601928710938,1,8.026123046875,0.0,1.2281295776367187,0
1,524,0.0416717529296875,1,3.082275152206421,0.0,1.2216980028152464,0
1,525,0.050586700439453125,1,4.268646240234375,0.0,1.2158004760742187,0
1,526,-0.0120391845703125,1,3.795623540878296,0.0,1.1000091600418092,0
1,527,-0.039813995361328125,1,4.634857177734375,0.0,1.0276748657226562,0
1,528,-0.04506683349609375,1,5.088805675506592,0.0,1.0080902194976806,0
1,529,-0.06661605834960938,1,6.240844249725342,0.0,0.9419509983062744,0
1,530,-0.029468536376953125,1,1.8310545682907104,0.0,1.1044418358802794,0
1,531,-0.02972412109375,1,2.01416015625,0.0,1.1002685546875,0
1,532,0.021305084228515625,1,3.314971685409546,0.0,1.1763107347488404,0
1,533,0.006134033203125,1,1.2741087675094604,0.0,1.1867858910560607,0
1,534,-0.021549224853515625,1,2.929687261581421,0.0,1.0983078050613402,0
1,535,-0.0297088623046875,1,1.6365050077438354,0.0,1.1078521752357482,0
1,536,0.00151824951171875,1,0.8811950087547302,0.0,1.1854125988483428,0
1,537,0.007244110107421875,1,0.4463195502758026,0.0,1.2055618292093278,0
1,538,-0.004058837890625,1,0.3509521186351776,0.0,1.1848632818460465,0
1,539,0.014720916748046875,1,3.070831060409546,0.0,1.1680252122879027,0
1,540,0.046173095703125,1,4.33349609375,0.0,1.20567626953125,0
1,541,0.024417877197265625,1,2.1820068359375,0.0,1.2051956176757812,0
1,542,0.027240753173828125,1,2.38800048828125,0.0,1.2067214965820312,0
1,543,0.005298614501953125,1,0.7820128798484802,0.0,1.1949569714069366,0
1,544,-0.013580322265625,1,1.6593931913375854,0.0,1.1396514916419982,0
1,545,-0.01262664794921875,1,1.7776488065719604,0.0,1.1391937279701232,0
1,546,-0.03577423095703125,1,3.414153814315796,0.0,1.0601684617996217,0
1,547,-0.00522613525390625,1,0.0495910607278347,0.0,1.1885559082776307,0
1,548,-0.0112457275390625,1,1.8348692655563354,0.0,1.1408111596107482,0
1,549,-0.017726898193359375,1,1.8272398710250854,0.0,1.1280014061927794,0
1,550,-0.01947021484375,1,1.4343260526657104,0.0,1.1323730492591857,0
1,551,0.005214691162109375,1,2.09808349609375,0.0,1.1684677124023437,0
1,552,0.028045654296875,1,2.105712890625,0.0,1.21397705078125,0
1,553,-0.024662017822265625,1,5.661010265350342,0.0,1.0374557590484619,0
1,554,-0.07183074951171875,1,8.4075927734375,0.0,0.8881866455078125,0
1,555,-0.03348541259765625,1,0.7247924208641052,0.0,1.1185333263874053,0
1,556,-0.01691436767578125,1,0.6675719618797302,0.0,1.1528198254108428,0
1,557,0.035614013671875,1,5.451201915740967,0.0,1.1622039890289306,0
1,558,0.04319000244140625,1,3.871917486190796,0.0,1.2089416551589967,0
1,559,0.00749969482421875,1,0.7324218153953552,0.0,1.2003509533405303,0
1,560,-7.62939453125e-05,1,0.6256103515625,0.0,1.187335205078125,0
1,561,0.013454437255859375,1,1.4266966581344604,0.0,1.1983749413490294,0
1,562,0.007114410400390625,1,0.6599425673484802,0.0,1.2010299694538116,0
1,563,0.0141754150390625,1,1.3389586210250854,0.0,1.2015716576576232,0
1,564,0.00093841552734375,1,0.25177001953125,0.0,1.1968414306640625,0
1,565,0.00394439697265625,1,0.1945495456457138,0.0,1.2039978030323981,0
1,566,-0.010440826416015625,1,0.545501708984375,0.0,1.1682083129882812,0
1,567,0.027538299560546875,1,5.046844005584717,0.0,1.1541397190093994,0
1,568,0.0756988525390625,1,7.282256603240967,0.0,1.2057525730133056,0
1,569,0.0572967529296875,1,5.184173107147217,0.0,1.2109100437164306,0
1,570,0.029773712158203125,1,1.9493101835250854,0.0,1.2205612206459044,0
1,571,0.0184326171875,1,0.4272460639476776,0.0,1.2283203130960465,0
1,572,-0.035434722900390625,1,3.295898199081421,0.0,1.0632125902175904,0
1,573,-0.004360198974609375,1,1.4343260526657104,0.0,1.162593080997467,0
1,574,0.030887603759765625,1,3.372192144393921,0.0,1.194331364631653,0
1,575,0.018512725830078125,1,1.132965087890625,0.0,1.2143661499023437,0
1,576,0.02069091796875,1,0.0,0.0,1.2413818359375,0
1,577,0.00669097900390625,1,0.3509521186351776,0.0,1.206362915635109,0
1,578,-0.028469085693359375,1,4.11224365234375,0.0,1.0608169555664062,0
1,579,-0.031169891357421875,1,2.193450927734375,0.0,1.0937911987304687,0
1,580,-0.01092529296875,1,1.07574462890625,0.0,1.156634521484375,0
1,581,-0.02597808837890625,1,3.459930181503296,0.0,1.0788452196121217,0
1,582,-0.038982391357421875,1,4.72259521484375,0.0,1.0275833129882812,0
1,583,-0.063995361328125,1,6.992339611053467,0.0,0.9321624851226806,0
1,584,-0.061367034912109375,1,4.878997802734375,0.0,0.9796859741210937,0
1,585,-0.024326324462890625,1,0.8506774306297302,0.0,1.134333802461624,0
1,586,0.001674652099609375,1,0.545501708984375,0.0,1.1924392700195312,0
1,587,0.001430511474609375,1,0.30517578125,0.0,1.1967575073242187,0
1,588,-0.01731109619140625,1,2.868652105331421,0.0,1.108004765510559,0
1,589,-0.0447845458984375,1,5.138396739959717,0.0,1.0076629734039306,0
1,590,-0.036357879638671875,1,1.3313292264938354,0.0,1.1006576561927794,0
1,591,0.015155792236328125,1,3.086089849472046,0.0,1.1685897874832152,0
1,592,0.033321380615234375,1,2.582549810409546,0.0,1.2149917650222777,0
1,593,0.00023651123046875,1,1.5792845487594604,0.0,1.1688873314857482,0
1,594,-0.023220062255859375,1,1.7738341093063354,0.0,1.1180831933021544,0
1,595,0.008975982666015625,1,2.468109130859375,0.0,1.1685897827148437,0
1,596,0.037227630615234375,1,4.46319580078125,0.0,1.1851913452148437,0
1,597,0.050189971923828125,1,5.893706798553467,0.0,1.1825058078765869,0
1,598,0.05467987060546875,1,3.562927007675171,0.0,1.2381012010574342,0
1,599,0.0143890380859375,1,0.2403259128332138,0.0,1.2239715579152106,0
1,600,-0.016574859619140625,1,1.7471312284469604,0.0,1.1319076561927794,0
1,601,-0.008205413818359375,1,0.7057189345359802,0.0,1.1694747936725616,0
1,602,-0.014499664306640625,1,1.7700194120407104,0.0,1.1356002831459044,0
1,603,-0.0213775634765625,1,2.422332763671875,0.0,1.1087982177734375,0
1,604,-0.026702880859375,1,2.826690435409546,0.0,1.090060429573059,0
1,605,-0.029865264892578125,1,3.307342290878296,0.0,1.074122624397278,0
1,606,-0.03362274169921875,1,3.932952642440796,0.0,1.0540954637527467,0
1,607,-0.037677764892578125,1,3.082275152206421,0.0,1.0629989671707152,0
1,608,-0.01659393310546875,1,2.25830078125,0.0,1.1216461181640625,0
1,609,-0.0601348876953125,1,8.052825927734375,0.0,0.9186737060546875,0
1,610,-0.08516693115234375,1,8.5906982421875,0.0,0.8578521728515625,0
1,611,-0.0797882080078125,1,6.866454601287842,0.0,0.9030944919586181,0
1,612,-0.043365478515625,1,0.6866454482078552,0.0,1.0995361340045928,0
1,613,0.025707244873046875,1,4.695892333984375,0.0,1.1574966430664062,0
1,614,0.052532196044921875,1,5.748748302459717,0.0,1.1900894260406494,0
1,615,0.060840606689453125,1,4.878997802734375,0.0,1.2241012573242187,0
1,616,0.009555816650390625,1,0.6446837782859802,0.0,1.2062179577350616,0
1,617,-0.001270294189453125,1,0.579833984375,0.0,1.1858627319335937,0
1,618,0.02001190185546875,1,2.761840581893921,0.0,1.184786992073059,0
1,619,0.027721405029296875,1,2.101898193359375,0.0,1.2134048461914062,0
1,620,0.002574920654296875,1,0.3433227241039276,0.0,1.1982833868265153,0
1,621,0.004749298095703125,1,0.514984130859375,0.0,1.1991989135742187,0
1,622,-0.00878143310546875,1,3.219604253768921,0.0,1.1180450487136842,0
1,623,-0.078857421875,1,10.093688011169434,0.0,0.8404113960266113,0
1,624,-0.0951995849609375,1,7.995604991912842,0.0,0.8496887302398681,0
1,625,-0.044948577880859375,1,2.857208013534546,0.0,1.0529586839675902,0
1,626,-0.03005218505859375,1,2.414703369140625,0.0,1.0916015625,0
1,627,-0.005126953125,1,0.537872314453125,0.0,1.1789886474609375,0
1,628,0.00738525390625,1,0.3509521186351776,0.0,1.2077514654397965,0
1,629,-0.00727081298828125,1,0.0953674241900444,0.0,1.1835510255396366,0
1,630,0.036907196044921875,1,4.26483154296875,0.0,1.1885177612304687,0
1,631,0.007167816162109375,1,1.5373228788375854,0.0,1.183589174747467,0
1,632,-0.0336761474609375,1,3.921508550643921,0.0,1.0542175340652467,0
1,633,-0.035343170166015625,1,2.624511480331421,0.0,1.0768234300613402,0
1,634,0.014240264892578125,1,4.436492919921875,0.0,1.1397506713867187,0
1,635,0.07146835327148438,1,7.804870128631592,0.0,1.1868393039703369,0
1,636,0.058757781982421875,1,4.974365234375,0.0,1.2180282592773437,0
1,637,0.048908233642578125,1,3.677367925643921,0.0,1.224269108772278,0
1,638,0.002498626708984375,1,1.9264219999313354,0.0,1.166468813419342,0
1,639,-0.04206085205078125,1,6.458281993865967,0.0,0.9867126560211181,0
1,640,-0.0839080810546875,1,9.479522705078125,0.0,0.8425933837890625,0
1,641,-0.060878753662109375,1,4.913330078125,0.0,0.9799758911132812,0
1,642,-0.07142257690429688,1,7.427215099334717,0.0,0.9086105442047119,0
1,643,-0.06805801391601562,1,6.557464122772217,0.0,0.9327346897125244,0
1,644,-0.031787872314453125,1,0.4653930366039276,0.0,1.1271163946390153,0
1,645,0.02690887451171875,1,3.093719244003296,0.0,1.1919433641433714,0
1,646,0.016368865966796875,1,0.518798828125,0.0,1.2223617553710937,0
1,647,-0.015048980712890625,1,2.285003662109375,0.0,1.1242019653320312,0
1,648,-0.01778411865234375,1,1.2817381620407104,0.0,1.1387969994544982,0
1,649,-0.01186370849609375,1,1.8196104764938354,0.0,1.1398803734779357,0
1,650,-0.031097412109375,1,3.120422124862671,0.0,1.0753967332839964,0
1,651,-0.015872955322265625,1,1.4190672636032104,0.0,1.1398727440834044,0
1,652,-0.024017333984375,1,3.330230474472046,0.0,1.0853607225418092,0
1,653,-0.03524017333984375,1,3.532409429550171,0.0,1.0588714647293092,0
1,654,-0.033908843994140625,1,2.193450927734375,0.0,1.0883132934570312,0
1,655,-0.009128570556640625,1,0.4577636420726776,0.0,1.1725875860452653,0
1,656,-0.005924224853515625,1,1.129150390625,0.0,1.1655685424804687,0
1,657,-0.02392578125,1,2.227783203125,0.0,1.1075927734375,0
1,658,-0.015842437744140625,1,1.6746519804000854,0.0,1.134822084903717,0
1,659,-0.021575927734375,1,3.147125005722046,0.0,1.0939056444168092,0
1,660,-0.042194366455078125,1,4.12750244140625,0.0,1.0330612182617187,0
1,661,-0.020900726318359375,1,0.51116943359375,0.0,1.1479751586914062,0
1,662,0.0290069580078125,1,2.971648931503296,0.0,1.198580937385559,0
1,663,0.0106353759765625,1,0.2403259128332138,0.0,1.2164642336964606,0
1,664,-0.019927978515625,1,3.055572271347046,0.0,1.099032597541809,0
1,665,-0.044361114501953125,1,6.019591808319092,0.0,0.9908859348297119,0
1,666,-0.07940292358398438,1,10.532378196716309,0.0,0.830546588897705,0
1,667,-0.11492156982421875,1,11.207579612731934,0.0,0.7460052680969238,0
1,668,-0.0914459228515625,1,8.495330810546875,0.0,0.8472015380859375,0
1,669,-0.09539031982421875,1,9.883880615234375,0.0,0.811541748046875,0
1,670,-0.09331512451171875,1,8.70513916015625,0.0,0.8392669677734375,0
1,671,-0.07688140869140625,1,7.110595226287842,0.0,0.9040252780914306,0
1,672,-0.06811904907226562,1,6.237029552459717,0.0,0.9390213108062744,0
1,673,-0.049655914306640625,1,4.070281982421875,0.0,1.0192825317382812,0
1,674,-0.03194427490234375,1,2.193450927734375,0.0,1.092242431640625,0
1,675,-0.00530242919921875,1,0.54168701171875,0.0,1.1785614013671875,0
1,676,0.012210845947265625,1,1.4686583280563354,0.0,1.1950485253334044,0
1,677,0.0103912353515625,1,0.0457763634622097,0.0,1.2198669434338807,0
1,678,-0.0222625732421875,1,3.566741704940796,0.0,1.0841400194168092,0
1,679,-0.037105560302734375,1,4.329681396484375,0.0,1.0391952514648437,0
1,680,-0.040111541748046875,1,2.933501958847046,0.0,1.0611068773269652,0
1,681,-0.020030975341796875,1,1.7547606229782104,0.0,1.124842836856842,0
1,682,-0.022125244140625,1,1.7738341093063354,0.0,1.1202728295326232,0
1,683,0.00019073486328125,1,1.087188720703125,0.0,1.1786376953125,0
1,684,0.01171112060546875,1,0.1716613620519638,0.0,1.2199890139698981,0
1,685,-0.0222930908203125,1,3.311156988143921,0.0,1.0891906785964967,0
1,686,-0.0278472900390625,1,1.5335081815719604,0.0,1.1136352562904357,0
1,687,0.0146942138671875,1,3.841399908065796,0.0,1.1525604295730592,0
1,688,0.0617523193359375,1,6.568908214569092,0.0,1.1921264743804931,0
1,689,0.041431427001953125,1,1.7204283475875854,0.0,1.2484542870521544,0
1,690,-0.0207672119140625,1,3.444671392440796,0.0,1.0895721483230592,0
1,691,-0.030429840087890625,1,3.192901372909546,0.0,1.075282292366028,0
1,692,-0.027530670166015625,1,2.662658452987671,0.0,1.0916854906082152,0
1,693,-0.03079986572265625,1,3.551482915878296,0.0,1.0673706102371217,0
1,694,-0.04266357421875,1,4.467010498046875,0.0,1.0253326416015625,0
1,695,-0.040172576904296875,1,3.711700201034546,0.0,1.0454208421707154,0
1,696,-0.03479766845703125,1,3.364562749862671,0.0,1.0631134080886842,0
1,697,-0.032367706298828125,1,2.586364507675171,0.0,1.0835372972488402,0
1,698,-0.011013031005859375,1,0.9040831923484802,0.0,1.1598922741413116,0
1,699,-0.018619537353515625,1,3.173827886581421,0.0,1.0992843675613404,0
1,700,-0.04639434814453125,1,4.619598388671875,0.0,1.0148193359375,0
1,701,-0.026123046875,1,1.3008116483688354,0.0,1.1217376732826232,0
1,702,-0.009063720703125,1,0.4234313666820526,0.0,1.173403931260109,0
1,703,0.0076446533203125,1,0.8163451552391052,0.0,1.1989624035358428,0
1,704,-0.00304412841796875,1,1.110076904296875,0.0,1.171710205078125,0
1,705,0.038936614990234375,1,5.645751476287842,0.0,1.1649582004547119,0
1,706,0.04982757568359375,1,4.215240478515625,0.0,1.215350341796875,0
1,707,0.03003692626953125,1,2.540588140487671,0.0,1.209262089729309,0
1,708,0.028781890869140625,1,2.761840581893921,0.0,1.2023269701004027,0
1,709,0.0196685791015625,1,1.5678404569625854,0.0,1.2079803490638732,0
1,710,0.014862060546875,1,0.4882812201976776,0.0,1.2199584966897965,0
1,711,-0.006160736083984375,1,0.0038146970327943563,0.0,1.1876022338913754,0
1,712,0.01709747314453125,1,2.758025884628296,0.0,1.1790344285964964,0
1,713,0.025691986083984375,1,2.11334228515625,0.0,1.2091171264648437,0
1,714,0.013187408447265625,1,1.3656615018844604,0.0,1.199061586856842,0
1,715,0.018428802490234375,1,1.148223876953125,0.0,1.2138931274414062,0
1,716,-0.026279449462890625,1,3.181457281112671,0.0,1.0838119554519654,0
1,717,-0.01865386962890625,1,1.5296934843063354,0.0,1.1320983910560607,0
1,718,-0.016002655029296875,1,1.5296934843063354,0.0,1.1374008202552794,0
1,719,-0.0041656494140625,1,0.308990478515625,0.0,1.1854888916015625,0
1,720,0.007968902587890625,1,1.064300537109375,0.0,1.1946517944335937,0
1,721,0.012905120849609375,1,1.3580321073532104,0.0,1.1986495995521544,0
1,722,0.013092041015625,1,0.9193419814109802,0.0,1.2077972424030303,0
1,723,-0.0073699951171875,1,1.3542174100875854,0.0,1.1581756615638732,0
1,724,-0.00884246826171875,1,1.178741455078125,0.0,1.158740234375,0
1,725,-0.029285430908203125,1,2.998351812362671,0.0,1.0814621019363402,0
1,726,-0.021984100341796875,1,2.170562744140625,0.0,1.1126205444335937,0
1,727,-0.021137237548828125,1,2.048492431640625,0.0,1.1167556762695312,0
1,728,-0.01778411865234375,1,0.9422301650047302,0.0,1.1455871593952178,0
1,729,0.0104827880859375,1,1.9760130643844604,0.0,1.1814453148841857,0
1,730,0.018276214599609375,1,1.8501280546188354,0.0,1.199549868106842,0
1,731,0.02082061767578125,1,2.056121826171875,0.0,1.200518798828125,0
1,732,0.01775360107421875,1,2.20489501953125,0.0,1.1914093017578125,0
1,733,0.0369720458984375,1,3.871917486190796,0.0,1.1965057420730592,0
1,734,0.02384185791015625,1,2.1820068359375,0.0,1.2040435791015625,0
1,735,0.03778839111328125,1,4.878997802734375,0.0,1.177996826171875,0
1,736,0.056079864501953125,1,5.256652355194092,0.0,1.2070266819000244,0
1,737,0.03258514404296875,1,2.35748291015625,0.0,1.2180206298828125,0
1,738,0.026424407958984375,1,2.876281499862671,0.0,1.1953231859207152,0
1,739,0.0319976806640625,1,3.654479742050171,0.0,1.1909057664871217,0
1,740,0.043548583984375,1,4.039764404296875,0.0,1.2063018798828125,0
1,741,0.021533966064453125,1,1.1444091796875,0.0,1.2201797485351562,0
1,742,0.00801849365234375,1,0.007629394065588713,0.0,1.2158843994233757,0
1,743,-0.014801025390625,1,2.14385986328125,0.0,1.127520751953125,0
1,744,0.00406646728515625,1,0.54168701171875,0.0,1.1972991943359375,0
1,745,-0.02545166015625,1,3.902435064315796,0.0,1.0710479784011842,0
1,746,-0.0316009521484375,1,1.6555784940719604,0.0,1.1036865258216857,0
1,747,0.014476776123046875,1,2.437591552734375,0.0,1.1802017211914062,0
1,748,0.01045989990234375,1,1.15203857421875,0.0,1.1978790283203125,0
1,749,0.03371429443359375,1,4.322052001953125,0.0,1.180987548828125,0
1,750,0.034564971923828125,1,3.086089849472046,0.0,1.2074081468582152,0
1,751,0.0033721923828125,1,1.007080078125,0.0,1.186602783203125,0
1,752,-0.00540924072265625,1,0.2174377292394638,0.0,1.1848327639698981,0
1,753,0.01741790771484375,1,2.643584966659546,0.0,1.1819641160964964,0
1,754,0.031101226806640625,1,3.570556402206421,0.0,1.190791325569153,0
1,755,0.0408172607421875,1,3.650665044784546,0.0,1.2086212205886842,0
1,756,0.01433563232421875,1,0.9803771376609802,0.0,1.2090637218952178,0
1,757,-0.05008697509765625,1,4.886627197265625,0.0,1.002093505859375,0
1,758,-0.0242919921875,1,1.5525816679000854,0.0,1.1203643822669982,0
1,759,-0.011737823486328125,1,0.8888244032859802,0.0,1.158747864961624,0
1,760,-0.005931854248046875,1,0.3356933295726776,0.0,1.1814224249124528,0
1,761,0.001495361328125,1,1.16729736328125,0.0,1.179644775390625,0
1,762,0.03127288818359375,1,2.944946050643921,0.0,1.203646855354309,0
1,763,-0.00151824951171875,1,0.8850097060203552,0.0,1.1792633068561553,0
1,764,0.01197052001953125,1,2.902984380722046,0.0,1.1658813524246214,0
1,765,0.05306243896484375,1,6.484984874725342,0.0,1.1764251804351806,0
1,766,0.08065414428710938,1,7.537841320037842,0.0,1.2105514621734619,0
1,767,0.03741455078125,1,1.5411375761032104,0.0,1.2440063500404357,0
1,768,0.008617401123046875,1,1.148223876953125,0.0,1.1942703247070312,0
1,769,0.021877288818359375,1,3.353118658065796,0.0,1.176692204475403,0
1,770,0.04221343994140625,1,4.322052001953125,0.0,1.19798583984375,0
1,771,0.0339202880859375,1,1.4991759061813354,0.0,1.2378570580482482,0
1,772,-0.003215789794921875,1,1.2779234647750854,0.0,1.1680099511146544,0
1,773,-0.014408111572265625,1,1.6174315214157104,0.0,1.1388351464271544,0
1,774,-0.01894378662109375,1,2.048492431640625,0.0,1.121142578125,0
1,775,-0.021518707275390625,1,1.3542174100875854,0.0,1.129878237247467,0
1,776,-0.002529144287109375,1,0.537872314453125,0.0,1.1841842651367187,0
1,777,0.012317657470703125,1,0.4959106147289276,0.0,1.2147171026468278,0
1,778,-0.0228118896484375,1,0.7858275771141052,0.0,1.1386596691608428,0
1,779,0.0279083251953125,1,3.616332769393921,0.0,1.1834899950027467,0
1,780,-0.000774383544921875,1,1.2741087675094604,0.0,1.172969057559967,0
1,781,0.003643035888671875,1,0.0610351525247097,0.0,1.2060653687268494,0
1,782,-0.019596099853515625,1,2.38800048828125,0.0,1.1130477905273437,0
1,783,-0.01578521728515625,1,1.4610289335250854,0.0,1.1392089867591857,0
1,784,-0.014026641845703125,1,1.0833740234375,0.0,1.1502792358398437,0
1,785,0.001384735107421875,1,1.9645689725875854,0.0,1.163478090763092,0
1,786,0.0368804931640625,1,4.398345947265625,0.0,1.1857940673828125,0
1,787,0.023990631103515625,1,1.6593931913375854,0.0,1.2147933983802794,0
1,788,0.0247650146484375,1,3.318786382675171,0.0,1.1831543016433717,0
1,789,0.047027587890625,1,3.429412603378296,0.0,1.2254669237136842,0
1,790,0.0105743408203125,1,0.02288818173110485,0.0,1.2206909180060028,0
1,791,-0.00148773193359375,1,0.2326965183019638,0.0,1.1923706057667731,0
1,792,0.0134124755859375,1,0.125885009765625,0.0,1.2243072509765625,0
1,793,-0.02214813232421875,1,3.376006841659546,0.0,1.0881835985183717,0
1,794,-0.024738311767578125,1,1.9531248807907104,0.0,1.1114608788490294,0
1,795,-0.01470184326171875,1,0.03051757626235485,0.0,1.1699859619513153,0
1,796,0.038410186767578125,1,3.929137945175171,0.0,1.198237614631653,0
1,797,0.019405364990234375,1,1.7471312284469604,0.0,1.2038681054115294,0
1,798,0.02625274658203125,1,1.4190672636032104,0.0,1.2241241478919982,0
1,799,-0.02991485595703125,1,3.971099615097046,0.0,1.0607482957839967,0
1,800,-0.00605010986328125,1,0.7591246962547302,0.0,1.1727172863483428,0
1,801,0.000965118408203125,1,0.7133483290672302,0.0,1.1876632702350616,0
1,802,0.033123016357421875,1,4.18853759765625,0.0,1.1824752807617187,0
1,803,0.02939605712890625,1,1.9226073026657104,0.0,1.2203399682044982,0
1,804,0.009037017822265625,1,0.9040831923484802,0.0,1.1999923717975616,0
1,805,0.024105072021484375,1,3.437041997909546,0.0,1.179469304084778,0
1,806,0.038089752197265625,1,4.878997802734375,0.0,1.1785995483398437,0
1,807,0.0645751953125,1,4.970550537109375,0.0,1.2297393798828125,0
1,808,0.0124053955078125,1,0.0839233323931694,0.0,1.2231323243677616,0
1,809,0.019683837890625,1,2.498626708984375,0.0,1.1893951416015625,0
1,810,0.012813568115234375,1,0.8583068251609802,0.0,1.208460999727249,0
1,811,0.016490936279296875,1,1.9836424589157104,0.0,1.1933090233802794,0
1,812,0.021007537841796875,1,0.3280639350414276,0.0,1.2354537969827653,0
1,813,-0.02780914306640625,1,2.880096197128296,0.0,1.0867797899246214,0
1,814,-0.00817108154296875,1,0.54168701171875,0.0,1.1728240966796875,0
1,815,-0.020168304443359375,1,1.9836424589157104,0.0,1.119990541934967,0
1,816,-0.001102447509765625,1,0.7362365126609802,0.0,1.183070374727249,0
1,817,-0.032108306884765625,1,6.057738780975342,0.0,1.0146286106109619,0
1,818,-0.09220123291015625,1,9.7503662109375,0.0,0.8205902099609375,0
1,819,-0.06872940063476562,1,5.752562999725342,0.0,0.9474899387359619,0
1,820,-0.06996917724609375,1,5.474090099334717,0.0,0.9505798435211181,0
1,821,-0.03055572509765625,1,2.3040771484375,0.0,1.0928070068359375,0
1,822,-0.020832061767578125,1,2.578735113143921,0.0,1.1067611742019652,0
1,823,-0.043567657470703125,1,3.013610601425171,0.0,1.0525924730300902,0
1,824,-0.00388336181640625,1,0.156402587890625,0.0,1.189105224609375,0
1,825,-0.016284942626953125,1,2.376556396484375,0.0,1.1198989868164062,0
1,826,-0.017681121826171875,1,0.4425048530101776,0.0,1.1557876592874528,0
1,827,0.025604248046875,1,2.555846929550171,0.0,1.2000915575027464,0
1,828,0.00978851318359375,1,1.3694761991500854,0.0,1.1921875023841857,0
1,829,0.042835235595703125,1,6.034850597381592,0.0,1.1649734592437744,0
1,830,0.0696868896484375,1,7.709502696990967,2.980232241545089e-09,1.1851837252378463,0
1,831,0.0889129638671875,1,6.553649425506592,2.980232241545089e-09,1.2467529391050338,0
1,832,0.029743194580078125,1,0.7972716689109802,0.0,1.2435409557819366,0
1,833,-0.019153594970703125,1,2.41851806640625,0.0,1.1133224487304687,0
1,834,0.000911712646484375,1,1.163482666015625,0.0,1.1785537719726562,0
1,835,0.01178741455078125,1,1.9836424589157104,0.0,1.1839019799232482,0
1,836,0.04079437255859375,1,4.0130615234375,0.0,1.2013275146484375,0
1,837,0.029876708984375,1,1.9569395780563354,0.0,1.2206146264076232,0
1,838,0.00807952880859375,1,0.7019042372703552,0.0,1.2021209728717803,0
1,839,0.014034271240234375,1,0.8850097060203552,0.0,1.2103683483600616,0
1,840,-0.013164520263671875,1,1.251220703125,0.0,1.1486465454101562,0
1,841,0.021785736083984375,1,2.597808599472046,0.0,1.1916153001785277,0
1,842,0.0084228515625,1,0.9651183485984802,0.0,1.1975433361530303,0
1,843,-0.04233551025390625,1,5.733489513397217,0.0,1.0006591892242431,0
1,844,-0.059658050537109375,1,5.466460704803467,0.0,0.9713546848297119,0
1,845,-0.054523468017578125,1,4.44793701171875,0.0,1.0019943237304687,0
1,846,-0.021259307861328125,1,0.4463195502758026,0.0,1.1485549932718278,0
1,847,0.021564483642578125,1,2.742767095565796,0.0,1.1882736253738402,0
1,848,0.012359619140625,1,2.231597900390625,0.0,1.1800872802734375,0
1,849,0.04885101318359375,1,0.0,0.0,1.2977020263671875,0
1,850,0.00164031982421875,1,0.278472900390625,0.0,1.197711181640625,0
1,851,0.030834197998046875,1,3.498077154159546,0.0,1.191706852912903,0
1,852,-0.001155853271484375,1,2.17437744140625,0.0,1.1542007446289062,0
1,853,-0.029026031494140625,1,3.116607427597046,0.0,1.0796157884597777,0
1,854,-0.02738189697265625,1,2.704620122909546,0.0,1.0911438035964964,0
1,855,-0.032123565673828125,1,3.768920660018921,0.0,1.0603744554519654,0
1,856,-0.04447174072265625,1,3.887176275253296,0.0,1.0333129930496217,0
1,857,-0.01206207275390625,1,0.7553099989891052,0.0,1.1607696545124053,0
1,858,0.021656036376953125,1,3.082275152206421,0.0,1.1816665697097777,0
1,859,0.015155792236328125,1,0.3623962104320526,0.0,1.2230636602640153,0
1,860,0.001583099365234375,1,0.8316039443016052,0.0,1.1865341198444366,0
1,861,0.029582977294921875,1,1.8959044218063354,0.0,1.221247866153717,0
1,862,-0.00672149658203125,1,1.2893675565719604,0.0,1.1607696557044982,0
1,863,0.00598907470703125,1,0.1945495456457138,0.0,1.2080871585011481,0
1,864,-0.014377593994140625,1,0.553131103515625,0.0,1.1601821899414062,0
1,865,0.01773834228515625,1,2.010345458984375,0.0,1.195269775390625,0
1,866,-0.015483856201171875,1,2.574920415878296,0.0,1.1175338792800902,0
1,867,-0.019779205322265625,1,1.6708372831344604,0.0,1.1270248436927794,0
1,868,-0.011814117431640625,1,0.270843505859375,0.0,1.1709548950195312,0
1,869,0.021671295166015625,1,2.742767095565796,0.0,1.1884872484207152,0
1,870,0.014919281005859375,1,2.601623296737671,2.980232241545089e-09,1.1778060959577559,0
1,871,0.0596160888671875,1,7.255553722381592,0.0,1.1741211032867431,0
1,872,0.059539794921875,1,4.38690185546875,2.980232241545089e-09,1.2313415526151656,0
1,873,-0.0106964111328125,1,2.815246343612671,0.0,1.1223022508621214,0
1,874,0.00054168701171875,1,2.1209716796875,0.0,1.1586639404296875,0
1,875,0.037975311279296875,1,3.952026128768921,2.980232241545089e-09,1.196910099864006,0
1,876,0.020343780517578125,1,1.129150390625,2.980232241545089e-09,1.218104553103447,0
1,877,0.01329803466796875,1,1.7356871366500854,0.0,1.1918823266029357,0
1,878,0.02396392822265625,1,1.7280577421188354,0.0,1.2133667016029357,0
1,879,-0.012210845947265625,1,3.288268804550171,0.0,1.1098129320144654,0
1,880,-0.049564361572265625,1,5.592345714569092,2.980232241545089e-09,0.9890243624448776,0
1,881,-0.045772552490234375,1,4.833221435546875,0.0,1.0117904663085937,0
1,882,-0.054256439208984375,1,3.356933355331421,2.980232241545089e-09,1.0243484543561936,0
1,883,0.0091552734375,1,2.140045166015625,0.0,1.1755096435546875,0
1,884,-0.00249481201171875,1,0.7400512099266052,0.0,1.1802093517780303,0
1,885,0.009838104248046875,1,1.9416807889938354,0.0,1.180842592716217,0
1,886,0.007785797119140625,1,0.4577636420726776,0.0,1.2064163213968278,0
1,887,0.01276397705078125,1,0.522613525390625,0.0,1.21507568359375,0
1,888,-0.0294952392578125,1,5.466460704803467,2.980232241545089e-09,1.0316803072690963,0
1,889,-0.07531356811523438,1,7.633208751678467,2.980232241545089e-09,0.8967086886167526,0
1,890,-0.051975250244140625,1,4.791259765625,0.0,1.0002243041992187,0
1,891,-0.06787109375,1,6.446837902069092,0.0,0.9353210544586181,0
1,892,-0.028461456298828125,1,1.8844603300094604,2.980232241545089e-09,1.1053878806829451,0
1,893,-0.039653778076171875,1,3.833770513534546,0.0,1.0440170335769654,0
1,894,-0.00710296630859375,1,0.015258788131177425,2.980232241545089e-09,1.1854888915009796,0
1,895,-0.022857666015625,1,2.662658452987671,0.0,1.1010314989089964,0
1,896,-0.004009246826171875,1,1.3198851346969604,2.980232241545089e-09,1.1655838035345076,0
1,897,0.027740478515625,1,2.3040771484375,0.0,1.2093994140625,0
1,898,-0.008846282958984375,1,1.6441344022750854,2.980232241545089e-09,1.1494247459173201,0
1,899,0.003185272216796875,1,0.4272460639476776,0.0,1.1978256231546403,0
1,900,-0.06287765502929688,1,8.636474609375,2.980232241545089e-09,0.9015151976346969,0
1,901,-0.08485031127929688,1,8.6669921875,0.0,0.8569595336914062,0
1,902,-0.05191802978515625,1,2.883910894393921,2.980232241545089e-09,1.0384857224225996,0
1,903,-0.01390838623046875,1,0.9689330458641052,2.980232241545089e-09,1.152804566502571,0
1,904,-0.015079498291015625,1,1.9950865507125854,0.0,1.129939272403717,0
1,905,-0.017902374267578125,1,0.9269713759422302,2.980232241545089e-09,1.1456558238267898,0
1,906,0.013149261474609375,1,1.6212462186813354,0.0,1.193873598575592,0
1,907,0.008819580078125,1,1.6517637968063354,0.0,1.1846038842201232,0
1,908,0.0436248779296875,1,5.058288097381592,2.980232241545089e-09,1.1860839937925338,0
1,909,0.03452301025390625,1,2.3040771484375,0.0,1.2229644775390625,0
1,910,0.02211761474609375,1,3.269195318222046,2.980232241545089e-09,1.1788513230085373,0
1,911,0.052066802978515625,1,5.187987804412842,0.0,1.2003738498687744,0
1,912,0.02362823486328125,1,0.8010863661766052,2.980232241545089e-09,1.231234742283821,0
1,913,0.00218963623046875,1,0.507354736328125,2.980232241545089e-09,1.1942321776151656,0
1,914,-0.01146697998046875,1,1.5487669706344604,2.980232241545089e-09,1.1460907005071639,0
1,915,-0.01525115966796875,1,2.571105718612671,0.0,1.118075566291809,0
1,916,-0.06114959716796875,1,6.237029552459717,0.0,0.9529602146148681,0
1,917,-0.047992706298828125,1,5.714416027069092,0.0,0.9897262668609619,0
1,918,-0.07862091064453125,1,7.961272716522217,2.980232241545089e-09,0.8835327242612838,0
1,919,-0.05780029296875,1,4.6234130859375,2.980232241545089e-09,0.9919311522245406,0
1,920,-0.050262451171875,1,6.195067882537842,0.0,0.9755737400054931,0
1,921,-0.0735626220703125,1,6.999969005584717,0.0,0.9128753757476806,0
1,922,-0.0673370361328125,1,5.302428722381592,0.0,0.9592773532867431,0
1,923,-0.0249176025390625,1,1.2359619140625,2.980232241545089e-09,1.1254455565214156,0
1,924,-0.001628875732421875,1,0.6408690810203552,0.0,1.183924866914749,0
1,925,0.01611328125,1,1.9302366971969604,2.980232241545089e-09,1.1936218284368514,0
1,926,0.0201568603515625,1,2.883910894393921,0.0,1.1826355028152464,0
1,927,0.042301177978515625,1,4.375457763671875,0.0,1.1970932006835937,0
1,928,0.027416229248046875,1,0.4310607612133026,0.0,1.2462112432718278,0
1,929,-0.0178985595703125,1,2.410888671875,0.0,1.115985107421875,0
1,930,-0.0185699462890625,1,2.590179204940796,0.0,1.111056523323059,0
1,931,-0.04653167724609375,1,3.177642583847046,0.0,1.0433837938308717,0
1,932,0.001605987548828125,1,1.7890928983688354,2.980232241545089e-09,1.1674301170110701,0
1,933,0.02152252197265625,1,1.7776488065719604,2.980232241545089e-09,1.2074920676946639,0
1,934,0.007205963134765625,1,0.125885009765625,0.0,1.2118942260742187,0
1,935,-0.002437591552734375,1,0.537872314453125,2.980232241545089e-09,1.1843673704862594,0
1,936,-0.01125335693359375,1,2.429962158203125,2.980232241545089e-09,1.1288940428495406,0
1,937,-0.03798675537109375,1,4.58526611328125,0.0,1.0323211669921875,0
1,938,-0.0355377197265625,1,3.112792730331421,0.0,1.0666687059402464,0
1,939,-0.038883209228515625,1,4.009246826171875,0.0,1.0420486450195312,0
1,940,-0.031116485595703125,1,2.510070562362671,2.980232241545089e-09,1.0875656174421309,0
1,941,-0.002777099609375,1,1.2779234647750854,2.980232241545089e-09,1.1688873313665389,0
1,942,0.01866912841796875,1,1.7662047147750854,0.0,1.2020141625404357,0
1,943,-0.001667022705078125,1,1.5792845487594604,0.0,1.1650802636146544,0
1,944,-0.033733367919921875,1,3.269195318222046,0.0,1.0671493577957154,0
1,945,-0.015777587890625,1,0.1182556077837944,2.980232241545089e-09,1.1660797119438648,0
1,946,0.017353057861328125,1,3.074645757675171,2.980232241545089e-09,1.1732132004499434,0
1,947,0.0408477783203125,1,3.765105962753296,0.0,1.2063934373855592,0
1,948,0.01413726806640625,1,0.156402587890625,0.0,1.225146484375,0
1,949,-0.00048828125,1,0.0915527269244194,2.980232241545089e-09,1.1971923828423023,0
1,950,0.00693511962890625,1,0.591278076171875,2.980232241545089e-09,1.2020446776151656,0
1,951,-0.005218505859375,1,0.9880065321922302,0.0,1.1698028576374053,0
1,952,-0.007305145263671875,1,0.537872314453125,0.0,1.1746322631835937,0
1,953,-0.003185272216796875,1,0.03814697265625,0.0,1.1928665161132812,0
1,954,0.005428314208984375,1,1.5640257596969604,0.0,1.1795761132240294,0
1,955,0.035640716552734375,1,4.39453125,0.0,1.1833908081054687,0
1,956,0.0403594970703125,1,4.26483154296875,0.0,1.19542236328125,0
1,957,0.05913543701171875,1,5.420684337615967,0.0,1.2098571872711181,0
1,958,0.0409698486328125,1,3.868102788925171,0.0,1.2045776414871217,0
1,959,0.0293121337890625,1,1.9721983671188354,0.0,1.2191803002357482,0
1,960,0.007114410400390625,1,0.7362365126609802,0.0,1.1995040905475616,0
1,961,0.02374267578125,1,2.246856689453125,0.0,1.2025482177734375,0
1,962,-0.0017852783203125,1,0.30517578125,0.0,1.190325927734375,0
1,963,0.0279998779296875,1,4.474639892578125,0.0,1.1665069580078125,0
1,964,0.047515869140625,1,4.364013671875,0.0,1.20775146484375,0
1,965,0.028247833251953125,1,1.8081663846969604,0.0,1.220332338809967,0
1,966,0.01055145263671875,1,0.507354736328125,0.0,1.210955810546875,0
1,967,-0.000640869140625,1,0.7514953017234802,0.0,1.1836883556842803,0
1,968,-0.022686004638671875,1,3.028869390487671,0.0,1.0940506029129027,0
1,969,-0.0320587158203125,1,3.192901372909546,0.0,1.0720245409011842,0
1,970,-0.012790679931640625,1,0.0915527269244194,0.0,1.1725875855982304,0
1,971,0.015773773193359375,1,2.399444580078125,0.0,1.1835586547851562,0
1,972,0.0256805419921875,1,2.227783203125,0.0,1.206805419921875,0
1,973,-0.0021514892578125,1,1.3389586210250854,0.0,1.1689178490638732,0
1,974,-0.009754180908203125,1,0.270843505859375,0.0,1.1750747680664062,0
1,975,0.012905120849609375,1,1.3732908964157104,0.0,1.1983444237709044,0
1,976,0.00629425048828125,1,0.6713866591453552,0.0,1.1991607677936553,0
1,977,0.016445159912109375,1,2.689361333847046,0.0,1.1791030931472777,0
1,978,0.046176910400390625,1,4.26483154296875,0.0,1.2070571899414062,0
1,979,0.031505584716796875,1,4.2877197265625,0.0,1.1772567749023437,0
1,980,0.07421112060546875,1,7.953643321990967,0.0,1.1893493747711181,0
1,981,0.05474090576171875,1,3.879546880722046,0.0,1.2318908739089967,0
1,982,0.038181304931640625,1,4.60052490234375,0.0,1.1843521118164062,0
1,983,0.050220489501953125,1,4.638671875,0.0,1.2076675415039062,0
1,984,0.033477783203125,1,2.960204839706421,0.0,1.2077514696121214,0
1,985,0.037677764892578125,1,3.135680913925171,0.0,1.212641911506653,0
1,986,0.010311126708984375,1,0.6752013564109802,0.0,1.207118226289749,0
1,987,-0.0394287109375,1,5.546569347381592,0.0,1.0102111911773681,0
1,988,-0.06764602661132812,1,7.102965831756592,0.0,0.9226486301422119,0
1,989,-0.060791015625,1,6.526946544647217,0.0,0.9478790378570556,0
1,990,-0.06659317016601562,1,4.9285888671875,0.0,0.9682418823242187,0
1,991,-0.0307769775390625,1,1.9035338163375854,0.0,1.1003753685951232,0
1,992,-0.008579254150390625,1,0.1373291015625,0.0,1.1800949096679687,0
1,993,0.019054412841796875,1,2.17437744140625,0.0,1.1946212768554687,0
1,994,0.006824493408203125,1,0.8659362196922302,0.0,1.1963302624225616,0
1,995,0.025897979736328125,1,3.414153814315796,0.0,1.1835128831863404,0
1,996,0.033679962158203125,1,4.37164306640625,0.0,1.1799270629882812,0
1,997,0.059856414794921875,1,4.50897216796875,0.0,1.2295333862304687,0
1,998,0.024089813232421875,1,3.211974859237671,0.0,1.1839401292800904,0
1,999,0.05638885498046875,1,8.04901123046875,0.0,1.1517974853515625,0
1,1000,0.09472274780273438,1,7.041930675506592,0.0,13.248606882095338,0
2,2,0.0,1,7.095336437225342,0.05,1.0560932712554931,0
2,3,-0.0491943359375,1,3.314971685409546,0.0,1.0353118944168092,0
2,4,-0.020610809326171875,1,2.044677734375,2.980232241545089e-09,1.117884826540947,0
2,5,0.41844940185546875,1,139.01138305664062,2.980232241545089e-09,-0.7433288575410841,0
2,6,-0.6585273742675781,1,126.4228744506836,0.09188982844352722,-2.649187830686569,0
2,7,0.0,1,126.4228744506836,0.09188982844352722,-1.3321330821514128,0
2,8,0.0,1,126.4228744506836,2.74777412414412e-06,-1.3284575989246368,0
2,9,-0.12371826171875,1,123.71825408935547,2.7418136596679688e-06,-1.5218017148971557,0
2,10,0.0,1,123.71825408935547,0.0011697381734848064,-1.2744118713140486,0
2,11,-0.12100982666015625,1,121.00981903076172,0.09881972074508667,-1.4661688227653502,0
2,12,0.0,1,121.00981903076172,1.0535120964050293e-05,-1.2201968020200729,0
2,13,-0.11830520629882812,1,118.3051986694336,0.0020254969596862765,-1.4027954058647154,0
2,14,0.0,1,118.3051986694336,0.002025446295738219,-1.1661849912405013,0
2,15,0.0,1,118.3051986694336,0.000550881028175354,-1.1661260086297989,0
2,16,-0.22850418090820312,1,112.9035873413086,0.09944906830787659,-1.5190580713748931,0
2,17,0.0,1,112.9035873413086,0.0308349683880806,-1.059305145561695,0
2,18,-0.1102142333984375,1,110.21422576904297,0.030834941565990454,-1.2259463798403738,0
2,19,0.0,1,110.21422576904297,2.6822090146150224e-08,-1.0042845164537428,0
2,20,0.0,1,110.21422576904297,0.1,-1.0082845153808593,0
2,21,-0.1069793701171875,1,106.97936248779297,0.01773146986961365,-1.1542552487850188,0
2,22,0.0,1,106.97936248779297,0.08226851224899293,-0.942877990245819,0
2,23,-0.10266494750976562,1,102.6649398803711,0.09999998211860657,-1.0626286919116974,0
2,24,0.0,1,102.6649398803711,0.09481013715267182,-0.8570912030935286,0
2,25,0.0,1,102.6649398803711,0.005113506317138666,-0.8535033378601073,0
2,26,-0.0978851318359375,1,97.88512420654297,0.09992363452911376,-0.9574696931838991,0
2,27,0.0,1,97.88512420654297,7.152557373046875e-07,-0.757702512741089,0
2,28,-0.0932159423828125,1,93.21593475341797,0.0017412275075912448,-0.8508202289342881,0
2,29,0.0,1,93.21593475341797,0.001741918921470638,-0.6643883718252184,0
2,30,0.0,1,93.21593475341797,0.031879615783691403,-0.6655938796997072,0
2,31,-0.6306571960449219,1,46.058650970458984,0.03187963962554932,-0.9837625970840455,0
2,32,-0.0683441162109375,1,24.967191696166992,0.027443884313106535,0.5628701782822609,0
2,33,0.8556404113769531,1,129.364013671875,0.027442605793476106,0.3229028450846674,0
2,34,1.6683387756347656,1,211.8491973876953,0.09999871253967285,0.29569365501403855,0
2,35,-2.3129234313964844,1,240.19239807128906,0.0009408205747604356,-8.229732457041742,0
2,36,-2.1431922912597656,1,234.6153106689453,0.07212005108594895,-8.381575597941875,0
2,37,-2.2700271606445312,0,219.2039337158203,0.0676085576415062,-8.92683733791113,0
2,37,0.0,1,219.2039337158203,0.0676085576415062,-3.186783016622066,1
2,38,-2.2824935913085938,0,194.8165740966797,0.005261623859405519,-8.461529129505157,0
2,38,1.6393802706348097,1,194.8165740966797,0.005261623859405519,0.5822185943816495,1
2,39,-1.7549934387207031,0,155.65872192382812,6.186366081237932e-05,-6.623163790464401,0
2,39,0.19467813757623986,1,155.65872192382812,6.186366081237932e-05,-1.5238206378705152,1
2,40,-1.2414131164550781,0,96.7445297241211,0.09970113039016724,-4.421704872608185,0
2,40,0.35425948904985916,1,96.7445297241211,0.09970113039016724,-0.030359661598310154,1
2,41,-0.6081123352050781,0,30.807493209838867,0.0001700192689895602,-1.8323813353776932,0
2,41,0.33707625892761683,1,30.807493209838867,0.0001700192689895602,1.2579958528876969,1
2,42,0.06532669067382812,0,38.04779052734375,0.0004000693559646565,-0.6303184319734574,0
2,42,-0.2571345612889857,1,38.04779052734375,0.0004000693559646565,-0.07524093589908505,1
2,43,0.7726860046386719,0,107.41805267333984,0.000400093197822568,-0.6030050479173659,0
2,43,-1.3087315137211135,1,107.41805267333984,0.000400093197822568,-3.5658400846369367,1
2,44,1.5562477111816406,0,164.85975646972656,0.0,-0.18469970703125016,0
2,44,-0.5632741989763232,1,164.85975646972656,0.0,-3.223743527347178,1
2,45,1.6195755004882812,0,190.5441131591797,0.0,-0.5717312622070314,0
2,45,0.5637577439203412,1,190.5441131591797,0.0,-1.4833667753429114,1
2,46,2.0061874389648438,0,207.4966278076172,0.0,-0.13755767822265597,0
2,46,-0.5490368173500642,1,207.4966278076172,0.0,-4.048006190852472,1
2,47,2.127178192138672,1,213.8595428466797,0.0,1.1771655273437496,0
2,48,2.3007659912109375,1,205.12388610839844,0.0,1.6990542602539058,0
2,49,1.7975959777832031,1,194.75172424316406,0.0,0.9001574707031241,0
2,50,-0.8190231323242188,1,176.4182891845703,0.0,-3.9664120483398437,0
2,51,-1.6167373657226562,1,150.42495727539062,0.0,-5.041973876953125,0
2,52,-1.2549057006835938,1,129.29534912109375,0.0,-4.495718383789063,0
2,53,-1.2010536193847656,0,94.1047592163086,0.0,-4.284202423095703,0
2,53,0.5777835925683306,1,94.1047592163086,0.0,0.47347200081048935,1
2,54,-0.8069877624511719,0,68.8018798828125,0.0,-2.9900131225585938,0
2,54,-0.35608705198870183,1,68.8018798828125,0.0,-0.8882117016336537,1
2,55,-0.533599853515625,0,42.846675872802734,0.0,-1.9241332244873046,0
2,55,0.805903755486824,1,42.846675872802734,0.0,1.9548739935175936,1
2,56,-0.32541656494140625,0,16.986846923828125,0.0,-0.990570068359375,0
2,56,0.2895356019902593,1,16.986846923828125,0.0,1.4393342655039563,1
2,57,0.15810012817382812,0,46.638484954833984,0.060556421428918844,-0.6189916996061803,0
2,57,-0.2412629463059872,1,46.638484954833984,0.060556421428918844,-0.21771784856581095,1
2,58,0.9147987365722656,0,129.79888916015625,0.03944357857108116,-0.767958053201437,0
2,58,-0.2617914379800226,1,129.79888916015625,0.03944357857108116,-1.9211384023060134,1
2,59,1.7768440246582031,1,211.33421325683594,0.09993921220302582,0.523006215691566,0
2,60,2.398509979248047,1,255.14219665527344,6.0784816741939196e-05,0.8941735939979549,0
2,61,1.3344497680664062,1,257.5721740722656,2.980232241545089e-09,-1.2825439454317091,0
2,62,-2.7438583374023438,1,241.25669860839844,4.25666570663466e-05,-9.71285234963894,0
2,63,-2.0815696716308594,0,219.1848602294922,4.145503044128418e-05,-8.54683820605278,0
2,63,-1.045210511964605,1,219.1848602294922,4.145503044128418e-05,-5.27411988672027,1
2,64,-1.8746147155761719,0,161.0793914794922,0.025101718306541444,-6.971821329474449,0
2,64,1.6433554783670061,1,161.0793914794922,0.025101718306541444,1.2641190584119069,1
2,65,-1.2528114318847656,0,98.27803802490234,0.02123509645462036,-4.472033028125763,0
2,65,0.6768844757529919,1,98.27803802490234,0.02123509645462036,0.5873587871497523,1
2,66,-0.7376823425292969,0,36.785125732421875,0.0038677334785461454,-2.211221909046173,0
2,66,0.9589579001210211,1,36.785125732421875,0.0038677334785461454,2.382058576254463,1
2,67,0.008174896240234375,0,29.277799606323242,0.0,-0.5692061996459961,0
2,67,-0.2813969363532536,1,29.277799606323242,0.0,0.05165013516702799,1
2,68,0.6789207458496094,0,96.2867660522461,0.0,-0.5678938293457032,0
2,68,2.006420493945015,1,96.2867660522461,0.0,3.2871056668451075,1
2,69,1.4508132934570312,0,156.4483642578125,0.0,-0.2273406982421875,0
2,69,0.8984470057764611,1,156.4483642578125,0.0,-0.13207327360332766,1
2,70,1.7460060119628906,0,185.6155242919922,1.1229515075684982e-05,-0.22029891109466568,0
2,70,0.24256791200112815,1,185.6155242919922,1.1229515075684982e-05,-2.0271751110181904,1
2,71,1.722076416015625,1,194.9729766845703,0.09984257519245149,0.7406995953321448,0
2,72,2.218708038330078,1,202.76258850097656,0.09985380470752717,1.5781701544523234,0
2,73,0.7560310363769531,1,189.79261779785156,0.015422391891479495,-1.0844071788787841,0
2,74,-1.7909202575683594,1,170.30714416503906,0.015422391891479495,-5.788600294113159,0
2,75,-1.4460906982421875,1,151.90505981445312,0.0,-5.330282592773438,0
2,76,-1.3711700439453125,0,124.52315521240234,2.980232241545089e-09,-5.232803192257881,0
2,76,1.428468192268923,1,124.52315521240234,2.980232241545089e-09,1.5664732801705903,1
2,77,-1.1753692626953125,0,94.29167938232422,0.09979262053966523,-4.240563817858696,0
2,77,-0.6003443455506527,1,94.29167938232422,0.09979262053966523,-1.8905139835693765,1
2,78,-0.7666282653808594,0,75.0579833984375,0.09857806265354158,-3.0383593212366105,0
2,78,0.33832961392751315,1,75.0579833984375,0.09857806265354158,0.37155643738013483,1
2,79,-0.4783363342285156,0,22.998807907104492,0.001214528083801264,-1.4166974077224732,0
2,79,0.5330642057597856,1,22.998807907104492,0.001214528083801264,1.8061036722541295,1
2,80,0.3352775573730469,0,79.5440673828125,0.09999996721744538,-0.9243262315988541,0
2,80,-0.21654618512476986,1,79.5440673828125,0.09999996721744538,-0.8279737165944876,1
2,81,1.4324150085449219,0,194.86997985839844,0.04577556625008583,-1.0344006027281285,0
2,81,-1.6826324382677242,1,194.86997985839844,0.04577556625008583,-6.0644954963534214,1
2,82,2.5329246520996094,1,288.7458801269531,0.054224433749914175,0.488762724310159,0
2,83,3.0637588500976562,1,310.67657470703125,0.0,1.1139862060546868,0
2,84,-2.434680938720703,1,285.1448059082031,0.0,-9.972257995605469,0
2,85,-2.6916427612304688,0,255.9432830810547,0.027535095810890198,-10.503252587914467,0
2,85,-0.525024155394135,1,255.9432830810547,0.027535095810890198,-4.970015376241799,1
2,86,-2.1702003479003906,0,226.83714294433594,0.07239225208759309,-8.880039244771003,0
2,86,0.22965734518270153,1,226.83714294433594,0.07239225208759309,-2.880323858604819,1
2,87,-2.1477088928222656,0,161.77748107910156,0.01704980134963989,-7.531649399280548,0
2,87,1.6480554894673816,1,161.77748107910156,0.01704980134963989,1.2598793652987463,1
2,88,-1.1231307983398438,0,72.83782958984375,0.0782874643802643,-3.706149687051773,0
2,88,2.356862395992792,1,72.83782958984375,0.0782874643802643,4.453836701613498,1
2,89,-0.27442169189453125,0,9.250640869140625,0.025827933847904203,-0.7348893185257912,0
2,89,0.307021548538728,1,9.250640869140625,0.025827933847904203,1.6279971623407274,1
2,90,0.5182037353515625,0,83.78218841552734,0.030418016016483307,-0.6404530182480813,0
2,90,0.5321714838608571,1,83.78218841552734,0.030418016016483307,0.5874824787705081,1
2,91,1.1657485961914062,0,141.90292358398438,0.1,-0.510561279296875,0
2,91,-1.4187271960474774,1,141.90292358398438,0.1,-4.479512863774642,1
2,92,1.6862678527832031,0,185.97792053222656,0.0,-0.34702270507812516,0
2,92,-4.809283733937356,0,185.97792053222656,0.0,-13.338125878519243,1
2,93,5.457721710205078,1,0.0,1.1181831359861893e-05,12.1154429731369,0
2,94,0.20399856567382812,1,203.99855041503906,1.1181831359861893e-05,-2.471974324226379,0
2,95,0.4052314758300781,1,202.10646057128906,0.0,-2.0316662597656245,0
2,96,1.4070510864257812,1,187.0498504638672,0.0,0.27310516357421877,0
2,97,-1.6128578186035156,1,171.20359802246094,1.400709152207802e-07,-5.449787603259087,0
2,98,-1.5535621643066406,1,141.97158813476562,1.400709152207802e-07,-4.74655609691143,0
2,99,-1.3605880737304688,1,108.77608489990234,0.0999999910593033,-4.300697845101356,0
2,100,-0.9374847412109375,0,83.17183685302734,0.0999999910593033,-3.542406219124794,0
2,100,4.719457638028459,1,83.17183685302734,0.0999999910593033,8.971478539353997,1
2,101,-0.6624603271484375,0,60.569759368896484,1.7881393435392745e-08,-2.5363158423900605,0
2,101,1.9862103148951888,1,60.569759368896484,1.7881393435392745e-08,3.9610254416971915,1
2,102,-0.17168426513671875,0,19.832611083984375,1.1891126632662674e-06,-0.7400207995176316,0
2,102,-0.4554398112391027,1,19.832611083984375,1.1891126632662674e-06,-0.10753189172239949,1
2,103,0.9653053283691406,0,135.51712036132812,1.2069940567016602e-06,-0.7797317987680435,0
2,103,-0.35900244860784625,1,135.51712036132812,1.2069940567016602e-06,-2.2283473527220172,1
2,104,1.7229461669921875,1,197.02528381347656,0.0,0.7053866577148429,0
2,105,2.172779083251953,1,235.0082244873047,4.172325133999788e-08,0.845393675088882,0
2,106,1.1040229797363281,1,267.7154541015625,4.172325133999788e-08,-1.9462631242275237,0
2,107,-2.9964256286621094,1,273.93341064453125,0.00014670193195343018,-10.871525338292122,0
2,108,-2.727375030517578,0,270.5955505371094,0.00014669895172118863,-10.866666939735413,0
2,108,-0.6089967523690021,1,270.5955505371094,0.00014669895172118863,-5.42991038343826,1
2,109,-2.3928070068359375,0,257.57598876953125,0.00490239560604095,-9.937329884886742,0
2,109,1.500407868259373,1,257.57598876953125,0.00490239560604095,-0.9509001346961207,1
2,110,-2.3111495971679688,0,206.97019958496094,0.004902398586273192,-8.761899281978607,0
2,110,-0.4046284581597348,1,206.97019958496094,0.004902398586273192,-3.7488570039621387,1
2,111,-1.6732864379882812,0,135.93292236328125,2.9706954956056075e-05,-6.065232511520386,0
2,111,1.1732638047477266,1,135.93292236328125,2.9706954956056075e-05,0.8278679739516301,1
2,112,-1.0344390869140625,0,59.371944427490234,2.9700994491579924e-05,-3.256318250417709,0
2,112,2.308992011683479,1,59.371944427490234,2.9700994491579924e-05,4.630543946777373,1
2,113,-0.22050094604492188,0,4.1046142578125,0.0018934160470962524,-0.5231699138879776,0
2,113,-0.19522154337626318,1,4.1046142578125,0.0018934160470962524,0.7273888914493397,1
2,114,0.6278839111328125,0,96.68730926513672,0.0018925368785858154,-0.6780540645122529,0
2,114,-1.1226352430143294,1,96.68730926513672,0.0018925368785858154,-2.9790923728065364,1
2,115,1.3236503601074219,0,157.64999389648438,0.019644102454185488,-0.5064849218130112,0
2,115,0.025618253399805724,1,157.64999389648438,0.019644102454185488,-1.9025491352282435,1
2,116,1.7994804382324219,0,193.92393493652344,0.0196449875831604,-0.28030362176895157,0
2,116,0.9285571363304683,1,193.92393493652344,0.0196449875831604,-0.8221502255728586,1
2,117,2.0291099548339844,0,209.88844299316406,6.6876411437960526e-06,-0.13954921770095796,0
2,117,1.2300011716357133,1,209.88844299316406,6.6876411437960526e-06,-0.5377667840974999,1
2,118,2.170970916748047,0,220.0546112060547,6.6876411437960526e-06,-0.05915065813064547,0
2,118,0.1647577006931158,1,220.0546112060547,6.6876411437960526e-06,-2.8715770902405073,1
2,119,2.1817665100097656,1,215.7249298095703,0.0010697722434997586,1.2489916329383846,0
2,120,2.1120681762695312,1,207.0579376220703,0.0010697305202484186,1.282934810876846,0
2,121,1.4105644226074219,1,194.6372833251953,4.172325133999788e-08,0.12838317704200747,0
2,122,-1.8363494873046875,1,172.18016052246094,0.0,-5.916302185058594,0
2,123,-1.5395278930664062,1,138.54598999023438,0.0,-4.6499755859375,0
2,124,-1.2934112548828125,1,100.27693939208984,0.09957244098186493,-3.9963441952466963,0
2,125,-0.7460670471191406,0,65.63568115234375,0.0004275590181350708,-2.8048648196458816,0
2,125,1.5782430167703367,1,65.63568115234375,0.0004275590181350708,3.0437553081330733,1
2,126,-0.346893310546875,0,0.9803771376609802,0.09999955892562867,-0.7173941462039948,0
2,126,-0.5432498679082514,1,0.9803771376609802,0.09999955892562867,0.08989273907325249,1
2,127,0.5641822814941406,0,109.25292205810547,4.410743713392784e-07,-1.0566938958168028,0
2,127,1.6366823952197223,1,109.25292205810547,4.410743713392784e-07,2.288306331634361,1
2,128,1.5826759338378906,1,220.4665985107422,0.0,-0.04398010253906204,0
2,129,2.5979995727539062,1,283.4625244140625,0.09644154608249665,0.722890995383262,0
2,130,-0.3008689880371094,1,295.8526611328125,0.0032973557710647555,-5.318923092961311,0
2,131,-3.12335205078125,1,273.773193359375,0.08663626909255981,-11.125633419513703,0
2,132,-2.380870819091797,0,256.0882568359375,0.013098868727684024,-9.884030729651451,0
2,132,-1.2055452571211873,1,256.0882568359375,0.013098868727684024,-6.333379605710232,1
2,133,-2.4427032470703125,0,231.0294952392578,3.7640333175673057e-06,-9.505996549487113,0
2,133,-0.22067466881866693,1,231.0294952392578,3.7640333175673057e-06,-3.8619393929838224,1
2,134,-2.2104415893554688,0,170.9098663330078,8.761882781954666e-07,-7.839080540418625,0
2,134,1.0882716017104386,1,170.9098663330078,8.761882781954666e-07,-0.04165415828681021,1
2,135,-1.2882308959960938,0,92.9756088256836,2.086162567138672e-06,-4.435974051952362,0
2,135,1.7679049835160896,1,92.9756088256836,2.086162567138672e-06,2.876297707072004,1
2,136,-0.4633827209472656,0,19.100189208984375,0.09999699592590333,-1.312769105911255,0
2,136,0.5799726851924945,1,19.100189208984375,0.09999699592590333,1.9739417063682654,1
2,137,0.36060333251953125,0,72.08251953125,0.09999990165233613,-0.724443721652031,0
2,137,-0.7445945056835157,1,72.08251953125,0.09999990165233613,-1.734839398058125,1
2,138,1.0866470336914062,0,135.95199584960938,0.09999303817749025,-0.5497455711364746,0
2,138,-0.8622543501777429,1,135.95199584960938,0.09999303817749025,-3.247548338874773,1
2,139,1.4491119384765625,0,177.52455139160156,6.905198097227616e-06,-0.6522674270868303,0
2,139,-0.3808943523624393,1,177.52455139160156,6.905198097227616e-06,-3.1122800087648343,1
2,140,1.9323539733886719,0,202.32008361816406,0.04076442420482636,-0.18332430255413026,0
2,140,-0.5788800325011394,1,202.32008361816406,0.04076442420482636,-4.005792314333752,1
2,141,2.078624725341797,0,210.4873504638672,0.040764376521110535,-0.05412813365459414,0
2,141,0.19928119904290043,1,210.4873504638672,0.040764376521110535,-2.6128151862523867,1
2,142,2.357097625732422,1,214.6110382080078,0.07624264359474182,1.6189247815608974,0
2,143,1.9007186889648438,1,206.4323272705078,0.07624268233776094,0.8697411252260204,0
2,144,1.95654296875,1,187.02696228027344,5.960464476151284e-09,1.3725466916561118,0
2,145,-1.1823654174804688,1,175.69349670410156,8.672475814777703e-07,-4.678600803732873,0
2,146,-1.6832389831542969,1,158.41293334960938,8.702278137193153e-07,-5.334736668109894,0
2,147,-1.272918701171875,1,129.119873046875,0.0,-4.52823486328125,0
2,148,-1.2870140075683594,0,105.70906829833984,0.0,-4.6882093811035155,0
2,148,1.1858337209837657,1,105.70906829833984,0.0,1.4574860760007349,1
2,149,-0.9122352600097656,0,78.10592651367188,2.086162566999894e-08,-3.3865890511274337,0
2,149,0.6951600144796117,1,78.10592651367188,2.086162566999894e-08,1.0282014978513212,1
2,150,-0.5568962097167969,0,50.010677337646484,0.09999996423721313,-2.118005964756012,0
2,150,0.18513236226245766,1,50.010677337646484,0.09999996423721313,0.5660511792024971,1
2,151,-0.3643836975097656,0,21.846769332885742,0.09778417348861695,-1.1696141486167908,0
2,151,0.2040165258788207,1,21.846769332885742,0.09778417348861695,1.167186298160382,1
2,152,0.20693588256835938,0,57.00301742553711,0.09776140749454498,-0.7300990396738052,0
2,152,-0.5083151377630983,1,57.00301742553711,0.09776140749454498,-0.9606010803367206,1
2,153,1.0745201110839844,0,145.843505859375,2.278089523315152e-05,-0.7678308062553406,0
2,153,-1.5121836101374342,1,145.843505859375,2.278089523315152e-05,-4.741238248698178,1
2,154,1.8428688049316406,1,205.21543884277344,0.04264766424894333,0.7797229264378543,0
2,155,2.1046371459960938,1,212.25355529785156,0.029881016910076143,1.1630079453587527,0
2,156,2.0960960388183594,1,205.82579040527344,0.02677270472049713,1.2746053613424297,0
2,157,-1.2960891723632812,1,186.67601013183594,0.024598498642444608,-5.12668248730898,0
2,158,-1.6593666076660156,1,147.66693115234375,0.025288997590541838,-5.073083398282527,0
2,159,-1.1290359497070312,1,106.71996307373047,0.09999188184738159,-3.796470836162567,0
2,160,-0.7935981750488281,0,42.46902084350586,0.0003797888755798298,-2.4365919585227966,0
2,160,0.36821806975028437,1,42.46902084350586,0.0003797888755798298,1.0870405310754285,1
2,161,-0.08232498168945312,0,18.310546875,0.0001843363046646132,-0.5308682743310928,0
2,161,0.10965104909785595,1,18.310546875,0.0001843363046646132,1.0530837872435252,1
2,162,0.4661064147949219,1,65.99044799804688,0.09980454444885255,0.8084116878509523,0
2,163,0.725555419921875,1,90.3053207397461,1.1920928952302567e-08,0.8450044245719911,0
2,164,1.1050529479980469,1,108.92485809326172,1.1920928952302567e-08,1.2316087336540225,0
2,165,1.1929512023925781,1,128.54385375976562,0.03970371559262276,1.013437180966139,0
2,166,1.5485725402832031,1,146.01516723632812,0.03970351591706276,1.3752535952031615,0
2,167,-0.7781791687011719,1,142.4713134765625,0.09998113811016084,-3.209783852458,0
2,168,-1.3678970336914062,1,130.87844848632812,1.8283724784851074e-05,-4.153363768458366,0
2,169,-1.2121505737304688,1,111.69432830810547,0.09996977746486665,-3.4621865047216414,0
2,170,-0.9576454162597656,1,75.75607299804688,2.984404563903531e-05,-2.230413486242294,0
2,171,-0.3837013244628906,1,5.603789806365967,0.09271347522735596,0.31681301593780514,0
2,172,0.3723793029785156,1,69.99969482421875,0.007119610905647278,0.5444799250364305,0
2,173,1.149566650390625,1,120.80382537841797,0.09983308613300323,1.0790634697675707,0
2,174,1.1034126281738281,1,123.76403045654297,0.1,0.9275446472167972,0
2,175,1.2404136657714844,1,123.07357025146484,2.980232241545089e-09,1.2193559263944629,0
2,176,0.990997314453125,1,118.4577865600586,0.09999999701976776,0.8088388978242878,0
2,177,-1.0616111755371094,1,114.77660369873047,0.0,-3.218754425048828,0
2,178,-1.0040359497070312,1,87.31078338623047,2.723932266232576e-06,-2.5542876760959627,0
2,179,-0.6958885192871094,1,45.166011810302734,2.723932266232576e-06,-1.0950973837375644,0
2,180,-0.29232025146484375,1,18.123626708984375,0.0939051240682602,0.24913075792789455,0
2,181,-0.08432769775390625,1,3.223418951034546,0.006094777584075929,0.9666324343681335,0
2,182,0.041164398193359375,1,11.001585960388184,0.0979458749294281,1.058379242181778,0
2,183,0.22385025024414062,1,33.802032470703125,0.09561969935894013,0.9678350630998613,0
2,184,0.5063018798828125,1,60.90926742553711,0.09766078889369964,0.9905119796991351,0
2,185,0.5969657897949219,1,70.36590576171875,2.6893615722653474e-05,0.98661238861084,0
2,186,0.8572006225585938,1,83.32442474365234,0.09993541240692139,1.243915333747864,0
2,187,0.8823165893554688,1,92.29277801513672,2.475678920745711e-05,1.118776628136635,0
2,188,-0.7979583740234375,1,98.91890716552734,0.08918710947036744,-2.3778623757362367,0
2,189,-0.877532958984375,1,95.34453582763672,0.01072747707366943,-2.4623857336044312,0
2,190,-0.9011878967285156,1,85.18218231201172,5.010366439819197e-05,-2.3060214438438416,0
2,191,-0.7711410522460938,1,66.22695922851562,0.005127501487731931,-1.6670263891220094,0
2,192,-0.44689178466796875,1,24.566648483276367,0.004918631911277768,-0.18531328427791602,0
2,193,0.039989471435546875,1,26.496885299682617,0.09851610958576203,0.746100592494011,0
2,194,0.5211830139160156,1,73.98605346679688,0.0011668533086776761,0.7625982843637468,0
2,195,1.0026130676269531,1,114.34935760498047,7.285773754119734e-05,0.9182360688447956,0
2,196,1.0574569702148438,1,120.25069427490234,0.0,0.909900054931641,0
2,197,1.2891921997070312,1,134.62448120117188,0.0,1.0858947753906252,0
2,198,-1.3833541870117188,1,144.47784423828125,2.4735927581925887e-07,-4.456265268683433,0
2,199,-1.496978759765625,1,128.92532348632812,0.07730939686298371,-4.375556365132332,0
2,200,-1.0946006774902344,1,113.0256576538086,0.022685426473617556,-3.250621925115585,0
2,201,-0.9003524780273438,1,70.85037231445312,4.929304122922029e-06,-2.6177125995159147,0
2,202,-0.4415779113769531,0,15.460967063903809,0.0997400850057602,-1.1963647674322129,0
2,202,1.3171826889083604,1,15.460967063903809,0.0997400850057602,3.5211564331384144,1
2,203,0.07208633422851562,0,25.688169479370117,0.09974006116390229,-0.37358032357692716,0
2,203,1.2771463355144022,1,25.688169479370117,0.09974006116390229,3.236539678994846,1
2,204,0.5015449523925781,1,69.02313232421875,7.921457290650802e-06,0.8226269414424898,0
2,205,0.9526901245117188,1,112.48778533935547,0.05203422475606203,0.853543173246086,0
2,206,1.2478981018066406,1,132.22503662109375,0.047957829944789414,1.0493771579936149,0
2,207,1.510040283203125,1,138.1378173828125,0.012914595007896428,1.4568076349496843,0
2,208,0.8957862854003906,1,130.9661865234375,0.012914595007896428,0.37173225653171554,0
2,209,-1.2878646850585938,1,127.1400375366211,0.0007263630628585802,-3.9185591753721236,0
2,210,-1.2976417541503906,1,128.91006469726562,0.0007263422012329102,-3.9735138559341427,0
2,211,-1.3072395324707031,1,110.19896697998047,2.980232241545089e-09,-4.218458404660225,0
2,212,-1.0086555480957031,0,93.63936614990234,0.0999999761581421,-3.8940984182357785,0
2,212,0.5215538931744419,1,93.63936614990234,0.0999999761581421,0.3663204643045113,1
2,213,-0.8535804748535156,0,76.59149169921875,0.09999984204769136,-3.242990777373314,0
2,213,0.89461209273653,1,76.59149169921875,0.09999984204769136,1.4533943578067774,1
2,214,-0.6080551147460938,0,40.79818344116211,6.914138793931435e-07,-2.032073925971985,0
2,214,0.5861547866753085,1,40.79818344116211,6.914138793931435e-07,1.5563458768708198,1
2,215,-0.02866363525390625,0,31.642911911010742,0.08860169351100922,-0.6937295764684677,0
2,215,-0.16056826963396986,1,31.642911911010742,0.08860169351100922,0.24246115477140506,1
2,216,0.8097801208496094,0,127.48717498779297,0.009523972868919373,-0.9305642169713972,0
2,216,-0.7195367137131115,1,127.48717498779297,0.009523972868919373,-2.7891978860968387,1
2,217,1.6902542114257812,1,228.4316864013672,0.09812651276588441,0.007949634313583837,0
2,218,2.6608123779296875,1,288.6848449707031,3.039836883544922e-06,0.7479277348518365,0
2,219,-0.5083541870117188,1,296.5278625488281,3.042817115786467e-06,-5.747265746712684,0
2,220,-2.5166473388671875,1,265.8233642578125,0.0,-9.749761962890625,0
2,221,-2.4939804077148438,0,234.9510040283203,0.0,-9.686980895996093,0
2,221,-0.1258027342415744,1,234.9510040283203,0.0,-3.7506255490495546,1
2,222,-2.172801971435547,0,200.6149139404297,0.0,-8.357902221679687,0
2,222,-0.25576397993044964,1,200.6149139404297,0.0,-3.3238262386694926,1
2,223,-1.8724441528320312,0,141.57867431640625,0.0,-6.5764617919921875,0
2,223,-0.4585139047881981,1,141.57867431640625,0.0,-2.548601295904521,1
2,224,-0.967071533203125,0,79.83779907226562,0.09999735057353974,-3.5348989418745043,0
2,224,1.210682949423628,1,79.83779907226562,0.09999735057353974,2.020610023379002,1
2,225,-0.3614082336425781,0,2.639770269393921,8.434057235662262e-07,-0.7756119064092636,0
2,225,1.3323182115998122,1,2.639770269393921,8.434057235662262e-07,3.811840984075517,1
2,226,0.4691314697265625,0,79.6661376953125,0.09999818801879884,-0.659059741973877,0
2,226,0.46813967066442075,1,79.6661376953125,0.09999818801879884,0.5389566599018397,1
2,227,1.1917190551757812,0,146.57974243164062,0.0999942272901535,-0.5521565073728562,0
2,227,0.10845886919278769,1,146.57974243164062,0.0999942272901535,-1.5186768793388432,1
2,228,1.7009010314941406,0,187.39317321777344,0.09999390840530396,-0.3500611577033998,0
2,228,0.8796226768629225,1,187.39317321777344,0.09999390840530396,-0.7926178669658359,1
2,229,2.038349151611328,0,213.2377471923828,0.09999943673610688,-0.192056618094444,0
2,229,0.09785885665707639,1,213.2377471923828,0.09999943673610688,-2.8730372080029474,1
2,230,2.166778564453125,1,217.0677032470703,2.384185791015625e-07,1.1922030544281002,0
2,231,2.3482742309570312,1,212.6693572998047,0.09999989271163941,1.6391613202095028,0
2,232,1.9083099365234375,1,209.18272399902344,0.0961555927991867,0.8291191693544383,0
2,233,-1.0921096801757812,1,193.79042053222656,0.09615568220615386,-4.86387399828434,0
2,234,-1.86376953125,1,178.30274963378906,0.002540338039398189,-6.693695668697357,0
2,235,-1.64837646484375,0,152.8167724609375,0.026856186985969546,-6.354162626385689,0
2,235,1.650746159139139,1,152.8167724609375,0.026856186985969546,1.4440826215800895,1
2,236,-1.363433837890625,0,121.4027328491211,0.028944358229637146,-5.1560801070928575,0
2,236,0.5309655193156928,1,121.4027328491211,0.028944358229637146,-0.16728139268022144,1
2,237,-1.0073013305664062,0,83.2099838256836,0.09954759776592255,-3.6827842415571213,0
2,237,-0.3878242153067788,1,83.2099838256836,0.09954759776592255,-1.2438300110378664,1
2,238,-0.5973777770996094,0,34.53826904296875,6.020069122300575e-07,-1.8855209591388702,0
2,238,1.305500210387855,1,34.53826904296875,6.020069122300575e-07,3.120235015836059,1
2,239,0.026378631591796875,0,31.108854293823242,7.450580596923828e-07,-0.5694198524951934,0
2,239,0.2826832971176714,1,31.108854293823242,7.450580596923828e-07,1.1431894785565557,1
2,240,0.6981925964355469,0,100.65459442138672,7.450580596923828e-08,-0.6167066985368728,0
2,240,-1.5939256857235051,1,100.65459442138672,7.450580596923828e-08,-4.000943262854976,1
2,241,1.66571044921875,0,187.94630432128906,0.1,-0.4315051879882814,0
2,241,-1.54905587372226,1,187.94630432128906,0.1,-5.661037833870301,1
2,242,1.9463768005371094,1,235.9542694091797,9.179115295424034e-07,0.37366817617416337,0
2,243,2.608020782470703,1,276.0772705078125,9.179115295424034e-07,0.8944961180686943,0
2,244,-0.7100410461425781,1,290.64178466796875,0.0,-6.032917785644531,0
2,245,-3.0345993041992188,1,261.54327392578125,0.0,-10.700064086914063,0
2,246,-2.202777862548828,0,229.2747344970703,0.0,-8.991050415039062,0
2,246,0.8016277537977317,1,229.2747344970703,0.0,-1.7822391823459425,1
2,247,-2.01239013671875,0,176.48695373535156,0.09999998211860657,-7.558519347429275,0
2,247,0.39883495543301706,1,176.48695373535156,0.09999998211860657,-1.5360691631257415,1
2,248,-1.4676933288574219,0,94.44808197021484,1.1324882506769107e-07,-4.824348301649094,0
2,248,0.12979507973879123,1,94.44808197021484,1.1324882506769107e-07,-0.42937148445666756,1
2,249,-0.4592247009277344,0,7.389068126678467,1.2218952178538744e-07,-1.0662307692766189,0
2,249,0.40655236341842027,1,7.389068126678467,1.2218952178538744e-07,1.8653233594156906,1
2,250,0.292266845703125,0,61.71035385131836,8.940696717696373e-09,-0.6496733859777449,0
2,250,1.91127915369065,1,61.71035385131836,8.940696717696373e-09,3.7883512299973043,1
2,251,1.1154098510742188,0,129.42123413085938,0.09999999701976776,-0.3616049803495407,0
2,251,-0.30973798781680273,1,129.42123413085938,0.09999999701976776,-2.0119006581315837,1
2,252,1.5189132690429688,0,168.5867156982422,6.173849105834545e-05,-0.33391024541854875,0
2,252,-1.294608185880577,1,168.5867156982422,6.173849105834545e-05,-4.76095315526564,1
2,253,1.8505058288574219,0,195.80076599121094,6.174147129058699e-05,-0.21500613176822678,0
2,253,1.0014376607251805,1,195.80076599121094,6.174147129058699e-05,-0.7131424680327094,1
2,254,1.8262481689453125,1,206.45140075683594,0.001568102836608888,0.7234055986404415,0
2,255,2.2910003662109375,1,208.5685577392578,0.09841486811637878,1.606692982912063,0
2,256,2.0734710693359375,1,203.5941925048828,0.0038462281227111816,1.2749044394493099,0
2,257,-2.121356964111328,1,185.0814666748047,0.0038591772317886353,-6.744497628808022,0
2,258,-1.5854339599609375,1,167.93821716308594,3.859400749206543e-06,-5.929632417559624,0
2,259,-1.4023246765136719,0,145.97320556640625,3.695487976115852e-07,-5.72411347913742,0
2,259,0.24635100955583766,1,145.97320556640625,3.695487976115852e-07,-1.2267621069984014,1
2,260,-1.4557647705078125,0,121.26158905029297,5.90085983277755e-07,-5.336761345624923,0
2,260,1.201182950516099,1,121.26158905029297,5.90085983277755e-07,1.1771340964228993,1
2,261,-0.9949226379394531,0,98.6213607788086,0.09997339248657228,-3.966271427154541,0
2,261,-0.12348274015717209,1,98.6213607788086,0.09997339248657228,-1.0233916315899791,1
2,262,-0.6659431457519531,0,36.224365234375,2.650320529937883e-05,-2.056374656319618,0
2,262,1.1696317346008769,1,36.224365234375,2.650320529937883e-05,2.814775104386042,1
2,263,0.2733612060546875,0,80.21163940429688,0.09999989569187165,-1.0615103718042374,0
2,263,-0.7037446405541488,1,80.21163940429688,0.09999989569187165,-1.81572206502191,1
2,264,1.9031524658203125,0,234.9014129638672,0.09964327812194824,-0.8957090587615963,0
2,264,-0.037468794913209535,1,234.9014129638672,0.09964327812194824,-3.5769515802286405,1
2,265,2.4535865783691406,1,296.8559265136719,0.09964327812194824,0.1660688953399651,0
2,266,3.1738128662109375,1,327.136962890625,0.09999987483024597,1.000886479616164,0
2,267,-2.3880043029785156,1,313.812255859375,3.486871719346474e-07,-10.452253737092018,0
2,268,-3.034160614013672,0,237.8311004638672,4.738569259615799e-07,-10.824943256258964,0
2,268,0.11553434484626024,1,237.8311004638672,4.738569259615799e-07,-3.3255533385391,1
2,269,-1.707977294921875,0,151.98898315429688,7.811188697817717e-06,-6.455734565377235,0
2,269,-0.9763851900502871,1,151.98898315429688,7.811188697817717e-06,-3.7925503556340594,1
2,270,-1.0313453674316406,0,48.84719467163086,0.0009848237037658678,-3.039674021244049,0
2,270,-0.036318861743090736,1,48.84719467163086,0.0009848237037658678,0.15037899013305062,1
2,271,-0.062397003173828125,0,25.615690231323242,0.09451162517070771,-0.6408882759809493,0
2,271,-0.5704877515694804,1,25.615690231323242,0.09451162517070771,-0.45706977277225397,1
2,272,0.5815238952636719,0,84.03014373779297,0.004495739936828613,-0.5177349138259888,0
2,272,-0.7553893339931435,1,84.03014373779297,0.004495739936828613,-1.9915613723396195,1
2,273,1.13287353515625,0,134.98306274414062,0.0,-0.4339141845703125,0
2,273,0.9554642294160871,1,134.98306274414062,0.0,0.4112672039493619,1
2,274,1.5594139099121094,0,168.46083068847656,8.639693260192871e-05,-0.25039224982261676,0
2,274,0.11177257568139964,1,168.46083068847656,8.639693260192871e-05,-1.9456749182840363,1
2,275,1.7520904541015625,1,181.2362518310547,0.09991346299648285,1.0754593330621711,0
2,276,1.8881950378417969,1,191.6885223388672,1.400709152207802e-07,1.1426196233034125,0
2,277,1.582000732421875,1,184.2422332763672,0.09576833844184876,0.6753260657787323,0
2,278,-1.7544097900390625,1,168.4532012939453,0.0042248398065567044,-5.678052599549294,0
2,279,-1.5989036560058594,1,149.71923828125,0.09999316334724427,-4.996191804170608,0
2,280,-1.3166542053222656,1,116.3825912475586,1.4901161193847656e-08,-4.36096023619175,0
2,281,-0.8924751281738281,0,86.80724334716797,0.0,-3.5210951232910155,0
2,281,1.255971529066045,1,86.80724334716797,0.0,1.9757981911887306,1
2,282,-0.753326416015625,0,65.75393676757812,2.980232241545089e-09,-2.8217315675020216,0
2,282,1.619878148401888,1,65.75393676757812,2.980232241545089e-09,3.1246775613330047,1
2,283,-0.5708045959472656,0,41.694637298583984,0.00010178983211517334,-1.9755060094594954,0
2,283,0.2800610419300824,1,41.694637298583984,0.00010178983211517334,0.9262252662952006,1
2,284,-0.2980499267578125,0,22.556303024291992,0.09842157661914826,-1.0511627770662308,0
2,284,0.4235994113502315,1,22.556303024291992,0.09842157661914826,1.5921358991498573,1
2,285,0.10674667358398438,0,40.458675384521484,0.003441098332405093,-0.5958178044557572,0
2,285,-1.0773476729183784,1,40.458675384521484,0.003441098332405093,-1.7640064974604828,1
2,286,1.1467819213867188,0,157.989501953125,0.004917725920677185,-0.8664229053258896,0
2,286,-1.195528932142544,1,157.989501953125,0.004917725920677185,-4.351044612384415,1
2,287,2.177288055419922,1,255.66481018066406,0.09999976456165313,0.43727991664409593,0
2,288,2.4963531494140625,1,284.85107421875,2.3245811462541122e-07,0.4956848051547997,0
2,289,0.20267105102539062,1,243.69810485839844,0.09998157024383546,-3.2726192579269404,0
2,290,-2.2936744689941406,1,216.72056579589844,0.07641225159168244,-8.324816743969917,0
2,291,-2.2016029357910156,0,185.0395050048828,0.07643066942691804,-8.107053198456764,0
2,291,1.5208192071360074,1,185.0395050048828,0.07643066942691804,0.5377910873972818,1
2,292,-1.5123977661132812,0,151.611328125,0.09723960459232331,-6.060911678910255,0
2,292,2.047815810400415,1,151.611328125,0.09723960459232331,2.2595154741171366,1
2,293,-1.2530784606933594,0,83.8508529663086,0.011754742264747618,-4.183644170403481,0
2,293,0.36814788115906794,1,83.8508529663086,0.011754742264747618,0.25880851330137417,1
2,294,-0.5276260375976562,0,25.386808395385742,0.08548485338687897,-1.5664076372385025,0
2,294,1.3105625954065658,1,25.386808395385742,0.08548485338687897,3.309969628769942,1
2,295,0.1101837158203125,0,40.72951889038086,0.09999954104423524,-0.5982229278087616,0
2,295,-0.5345713329275341,1,40.72951889038086,0.09999954104423524,-0.6877330253044549,1
2,296,0.7592048645019531,0,103.09600067138672,3.39746475216951e-07,-0.543510298013687,0
2,296,-0.008380350493972344,1,103.09600067138672,3.39746475216951e-07,-0.878680728005538,1
2,297,1.3171615600585938,0,150.31814575195312,0.09997016191482544,-0.376038601398468,0
2,297,-1.5854851491611939,1,150.31814575195312,0.09997016191482544,-4.981332019838043,1
2,298,1.63177490234375,0,170.6313934326172,0.09997026026248933,-0.15307687437534348,0
2,298,2.279943244990122,1,170.6313934326172,0.09997026026248933,2.343259810917399,1
2,299,1.7408676147460938,1,176.97523498535156,6.288290023831467e-07,1.1422305046319954,0
2,300,1.8029823303222656,1,181.1179962158203,6.288290023831467e-07,1.1836047111749641,0
2,301,1.6100273132324219,1,175.9872283935547,0.0,0.90031005859375,0
2,302,-1.6633110046386719,1,165.22215270996094,0.0005733728408813463,-5.431087998390198,0
2,303,-1.6990776062011719,1,145.40481567382812,0.002894335985183717,-5.106367299318314,0
2,304,-1.2297554016113281,1,128.05557250976562,0.0034675210714340196,-4.420760954260826,0
2,305,-1.2025947570800781,0,94.00939178466797,1.8775463104386825e-07,-4.285377357363701,0
2,305,2.8127893686720924,1,94.00939178466797,1.8775463104386825e-07,4.9453908941406395,1
2,306,-0.7714920043945312,0,59.72671127319336,0.0,-2.7375182342529296,0
2,306,0.47954070867978515,1,59.72671127319336,0.0,0.9645471918957034,1
2,307,-0.3070945739746094,0,11.425017356872559,0.09999705851078033,-0.8466893774271012,0
2,307,0.40238972121243677,1,11.425017356872559,0.09999705851078033,1.7722792129469913,1
2,308,0.34677886962890625,0,71.0296630859375,2.9176473617525955e-06,-0.727035639166832,0
2,308,-0.6000721786323808,1,71.0296630859375,2.9176473617525955e-06,-1.4207377356894062,1
2,309,1.3913497924804688,0,162.90281677246094,0.0999999761581421,-0.4793567495346071,0
2,309,1.2030526471764702,1,162.90281677246094,0.0999999761581421,0.344048959857396,1
2,310,1.8574295043945312,1,200.7102813720703,0.09999978840351105,0.8966533898115154,0
2,311,1.895111083984375,1,215.11839294433594,1.996755600031097e-07,0.6878543010950084,0
2,312,0.4545097351074219,1,217.0944061279297,0.09999985396862031,-2.2368686465024945,0
2,313,-2.2731704711914062,1,233.0894317626953,0.09999986588954926,-8.6121295722723,0
2,314,-2.347442626953125,0,233.05128479003906,0.0999996840953827,-9.359910937070847,0
2,314,0.38756080749308097,1,233.05128479003906,0.0999996840953827,-2.6899040681784343,1
2,315,-2.241687774658203,0,210.7314910888672,0.09861982464790345,-8.701950164079665,0
2,315,-1.238812564348386,1,210.7314910888672,0.09861982464790345,-5.496199743460031,1
2,316,-1.8191986083984375,0,152.07672119140625,0.0017770558595657376,-6.680002722859383,0
2,316,0.45081054324647596,1,152.07672119140625,0.0017770558595657376,-0.9399844195695556,1
2,317,-1.0506210327148438,0,67.85964965820312,0.09684308469295502,-3.462308781981468,0
2,317,2.4053867920378025,1,67.85964965820312,0.09684308469295502,4.649706867523824,1
2,318,-0.2574615478515625,0,8.472442626953125,8.940696716308594e-08,-0.6843719518184662,0
2,318,-0.18355197062357576,1,8.472442626953125,8.940696716308594e-08,0.6634472026375072,1
2,319,0.3033866882324219,0,57.678218841552734,8.940696716308594e-08,-0.5467910039424896,0
2,319,1.004069339750977,1,57.678218841552734,8.940696716308594e-08,2.0545742990946207,1
2,320,0.9506683349609375,0,122.65776824951172,0.0006008148193359375,-0.5518427276611326,0
2,320,-1.2764796234444944,1,122.65776824951172,0.0006008148193359375,-3.8061386444719965,1
2,321,1.4964065551757812,0,168.6172332763672,0.017728134989738464,-0.38024068057537097,0
2,321,-1.6317187444935968,1,168.6172332763672,0.017728134989738464,-5.436491279914128,1
2,322,1.84820556640625,0,193.7217559814453,0.018328949809074402,-0.1787571448087694,0
2,322,-0.155478966821903,1,193.7217559814453,0.018328949809074402,-2.9861262112650757,1
2,323,1.7662925720214844,1,197.3190155029297,0.0,0.7862048339843741,0
2,324,1.9997482299804688,1,199.76805114746094,0.0,1.2041354370117179,0
2,325,1.9684486389160156,1,192.56971740722656,0.007803562283515933,1.2851907871961585,0
2,326,-0.8164024353027344,1,178.1730499267578,0.007803562283515933,-3.9965780116319656,0
2,327,-1.5489463806152344,1,165.3823699951172,0.0,-5.205540161132813,0
2,328,-1.5091476440429688,1,139.20211791992188,0.0731777623295784,-5.2052647569775585,0
2,329,-1.4887046813964844,0,107.6850814819336,0.07317305952310563,-5.1340379148125646,0
2,329,2.850406864554337,1,107.6850814819336,0.07317305952310563,4.7441851770890775,1
2,330,-0.7878913879394531,0,63.575740814208984,0.0007002800703048706,-2.8473256033658982,0
2,330,0.3388687134935324,1,63.575740814208984,0.0007002800703048706,0.6061945995000733,1
2,331,-0.168182373046875,0,24.509428024291992,0.0007042169570922879,-0.8265814752578735,0
2,331,-0.744049779160477,1,24.509428024291992,0.0007042169570922879,-0.7783162874850775,1
2,332,0.8071136474609375,0,130.44357299804688,0.09994983077049256,-0.9986421582698822,0
2,332,-0.9771273554651358,1,130.44357299804688,0.09994983077049256,-3.367124164122029,1
2,333,1.7130813598632812,1,231.15538024902344,0.08897123932838441,-0.0005037348270420529,0
2,334,2.713603973388672,1,295.2537536621094,0.06774920821189881,0.7194229052066796,0
2,335,0.043552398681640625,1,302.734375,0.07872856557369233,-4.770731845259666,0
2,336,-2.601184844970703,1,277.25982666015625,0.09553572535514832,-10.151387652158737,0
2,337,-2.6228904724121094,0,249.11497497558594,0.09553271234035493,-10.231901752829552,0
2,337,-2.156702680442251,1,249.11497497558594,0.09553271234035493,-8.099526168889836,1
2,338,-2.546520233154297,0,208.0345001220703,2.228915691375455e-05,-9.253731360316277,0
2,338,0.8232125942751836,1,208.0345001220703,2.228915691375455e-05,-1.3142657054573152,1
2,339,-1.6647987365722656,0,131.06918334960938,0.09997451007366182,-5.954980120539665,0
2,339,-0.12824513697936624,1,131.06918334960938,0.09997451007366182,-1.6818729213538666,1
2,340,-0.8114433288574219,0,58.403011322021484,0.0999978631734848,-2.7949467986822127,0
2,340,0.8795014406264698,1,58.403011322021484,0.0999978631734848,1.7869427402855709,1
2,341,-0.1343994140625,0,18.482208251953125,0.0911906361579895,-0.6420906186103821,0
2,341,-0.48361465521286107,1,18.482208251953125,0.0911906361579895,-0.14052110091110426,1
2,342,0.5571174621582031,0,80.9059066772461,0.0029807478189468398,-0.5040024391412736,0
2,342,0.28249737433436195,1,80.9059066772461,0.0029807478189468398,0.14675738521104426,1
2,343,1.0577621459960938,0,142.54379272460938,0.09417332708835602,-0.7391184955835343,0
2,343,0.6613658044020738,1,142.54379272460938,0.09417332708835602,-0.33191117877157394,1
2,344,1.6769371032714844,0,183.73487854003906,1.3589859008816818e-06,-0.32082341861724867,0
2,344,0.1983421956272977,1,183.73487854003906,1.3589859008816818e-06,-2.0780132339056223,1
2,345,2.1654434204101562,0,206.26829528808594,4.941225051879883e-05,0.20551895856857327,0
2,345,0.08852383775888484,1,206.26829528808594,4.941225051879883e-05,-2.748320206733969,1
2,346,2.1478919982910156,1,219.5205535888672,0.09994918704032899,1.101374957323074,0
2,347,1.9873809814453125,1,219.3717803955078,0.08857997655868531,0.7837831559181209,0
2,348,2.1206130981445312,1,204.92552185058594,0.08857597410678864,1.3391727203130719,0
2,349,-1.51666259765625,1,185.2645721435547,3.975629806515779e-06,-5.538616797208786,0
2,350,-1.5415000915527344,1,160.84669494628906,0.011748680472373957,-5.100404029250146,0
2,351,-1.5141067504882812,1,141.80374145507812,0.011748743057250974,-5.264758279800415,0
2,352,-1.3516464233398438,0,107.0136947631836,0.0,-4.843566741943359,0
2,352,0.8375799902952963,1,107.0136947631836,0.0,0.734886085326921,1
2,353,-0.8238792419433594,0,80.4939193725586,1.1324882507462997e-07,-3.2576368758678433,0
2,353,0.3245339912661862,1,80.4939193725586,1.1324882507462997e-07,0.23918959055124764,1
2,354,-0.7069435119628906,0,63.14468002319336,0.013923007249832156,-2.6773375446796415,0
2,354,-0.5075063299453433,1,63.14468002319336,0.013923007249832156,-1.078463180644547,1
2,355,-0.5922126770019531,0,38.61236572265625,0.013922911882400517,-1.9572295849323273,0
2,355,0.15582575117348085,1,38.61236572265625,0.013922911882400517,0.7388472714185407,1
2,356,-0.08089828491210938,0,23.414609909057617,4.500150680569748e-07,-0.6300887860059737,0
2,356,-0.6852692606649526,1,23.414609909057617,4.500150680569748e-07,-0.6388307375116603,1
2,357,1.1281814575195312,0,172.33656311035156,0.09999927878379822,-1.1943683183193208,0
2,357,-1.5653343671900188,1,172.33656311035156,0.09999927878379822,-5.381399967738421,1
2,358,2.112201690673828,0,235.8817901611328,0.09980053603649139,-0.4972244433164594,0
2,358,-1.2197439074377314,1,235.8817901611328,0.09980053603649139,-5.961115639539578,1
2,359,2.7802085876464844,1,261.9514465332031,0.0009238034486770616,1.5213512924909585,0
2,360,2.37567138671875,1,260.5171203613281,0.001112887263298036,0.7409558507204048,0
2,361,-2.295429229736328,1,218.82627868652344,1.031756401061873e-05,-7.767384445905685,0
2,362,-1.9516448974609375,1,141.83807373046875,0.008343732357025145,-6.140385018825532,0
2,363,-0.94427490234375,0,77.88848876953125,0.00834148824214935,-3.446653239607811,0
2,363,3.0195304237477956,1,77.88848876953125,0.00834148824214935,5.680957412575279,1
2,364,-0.4708061218261719,0,21.701810836791992,1.7374753952040245e-06,-1.3756485298871994,0
2,364,2.037568615105613,1,21.701810836791992,1.7374753952040245e-06,4.84110094397637,1
2,365,0.22090911865234375,0,52.192684173583984,3.981590270998869e-06,-0.602035605430603,0
2,365,-0.6729502509427547,1,52.192684173583984,3.981590270998869e-06,-1.1897543446207999,1
2,366,1.6726112365722656,1,0.0,0.0,4.545222473144531,0
2,367,0.2700080871582031,1,136.56997680664062,0.08410934805870057,-0.9947477357387541,0
2,368,1.6591987609863281,1,160.85813903808594,0.08410934805870057,1.2978703672885894,0
2,369,1.5169296264648438,1,172.1000518798828,0.003121522068977353,0.7917333544492722,0
2,370,-0.966400146484375,1,168.68589782714844,0.00311285555362701,-4.1066427637338645,0
2,371,-1.8081245422363281,1,158.86688232421875,0.00037151873111724437,-5.593601591706276,0
2,372,-1.4998893737792969,1,141.9677734375,0.00038018524646758756,-5.239149423718453,0
2,373,-1.4255714416503906,0,117.68721771240234,2.325475215912004e-05,-5.204888167738915,0
2,373,2.286380283651823,1,117.68721771240234,2.325475215912004e-05,3.4190152828655127,1
2,374,-0.9390907287597656,0,93.71566009521484,2.3245811462402344e-05,-3.7524955892562866,0
2,374,-0.29789342479068637,1,93.71566009521484,2.3245811462402344e-05,-1.2701009813181283,1
2,375,-0.7974662780761719,0,69.08035278320312,8.940696717696373e-09,-2.976539612174034,0
2,375,0.2059674624423664,1,69.08035278320312,8.940696717696373e-09,0.23032786886304263,1
2,376,-0.6036453247070312,0,36.762237548828125,0.0,-1.942535400390625,0
2,376,1.4296332722065017,1,36.762237548828125,0.0,3.324021793436441,1
2,377,-0.10494613647460938,0,15.556334495544434,0.09999819695949555,-0.5250188907384872,0
2,377,-0.512121790265013,1,15.556334495544434,0.09999819695949555,-0.1393701983192946,1
2,378,0.6464004516601562,0,106.5254135131836,0.09999702572822572,-0.8417072479724883,0
2,378,-1.587786305777847,1,106.5254135131836,0.09999702572822572,-4.1100807628484946,1
2,379,1.7953605651855469,0,205.1772918701172,0.011844000220298766,-0.5132984670400617,0
2,379,-0.046990848746617075,1,205.1772918701172,0.011844000220298766,-2.9980012949043893,1
2,380,2.113391876220703,1,249.4773712158203,0.0881548285484314,0.4337101349830623,0
2,381,2.5083389282226562,1,251.35801696777344,0.09518822133541108,1.1857099882364268,0
2,382,0.4099769592285156,1,242.43544006347656,0.09518809318542482,-2.8325624065399166,0
2,383,-2.018707275390625,1,208.05738830566406,0.09999987185001374,-7.002562311768531,0
2,384,-1.7936439514160156,1,152.9693603515625,0.09441494047641755,-6.050451707482338,0
2,385,-1.0619773864746094,0,70.94192504882812,0.09441494047641755,-3.546569871544838,0
2,385,2.4117587759259536,1,70.94192504882812,0.09441494047641755,4.600902453256287,1
2,386,-0.314727783203125,0,9.349822998046875,8.344650268693465e-08,-0.8164520297050476,0
2,386,1.2584136786583286,1,9.349822998046875,8.344650268693465e-08,3.5298308940178598,1
2,387,0.3391761779785156,0,60.737606048583984,0.09999991655349733,-0.5403997616767883,0
2,387,0.49785571413871565,1,60.737606048583984,0.09999991655349733,0.976959310643612,1
2,388,0.9065475463867188,1,112.17879486083984,0.0,0.769519195556641,0
2,389,1.4655876159667969,1,146.80099487304688,0.09999993741512299,1.1911553369760515,0
2,390,1.553070068359375,1,162.94859313964844,0.09997104704380036,1.0431694320440292,0
2,391,1.5239448547363281,1,172.8134002685547,0.09877005219459534,0.7876709020137787,0
2,392,-0.8436164855957031,1,171.5469207763672,0.00278382301330566,-3.9182827396392823,0
2,393,-1.6528816223144531,1,157.83309936523438,0.003983750939369202,-5.2625845819711685,0
2,394,-1.313140869140625,1,136.1846923828125,0.0002092301845550565,-4.749983955144883,0
2,395,-1.3419036865234375,0,109.03166961669922,0.09978963434696198,-4.868432350754738,0
2,395,1.2586605621594344,1,109.03166961669922,0.09978963434696198,1.5326961466110063,1
2,396,-0.8528099060058594,0,84.54131317138672,4.637837409973006e-05,-3.396447930574417,0
2,396,-0.4030251997317933,1,84.54131317138672,4.637837409973006e-05,-1.2968785180262852,1
2,397,-0.7468757629394531,0,61.14577865600586,4.626810550689697e-05,-2.7166689497232435,0
2,397,-0.14033157565051368,1,61.14577865600586,4.626810550689697e-05,-0.3035805751453648,1
2,398,-0.18806076049804688,0,17.18902587890625,0.0026739060878753704,-0.7200089948177337,0
2,398,-0.608563750347372,1,17.18902587890625,0.0026739060878753704,-0.36101497451638404,1
2,399,0.7878074645996094,0,125.82396697998047,0.09732301235198976,-0.9447573308944701,0
2,399,-0.7789697771800306,1,125.82396697998047,0.09732301235198976,-2.87831181445375,1
2,400,1.8758697509765625,1,229.08399963378906,0.0964729368686676,0.3662005918025966,0
2,401,2.9067153930664062,1,285.0151062011719,0.08630529642105103,1.3096764502525322,0
2,402,0.993438720703125,1,292.5834655761719,0.08982939422130586,-2.6683850458860396,0
2,403,-2.735931396484375,1,254.76454162597656,2.354383468600174e-07,-9.967153634905815,0
2,404,-2.3971481323242188,0,183.62425231933594,2.354383468600174e-07,-8.46678132045269,0
2,404,-0.3242598287200096,1,183.62425231933594,2.354383468600174e-07,-3.121004713244272,1
2,405,-1.3963165283203125,0,103.29436492919922,0.1,-4.862520355224609,0
2,405,0.2108389868937195,1,103.29436492919922,0.1,-0.44820932479654507,1
2,406,-0.5716361999511719,0,34.740447998046875,0.09990937709808351,-1.8420777349472046,0
2,406,0.7624637653949122,1,34.740447998046875,0.09990937709808351,2.0261221957449638,1
2,407,-0.02378082275390625,0,23.563383102416992,9.06229019165053e-05,-0.518832932472229,0
2,407,-0.2546696155583774,1,23.563383102416992,9.06229019165053e-05,0.2193894819188286,1
2,408,0.7117538452148438,0,95.19576263427734,0.010299172997474668,-0.48081952917575843,0
2,408,-0.1667598530389398,1,95.19576263427734,0.010299172997474668,-1.0378469256833256,1
2,409,1.08233642578125,0,138.14926147460938,0.013263985514640812,-0.5988429373502732,0
2,409,0.6280863330378281,1,138.14926147460938,0.013263985514640812,-0.3073431228371167,1
2,410,1.6086044311523438,1,174.65208435058594,0.023562905192375184,0.9232246590852737,0
2,411,1.8197555541992188,1,186.2258758544922,0.09622754454612732,1.1111444895267477,0
2,412,2.1130332946777344,1,192.21876525878906,0.0037719756364822388,1.5815404051542274,0
2,413,-0.45070648193359375,1,179.7599639892578,0.09999977052211761,-3.300612234473229,0
2,414,-1.738525390625,1,167.19435119628906,1.1920928955078125e-07,-5.620937809944153,0
2,415,-1.555938720703125,1,145.29037475585938,0.025412461161613463,-5.418701434969902,0
2,416,-1.4313507080078125,0,115.96678924560547,0.07453692555427552,-5.1850186779499055,0
2,416,0.24025437782311343,1,115.96678924560547,0.07453692555427552,-0.6418085062880532,1
2,417,-0.8909683227539062,0,81.95494842529297,0.0042956918478012085,-3.4212074416875837,0
2,417,-0.18300338324582555,1,81.95494842529297,0.0042956918478012085,-0.8052775626714226,1
2,418,-0.4097442626953125,0,5.527495861053467,0.014728200435638432,-0.9306275706291198,0
2,418,1.1019135818243413,1,5.527495861053467,0.014728200435638432,3.2926881184101875,1
2,419,0.6679420471191406,0,107.05184173583984,0.08092561662197113,-0.8083897651433943,0
2,419,1.4440545421498712,1,107.05184173583984,0.08092561662197113,1.943835224918067,1
2,420,1.2609634399414062,0,165.94313049316406,0.1,-0.8009357299804689,0
2,420,-1.7768076242424868,1,165.94313049316406,0.1,-5.676477858348255,1
2,421,2.08587646484375,1,234.91285705566406,0.1,0.6694957885742183,0
2,422,2.4723129272460938,1,252.5443878173828,0.0,1.0937380981445308,0
2,423,-1.5406646728515625,1,242.20655822753906,0.08480003476142883,-6.728852511644363,0
2,424,-2.0689849853515625,1,218.68894958496094,0.08099236190319062,-7.914988656878472,0
2,425,-1.9969940185546875,0,177.8526153564453,0.003017556667327885,-7.551161046504974,0
2,425,1.0654353565782628,1,177.8526153564453,0.003017556667327885,-0.2263022962390737,1
2,426,-1.3227653503417969,0,76.629638671875,0.09920988380908967,-4.1820918694734575,0
2,426,0.9664578180039669,1,76.629638671875,0.09920988380908967,1.5963544672180705,1
2,427,-0.360870361328125,0,12.287138938903809,0.0003075897693634033,-0.9674958050251007,0
2,427,0.6506853451215378,1,12.287138938903809,0.0003075897693634033,2.255615607874225,1
2,428,0.25958251953125,0,54.542537689208984,0.09967545568943025,-0.5756727329492568,0
2,428,0.02576117275309997,1,54.542537689208984,0.09967545568943025,0.15668457349444306,1
2,429,1.0046844482421875,0,118.40819549560547,1.6954541206357088e-05,-0.35879569160938246,0
2,429,-0.9781494879771344,1,118.40819549560547,1.6954541206357088e-05,-3.124463564048026,1
2,430,1.4190750122070312,0,157.012939453125,5.595386028289795e-05,-0.3021110028028488,0
2,430,-0.9238679010665649,1,157.012939453125,5.595386028289795e-05,-3.787996829350041,1
2,431,1.4988059997558594,1,172.2793426513672,3.950595855713168e-05,0.7520235662460327,0
2,432,1.9610595703125,1,181.8351593017578,1.6027688980096988e-05,1.4854153134822836,0
2,433,1.658447265625,1,181.11036682128906,0.05517537482082844,0.8924801798313856,0
2,434,-1.7140426635742188,1,162.17420959472656,0.038881270214915276,-5.473124769851566,0
2,435,-1.4890174865722656,1,138.13400268554688,0.005521950125694272,-4.540935904860496,0
2,436,-1.2582588195800781,1,117.06542205810547,0.08765627145767213,-4.261332331180573,0
2,437,-1.0940818786621094,0,104.53795623779297,0.09910552501678467,-4.282887103080749,0
2,437,0.5729180453782519,1,104.53795623779297,0.09910552501678467,0.25111274499997327,1
2,438,-0.9955406188964844,0,87.65410614013672,0.07003626972436905,-3.746964811384678,0
2,438,1.412520419639712,1,87.65410614013672,0.07003626972436905,2.2691572656877153,1
2,439,-0.5665245056152344,0,21.419523239135742,0.029948098957538607,-1.562637399971485,0
2,439,0.636732398713896,1,21.419523239135742,0.029948098957538607,2.0438764086867756,1
2,440,0.40341949462890625,0,95.9663314819336,0.09999940395355225,-1.1164876165390016,0
2,440,-1.3578707805752899,1,95.9663314819336,0.09999940395355225,-3.4390681669473935,1
2,441,1.706939697265625,0,224.94886779785156,5.960464477539062e-07,-1.0850979852676388,0
2,441,-0.6079824199736592,1,224.94886779785156,5.960464477539062e-07,-4.5149422197462075,1
2,442,2.7468643188476562,1,303.0242919921875,0.09999765455722809,0.6292428916692727,0
2,443,1.5697059631347656,1,312.9386901855469,0.09995866417884827,-1.92336022400856,0
2,444,-2.9879074096679688,1,284.6107482910156,3.8990378379823165e-05,-11.068031344771386,0
2,445,-2.6297264099121094,0,244.9760284423828,0.04311966821551323,-10.160698175400496,0
2,445,-1.1334121358814642,1,244.9760284423828,0.04311966821551323,-5.968069627339204,1
2,446,-2.0203094482421875,0,204.70045471191406,0.05101235583424568,-8.136668484956026,0
2,446,0.381123128256462,1,204.70045471191406,0.05101235583424568,-2.1338033319587266,1
2,447,-1.7501182556152344,0,117.69866180419922,0.09279744625091553,-5.85792164516449,0
2,447,0.10807197703451976,1,117.69866180419922,0.09279744625091553,-0.9415411798649814,1
2,448,-0.6657371520996094,0,28.251646041870117,0.09866448640823365,-1.9004538044929504,0
2,448,0.755101735353712,1,28.251646041870117,0.09866448640823365,2.1412239704136926,1
2,449,0.068359375,0,34.832000732421875,9.328126907293122e-07,-0.5599213019609451,0
2,449,0.5545475490237948,1,34.832000732421875,9.328126907293122e-07,1.6124550460866447,1
2,450,0.7321510314941406,0,101.10472869873047,0.008455350995063782,-0.5581307250261305,0
2,450,-0.2987726699474962,1,101.10472869873047,0.008455350995063782,-1.4199781279094041,1
2,451,1.4793281555175781,0,156.73446655273438,0.09041579067707062,-0.17964965164661406,0
2,451,0.12141047980139774,1,156.73446655273438,0.09041579067707062,-1.695485003078975,1
2,452,1.7203941345214844,0,183.19700622558594,0.09683715105056763,-0.22702534151077286,0
2,452,0.7258459205822021,1,183.19700622558594,0.09683715105056763,-1.0161217693893372,1
2,453,1.73651123046875,0,198.0552520751953,0.0020339936017990112,-0.4881639403104784,0
2,453,1.0159957836327536,1,198.0552520751953,0.0020339936017990112,-0.7291948339824711,1
2,454,2.197174072265625,1,199.2759552001953,0.09999898672103882,1.6048290810585013,0
2,455,1.9646034240722656,1,193.6874237060547,1.0132789611816406e-06,1.2554583334922782,0
2,456,-0.026397705078125,1,184.6999969482422,0.09999995231628418,-2.5507953472137457,0
2,457,-1.5985221862792969,1,171.0624542236328,0.0997705489397049,-5.422284278988839,0
2,458,-1.7569046020507812,1,147.12905883789062,0.09712755382061006,-5.8602754830122,0
2,459,-1.2824211120605469,0,113.1324691772461,0.07857703566551208,-4.830634689092636,0
2,459,1.246411467215907,1,113.1324691772461,0.07857703566551208,1.427030469460272,1
2,460,-0.8771514892578125,0,85.79634857177734,0.009134092926979063,-3.470595313668251,0
2,460,-0.12998806520791106,1,85.79634857177734,0.009134092926979063,-0.7762684655684483,1
2,461,-0.7249183654785156,0,58.036800384521484,0.02787438929080963,-2.611687714219093,0
2,461,0.8194528967376371,1,58.036800384521484,0.02787438929080963,1.6770548102132123,1
2,462,-0.2009429931640625,0,21.415708541870117,0.0882289469242096,-0.8337293150424957,0
2,462,0.23632673404517135,1,21.415708541870117,0.0882289469242096,1.2408101393759723,1
2,463,0.6600761413574219,0,114.89867401123047,0.01171867251396179,-0.9782899444103239,0
2,463,-1.4542430985612356,1,114.89867401123047,0.01171867251396179,-4.006928424247639,1
2,464,1.83868408203125,1,228.27146911621094,1.262426376343051e-05,0.3119382767677303,0
2,465,2.5311737060546875,1,267.3225402832031,0.09999919831752778,0.9118966385126107,0
2,466,1.7466812133789062,1,269.2604064941406,8.00788402557373e-05,-0.691848906278611,0
2,467,-2.297870635986328,1,242.67958068847656,7.415115833282748e-05,-8.84933585178852,0
2,468,-2.4236221313476562,0,200.8170928955078,0.07676180303096772,-8.866656592726708,0
2,468,-0.21118000518550417,1,200.8170928955078,0.07676180303096772,-3.241772340402403,1
2,469,-1.7711410522460938,0,151.2908935546875,0.07518258392810823,-6.571107278943062,0
2,469,0.8685583210712764,1,151.2908935546875,0.07518258392810823,-0.09170853230832136,1
2,470,-1.0112113952636719,0,81.73751068115234,0.0015858173370361314,-3.657236436843872,0
2,470,0.6961061436004101,1,81.73751068115234,0.0015858173370361314,0.957398640884292,1
2,471,-0.3705902099609375,0,3.757476568222046,0.09999952912330629,-0.8203299324512482,0
2,471,0.7495821693694467,1,3.757476568222046,0.09999952912330629,2.62001482620952,1
2,472,0.3960609436035156,0,66.10107421875,4.470348358154297e-07,-0.5298996150493622,0
2,472,-0.23327973911689526,1,66.10107421875,4.470348358154297e-07,-0.588580980490184,1
2,473,0.9417991638183594,0,115.22673797607422,4.1124224662777986e-05,-0.420938076853752,0
2,473,-0.5841227987926132,1,115.22673797607422,4.1124224662777986e-05,-2.272782002075697,1
2,474,1.2128982543945312,0,147.65548706054688,0.030712229013442997,-0.5285417215824127,0
2,474,-1.3879408890347804,1,147.65548706054688,0.030712229013442997,-4.530220008441036,1
2,475,1.7741661071777344,1,170.73057556152344,0.06924660503864288,1.3309508389234534,0
2,476,1.7839164733886719,1,182.68202209472656,5.960464483090178e-09,1.114192504644393,0
2,477,1.8397750854492188,1,183.38392639160156,0.09944730699062349,1.2078937507867804,0
2,478,-0.6938667297363281,1,174.7245635986328,0.0005163401365280151,-3.682245385050774,0
2,479,-1.6654624938964844,1,160.27069091796875,0.002431643009185795,-5.336436071872711,0
2,480,-1.6773605346679688,1,144.18792724609375,0.09752982258796691,-5.642380807161332,0
2,481,-1.2028617858886719,0,124.7901840209961,2.1725893020671516e-06,-4.901527339100838,0
2,481,-0.7137477388328719,1,124.7901840209961,2.1725893020671516e-06,-2.7232992449892373,1
2,482,-1.11932373046875,0,101.30309295654297,0.09993110895156862,-4.268706564426422,0
2,482,0.813003406654893,1,101.30309295654297,0.09993110895156862,0.7959477098208643,1
2,483,-0.8418121337890625,0,51.856990814208984,0.001967343688011172,-2.720842777609825,0
2,483,-0.11251145660126127,1,51.856990814208984,0.001967343688011172,-0.06224142323422265,1
2,484,0.12643051147460938,0,63.64059066772461,0.0979539155960083,-1.0238689470291138,0
2,484,-0.8756514031921228,1,63.64059066772461,0.0979539155960083,-1.8280327763625779,1
2,485,1.3059463500976562,0,174.42701721191406,0.09998807013034822,-0.8806471668481828,0
2,485,-0.8196115292490518,1,174.42701721191406,0.09998807013034822,-3.931762925541599,1
2,486,2.0106964111328125,1,217.83827209472656,0.09999794065952301,0.8606274627447124,0
2,487,2.544017791748047,1,240.7455291748047,2.7826428413389726e-05,1.4731238869428631,0
2,488,1.0353317260742188,1,254.1923370361328,2.7826428413389726e-05,-1.8131844016313547,0
2,489,-2.302257537841797,1,252.6779022216797,3.6448240280165245e-06,-9.05807326591015,0
2,490,-2.5611419677734375,0,212.57017517089844,3.6448240280165245e-06,-9.373687584757805,0
2,490,-1.3783044807095308,1,212.57017517089844,3.6448240280165245e-06,-5.808012610629991,1
2,491,-1.837738037109375,0,157.79495239257812,3.774464130401611e-05,-6.8313766318559646,0
2,491,-0.3172292606145817,1,157.79495239257812,3.774464130401611e-05,-2.5903590788663777,1
2,492,-1.128387451171875,0,99.34615325927734,3.774464130401611e-05,-4.243699477314949,0
2,492,0.3458671287223183,1,99.34615325927734,3.774464130401611e-05,-0.09519031752656237,1
2,493,-0.6164321899414062,0,20.538328170776367,0.09998667240142822,-1.647630410194397,0
2,493,0.6923151323805712,1,20.538328170776367,0.09998667240142822,2.169864234449558,1
2,494,0.1802978515625,0,49.583431243896484,1.3327598571775956e-05,-0.6310734548568726,0
2,494,0.19410171877308358,1,49.583431243896484,1.3327598571775956e-05,0.5965342795642945,1
2,495,0.8640213012695312,0,111.69051361083984,0.0,-0.5057676696777342,0
2,495,-0.46259689745513555,1,111.69051361083984,0.0,-1.9590040671270679,1
2,496,1.3294486999511719,0,149.169921875,0.1,-0.32850103759765625,0
2,496,1.2900838786517355,1,149.169921875,0.1,0.7927693198034711,1
2,497,1.48370361328125,0,175.1670684814453,6.765127181992958e-07,-0.5359341701269151,0
2,497,-0.3741644394691548,1,175.1670684814453,6.765127181992958e-07,-3.051670275627725,1
2,498,2.058002471923828,1,193.2029571533203,0.0008740007877349881,1.4519108407497396,0
2,499,1.7457847595214844,1,193.08851623535156,0.0008746773004531874,0.8297642072439185,0
2,500,1.1236839294433594,1,186.98500061035156,0.1,-0.2963321533203125,0
2,501,-2.025531768798828,1,179.1496124267578,0.1,-7.038055786132812,0
2,502,-2.7458267211914062,0,0.0,0.020465525984764102,-5.492472063422203,0
2,502,-0.16291255321724663,1,0.0,0.020465525984764102,0.8733562725261161,1
2,503,-0.2757759094238281,0,136.29913330078125,0.020465517044067384,-3.278353105545044,0
2,503,0.07746412477695941,1,136.29913330078125,0.020465517044067384,-1.3718730371434689,1
2,504,-1.1798591613769531,0,101.4594955444336,0.0012610405683517456,-4.388958675265312,0
2,504,0.746021907161591,1,101.4594955444336,0.0012610405683517456,0.6628034618117764,1
2,505,-0.7645378112792969,0,36.06414794921875,0.0012019366025924696,-2.2504066590070724,0
2,505,0.6687724945388922,1,36.06414794921875,0.0012019366025924696,1.816213952629306,1
2,506,0.08104705810546875,0,42.236324310302734,5.4296851158139314e-05,-0.6826345418691635,0
2,506,-0.24522817626070292,1,42.236324310302734,5.4296851158139314e-05,-0.13518501060150695,1
2,507,0.9605865478515625,0,118.59130096435547,1.7344951629624794e-06,-0.45065299296379074,0
2,507,-0.44283650485737525,1,118.59130096435547,1.7344951629624794e-06,-2.057499098381666,1
2,508,1.4096221923828125,1,151.824951171875,0.05027768900617957,0.980734253767878,0
2,509,1.5098495483398438,1,149.19662475585938,0.05028423955664039,1.2337552319802345,0
2,510,1.310333251953125,1,142.669677734375,3.855824470520158e-05,0.967271406888962,0
2,511,1.5495491027832031,1,136.11221313476562,0.07503538727760314,1.5738525273799897,0
2,512,-0.13396072387695312,1,115.8027572631836,0.07489225566387177,-1.386972283244133,0
2,513,-1.0208282470703125,1,88.02794647216797,0.00018129050731659213,-2.602222675204277,0
2,514,-0.657867431640625,1,46.691890716552734,2.3722648620633224e-06,-1.0495727725028994,0
2,515,-0.2220611572265625,1,2.41851806640625,2.771615982055664e-06,0.7075072133541107,0
2,516,0.16916656494140625,1,35.182952880859375,0.09999998211860657,0.8306740729808807,0
2,517,0.6758689880371094,1,79.06341552734375,0.09973673522472382,0.966480196118355,0
2,518,0.9138221740722656,1,101.28020477294922,0.09972927868366241,0.9980510815382007,0
2,519,0.5502281188964844,1,117.8321762084961,0.0993969589471817,-0.060163164734840076,0
2,520,-1.0692825317382812,1,120.04851531982422,0.09940434992313385,-3.343511543869972,0
2,521,-1.2695503234863281,1,129.55093383789062,1.7881393435392745e-08,-3.9301193244457244,0
2,522,-1.3782119750976562,1,122.6692123413086,6.949901580809159e-06,-4.609808475017548,0
2,523,-1.2178611755371094,0,119.16350555419922,7.015466690060701e-06,-4.818992742776871,0
2,523,-0.011494876401982879,1,119.16350555419922,7.015466690060701e-06,-1.2062601445066177,1
2,524,-1.0179977416992188,0,107.54012298583984,0.09999485015869142,-4.190797737121582,0
2,524,-0.17420754068231759,1,107.54012298583984,0.09999485015869142,-1.3032173350877796,1
2,525,-1.0692939758300781,0,87.42522430419922,0.04796576537191868,-3.889011068359017,0
2,525,0.2697090100397972,1,87.42522430419922,0.04796576537191868,-0.01100509661926664,1
2,526,-0.7242813110351562,0,49.720760345458984,0.04797045327723026,-2.4448966471105815,0
2,526,0.3127577947396887,1,49.720760345458984,0.04797045327723026,0.8291815644391086,1
2,527,-0.06421279907226562,0,27.038572311401367,9.304285049437089e-06,-0.6691974165439606,0
2,527,-0.2803473549595168,1,27.038572311401367,9.304285049437089e-06,0.09853347168153709,1
2,528,0.8322334289550781,0,125.39290618896484,0.09982601404190064,-0.8473843064308165,0
2,528,-0.5587226989957159,1,125.39290618896484,0.09982601404190064,-2.4292965623324045,1
2,529,1.7815818786621094,0,215.12220764160156,0.09981036186218262,-0.7432728099822995,0
2,529,-0.7132747275737614,1,215.12220764160156,0.09981036186218262,-4.532986022454041,1
2,530,2.8142166137695312,1,283.5426330566406,0.09997458159923554,1.1535815831422798,0
2,531,2.3030128479003906,1,313.17901611328125,6.149411201476773e-05,-0.45755708622932506,0
2,532,-2.8147010803222656,1,308.12835693359375,6.148517131805004e-05,-11.191971758723259,0
2,533,-3.1720352172851562,0,269.8402404785156,0.0,-11.740875244140625,0
2,533,1.1657302439427824,1,269.8402404785156,0.0,-1.8653443216847476,1
2,534,-2.4639854431152344,0,224.6017303466797,0.0005346328020095839,-9.420026878476143,0
2,534,1.0894553333217445,1,224.6017303466797,0.0005346328020095839,-1.1131453256021846,1
2,535,-1.9335556030273438,0,165.7943572998047,0.0005346417427063016,-7.183019737720489,0
2,535,2.0837737752383845,1,165.7943572998047,0.0005346417427063016,2.051639018810966,1
2,536,-1.2838706970214844,0,94.36797332763672,0.0,-4.455100860595703,0
2,536,1.002617571227745,1,94.36797332763672,0.0,1.3178756759027557,1
2,537,-0.47278594970703125,0,8.663177490234375,1.1026859283308488e-07,-1.1188354536294938,0
2,537,0.19961339187438654,1,8.663177490234375,1.1026859283308488e-07,1.4259632295333418,1
2,538,0.3751220703125,0,73.84490966796875,1.0728836059153979e-07,-0.7266540570259095,0
2,538,-0.7200309878381503,1,73.84490966796875,1.0728836059153979e-07,-1.7169601733272102,1
2,539,1.1372871398925781,0,141.4947509765625,0.09965644776821136,-0.5593069976568222,0
2,539,0.5165726178719936,1,141.4947509765625,0.09965644776821136,-0.6007360416979911,1
2,540,1.4720687866210938,0,178.9207305908203,0.0996564507484436,-0.6382632966041567,0
2,540,-1.1300492388929726,1,178.9207305908203,0.0996564507484436,-4.64249934763229,1
2,541,1.9817543029785156,0,209.7549285888672,0.0020119816064834567,-0.23167044508457155,0
2,541,-0.9630131737398671,1,209.7549285888672,0.0020119816064834567,-4.921205398521336,1
2,542,2.3974876403808594,0,222.1031036376953,0.09108078181743623,0.34926997673511534,0
2,542,-0.8370246612134693,1,222.1031036376953,0.09108078181743623,-4.919754626453542,1
2,543,2.006458282470703,1,221.8284454345703,0.006863579154014587,0.776073113083839,0
2,544,2.1808929443359375,1,212.8524627685547,4.365742206573209e-05,1.3047348870038982,0
2,545,-0.12620162963867188,1,194.9424591064453,0.07177629172801972,-2.9541234930753713,0
2,546,-2.010150909423828,1,171.8978729248047,0.07177628874778748,-6.261130328893662,0
2,547,-1.5890235900878906,1,145.30563354492188,0.0999999225139618,-5.488159847974778,0
2,548,-1.2415771484375,0,109.15373992919922,4.470348358154297e-08,-4.666229097247124,0
2,548,0.4307687555438804,1,109.15373992919922,4.470348358154297e-08,-0.12153728928436262,1
2,549,-0.9491653442382812,0,80.73043060302734,3.695487976046463e-07,-3.5129393153190613,0
2,549,0.703215566495885,1,80.73043060302734,3.695487976046463e-07,0.9918225061492714,1
2,550,-0.5397491455078125,0,38.02490234375,0.09429574310779573,-1.843768167614937,0
2,550,1.197456169527264,1,38.02490234375,0.09429574310779573,2.8306424624552164,1
2,551,0.193695068359375,0,61.874385833740234,0.09429603815078735,-0.8538694214820861,0
2,551,-0.06358164077572326,1,61.874385833740234,0.09429603815078735,-0.16842283975228267,1
2,552,1.2452125549316406,0,148.15521240234375,0.0001973539590835599,-0.4726870323419571,0
2,552,0.4996809622748515,1,148.15521240234375,0.0001973539590835599,-0.7637502176555352,1
2,553,1.7178001403808594,1,182.4912872314453,0.00019745826721191684,0.9857666378021231,0
2,554,1.6185226440429688,1,177.15834045410156,2.6822090146150224e-08,0.8938784779310227,0
2,555,1.7493782043457031,1,170.61231994628906,2.3841857904605135e-08,1.2865100088119499,0
2,556,0.029247283935546875,1,146.75140380859375,0.0986606627702713,-1.6804799348115922,0
2,557,-1.3053359985351562,1,113.7733383178711,0.09864985048770905,-3.6900847574472424,0
2,558,-0.80914306640625,1,72.29995727539062,7.981061935419254e-06,-1.8642855975627897,0
2,559,-0.5240478515625,1,37.17041015625,0.00023902356624602716,-0.5915134671926499,0
2,560,-0.20157623291015625,1,3.643035650253296,0.00024040043354034424,0.7239772051572799,0
2,561,0.0882415771484375,1,21.430967330932617,0.09594902992248536,0.9440258464813233,0
2,562,0.5047416687011719,1,62.45040512084961,0.09595048725605011,0.9566372154951098,0
2,563,0.7347488403320312,1,78.76968383789062,2.6905536651612716e-05,1.094102927684784,0
2,564,0.7844772338867188,1,78.74679565429688,0.0028682261705398546,1.1939038256406787,0
2,565,0.7208595275878906,1,80.83342742919922,0.002895125746726991,1.024934701561928,0
2,566,0.8179779052734375,1,83.93096160888672,5.960464476151284e-09,1.157336578130722,0
2,567,-0.8468666076660156,1,84.58708953857422,0.06788575500249863,-2.1881904363036155,0
2,568,-0.8287544250488281,1,79.95986938476562,0.03211198300123215,-2.057990717113018,0
2,569,-0.7318229675292969,1,65.25039672851562,0.08858032226562501,-1.5721970825195313,0
2,570,-0.5113067626953125,1,38.516998291015625,0.08858255743980409,-0.5964967935085297,0
2,571,-0.20796966552734375,1,3.551482915878296,0.008939677476882936,0.7126734235286712,0
2,572,0.264678955078125,1,45.59707260131836,0.08674651086330415,0.8139465976953508,0
2,573,0.5713005065917969,1,76.995849609375,0.004313778877258305,0.8025114698410036,0
2,574,0.9261093139648438,1,104.07256317138672,0.0823555201292038,0.9674731436967853,0
2,575,1.2640037536621094,1,118.73625946044922,0.08235552608966829,1.349988097071648,0
2,576,-0.7511177062988281,1,113.30794525146484,0.0948137640953064,-2.572186868190765,0
2,577,-1.0754814147949219,1,101.26876068115234,0.004607588052749634,-2.9765223467350004,0
2,578,-0.9045677185058594,1,79.5440673828125,9.227991104125699e-05,-2.2000204758644104,0
2,579,-0.6189498901367188,1,43.96438217163086,0.0995136320590973,-0.9211679689884187,0
2,580,-0.16456222534179688,1,4.150390625,0.09917337596416474,0.7839008017778396,0
2,581,0.25554656982421875,1,43.84994125366211,0.0989064395427704,0.8301380569934846,0
2,582,0.6676559448242188,1,83.1489486694336,0.0874547988176346,0.8688347243070603,0
2,583,0.8743515014648438,1,107.5935287475586,0.08766079246997835,0.7933259962797168,0
2,584,1.3729896545410156,1,135.46371459960938,4.665255546569547e-05,1.2367031509876254,0
2,585,-0.4278564453125,1,143.87130737304688,1.4290213584899902e-05,-2.533139609694481,0
2,586,-1.4459381103515625,1,146.13723754882812,5.960464476151284e-09,-4.6146209719181055,0
2,587,-1.34393310546875,1,149.89471435546875,0.09796299040317535,-5.089679017663002,0
2,588,-1.4599075317382812,0,140.62881469726562,0.08734510242938996,-5.73588516151905,0
2,588,0.2364240728406628,1,140.62881469726562,0.08734510242938996,-1.1432219523611624,1
2,589,-1.4018936157226562,0,116.20330047607422,0.08938210606575013,-5.131428525209427,0
2,589,-0.3514871397038277,1,116.20330047607422,0.08938210606575013,-1.8306155731717697,1
2,590,-0.9428749084472656,0,94.3183822631836,0.0,-3.772117462158203,0
2,590,-0.6997765639628497,1,94.3183822631836,0.0,-2.0859207731893714,1
2,591,-0.7381095886230469,0,54.107662200927734,0.1,-2.5623724212646484,0
2,591,0.2169709459348752,1,54.107662200927734,0.1,0.547788647851196,1
2,592,-0.10618209838867188,0,27.919767379760742,0.1,-0.7747595443725586,0
2,592,-0.15115338728541872,1,27.919767379760742,0.1,0.3352978778339477,1
2,593,0.6993446350097656,0,98.96849822998047,0.1,-0.5846806945800782,0
2,593,-0.9189292144646899,1,98.96849822998047,0.1,-2.6212283935289893,1
2,594,1.4000511169433594,0,154.5562744140625,0.09962418675422668,-0.2950082218647003,0
2,594,-1.1630474902909995,1,154.5562744140625,0.09962418675422668,-4.221205436333418,1
2,595,1.6525344848632812,1,211.6050567626953,0.09962418675422668,0.26898286700248764,0
2,596,2.5377845764160156,1,278.1219482421875,0.0,0.7131301879882805,0
2,597,0.9624824523925781,1,293.38836669921875,0.09794774055480958,-2.7467203388214108,0
2,598,-2.621479034423828,1,286.30828857421875,0.08458958864212038,-10.372507423877716,0
2,599,-2.71807861328125,0,256.134033203125,0.08664178848266602,-10.562303562164306,0
2,599,0.22843578940697284,1,256.134033203125,0.08664178848266602,-3.469274756787861,1
2,600,-2.2980728149414062,0,205.20018005371094,0.09999994039535523,-8.704149228572845,0
2,600,0.48565294547383786,1,205.20018005371094,0.09999994039535523,-1.9366977077423568,1
2,601,-1.8157157897949219,0,124.94658660888672,9.560585021974044e-06,-6.1303636941909785,0
2,601,1.5348687251332933,1,124.94658660888672,9.560585021974044e-06,1.7708053356654516,1
2,602,-0.7213516235351562,0,43.029781341552734,9.557604789732499e-06,-2.3032992562055585,0
2,602,0.7876198480028407,1,43.029781341552734,9.557604789732499e-06,1.9146436868704353,1
2,603,0.07306671142578125,0,45.524593353271484,4.172325133999788e-08,-0.7643584458827973,0
2,603,0.6130895714266131,1,45.524593353271484,4.172325133999788e-08,1.5156872741188667,1
2,604,0.8557090759277344,0,116.5962142944336,4.470348358154297e-08,-0.6205061358213423,0
2,604,-0.8701221333279463,1,116.5962142944336,4.470348358154297e-08,-2.8721685543327036,1
2,605,1.3240623474121094,0,167.1676483154297,0.0,-0.6952282714843752,0
2,605,-0.49408717507323985,1,167.1676483154297,0.0,-3.131527316455074,1
2,606,1.8458404541015625,0,194.5113983154297,0.0,-0.1985470581054689,0
2,606,-0.21430932615034237,1,194.5113983154297,0.0,-3.118846618609279,1
2,607,2.1875152587890625,1,200.97349548339844,2.980232241545089e-09,1.5555606077909465,0
2,608,1.8154296875,1,201.3816680908203,0.09916703999042512,0.7992593315839763,0
2,609,2.021392822265625,1,201.0001983642578,0.09916292726993561,1.218815160155296,0
2,610,0.3216552734375,1,195.5833282470703,0.0999958634376526,-2.0723558526039123,0
2,611,-2.0525970458984375,1,177.7572479248047,0.09999997913837433,-6.464339049458504,0
2,612,-1.6604881286621094,1,154.61349487304688,0.1,-5.817246154785156,0
2,613,-1.37158203125,0,120.95641326904297,7.263123989105502e-05,-5.162295233130455,0
2,613,0.754929495361985,1,120.95641326904297,7.263123989105502e-05,0.2907278200935152,1
2,614,-0.9744758605957031,0,75.56915283203125,0.09992667138576508,-3.464331844687462,0
2,614,-0.06952015193408556,1,75.56915283203125,0.09992667138576508,-0.4544204273642268,1
2,615,-0.4180030822753906,0,19.268035888671875,6.973743438692948e-07,-1.2213669102191924,0
2,615,0.000615173606625774,1,19.268035888671875,6.973743438692948e-07,0.8158696015448402,1
2,616,0.40996551513671875,0,87.5892562866211,0.013597813248634343,-0.9323980079889298,0
2,616,-0.5431524864591708,1,87.5892562866211,0.013597813248634343,-1.638634011180709,1
2,617,1.4982872009277344,0,191.3986053466797,0.08640218675136566,-0.8348537925481798,0
2,617,1.5380035096993225,1,191.3986053466797,0.08640218675136566,0.44457882499499674,1
2,618,2.463043212890625,1,243.8468780517578,3.6358833312849503e-07,1.24914885020256,0
2,619,2.2746963500976562,1,254.4059600830078,3.6358833312849503e-07,0.6612734839916224,0
2,620,-1.0700950622558594,1,229.3510284423828,0.09987846910953523,-5.531205832123756,0
2,621,-2.4409751892089844,1,211.21595764160156,0.00012082755565642755,-8.506274364352226,0
2,622,-1.7401809692382812,0,175.43409729003906,0.09999929666519165,-6.993043856143951,0
2,622,0.4241644085522509,1,175.43409729003906,0.09999929666519165,-1.4643531005628871,1
2,623,-1.3542366027832031,0,103.75212860107422,0.09999690055847169,-4.787515653610229,0
2,623,0.30068758795044914,1,103.75212860107422,0.09999690055847169,-0.27766727214292464,1
2,624,-0.6632957458496094,0,25.039670944213867,0.09999690055847169,-1.831384786605835,0
2,624,0.6288922919684907,1,25.039670944213867,0.09999690055847169,1.9529912890303653,1
2,625,0.11931228637695312,0,39.55841064453125,0.1,-0.5565436401367188,0
2,625,-0.07640942776093596,1,39.55841064453125,0.1,0.25201293158750304,1
2,626,0.6810989379882812,0,92.33855438232422,0.0007701337337493869,-0.4846040170192719,0
2,626,-1.0724972944079028,1,92.33855438232422,0.0007701337337493869,-2.79179648181164,1
2,627,1.2210159301757812,0,142.03643798828125,0.000542372465133667,-0.3987185943126679,0
2,627,1.6913612611666835,1,142.03643798828125,0.000542372465133667,1.7419720676691368,1
2,628,1.5729751586914062,1,167.01124572753906,0.022927320003509527,1.004808310031891,0
2,629,1.7353324890136719,1,178.0662384033203,0.07684491872787476,1.1062664132118216,0
2,630,1.8190422058105469,1,183.7730255126953,0.0999999910593033,1.1586239017248146,0
2,631,-0.25780487060546875,1,179.55397033691406,3.5762786863846596e-08,-2.9066891493797304,0
2,632,-1.5337409973144531,1,161.5371551513672,0.027736736834049227,-5.099334567129612,0
2,633,-1.5800399780273438,1,130.950927734375,0.023312644660472875,-5.1800310165286065,0
2,634,-1.21441650390625,0,112.58696746826172,0.01206313073635102,-4.681054882407189,0
2,634,2.193548617839653,1,112.58696746826172,0.01206313073635102,3.334875361084617,1
2,635,-0.9990386962890625,0,88.8252182006836,0.016471558809280397,-3.775240618944168,0
2,635,-0.3108147852519991,1,88.8252182006836,0.016471558809280397,-1.1987927968700414,1
2,636,-0.7452964782714844,0,63.83132553100586,0.09998368322849274,-2.7712188144922254,0
2,636,-0.241845946048997,1,63.83132553100586,0.09998368322849274,-0.5643177500472509,1
2,637,-0.49859619140625,0,25.421140670776367,0.0999993920326233,-1.5096151719093323,0
2,637,-0.2565929097554971,1,25.421140670776367,0.0999993920326233,0.17439139139217352,1
2,638,0.29656982421875,0,81.87483978271484,0.0999745935201645,-1.0483561309576035,0
2,638,-0.9465604256293574,1,81.87483978271484,0.0999745935201645,-2.3346166306538185,1
2,639,1.5498466491699219,0,202.2933807373047,2.5400519371034103e-05,-0.9461753324270246,0
2,639,0.34051196784769644,1,202.2933807373047,2.5400519371034103e-05,-2.164844695071475,1
2,640,2.3484764099121094,1,256.0081481933594,0.03218826949596405,0.775502325177192,0
2,641,2.712047576904297,1,282.257080078125,0.03218827545642853,0.9776660212278359,0
2,642,-1.4997940063476562,1,292.9954528808594,0.04917326355352998,-8.261464000854641,0
2,643,-2.821880340576172,0,270.83587646484375,0.03454263126477599,-11.06185991569981,0
2,643,-0.43340352385755665,1,270.83587646484375,0.03454263126477599,-5.084906282262579,1
2,644,-2.5141372680664062,0,229.40061950683594,0.01599236428737641,-9.616926620841026,0
2,644,0.7476572399679853,1,229.40061950683594,0.01599236428737641,-1.8933376047722428,1
2,645,-1.9150314331054688,0,158.966064453125,0.00024638772010802945,-7.009394010782242,0
2,645,1.1544923031626055,1,158.966064453125,0.00024638772010802945,0.3296534617539069,1
2,646,-1.167999267578125,0,80.5244369506836,0.09622963070869446,-3.9503364593982697,0
2,646,1.4329241842674776,1,80.5244369506836,0.09622963070869446,2.4515104442929356,1
2,647,-0.33704376220703125,0,4.79888916015625,0.09627498388290406,-0.7739163069725037,0
2,647,-0.17000479525722056,1,4.79888916015625,0.09627498388290406,0.7601616269271176,1
2,648,0.5932121276855469,0,89.62248992919922,0.0008214831352233859,-0.6060584025382997,0
2,648,-0.9169235213085329,1,89.62248992919922,0.0008214831352233859,-2.4263297005264595,1
2,649,1.0470504760742188,0,136.26480102539062,0.09917472898960114,-0.635162057518959,0
2,649,1.8963343454922637,1,136.26480102539062,0.09917472898960114,2.26340568131713,1
2,650,1.584564208984375,0,173.7937774658203,0.09998663365840912,-0.3107465966939928,0
2,650,-0.11293978299244145,1,173.7937774658203,0.09998663365840912,-2.505754580647626,1
2,651,1.8672332763671875,0,195.40403747558594,9.444355964657869e-06,-0.1736145745515825,0
2,651,0.14304000679213402,1,195.40403747558594,9.444355964657869e-06,-2.4220011137016897,1
2,652,1.8135871887207031,1,203.53697204589844,4.673004150392013e-06,0.7564347496032711,0
2,653,1.9987983703613281,1,196.26234436035156,0.09852904975414276,1.2684086915254584,0
2,654,1.9549407958984375,1,193.14573669433594,0.0011609196662902832,1.2469204211235039,0
2,655,-1.8651351928710938,1,181.82752990722656,0.07144684940576554,-6.16967885786295,0
2,656,-1.5347900390625,1,161.10227966308594,0.07175206393003464,-5.094495753943921,0
2,657,-1.4837837219238281,1,136.82937622070312,0.09999996125698091,-5.108154966711998,0
2,658,-1.2982559204101562,0,102.5886459350586,0.09999845921993256,-4.652284697890281,0
2,658,1.4421761594568778,1,102.5886459350586,0.09999845921993256,2.028579461843787,1
2,659,-0.8594551086425781,0,70.3582763671875,6.020069122300575e-07,-3.1260757687091827,0
2,659,1.9963824166084052,1,70.3582763671875,6.020069122300575e-07,3.7855992817927833,1
2,660,-0.443206787109375,0,28.247831344604492,0.0009032517671585111,-1.4514063311815262,0
2,660,-0.082321868418326,1,28.247831344604492,0.0009032517671585111,0.4703635062005718,1
2,661,0.23363113403320312,0,66.80679321289062,0.0009041249752044719,-0.8689097611904144,0
2,661,-1.2509964327112328,1,66.80679321289062,0.0009041249752044719,-2.6381648946792864,1
2,662,1.6056938171386719,0,201.88902282714844,0.09999932646751405,-0.8303927953243253,0
2,662,-1.114287748911046,1,201.88902282714844,0.09999932646751405,-5.070355927423761,1
2,663,2.1764984130859375,1,264.8048400878906,0.09999936223030091,0.25290004992484977,0
2,664,2.6909332275390625,1,266.2696838378906,0.09999998807907105,1.252472778797149,0
2,665,-0.68572998046875,1,227.9586639404297,0.006343337893486026,-4.730886973261833,0
2,666,-2.2870559692382812,1,187.35121154785156,0.0933667689561844,-7.724870840191842,0
2,667,-1.4462471008300781,0,137.96615600585938,0.09963070452213288,-5.655802549958229,0
2,667,0.15295291325143268,1,137.96615600585938,0.09963070452213288,-1.2574025217952076,1
2,668,-0.9886245727539062,0,67.92449951171875,0.06889366954565049,-3.3384948825240137,0
2,668,0.9873892927986319,1,67.92449951171875,0.06889366954565049,1.813532848581063,1
2,669,-0.2714385986328125,0,7.816314220428467,0.06897289305925369,-0.7019623973965645,0
2,669,0.30141866495632996,1,7.816314220428467,0.06897289305925369,1.6437521297817206,1
2,670,0.3747596740722656,0,60.768123626708984,0.09999597370624544,-0.4698429633378982,0
2,670,-0.45939401686947434,1,60.768123626708984,0.09999597370624544,-0.9381503452213782,1
2,671,0.76104736328125,0,102.24532318115234,1.1622905731617506e-07,-0.522811741709709,0
2,671,0.19706193277237105,1,102.24532318115234,1.1622905731617506e-07,-0.45078260272746695,1
2,672,1.2722206115722656,1,143.17703247070312,0.09999604225158693,0.8769007320404054,0
2,673,1.5389671325683594,1,160.8047332763672,0.09999999403953552,1.0578395998477936,0
2,674,1.8670463562011719,1,173.5954132080078,0.09999999701976776,1.458184448361396,0
2,675,-0.3918190002441406,1,168.10606384277344,0.09999996721744538,-2.9497592760324483,0
2,676,-1.4519805908203125,1,154.23583984375,2.6822090146150224e-08,-4.788677979588509,0
2,677,-1.4091606140136719,1,128.326416015625,0.09998053312301636,-4.788848769664765,0
2,678,-1.1045799255371094,0,96.9123764038086,0.0999805361032486,-4.1514066005945205,0
2,678,-0.5959947063228768,1,96.9123764038086,0.0999805361032486,-1.9342361621660555,1
2,679,-0.9040260314941406,0,72.357177734375,0.08024512529373169,-3.2584054226875305,0
2,679,0.39270518255994347,1,72.357177734375,0.08024512529373169,0.5350570054206378,1
2,680,-0.527374267578125,0,60.73379135131836,0.07976525127887726,-2.272614972233772,0
2,680,0.9083409955964612,1,60.73379135131836,0.07976525127887726,1.7988155541154003,1
2,681,-0.511444091796875,0,38.360595703125,0.09947633147239686,-1.794079150915146,0
2,681,0.554909996670645,1,38.360595703125,0.09947633147239686,1.5386290260198943,1
2,682,0.052154541015625,0,42.045589447021484,0.09995620548725129,-0.7406009551286697,0
2,682,-0.6317798020083316,1,42.045589447021484,0.09995620548725129,-0.908469641176583,1
2,683,0.7448196411132812,0,114.46379852294922,0.0004079967737197904,-0.7996530081033705,0
2,683,-1.4689839767157338,1,114.46379852294922,0.0004079967737197904,-4.0272602437614005,1
2,684,1.644866943359375,1,199.27976989746094,0.09959054887294769,0.5001548668146134,0
2,685,2.33587646484375,1,255.95472717285156,0.09951348006725311,0.7486778470277782,0
2,686,1.4989166259765625,1,289.2189025878906,0.0975622057914734,-1.5904472880363463,0
2,687,-2.9338150024414062,1,282.8559875488281,0.09804727137088776,-10.92867164671421,0
2,688,-2.2310028076171875,0,218.59739685058594,0.00019465982913970808,-8.83396133863926,0
2,688,-0.5807701756622805,1,218.59739685058594,0.00019465982913970808,-4.333496074729445,1
2,689,-1.7162590026855469,0,135.25390625,0.0998052477836609,-6.14158834028244,0
2,689,-0.5177242415110186,1,135.25390625,0.0998052477836609,-2.5445188179333833,1
2,690,-0.9866561889648438,0,51.635738372802734,0.08692952394485473,-3.0095043263435364,0
2,690,1.3554827924758328,1,51.635738372802734,0.08692952394485473,2.874773636537817,1
2,691,-0.11856842041015625,0,15.541075706481934,0.08057671189308166,-0.5511814234256744,0
2,691,-0.24619241129139624,1,15.541075706481934,0.08057671189308166,0.39357059481184553,1
2,692,0.5314445495605469,0,80.69609832763672,0.006352901458740234,-0.5512869834899903,0
2,692,0.7843341481529862,1,80.69609832763672,0.006352901458740234,1.1544922136948885,1
2,693,1.2568817138671875,0,137.51602172851562,0.09999999701976776,-0.24055700671672822,0
2,693,0.2738835401055155,1,137.51602172851562,0.09999999701976776,-1.006553354240072,1
2,694,1.3850326538085938,0,164.97801208496094,3.042817115786467e-06,-0.529495055794716,0
2,694,0.8885412785468603,1,164.97801208496094,3.042817115786467e-06,-0.32247780631818285,1
2,695,1.7834663391113281,1,186.4738311767578,3.042817115786467e-06,1.0374559329748145,0
2,696,2.1355133056640625,1,197.08631896972656,0.00010008811950683316,1.5292962284088125,0
2,697,1.3810348510742188,1,192.5468292236328,0.00010008811950683316,0.11112911415100099,0
2,698,-1.6942863464355469,1,183.12071228027344,4.142522811861893e-07,-5.850986955046654,0
2,699,-1.8826980590820312,1,159.92355346679688,3.74376773834284e-05,-6.363868685007096,0
2,700,-1.4547271728515625,0,131.20651245117188,0.003201007843017578,-5.533712635040283,0
2,700,0.3332440640688148,1,131.20651245117188,0.003201007843017578,-0.7577701611995284,1
2,701,-1.005584716796875,0,96.84371185302734,0.008577904105186461,-3.9483867868185043,0
2,701,1.1879790418598901,1,96.84371185302734,0.008577904105186461,1.6387407304950259,1
2,702,-0.7814559936523438,0,61.42043685913086,0.08812379240989685,-2.7948456761837006,0
2,702,1.4311113110455125,1,61.42043685913086,0.08812379240989685,2.830288933212012,1
2,703,-0.3239021301269531,0,3.215789556503296,0.09438415765762329,-0.7158954176902771,0
2,703,1.0655028389500032,1,3.215789556503296,0.09438415765762329,3.2629145204636356,1
2,704,0.2428131103515625,0,42.045589447021484,0.09443515837192536,-0.3590629745721817,0
2,704,-0.44168811438453304,1,42.045589447021484,0.09443515837192536,-0.5280654240443728,1
2,705,0.4798393249511719,0,60.707088470458984,8.231401443480058e-06,-0.2544634487628936,0
2,705,-0.43728731881523686,1,60.707088470458984,8.231401443480058e-06,-0.8887167362957111,1
2,706,0.7465324401855469,0,74.127197265625,0.00010039508342742781,0.010516919255256652,0
2,706,-0.7285405891989214,1,74.127197265625,0.00010039508342742781,-1.73962913951368,1
2,707,0.8175735473632812,0,86.26555633544922,0.03505874872207641,-0.09156638193130501,0
2,707,-0.24195128247925624,1,86.26555633544922,0.03505874872207641,-1.01061604161638,1
2,708,0.8789939880371094,1,86.43721771240234,0.02871248424053192,1.2280951224565506,0
2,709,0.7209930419921875,1,74.45144653320312,0.0037977129220962552,1.1528052448034287,0
2,710,0.7023239135742188,1,55.17959213256836,0.09735084176063538,1.4971619508266452,0
2,711,0.499176025390625,1,37.41455078125,0.0999999761581421,1.4460610361099244,0
2,712,0.27410125732421875,1,26.504514694213867,0.06419299840927124,1.2155445008277894,0
2,713,0.24249267578125,1,22.525785446166992,0.05189885795116425,1.2323936883211137,0
2,714,0.20954513549804688,1,20.736692428588867,0.011790212988853452,1.2038848139047624,0
2,715,0.22972869873046875,1,26.962278366088867,0.0005027383565902738,1.1201917206048968,0
2,716,0.3565673828125,1,42.24776840209961,3.27825546292404e-08,1.0681793962717059,0
2,717,0.4856109619140625,1,50.80794906616211,0.09998402297496796,1.1510635815858843,0
2,718,0.4352149963378906,1,46.06246566772461,0.09998526871204377,1.1451812685728076,0
2,719,-0.2104339599609375,1,39.68048095703125,0.09999994933605194,-0.018477537035942123,0
2,720,-0.43767547607421875,1,40.657039642333984,0.09999994933605194,-0.49249174296855935,0
2,721,-0.4684638977050781,1,40.96603012084961,2.3931264877333214e-06,-0.5562484935522081,0
2,722,-0.3192291259765625,1,29.113767623901367,0.09990545511245727,-0.024729822635650642,0
2,723,-0.17022323608398438,1,6.797790050506592,0.09990784823894501,0.7196014128923416,0
2,724,0.07401275634765625,1,16.38031005859375,0.0,1.0204193115234375,0
2,725,0.21071243286132812,1,28.465269088745117,0.0006263315677642808,1.0520944306850435,0
2,726,0.33548736572265625,1,36.167144775390625,0.09936136603355408,1.143657381296158,0
2,727,0.3685760498046875,1,38.951873779296875,0.0002721369266509982,1.1581037385463717,0
2,728,0.44626617431640625,1,50.51040267944336,0.0002605617046356201,1.0823138725757602,0
2,729,0.024059295654296875,1,64.0869140625,0.09997612237930298,-0.03761873483657841,0
2,730,-0.7421112060546875,1,67.37136840820312,0.0994657188653946,-1.6356284090280533,0
2,731,-0.6787986755371094,1,56.510921478271484,0.0027261048555374118,-1.28792482483387,0
2,732,-0.45740509033203125,1,46.11587142944336,0.09673903286457063,-0.6409971705675126,0
2,733,-0.3892021179199219,1,30.532835006713867,0.09998989403247834,-0.19306053173542023,0
2,734,-0.15198516845703125,1,0.1945495456457138,2.6881694793687294e-06,0.8921385646462441,0
2,735,0.23537445068359375,1,40.89736557006836,1.2212991714478927e-05,0.8528011014461518,0
2,736,0.5754928588867188,1,66.89071655273438,0.00013867616653442244,1.0131658396720888,0
2,737,0.6991462707519531,1,71.01058959960938,0.00013841390609740933,1.178075212955475,0
2,738,0.6992645263671875,1,69.34356689453125,0.02124702334403992,1.2108078339099886,0
2,739,0.3042182922363281,1,67.8253173828125,0.01747336983680725,0.45123130202293416,0
2,740,-0.6228103637695312,1,55.274959564208984,0.09621518850326538,-1.1549685263633729,0
2,741,-0.3798866271972656,1,18.070220947265625,7.191300392152267e-06,0.07882203900814053,0
2,742,-0.0259246826171875,1,8.304595947265625,0.09995296299457551,0.9780605973005294,0
2,743,0.25499725341796875,1,33.313751220703125,0.00029619932174682756,1.0437076344490053,0
2,744,0.4074363708496094,1,47.050472259521484,0.005146592855453491,1.0736574327945712,0
2,745,0.4975776672363281,1,62.759395599365234,0.09451387524604798,0.9361868674755099,0
2,746,-0.7318458557128906,1,81.46666717529297,0.09971366822719574,-1.8970136016607286,0
2,747,-0.9061775207519531,1,96.27913665771484,7.089078426360945e-05,-2.537940610289574,0
2,748,-0.8943519592285156,1,100.79192352294922,0.09978455901145936,-2.608533771276474,0
2,749,-1.0108299255371094,1,99.94506072998047,0.09999909698963166,-2.8245610295534136,0
2,750,-1.0404396057128906,1,83.91570281982422,0.09999909698963166,-3.163193231701851,0
2,751,-0.6095123291015625,0,41.90444564819336,0.09885613322257997,-2.0610678164958953,0
2,751,1.5795304457032415,1,41.90444564819336,0.09885613322257997,3.517017733113713,1
2,752,-0.18504714965820312,0,3.273010015487671,0.08413458466529847,-0.43891988301277163,0
2,752,1.7172946915341285,1,3.273010015487671,0.08413458466529847,4.565763799371891,1
2,753,0.24991607666015625,0,43.72787094116211,0.08264613747596741,-0.3780311110019684,0
2,753,-0.27590961555735305,1,43.72787094116211,0.08264613747596741,-0.22968249543698707,1
2,754,0.6162681579589844,1,64.300537109375,0.09736768603324891,1.142630866289139,0
2,755,0.6279983520507812,1,73.71902465820312,1.4901161193847656e-08,0.9816162103414537,0
2,756,0.801239013671875,1,84.5374984741211,5.960464476151284e-09,1.1117280576229096,0
2,757,0.9079856872558594,1,93.55162811279297,0.00046256482601165355,1.144920309662819,0
2,758,0.996337890625,1,85.78108978271484,0.02284801602363587,1.4761400649547578,0
2,759,0.6985321044921875,1,71.70867919921875,0.07596291899681092,1.1598521082401276,0
2,760,0.2840919494628906,1,62.32833480834961,0.027846862375736237,0.5205033282637599,0
2,761,-0.583953857421875,1,54.214473724365234,0.028573353588581086,-1.0533401234745978,0
2,762,-0.4740638732910156,1,41.60689926147461,1.4305114746232528e-07,-0.5802657375335695,0
2,763,-0.3142051696777344,1,29.571531295776367,0.09999948740005493,-0.0238409447669983,0
2,764,-0.23292922973632812,1,14.595030784606934,0.09999954402446748,0.43824094307422634,0
2,765,-0.080596923828125,1,2.643584966659546,0.09923107922077179,0.9819652098417282,0
2,766,0.028354644775390625,1,6.351470470428467,0.0007688343524932875,1.1296491267681121,0
2,767,0.05633544921875,1,6.389617443084717,0.09999952912330629,1.1808785684108734,0
2,768,0.1349639892578125,1,18.688201904296875,0.0999995231628418,1.0921639595031738,0
2,769,0.2810630798339844,1,32.779693603515625,0.003700402379035954,1.106384271502495,0
2,770,0.43994903564453125,1,53.67660140991211,0.0009299159049987737,1.0063288464546205,0
2,771,0.6575965881347656,1,73.3795166015625,0.004628074169158933,1.047417721271515,0
2,772,-0.1584014892578125,1,80.21163940429688,1.5944242477416992e-06,-0.7210358303785325,0
2,773,-0.8018035888671875,1,81.12715911865234,2.5629997253695525e-07,-2.026150370359421,0
2,774,-0.7533187866210938,1,84.49935150146484,3.9935111999234163e-07,-1.9966246192455293,0
2,775,-0.8204269409179688,1,76.51519775390625,0.0,-1.9711578369140623,0
2,776,-0.6015777587890625,1,39.516448974609375,0.0013727962970733615,-0.7935394089221954,0
2,777,-0.2715606689453125,1,11.878966331481934,0.09862720370292664,0.41535424733161924,0
2,778,0.12468338012695312,1,35.594940185546875,0.006063809990882872,0.7372254041433334,0
2,779,0.7636337280273438,1,105.60225677490234,0.08894743025302887,0.6116644233465198,0
2,780,1.5292396545410156,1,163.10499572753906,0.05764408260583878,0.9940736312270164,0
2,781,0.9680328369140625,1,190.3800811767578,0.03691872805356979,-0.673012698829174,0
2,782,-1.8498497009277344,1,178.8596954345703,0.0003768891096115126,-6.07690838611126,0
2,783,-1.8461532592773438,1,156.88705444335938,6.980299949645857e-05,-6.230050399541855,0
2,784,-1.2917671203613281,0,131.78634643554688,3.5554170608534386e-06,-5.219261311650277,0
2,784,-0.8338773554252086,1,131.78634643554688,3.5554170608534386e-06,-3.103481781778037,1
2,785,-1.1999015808105469,0,85.81160736083984,2.8342008590725998e-06,-4.1160354222059246,0
2,785,1.8171492951000658,1,85.81160736083984,2.8342008590725998e-06,3.1180663296152997,1
2,786,-0.5225067138671875,0,24.826047897338867,2.4586915969848633e-06,-1.541534484028816,0
2,786,0.2601970008780441,1,24.826047897338867,2.4586915969848633e-06,1.2238729454616473,1
2,787,0.07842636108398438,0,33.8287353515625,0.0,-0.5197219848632812,0
2,787,-0.5459311687484245,1,33.8287353515625,0.0,-0.5684370445280991,1
2,788,0.7244529724121094,0,91.06444549560547,0.09999907612800599,-0.37638292813301094,0
2,788,2.2558236700968592,1,91.06444549560547,0.09999907612800599,3.886358467236488,1
2,789,1.0073204040527344,0,127.49480438232422,9.238719940185547e-07,-0.5352553164958952,0
2,789,0.08011264025232379,1,127.49480438232422,9.238719940185547e-07,-1.1896708440967165,1
2,790,1.4511604309082031,1,158.72955322265625,8.641183376312256e-05,0.9277263408899309,0
2,791,1.7296905517578125,1,181.2858428955078,8.550286293029785e-05,1.0336608254909507,0
2,792,1.6635322570800781,1,186.42042541503906,9.08970832824707e-07,0.7986559695005417,0
2,793,-1.1068115234375,1,187.1566619873047,0.09996440410614015,-4.7607548627853395,0
2,794,-1.8138656616210938,1,175.9261932373047,0.09996432065963745,-6.550253760814667,0
2,795,-1.7107391357421875,0,165.5692901611328,0.09895181953907013,-6.736822147488594,0
2,795,0.9532825389825987,1,165.5692901611328,0.09895181953907013,-0.20877879803902155,1
2,796,-1.5688743591308594,0,148.73504638671875,0.0010480970144271864,-6.112491569876671,0
2,796,-0.3889300569794045,1,148.73504638671875,0.0010480970144271864,-2.5526029655737608,1
2,797,-1.3750038146972656,0,128.04412841796875,0.09999992549419404,-5.314890194773674,0
2,797,0.9700100083173808,1,128.04412841796875,0.09999992549419404,0.5751374512556191,1
2,798,-1.2572402954101562,0,92.64754486083984,0.09999992549419404,-4.371431485056877,0
2,798,0.5781302572789144,1,92.64754486083984,0.09999992549419404,0.4993096203212643,1
2,799,-0.4853668212890625,0,5.668639659881592,8.434057235731651e-07,-1.0841064695119857,0
2,799,1.1889716769468066,1,5.668639659881592,8.434057235731651e-07,3.4645705269597524,1
2,800,0.5665206909179688,0,100.32653045654297,0.09999915063381196,-0.8774891933202742,0
2,800,0.0004467207045024679,1,100.32653045654297,0.09999915063381196,-0.8096371337472068,1
2,801,1.3845481872558594,0,166.00035095214844,1.1920928959241461e-08,-0.5509106450080873,0
2,801,0.5780061354324388,1,166.00035095214844,1.1920928959241461e-08,-0.9639947486549282,1
2,802,1.9319610595703125,0,218.52110290527344,4.172325133999788e-08,-0.5064999406337736,0
2,802,-0.1762807160829709,1,218.52110290527344,4.172325133999788e-08,-3.52298349194034,1
2,803,2.2572784423828125,1,270.6184387207031,0.09748308658599854,0.2982887868881218,0
2,804,2.8337745666503906,1,289.9284362792969,0.0013356894254684462,1.0689269801378243,0
2,805,-1.7723731994628906,1,293.75457763671875,0.0033982425928115803,-8.81997388136387,0
2,806,-2.8624114990234375,0,273.3154296875,0.09539122581481935,-11.194947240829467,0
2,806,-0.7755542224155505,1,273.3154296875,0.09539122581481935,-5.821232687613693,1
2,807,-2.2283935546875,0,224.47584533691406,2.9268860816951403e-05,-8.946305186867713,0
2,807,0.5651003984914027,1,224.47584533691406,2.9268860816951403e-05,-2.159317280509908,1
2,808,-1.8205070495605469,0,147.88055419921875,3.1650066375718544e-06,-6.598625309705734,0
2,808,1.7423546766489082,1,147.88055419921875,3.1650066375718544e-06,1.727098142713175,1
2,809,-1.0953445434570312,0,59.669490814208984,3.2633543014526367e-06,-3.384079033732414,0
2,809,0.39985367108820213,1,59.669490814208984,3.2633543014526367e-06,0.8063173953580528,1
2,810,-0.17882156372070312,0,11.249541282653809,0.09390753507614136,-0.586390254497528,0
2,810,0.39421860305182577,1,11.249541282653809,0.09390753507614136,1.7596900790475298,1
2,811,0.5837135314941406,0,92.78487396240234,0.006092342734336849,-0.6885141099691392,0
2,811,-1.0539895459891468,1,92.78487396240234,0.006092342734336849,-2.763920264935714,1
2,812,1.4731674194335938,0,162.9867401123047,1.2218952179232634e-07,-0.3133999682664873,0
2,812,-1.0651013079485523,1,162.9867401123047,1.2218952179232634e-07,-4.18993742303078,1
2,813,1.8607025146484375,0,201.3053741455078,0.0,-0.30470245361328097,0
2,813,0.10537176855060437,1,201.3053741455078,0.0,-2.615363945808947,1
2,814,1.9046173095703125,1,216.8960418701172,0.0999991536140442,0.667313815593719,0
2,815,2.398754119873047,1,217.4186553955078,7.038414478302557e-05,1.6491323164701457,0
2,816,2.1471900939941406,1,210.9603729248047,0.09992876946926117,1.2711755787134167,0
2,817,-1.3927536010742188,1,196.5560760498047,0.0,-5.516628723144532,0
2,818,-1.6860084533691406,1,178.9932098388672,0.1,-6.355881103515625,0
2,819,-1.8112640380859375,0,151.05056762695312,0.0327129602432251,-6.644847947120667,0
2,819,0.4515774893060396,1,151.05056762695312,0.0327129602432251,-0.9191648923367122,1
2,820,-1.33819580078125,0,120.28121185302734,0.06602928042411804,-5.0846570098400115,0
2,820,0.5333973718865366,1,120.28121185302734,0.06602928042411804,-0.14147066450443813,1
2,821,-0.9598350524902344,0,96.3172836303711,0.01977000236511231,-3.846806577682495,0
2,821,2.6831546839286133,1,96.3172836303711,0.01977000236511231,4.6391728951552,1
2,822,-0.8466072082519531,0,74.61166381835938,0.07142153978347779,-3.188304554462433,0
2,822,-0.3770264047749805,1,74.61166381835938,0.07142153978347779,-1.0491429475084877,1
2,823,-0.6375236511230469,0,41.099544525146484,0.09132257103919983,-2.1006910955905913,0
2,823,1.8829174436008316,1,41.099544525146484,0.09132257103919983,4.140191093857164,1
2,824,-0.1431884765625,0,18.894195556640625,0.09822739660739899,-0.6681899601221084,0
2,824,1.8460769735044522,1,18.894195556640625,0.09822739660739899,4.510340940011795,1
2,825,0.6700859069824219,0,118.11827850341797,0.09935412704944611,-1.0261679211854933,0
2,825,-0.025707260945765142,1,118.11827850341797,0.09935412704944611,-1.2177542570418673,1
2,826,1.873321533203125,0,233.32594299316406,5.960464476151284e-09,-0.9198757936954496,0
2,826,-1.2852790991642422,1,233.32594299316406,5.960464476151284e-09,-6.037077058430183,1
2,827,2.9548988342285156,1,288.8984680175781,0.0007958769798278795,1.331796473026275,0
2,828,2.9559478759765625,1,297.05047607421875,0.09920411705970765,1.166918065786361,0
2,829,-1.2668952941894531,1,289.5774841308594,5.960464476151284e-09,-7.125340271234512,0
2,830,-2.9526901245117188,1,292.4156188964844,0.09999991655349733,-11.157692623615265,0
2,831,-2.907146453857422,0,237.7242889404297,0.09961945414543152,-10.572763464689254,0
2,831,1.0785164250144135,1,237.7242889404297,0.09961945414543152,-1.4014377069455837,1
2,832,-2.0262603759765625,0,169.23521423339844,0.00038040876388549527,-7.437240252971649,0
2,832,0.37337354473240225,1,169.23521423339844,0.00038040876388549527,-1.4379724115537196,1
2,833,-1.1251220703125,0,90.28624725341797,2.086162566999894e-08,-4.055969086527824,0
2,833,1.087042033244721,1,90.28624725341797,2.086162566999894e-08,1.5683591205866179,1
2,834,-0.39997100830078125,0,3.948211431503296,1.3113021850308382e-07,-0.8789062504768371,0
2,834,0.10977384390910316,1,3.948211431503296,1.3113021850308382e-07,1.3405834539429318,1
2,835,0.3597869873046875,0,64.8193359375,1.6391277313232422e-07,-0.5768127506971359,0
2,835,-0.9002029260819526,1,64.8193359375,1.6391277313232422e-07,-1.896792577470416,1
2,836,1.1707687377929688,0,137.42828369140625,5.960464476151284e-09,-0.40702819848060606,0
2,836,-0.24585712475018795,1,137.42828369140625,5.960464476151284e-09,-2.0402799235669193,1
2,837,1.4466094970703125,0,176.7692413330078,0.007875186204910276,-0.6424808399677279,0
2,837,-0.370988414257198,1,176.7692413330078,0.007875186204910276,-3.077676662622749,1
2,838,1.9163436889648438,0,201.1489715576172,0.007875162363052364,-0.19060705971717806,0
2,838,-0.2892501752840815,1,201.1489715576172,0.007875162363052364,-3.401794788215028,1
2,839,2.0752487182617188,1,211.19688415527344,2.384185791154403e-08,1.126559752464294,0
2,840,2.127086639404297,1,212.89060974121094,0.0,1.1963610839843746,0
2,841,2.1084938049316406,1,206.9473114013672,0.003452897071838379,1.2779032659530636,0
2,842,-1.4785804748535156,1,191.7686309814453,0.09654709994792939,-5.596395453333855,0
2,843,-1.9766044616699219,1,167.34312438964844,0.09999999701976776,-6.7040714110136035,0
2,844,-1.5017280578613281,0,135.3759765625,0.0,-5.710975646972656,0
2,844,0.5707433378438722,1,135.3759765625,0.0,-0.3660328555622554,1
2,845,-1.1538238525390625,0,94.82573699951172,0.09871180653572083,-4.208110917329788,0
2,845,0.31438212349523553,1,94.82573699951172,0.09871180653572083,-0.07169896526119204,1
2,846,-0.6102256774902344,0,27.214048385620117,0.001195418834686282,-1.7647801394462586,0
2,846,0.586306057889459,1,27.214048385620117,0.001195418834686282,1.8282833313131284,1
2,847,0.2585716247558594,0,73.97079467773438,9.250640869140625e-05,-0.9622763442993164,0
2,847,-1.3927167502136655,1,73.97079467773438,9.250640869140625e-05,-3.064853094238366,1
2,848,1.3985328674316406,0,190.85691833496094,0.0003848105669021634,-1.0200880242586137,0
2,848,-0.3866051828590713,1,190.85691833496094,0.0003848105669021634,-3.390364124840038,1
2,849,2.442371368408203,1,276.3519287109375,0.0003850787878036527,0.5576887594461434,0
2,850,2.3362464904785156,1,297.79052734375,7.659196853623818e-07,-0.08331759655475687,0
2,851,-2.6218833923339844,1,283.2756042480469,0.046433358639478686,-10.311136203974486,0
2,852,-2.411609649658203,0,255.2718963623047,0.04643412455916405,-9.930514591544867,0
2,852,0.7638022154264448,1,255.2718963623047,0.04643412455916405,-2.3796908613755705,1
2,853,-2.615924835205078,0,220.3483428955078,7.450580596923828e-07,-9.638816558122635,0
2,853,2.50081860077934,1,220.3483428955078,7.450580596923828e-07,1.7946703138462006,1
2,854,-1.7848854064941406,0,177.3338165283203,2.8938055038479904e-06,-7.1164472593069075,0
2,854,-1.3135455768408448,1,177.3338165283203,2.8938055038479904e-06,-4.973767600000317,1
2,855,-1.3337440490722656,0,97.3853988647461,0.0999055951833725,-4.619192299246788,0
2,855,2.1148380229413135,1,97.3853988647461,0.0999055951833725,3.47797184478037,1
2,856,-0.4604072570800781,0,1.0833740234375,9.069442749023993e-05,-0.9424856224060059,0
2,856,0.8491613966036766,1,1.0833740234375,9.069442749023993e-05,2.876651684961504,1
2,857,0.42755126953125,0,75.68359375,1.3887882232693771e-06,-0.6585693914890289,0
2,857,0.05992517768581962,1,75.68359375,1.3887882232693771e-06,-0.19382157517988974,1
2,858,1.1239776611328125,0,139.22119140625,1.4603137969970703e-06,-0.5364685642719269,0
2,858,-1.5463262405957252,1,139.22119140625,1.4603137969970703e-06,-4.677076367729002,1
2,859,1.8353729248046875,0,186.46238708496094,0.09932283461093903,-0.06247480547428147,0
2,859,-1.708543726553394,1,186.46238708496094,0.09932283461093903,-5.950308108190445,1
2,860,1.7904472351074219,0,205.32606506347656,0.05423786044120789,-0.5277963454723356,0
2,860,-0.8163455748026607,1,205.32606506347656,0.05423786044120789,-4.5413819652925005,1
2,861,2.061870574951172,1,206.51625061035156,0.05482474267482758,1.191223147988319,0
2,862,2.0630416870117188,1,205.61216735839844,0.0005952060222625746,1.2138162186145778,0
2,863,1.8350944519042969,1,200.2792205810547,0.0433758094906807,0.8628694598078723,0
2,864,-0.8347930908203125,1,180.83189392089844,0.04331646412611008,-4.087956718623639,0
2,865,-1.7011032104492188,1,159.52682495117188,0.09925402104854585,-5.396713080763817,0
2,866,-1.5449638366699219,1,126.3923568725586,0.02436695992946625,-5.0187494891881945,0
2,867,-1.1421318054199219,0,101.52434539794922,0.024368101358413694,-4.315725242853165,0
2,867,2.2240390292840644,1,101.52434539794922,0.024368101358413694,3.616616426554807,1
2,868,-0.8096542358398438,0,62.538143157958984,0.004905262589454645,-2.870267545342445,0
2,868,0.40808670175600525,1,62.538143157958984,0.004905262589454645,0.7652143298492529,1
2,869,-0.3706092834472656,0,14.347075462341309,0.09509472846984865,-1.0319638652801513,0
2,869,2.4036221067924473,1,14.347075462341309,0.09509472846984865,5.716498915199273,1
2,870,0.12222671508789062,0,34.938812255859375,0.09997025728225709,-0.45832162523269654,0
2,870,-0.10755457471708496,1,34.938812255859375,0.09997025728225709,0.28211579515735224,1
2,871,0.6575851440429688,0,87.30315399169922,0.09997026324272157,-0.4348916022777558,0
2,871,0.7436819073452128,1,87.30315399169922,0.09997026324272157,0.9373019243267324,1
2,872,1.2023506164550781,1,124.64522552490234,0.0,1.1117967224121097,0
2,873,1.3609466552734375,1,141.16287231445312,0.0999954104423523,1.0946360478401185,0
2,874,1.3919486999511719,1,136.5814208984375,0.0999954104423523,1.2482691655158997,0
2,875,1.3141860961914062,1,125.88500213623047,3.2603740692110916e-06,1.3106720192432406,0
2,876,0.6008415222167969,1,111.58370208740234,3.2603740692110916e-06,0.17000887227058442,0
2,877,-1.068511962890625,1,100.4829330444336,0.09997039139270783,-2.95068140232563,0
2,878,-0.8041496276855469,1,80.078125,0.09997039139270783,-2.013860571026802,0
2,879,-0.7111473083496094,1,53.108211517333984,0.0,-1.2844588470458984,0
2,880,-0.42910003662109375,1,34.328460693359375,0.0,-0.34476928710937504,0
2,881,-0.21805191040039062,1,14.385222434997559,4.947185516385177e-07,0.47619171071052546,0
2,882,0.08633804321289062,1,25.432584762573242,0.00015587210655212264,0.8640181562900543,0
2,883,0.4931678771972656,1,59.730525970458984,0.09907520413398743,0.9877622268199923,0
2,884,0.7459182739257812,1,87.3298568725586,0.000767847895622252,0.9452086964845658,0
2,885,0.9183082580566406,1,111.53411102294922,0.050082436128286646,0.8039309982091657,0
2,886,1.1986007690429688,1,124.62996673583984,0.047637295798631386,1.1026967115371957,0
2,887,-1.2556686401367188,1,127.0790023803711,0.09710270762443543,-3.8568014361858363,0
2,888,-1.217437744140625,1,119.2207260131836,0.09938239455223084,-3.6232653043270107,0
2,889,-1.0751380920410156,1,117.9695053100586,0.09181419610977173,-3.3133388581275938,0
2,890,-1.1148796081542969,1,106.24694061279297,0.004623404145240782,-3.7548829647302626,0
2,891,-1.1175117492675781,0,94.4251937866211,0.09637270569801332,-4.127382282495499,0
2,891,0.3633701998162593,1,94.4251937866211,0.09637270569801332,0.03438161567217626,1
2,892,-0.7381629943847656,0,71.53701782226562,6.472170352935652e-05,-2.907068934082985,0
2,892,0.33707437025367426,1,71.53701782226562,6.472170352935652e-05,0.443405795193895,1
2,893,-0.5543556213378906,0,22.380826950073242,0.09930615425109864,-1.56030002784729,0
2,893,0.8097982256220035,1,22.380826950073242,0.09930615425109864,2.3680076660724985,1
2,894,0.2964210510253906,0,78.74679565429688,0.09814811050891876,-0.986019735455513,0
2,894,-0.9223699189652237,1,78.74679565429688,0.09814811050891876,-2.2236016754367416,1
2,895,1.6879386901855469,0,206.7527618408203,0.09802012443542481,-0.7630986614227292,0
2,895,-1.0358256572606948,1,206.7527618408203,0.09802012443542481,-5.010627356315212,1
2,896,2.196826934814453,1,268.1922912597656,0.0008216589689254775,0.22977517807483602,0
2,897,2.855175018310547,1,288.8603210449219,0.09999999701976776,1.1291436158418648,0
2,898,-2.5086631774902344,1,260.3950500488281,5.066394805769425e-08,-9.62522735798359,0
2,899,-2.4583396911621094,0,234.7946014404297,0.09988846778869628,-9.61656694984436,0
2,899,-1.4385266092283757,1,234.7946014404297,0.09988846778869628,-6.376940785976893,1
2,900,-2.014820098876953,0,211.5897979736328,0.07708782553672791,-8.264519670248031,0
2,900,-1.3708295656810634,1,211.5897979736328,0.07708782553672791,-5.776538603856252,1
2,901,-1.815155029296875,0,153.8543701171875,0.022800695896148682,-6.708309488773346,0
2,901,0.8749517708319203,1,153.8543701171875,0.022800695896148682,-0.12809588851575512,1
2,902,-1.0983047485351562,0,55.09566879272461,0.09999975562095642,-3.302522863149643,0
2,902,0.2261254105335766,1,55.09566879272461,0.09999975562095642,0.546337454987823,1
2,903,-0.06558609008789062,0,29.880521774291992,1.809895038604875e-05,-0.7287833396196365,0
2,903,-0.16214545252152135,1,29.880521774291992,1.809895038604875e-05,0.278097935513102,1
2,904,0.57574462890625,0,88.80233001708984,0.00048224031925201555,-0.624576632142067,0
2,904,-0.5774693165470666,1,88.80233001708984,0.00048224031925201555,-1.7310045230487001,1
2,905,1.3517723083496094,0,147.83859252929688,0.09949941635131837,-0.2572072105407715,0
2,905,-1.5221311510952376,1,147.83859252929688,0.09949941635131837,-4.805014129430465,1
2,906,1.6943740844726562,0,183.20082092285156,5.960464476151284e-09,-0.2752682497501375,0
2,906,-1.0272064424365865,1,183.20082092285156,5.960464476151284e-09,-4.518429303568623,1
2,907,1.9231414794921875,1,198.2230987548828,0.09999985992908478,1.0778209894895545,0
2,908,2.022563934326172,1,203.8192596435547,0.09999683797359467,1.1647428022623059,0
2,909,2.0248794555664062,1,200.56150817871094,0.09999697208404541,1.2345288686752316,0
2,910,-1.0056800842285156,1,191.53211975097656,0.00011163353919983049,-4.6420070288181305,0
2,911,-1.8245773315429688,1,174.0684356689453,0.09988836646080018,-5.934518911123276,0
2,912,-1.6211700439453125,1,151.21841430664062,0.0,-5.666708374023438,0
2,913,-1.356719970703125,0,120.65886688232422,0.0,-5.126617279052734,0
2,913,1.5936927587622236,1,120.65886688232422,0.0,1.9742081798779632,1
2,914,-0.9034156799316406,0,83.62960052490234,1.234412193298201e-05,-3.4794238641262054,0
2,914,0.2539933346079053,1,83.62960052490234,1.234412193298201e-05,0.0353941649528865,1
2,915,-0.5961647033691406,0,30.246732711791992,0.09998765587806702,-1.8012635672092436,0
2,915,0.6517096619281872,1,30.246732711791992,0.09998765587806702,1.8944851633854123,1
2,916,-0.039775848388671875,0,20.565031051635742,1.42753124236783e-06,-0.4908523749113083,0
2,916,-0.34131842806041135,1,20.565031051635742,1.42753124236783e-06,0.10606246574521269,1
2,917,0.5601310729980469,0,86.33422088623047,0.09999852180480959,-0.6104222126007081,0
2,917,-1.19153973356903,1,86.33422088623047,0.09999852180480959,-2.9137638257348617,1
2,918,1.2389755249023438,0,148.68927001953125,0.09999994933605194,-0.4998343485593796,0
2,918,1.058818502273283,1,148.68927001953125,0.09999994933605194,0.3398516061824991,1
2,919,1.6993370056152344,1,197.31138610839844,0.0,0.6524462890625,0
2,920,2.4679031372070312,1,278.167724609375,0.1,0.5684517822265618,0
2,921,1.0573883056640625,1,301.5594482421875,0.1,-2.720412353515625,0
2,922,-3.0580520629882812,1,256.0386657714844,0.0044619113206863376,-10.637055917859078,0
2,923,-2.0772438049316406,0,208.2595672607422,0.09552573263645173,-8.323499984383583,0
2,923,1.5947200373575683,1,208.2595672607422,0.09552573263645173,0.2204277001948352,1
2,924,-1.7941741943359375,0,123.79073333740234,0.09998764395713806,-6.068162561178207,0
2,924,0.03574309528144681,1,123.79073333740234,0.09998764395713806,-1.2083279819434387,1
2,925,-0.7713088989257812,0,37.7960205078125,0.00026127398014068326,-2.298548658967018,0
2,925,0.5321830846899118,1,37.7960205078125,0.00026127398014068326,1.5084353082643682,1
2,926,0.0592803955078125,0,38.097381591796875,0.09289048612117767,-0.6471024602651596,0
2,926,-0.5443629681024049,1,38.097381591796875,0.09289048612117767,-0.6543891874855945,1
2,927,0.8199348449707031,0,99.0943832397461,0.09315176010131837,-0.34574404525756847,0
2,927,-0.42905863813388123,1,99.0943832397461,0.09315176010131837,-1.6437310114667372,1
2,928,1.1670761108398438,0,132.09152221679688,0.09997897446155549,-0.3116773816347122,0
2,928,-0.7539160586696454,1,132.09152221679688,0.09997897446155549,-2.9536617206536904,1
2,929,1.5206108093261719,1,166.46192932128906,0.09983437359333039,0.9079896572828293,0
2,930,1.6094017028808594,1,186.3021697998047,0.0998022884130478,0.6887679182291031,0
2,931,2.1227149963378906,1,195.8999481201172,4.4798851013189145e-05,1.5274292383193961,0
2,932,0.4580841064453125,1,193.3097686767578,0.09999168813228608,-1.7540268281698226,0
2,933,-1.6992721557617188,1,183.3152618408203,0.09998736381530762,-5.868849042892457,0
2,934,-1.7102394104003906,1,159.90447998046875,0.008678755164146422,-6.0189155706167226,0
2,935,-1.5712547302246094,0,127.4299545288086,0.0913048714399338,-5.694760745882988,0
2,935,-0.6548890895586368,1,127.4299545288086,0.0913048714399338,-2.6620294645510425,1
2,936,-1.0877189636230469,0,93.5554428100586,3.7372112274142166e-06,-4.046546932935715,0
2,936,1.3272867675986788,1,93.5554428100586,3.7372112274142166e-06,1.9834645295077367,1
2,937,-0.6899147033691406,0,60.96267318725586,2.026557922377159e-07,-2.59908287858963,0
2,937,0.35437443943037295,1,60.96267318725586,2.026557922377159e-07,0.6894954070093973,1
2,938,-0.2750587463378906,0,0.3700256049633026,0.09999979734420777,-0.5615179966688156,0
2,938,-0.4992859904930498,1,0.3700256049633026,0.09999979734420777,0.190027515020866,1
2,939,0.5480995178222656,0,93.1892318725586,0.02457091212272644,-0.7685684382915497,0
2,939,-0.9978270865344783,1,93.1892318725586,0.02457091212272644,-2.6604216470050375,1
2,940,1.2664260864257812,0,172.34800720214844,0.024537804722785952,-0.9150894833803178,0
2,940,-1.3507634001396198,1,172.34800720214844,0.024537804722785952,-4.94946845651112,1
2,941,1.9985275268554688,1,217.76197814941406,1.822113990783414e-05,0.8418147618770595,0
2,942,2.5724220275878906,1,239.17005920410156,0.09996461272239686,1.5574442865848537,0
2,943,0.470611572265625,1,227.3521270751953,2.050101757049283e-05,-2.4058202170133587,0
2,944,-2.0168914794921875,1,217.5407257080078,0.012169966101646425,-7.185084271788597,0
2,945,-1.9521408081054688,1,174.5223846435547,0.012169951200485231,-6.7952161071300505,0
2,946,-1.3896598815917969,0,109.26055145263672,0.004632267355918887,-4.964716082930565,0
2,946,1.770699874942693,1,109.26055145263672,0.004632267355918887,2.5560034301384142,1
2,947,-0.6815719604492188,0,25.859830856323242,0.004632282257080081,-1.8805258293151854,0
2,947,0.0024572309526291747,1,25.859830856323242,0.004632282257080081,0.6875325534885103,1
2,948,0.046173095703125,0,28.640745162963867,0.09779281318187714,-0.4843804243803024,0
2,948,0.2493166438182257,1,28.640745162963867,0.09779281318187714,1.1219066718498991,1
2,949,0.6153411865234375,0,85.18981170654297,0.09779280126094819,-0.4770255731344224,0
2,949,-0.35523849687704967,1,85.18981170654297,0.09779280126094819,-1.2181849399353968,1
2,950,1.1044273376464844,0,127.16674041748047,2.0861625676937834e-08,-0.33448013389110554,0
2,950,-0.012798592457521352,1,127.16674041748047,2.0861625676937834e-08,-1.368931994099117,1
2,951,1.5638656616210938,1,154.93011474609375,4.380941390977333e-07,1.2291290107965471,0
2,952,1.5191078186035156,1,176.2771453857422,4.500150680569748e-07,0.7126727114915848,0
2,953,1.7734260559082031,1,176.7539825439453,2.086162566999894e-08,1.2117724601030342,0
2,954,-1.0771446228027344,1,173.22157287597656,4.1484832763658e-06,-4.418720869064331,0
2,955,-1.7974815368652344,1,153.3966064453125,0.09999585151672363,-5.466895036697387,0
2,956,-1.2682533264160156,1,130.28717041015625,0.0,-4.542250061035157,0
2,957,-1.2383155822753906,0,98.99138641357422,0.09998261034488679,-4.460458197236061,0
2,957,0.5004956294053002,1,98.99138641357422,0.09998261034488679,0.21716422612532071,1
2,958,-0.85009765625,0,66.78009033203125,1.7368793487550216e-05,-3.0357978138923647,0
2,958,1.664984812291003,1,66.78009033203125,1.7368793487550216e-05,3.1943671231896413,1
2,959,-0.3141822814941406,0,7.015227794647217,0.06231695264577866,-0.7711617969870567,0
2,959,-0.2539768699003986,1,7.015227794647217,0.06231695264577866,0.5492490262004274,1
2,960,0.4877433776855469,0,94.99739837646484,0.06231167167425156,-0.9269536790251732,0
2,960,-0.0513105671374916,1,94.99739837646484,0.06231167167425156,-0.8050615686712502,1
2,961,1.9442138671875,1,233.55482482910156,5.3018331527682205e-06,0.4173310257196422,0
2,962,2.7505111694335938,1,297.4433898925781,0.09999352991580963,0.7481547998189919,0
2,963,0.691375732421875,1,301.7997741699219,0.0999935120344162,-3.457243759036064,0
2,964,-3.1879425048828125,1,277.2331237792969,0.09999929666519165,-11.32454745721817,0
2,965,-2.598480224609375,0,244.43434143066406,0.001732018589973447,-10.08571655857563,0
2,965,-0.5851207153435141,1,244.43434143066406,0.001732018589973447,-4.858997540043908,1
2,966,-2.028301239013672,0,207.3631134033203,0.02529106736183167,-8.204876388788223,0
2,966,1.222275371053314,1,207.3631134033203,0.02529106736183167,-0.5037231686542509,1
2,967,-1.8485107421875,0,132.24411010742188,0.0728055089712143,-6.344815906882286,0
2,967,-0.30068912782215307,1,132.24411010742188,0.0728055089712143,-2.049172678151592,1
2,968,-0.8712730407714844,0,49.217220306396484,0.0001588970422744737,-2.7268968435525895,0
2,968,0.43730219246720736,1,49.217220306396484,0.0001588970422744737,1.0902536229247943,1
2,969,-0.02140045166015625,0,35.350799560546875,0.0999881774187088,-0.7538164216279983,0
2,969,1.17263122107002,1,35.350799560546875,0.0999881774187088,2.8342469238323544,1
2,970,0.7784538269042969,0,109.80986785888672,5.096197128323654e-07,-0.639289723753929,0
2,970,0.22179563330174545,1,109.80986785888672,5.096197128323654e-07,-0.5526061109590317,1
2,971,1.4244232177734375,0,166.2368621826172,4.6193599700927734e-07,-0.47589082658290877,0
2,971,-0.18075487346220598,1,166.2368621826172,4.6193599700927734e-07,-2.486247009054196,1
2,972,1.8882102966308594,0,203.9451446533203,2.9802322387695312e-08,-0.3024823009967801,0
2,972,0.4504029166214636,1,203.9451446533203,2.9802322387695312e-08,-1.9780970610155715,1
2,973,2.1512069702148438,0,220.0240936279297,0.09999102354049683,-0.10206757307052584,0
2,973,0.018769379871791614,1,220.0240936279297,0.09999102354049683,-3.16694275375663,1
2,974,2.179454803466797,1,214.78651428222656,0.09999091327190399,1.259179684758186,0
2,975,2.0847702026367188,1,203.15550231933594,0.09624613225460052,1.3025805135965343,0
2,976,0.16270065307617188,1,189.8002471923828,0.003753462433815004,-2.2707537761926657,0
2,977,-1.6268844604492188,1,172.5578155517578,0.0999997228384018,-5.50892522084713,0
2,978,-1.5964317321777344,1,148.49090576171875,0.1,-5.566681579589844,0
2,979,-1.4671096801757812,0,120.87248992919922,0.0018852800130844116,-5.35174457013607,0
2,979,2.22882051724185,1,120.87248992919922,0.0018852800130844116,3.240115824699192,1
2,980,-1.1738052368164062,0,95.16143035888672,0.0981147199869156,-4.254763669610023,0
2,980,-0.2642156341242625,1,95.16143035888672,0.0981147199869156,-1.235584464225736,1
2,981,-0.7545890808105469,0,73.7152099609375,2.980232241545089e-09,-2.983482360959053,0
2,981,1.0905428421789125,1,73.7152099609375,2.980232241545089e-09,1.9067814850198659,1
2,982,-0.5838737487792969,0,46.470638275146484,0.0021619826555252034,-2.0972467423677443,0
2,982,0.5801964971615376,1,46.470638275146484,0.0021619826555252034,1.430893749513925,1
2,983,-0.3175392150878906,0,12.737273216247559,0.09783773124217987,-0.8937374037504195,0
2,983,1.1823276798695588,1,12.737273216247559,0.09783773124217987,3.3059963861644794,1
2,984,0.18195343017578125,0,47.996517181396484,0.09999837577342988,-0.6000234183073044,0
2,984,0.933300690667977,1,47.996517181396484,0.09999837577342988,2.1026711026770877,1
2,985,1.0072517395019531,0,143.71109008789062,0.00020906329154968262,-0.8597266852855683,0
2,985,-1.0957042702121527,1,143.71109008789062,0.00020906329154968262,-3.8656387047137795,1
2,986,2.4033164978027344,1,268.40972900390625,0.00020751357078552246,0.6384301149845116,0
2,987,2.69085693359375,1,315.91033935546875,2.8908252716064453e-06,0.2635069644451134,0
2,988,1.0923500061035156,1,314.4073486328125,0.0,-2.9034469604492186,0
2,989,-2.9569664001464844,1,279.5562744140625,0.0,-10.905058288574219,0
2,990,-2.8599624633789062,0,241.2490692138672,1.2159347534193565e-06,-10.544906359672547,0
2,990,1.041168447422045,1,241.2490692138672,1.2159347534193565e-06,-1.5426445380706433,1
2,991,-2.1669349670410156,0,194.20240783691406,1.2159347534193565e-06,-8.217918139457703,0
2,991,2.614498766195453,1,194.20240783691406,1.2159347534193565e-06,2.544949327015234,1
2,992,-1.486114501953125,0,138.6260986328125,0.07202431112527848,-5.747631949007511,0
2,992,1.800962726177623,1,138.6260986328125,0.07202431112527848,2.0265225072539845,1
2,993,-0.892547607421875,0,35.732269287109375,0.02782287448644638,-2.5008535155653955,0
2,993,0.9612400209200516,1,35.732269287109375,0.02782287448644638,2.406721741118458,1
2,994,0.0970306396484375,0,44.349666595458984,0.09984717965126039,-0.6969259397983552,0
2,994,-0.08026461376964988,1,44.349666595458984,0.09984717965126039,0.14848355336547003,1
2,995,0.8088188171386719,0,108.90959930419922,0.09999998211860658,-0.5645543510913847,0
2,995,1.8936804275253252,1,108.90959930419922,0.09999998211860658,2.8051688696819213,1
2,996,1.2248611450195312,0,154.4342041015625,0.09990218579769136,-0.6429578794240951,0
2,996,-1.3570121479216652,1,154.4342041015625,0.09990218579769136,-4.606704465306488,1
2,997,1.9179763793945312,0,187.40843200683594,0.0999021977186203,0.08378803074359878,0
2,997,1.123672586014493,1,187.40843200683594,0.0999021977186203,-0.3048195560164777,1
2,998,1.9614067077636719,0,201.1337127685547,0.0,-0.09986083984374972,0
2,998,1.5505709906490424,1,201.1337127685547,0.0,0.2784677259269914,1
2,999,2.0319442749023438,1,204.2503204345703,0.09999918937683105,1.1748821735382076,0
2,1000,2.038776397705078,1,200.6950225830078,0.03508742302656174,1.262248846828937,0
2,1001,0.7365875244140625,1,184.3795623779297,0.06491163820028305,-1.01701266425848,0
2,1002,-1.9199142456054688,1,165.22596740722656,0.09956412315368653,-5.9483304042816165,0
2,1003,-1.3877830505371094,1,144.50454711914062,0.09956423938274384,-5.069639613032342,0
2,1004,-1.2937736511230469,0,115.61583709716797,0.00035495460033416887,-4.899878242373466,0
2,1004,0.5434938759472416,1,115.61583709716797,0.00035495460033416887,-0.025343188232889155,1
2,1005,-0.970916748046875,0,83.82415008544922,0.00035496652126312117,-3.618330696463585,0
2,1005,-0.2813661079851144,1,83.82415008544922,0.00035496652126312117,-1.039229416340064,1
2,1006,-0.6533584594726562,0,63.67110824584961,5.230009555816373e-05,-2.580141175866127,0
2,1006,-0.3508160006721752,1,63.67110824584961,5.230009555816373e-05,-0.7750562582651649,1
2,1007,-0.5082054138183594,0,37.944793701171875,0.09994767010211945,-1.779304608464241,0
2,1007,0.24993014832001847,1,37.944793701171875,0.09994767010211945,0.9369665158125149,1
2,1008,-0.09016036987304688,0,16.96014404296875,0.09999995827674867,-0.5235236189365386,0
2,1008,-0.503061760676168,1,16.96014404296875,0.09999995827674867,-0.14932640054278107,1
2,1009,0.7863006591796875,0,114.77660369873047,0.09999998807907105,-0.7269307551383971,0
2,1009,0.36177211130900133,1,114.77660369873047,0.09999998807907105,-0.3759878508797692,1
2,1010,1.5980987548828125,0,195.5833282470703,9.973645210266391e-05,-0.7154730446338655,0
2,1010,-0.83316250433014,1,195.5833282470703,9.973645210266391e-05,-4.377995563059771,1
2,1011,2.0876426696777344,1,253.36073303222656,9.791254997253834e-05,0.3080667622089382,0
2,1012,2.610443115234375,1,264.862060546875,1.8239021301255653e-06,1.1236449465751641,0
2,1013,-2.0326576232910156,1,267.37213134765625,0.0,-8.812757873535157,0
2,1014,-2.7000045776367188,0,225.7766571044922,0.0,-9.915542297363281,0
2,1014,0.6244202352507813,1,225.7766571044922,0.0,-2.0666926715882807,1
2,1015,-1.8397750854492188,0,185.92832946777344,8.539855480194092e-05,-7.398120176196098,0
2,1015,-1.0294758993715902,1,185.92832946777344,8.539855480194092e-05,-4.577521804040842,1
2,1016,-1.5470771789550781,0,128.02886962890625,8.539855480194092e-05,-5.6547351664304735,0
2,1016,-0.26645158281664294,1,128.02886962890625,8.539855480194092e-05,-1.893483974153603,1
2,1017,-0.8756904602050781,0,57.800289154052734,0.0018940776586532579,-2.907462466597557,0
2,1017,0.9608512177263151,1,57.800289154052734,0.0018940776586532579,1.9656208892652296,1
2,1018,-0.277374267578125,0,5.771636486053467,0.09485455155372621,-0.6739754469394684,0
2,1018,-0.08565610577730354,1,5.771636486053467,0.09485455155372621,0.9094608766621745,1
2,1019,0.39208221435546875,0,71.00677490234375,0.09672909080982209,-0.6398402329683304,0
2,1019,-0.24770725707394092,1,71.00677490234375,0.09672909080982209,-0.7194191758271498,1
2,1020,1.18328857421875,0,135.00213623046875,0.09998046159744263,-0.3374647946357727,0
2,1020,0.6650992168937506,1,135.00213623046875,0.09998046159744263,-0.17384350928577127,1
2,1021,1.6017990112304688,0,177.38722229003906,0.09999943375587464,-0.3481464006900789,0
2,1021,-1.565589520169425,1,177.38722229003906,0.09999943375587464,-5.4829234634898665,1
2,1022,1.7123374938964844,1,197.52882385253906,5.662441253662109e-07,0.6740984880924216,0
2,1023,2.0122718811035156,1,201.93479919433594,0.0,1.185847778320312,0
2,1024,2.2052764892578125,1,197.5211944580078,0.0,1.6601290893554679,0
2,1025,-0.9227104187011719,1,185.04713439941406,2.980232241545089e-09,-4.346363525509835,0
2,1026,-1.5702056884765625,1,165.72569274902344,0.09999830424785613,-5.258925164103508,0
2,1027,-1.5481224060058594,1,144.989013671875,0.09999830722808839,-5.400025017738343,0
2,1028,-1.4360427856445312,0,118.56078338623047,0.08351392745971681,-5.24664179611206,0
2,1028,-0.6045960072159531,1,118.56078338623047,0.08351392745971681,-2.383748239254904,1
2,1029,-1.0595932006835938,0,95.59630584716797,0.0163067489862442,-4.031764788269997,0
2,1029,-0.604672225782231,1,95.59630584716797,0.0163067489862442,-1.9219228384672713,1
2,1030,-0.8233566284179688,0,67.96646118164062,0.045267052948474884,-3.007853162586689,0
2,1030,0.37182599039135766,1,67.96646118164062,0.045267052948474884,0.582512075031964,1
2,1031,-0.4432525634765625,0,25.260923385620117,0.04544637650251389,-1.3935414497256278,0
2,1031,3.0358129486331293,1,25.260923385620117,0.04544637650251389,6.764589574493755,1
2,1032,-0.001743316650390625,0,23.414609909057617,0.09999968111515045,-0.47577881872653965,0
2,1032,0.44181366572749425,1,23.414609909057617,0.09999968111515045,1.6113351460292304,1
2,1033,0.426666259765625,0,65.81878662109375,0.00016383826732635498,-0.46304976642131807,0
2,1033,0.01733717561338466,1,65.81878662109375,0.00016383826732635498,-0.08170793472579878,1
2,1034,0.8798713684082031,0,105.31615447998047,0.00016364157199859342,-0.3465868984460829,0
2,1034,0.6109993391541835,1,105.31615447998047,0.00016364157199859342,0.31566904304587795,1
2,1035,1.4006881713867188,0,148.86474609375,0.005903810262680054,-0.1761547315120697,0
2,1035,-0.36807449549754523,1,148.86474609375,0.005903810262680054,-2.5136800652805973,1
2,1036,1.5287399291992188,1,182.8727569580078,0.02729940116405487,0.5989327431917191,0
2,1037,1.9232444763183594,1,200.48902893066406,0.06679509282112121,1.0340365703105923,0
2,1038,2.0939102172851562,1,208.4274139404297,1.18017196655551e-06,1.2192721085548397,0
2,1039,-1.8216056823730469,1,177.9899444580078,2.6494264602661133e-05,-6.003011313676835,0
2,1040,-1.4550285339355469,1,148.37265014648438,5.617737770080566e-06,-4.677510295510292,0
2,1041,-1.2975120544433594,1,113.85344696044922,2.087354660033902e-05,-4.272093883037567,0
2,1042,-0.9088020324707031,0,71.47979736328125,0.09999999701976776,-3.251200012087822,0
2,1042,0.8042479257164885,1,71.47979736328125,0.09999999701976776,1.3748999042865615,1
2,1043,-0.41893768310546875,0,18.520355224609375,6.8545341493087e-08,-1.2082824734449387,0
2,1043,-0.11547553381420528,1,18.520355224609375,6.8545341493087e-08,0.5986418251375882,1
2,1044,0.12879562377929688,0,36.2701416015625,2.384185791154403e-08,-0.46781158542633056,0
2,1044,0.208552546027704,1,36.2701416015625,2.384185791154403e-08,0.8917022590704838,1
2,1045,0.6352500915527344,0,83.37401580810547,4.470348358154297e-08,-0.39698013484478006,0
2,1045,0.45431016193678175,1,83.37401580810547,4.470348358154297e-08,0.44114000592331487,1
2,1046,1.1894607543945312,1,126.26647186279297,7.0512294769314865e-06,1.0535917894840243,0
2,1047,1.2681617736816406,1,149.7039794921875,7.0512294769314865e-06,0.7422436754703523,0
2,1048,1.7073593139648438,1,157.16552734375,0.09999999403953552,1.4674080812931054,0
2,1049,0.49050140380859375,1,153.68270874023438,0.09999999403953552,-0.8966513669490812,0
2,1050,-1.3619651794433594,1,148.26583862304688,0.0,-4.489247131347656,0
2,1051,-1.4209671020507812,1,135.99777221679688,0.0,-4.3618896484375,0
2,1052,-1.2728157043457031,1,119.04906463623047,1.1920928952302567e-08,-4.326612701892853,0
2,1053,-1.1563453674316406,0,93.2655258178711,0.09999998807907105,-4.182001250743866,0
2,1053,1.9891701855182617,1,93.2655258178711,0.09999998807907105,3.3090298551559383,1
2,1054,-0.7319793701171875,0,71.99859619140625,0.03029015213251114,-2.9051422701478002,0
2,1054,-0.23694629340198503,1,71.99859619140625,0.03029015213251114,-0.7150761167173956,1
2,1055,-0.598602294921875,0,50.43410873413086,0.027711214125156404,-2.2069952130913735,0
2,1055,-0.1949978364512006,1,50.43410873413086,0.027711214125156404,-0.19978629615002463,1
2,1056,-0.42995452880859375,0,29.338834762573242,0.09734996557235717,-1.4505797514915466,0
2,1056,0.675454703223501,1,29.338834762573242,0.09734996557235717,1.960238712572643,1
2,1057,-0.17275238037109375,0,11.875151634216309,0.09852945804595947,-0.586948971748352,0
2,1057,0.5474724235255479,1,11.875151634216309,0.09852945804595947,2.0535006360449315,1
2,1058,-0.025691986083984375,0,12.596129417419434,0.0013994455337524442,-0.3033625383377075,0
2,1058,0.044761515456130496,1,12.596129417419434,0.0013994455337524442,1.0375444647425223,1
2,1059,0.7986831665039062,0,116.83654022216797,0.0,-0.7393644714355467,0
2,1059,0.7445390862606374,1,116.83654022216797,0.0,0.35234736807791567,1
2,1060,1.5435371398925781,0,176.0825958251953,1.1175870895385742e-06,-0.43457768142223374,0
2,1060,-1.0554397366069495,1,176.0825958251953,1.1175870895385742e-06,-4.432531434421289,1
2,1061,1.845672607421875,1,186.43568420410156,1.1175870895385742e-06,1.1626314860582343,0
2,1062,1.7957382202148438,1,174.39649963378906,0.0,1.3035464477539054,0
2,1063,1.6904296875,1,164.0701141357422,0.0,1.2994570922851563,0
2,1064,-1.5115966796875,1,149.98245239257812,0.0,-4.822842407226562,0
2,1065,-1.3950309753417969,1,129.669189453125,0.0999999910593033,-4.187445739388465,0
2,1066,-1.1500740051269531,1,100.20064544677734,0.0999999910593033,-3.108160918831825,0
2,1067,-0.7716217041015625,1,57.647701263427734,0.07282140105962753,-2.0991102895140648,0
2,1068,-0.32997894287109375,0,12.660979270935059,0.07282139509916306,-0.9160903269648552,0
2,1068,3.075933531571728,1,12.660979270935059,0.07282139509916306,7.095734621920787,1
2,1069,0.11998748779296875,0,31.909940719604492,0.01261711716651917,-0.39872852349281307,0
2,1069,-0.16169933001404502,1,31.909940719604492,0.01261711716651917,0.23789784089315935,1
2,1070,0.5482673645019531,1,71.28524780273438,0.012617123126983647,0.8703250880241395,0
2,1071,0.7673835754394531,1,94.61974334716797,0.09995710253715516,0.8383739998340608,0
2,1072,1.041900634765625,1,110.2180404663086,0.09989704191684723,1.0754445785284046,0
2,1073,1.1592864990234375,1,119.08721160888672,0.09993993937969209,1.1328311682939534,0
2,1074,1.3449134826660156,1,124.50789642333984,0.001433065533637999,1.399611714243889,0
2,1075,-0.7286224365234375,1,126.39617156982422,0.05562524795532227,-2.787393314361572,0
2,1076,-1.3331985473632812,1,118.4425277709961,0.04288543164730072,-3.836963067412376,0
2,1077,-1.1849098205566406,1,116.21855926513672,0.09994374513626099,-3.498188576221466,0
2,1078,-1.09149169921875,1,102.6496810913086,0.09997422099113465,-3.639975989103317,0
2,1079,-0.8389968872070312,0,79.05960083007812,0.09997422099113465,-3.2631847598552706,0
2,1079,-0.14980047266426055,1,79.05960083007812,0.09997422099113465,-0.684791930769729,1
2,1080,-0.2966880798339844,0,7.411956310272217,2.980232241545089e-09,-0.7416152859926224,0
2,1080,0.9146666059717035,1,7.411956310272217,2.980232241545089e-09,2.8810940856187535,1
2,1081,0.59100341796875,0,89.83992767333984,0.0,-0.614791717529297,0
2,1081,0.9326708532882222,1,89.83992767333984,0.0,1.2685431531096476,1
2,1082,1.0998268127441406,1,142.45986938476562,0.09999995827674865,0.546456239461899,0
2,1083,1.5454788208007812,1,163.6581268310547,0.09253401756286622,1.014093744277954,0
2,1084,1.9865303039550781,1,186.86293029785156,0.007424792647361754,1.4355050102472298,0
2,1085,-0.8871726989746094,1,171.9627227783203,2.187490463256836e-05,-4.013600728511811,0
2,1086,-1.4289588928222656,1,145.477294921875,1.927316188812117e-05,-4.567464455008507,0
2,1087,-1.160888671875,1,93.46770477294922,5.066394805769425e-08,-2.991131441235542,0
2,1088,-0.7225685119628906,1,39.9627685546875,0.09910254776477814,-1.0483564969301225,0
2,1089,-0.07085418701171875,1,17.87567138671875,0.09910259842872621,0.6968140943050384,0
2,1090,0.3766212463378906,1,59.98611068725586,0.09999999701976776,0.7495202790498736,0
2,1091,0.8609504699707031,1,104.1450424194336,0.09999999701976776,0.835000091671944,0
2,1092,1.3499603271484375,1,135.36453247070312,0.09999893307685853,1.1886300475597384,0
2,1093,1.4474868774414062,1,150.8026123046875,0.09999864101409914,1.0749215631484987,0
2,1094,-0.008663177490234375,1,156.52847290039062,1.6063451767009407e-06,-1.9478958772420885,0
2,1095,-1.7366752624511719,1,157.75299072265625,1.9013881683363487e-06,-5.428410415410995,0
2,1096,-1.5613670349121094,1,154.06417846679688,0.00023893117904662947,-5.604027196407318,0
2,1097,-1.4983177185058594,0,144.15740966796875,0.09970428943634034,-5.883771801948547,0
2,1097,-0.4077044907791816,1,144.15740966796875,0.09970428943634034,-2.5025453464951917,1
2,1098,-1.3319854736328125,0,123.4168930053711,0.09961862862110138,-5.136293552517891,0
2,1098,0.739956134998522,1,123.4168930053711,0.09961862862110138,0.20758966474477833,1
2,1099,-1.0005416870117188,0,99.7505111694336,0.0996614545583725,-4.000080055594444,0
2,1099,-0.12602261710347307,1,99.7505111694336,0.0996614545583725,-1.0510419157779531,1
2,1100,-0.7636070251464844,0,54.48531723022461,3.454387187958041e-05,-2.616921776652336,0
2,1100,0.8203187432447834,1,54.48531723022461,3.454387187958041e-05,1.7509297601301996,1
2,1101,-0.11792755126953125,0,18.50128173828125,0.09987638294696807,-0.6098757926225662,0
2,1101,-0.10904812497992822,1,18.50128173828125,0.09987638294696807,0.6078830599566398,1
2,1102,0.47125244140625,0,77.18276977539062,5.704164505004883e-05,-0.6011527943611145,0
2,1102,-1.4044063960972508,1,77.18276977539062,5.704164505004883e-05,-3.152470469368116,1
2,1103,1.7478561401367188,0,212.9325714111328,1.6754865646360917e-05,-0.7629398181438444,0
2,1103,-0.8193956627841601,1,212.9325714111328,1.6754865646360917e-05,-4.697443423985602,1
2,1104,2.2001495361328125,1,261.9132995605469,0.08043707609176637,0.35881559801101615,0
2,1105,2.629192352294922,1,259.979248046875,0.019527819752693173,1.2580186308622354,0
2,1106,0.831787109375,1,238.89540100097656,0.09999972879886627,-1.9183337904214854,0
2,1107,-2.4460220336914062,1,202.50318908691406,5.960464476151284e-09,-7.742107849359512,0
2,1108,-1.5574798583984375,1,148.95248413085938,0.02604080438613892,-5.495051031589508,0
2,1109,-1.1945228576660156,0,76.3702392578125,0.07391228377819062,-3.9194069918394088,0
2,1109,2.2914876077719413,1,76.3702392578125,0.07391228377819062,4.252613939036504,1
2,1110,-0.4344673156738281,0,16.83807373046875,4.690289497374933e-05,-1.2056979820728302,0
2,1110,0.4613339697431371,1,16.83807373046875,4.690289497374933e-05,1.7859045887611005,1
2,1111,0.1041717529296875,0,32.993316650390625,5.990266799926758e-06,-0.45152306675910947,0
2,1111,1.2146492677251146,1,32.993316650390625,5.990266799926758e-06,2.9694319628317447,1
2,1112,0.7164192199707031,0,90.10314178466797,0.0001802593469619751,-0.36923160612583167,0
2,1112,-0.16298960235812388,1,90.10314178466797,0.0001802593469619751,-0.9280492507834858,1
2,1113,1.1475639343261719,1,132.4615478515625,0.00018559098243713795,0.8458894879817964,0
2,1114,1.4862861633300781,1,158.9813232421875,0.002682584524154666,0.9928385584354402,0
2,1115,1.6588973999023438,1,169.97145080566406,0.09731674194335938,1.1144731140136719,0
2,1116,0.9811897277832031,1,172.16871643066406,2.2351741790771484e-07,-0.2809948819875717,0
2,1117,-1.7020339965820312,1,167.49952697753906,2.354383468600174e-07,-5.5540585421323785,0
2,1118,-1.4639396667480469,1,157.23419189453125,0.1,-5.476563171386719,0
2,1119,-1.5955581665039062,0,135.528564453125,0.0,-5.9016876220703125,0
2,1119,-0.5085016962763405,1,135.528564453125,0.0,-2.5275746816151807,1
2,1120,-1.24957275390625,0,108.04366302490234,0.09980786740779878,-4.664011083006859,0
2,1120,-0.6850810176451105,1,108.04366302490234,0.09980786740779878,-2.3350276104845795,1
2,1121,-0.7047843933105469,0,30.979154586791992,0.09980786740779878,-2.0331441930532455,0
2,1121,0.2814233442840788,1,30.979154586791992,0.09980786740779878,1.139271282136006,1
2,1122,0.2456207275390625,0,74.14627075195312,0.09999871253967285,-0.9956839084625244,0
2,1122,-0.6424366665301804,1,74.14627075195312,0.09999871253967285,-1.5717986966010102,1
2,1123,1.5186691284179688,0,205.10862731933594,1.2874603271470497e-06,-1.064834341049194,0
2,1123,-2.5615318312840074,1,205.10862731933594,1.2874603271470497e-06,-8.025236260453147,1
2,1124,2.7696571350097656,1,277.1415710449219,0.0,1.196482849121093,0
2,1125,2.531139373779297,1,280.364990234375,0.0016089320182800307,0.6549145855903619,0
2,1126,-2.645183563232422,1,257.5340270996094,0.0016088217496871976,-9.84111202132702,0
2,1127,-2.690410614013672,0,231.29270935058594,0.09910805821418764,-10.01063973736763,0
2,1127,1.0658537879770478,1,231.29270935058594,0.09910805821418764,-1.2981109333861902,1
2,1128,-1.9262161254882812,0,195.19041442871094,0.018510910868644717,-7.756980975985527,0
2,1128,1.4929669295146866,1,195.19041442871094,0.018510910868644717,0.2813851340204086,1
2,1129,-1.5802078247070312,0,99.55596160888672,0.08059725761413575,-5.154758771896362,0
2,1129,2.3144561310185168,1,99.55596160888672,0.08059725761413575,3.834569139554733,1
2,1130,-0.493011474609375,0,10.978697776794434,0.09997173547744752,-1.2095957741737366,0
2,1130,0.8738324795712913,1,10.978697776794434,0.09997173547744752,2.7240921341875963,1
2,1131,0.2932929992675781,0,60.058589935302734,7.979273796081959e-05,-0.6145889918804168,0
2,1131,0.2658656810943256,1,60.058589935302734,7.979273796081959e-05,0.5305563717730784,1
2,1132,0.9253158569335938,0,117.73680877685547,0.05217557121068239,-0.506191484518349,0
2,1132,-0.5662168266344523,1,117.73680877685547,0.05217557121068239,-2.2892568516544407,1
2,1133,1.2849655151367188,0,159.912109375,0.0522836284711957,-0.6304025023654103,0
2,1133,-0.6204883052428158,1,159.912109375,0.0522836284711957,-3.2413101431244793,1
2,1134,1.9796600341796875,1,191.2460174560547,0.0,1.3343997192382804,0
2,1135,1.9467086791992188,1,195.89613342285156,0.09996472299098969,1.1714961010217657,0
2,1136,1.7522811889648438,1,192.70323181152344,0.09996464550495149,0.8464991558790198,0
2,1137,0.44351959228515625,1,186.5653839111328,7.748603821078337e-08,-1.6442684967517853,0
2,1138,-1.9968223571777344,1,175.2891387939453,0.0,-6.299427490234375,0
2,1139,-1.4968833923339844,1,157.77206420898438,5.639195442199568e-05,-5.549210324525833,0
2,1140,-1.5501518249511719,0,127.31932830810547,5.2928924560546875e-05,-5.646692333221435,0
2,1140,0.6282023777383969,1,127.31932830810547,5.2928924560546875e-05,-0.08998392784229761,1
2,1141,-1.1220550537109375,0,93.39904022216797,0.0010707288980483995,-4.1121337410211565,0
2,1141,1.0486918130528977,1,93.39904022216797,0.0010707288980483995,1.4293599925065141,1
2,1142,-0.5788650512695312,0,7.503509044647217,0.03979728892445565,-1.309392174988985,0
2,1142,0.12915998520989547,1,7.503509044647217,0.03979728892445565,1.3066578979698684,1
2,1143,0.4207801818847656,0,95.89766693115234,0.003859635442495346,-1.0765473602712154,0
2,1143,-1.1752266584574116,1,95.89766693115234,0.003859635442495346,-3.0685610409555695,1
2,1144,1.4621620178222656,0,206.95494079589844,0.06275158971548081,-1.2172848438620565,0
2,1144,-1.715181529264683,1,206.95494079589844,0.06275158971548081,-6.371971938035953,1
2,1145,2.454803466796875,1,269.6418762207031,0.00023541450500488142,0.7167599925994866,0
2,1146,3.133586883544922,1,289.28375244140625,1.1503696441678146e-06,1.6814986722469323,0
2,1147,-2.518726348876953,1,271.4805603027344,0.0,-9.867063903808594,0
2,1148,-2.6152305603027344,0,251.67845153808594,0.0,-10.264030151367187,0
2,1148,1.0120987274942266,1,251.67845153808594,0.0,-1.8093715757732651,1
2,1149,-2.387073516845703,0,225.0938262939453,0.0,-9.276023559570312,0
2,1149,-0.10084128292851346,1,225.0938262939453,0.0,-3.5035590917359327,1
2,1150,-2.1646690368652344,0,168.23194885253906,0.0,-7.69397705078125,0
2,1150,-0.2676801610422217,1,168.23194885253906,0.0,-2.699999299135225,1
2,1151,-1.1831474304199219,0,101.08946990966797,0.0,-4.388084259033203,0
2,1151,0.18341537926956164,1,101.08946990966797,0.0,-0.454958639654236,1
2,1152,-0.5083274841308594,0,12.836455345153809,0.03090423494577408,-1.2746202445626258,0
2,1152,-0.25164114634752366,1,12.836455345153809,0.03090423494577408,0.43875243100404554,1
2,1153,0.3849906921386719,0,71.868896484375,0.06909574121236801,-0.670160375058651,0
2,1153,-0.6989908639610647,1,71.868896484375,0.06909574121236801,-1.638123487258124,1
2,1154,1.0713996887207031,0,131.84738159179688,0.09999732077121734,-0.4981481472253799,0
2,1154,-1.0357924299403578,1,131.84738159179688,0.09999732077121734,-3.5125323845475016,1
2,1155,1.3663597106933594,0,165.81724548339844,0.00014781355857848566,-0.5836314008235933,0
2,1155,-0.685454497698565,1,165.81724548339844,0.00014781355857848566,-3.4872598176074425,1
2,1156,2.037525177001953,0,197.7157440185547,0.09984953105449677,0.11674149239063247,0
2,1156,-0.6516910643460889,1,197.7157440185547,0.09984953105449677,-4.061690990305452,1
2,1157,2.0546112060546875,1,208.87754821777344,3.454089164731111e-06,1.1316713095903392,0
2,1158,2.0758590698242188,1,205.6388702392578,3.454089164731111e-06,1.2389405966997142,0
2,1159,2.018402099609375,1,198.59693908691406,0.00011002421379089494,1.2648610165119163,0
2,1160,-1.20208740234375,1,188.9457550048828,0.0001096248626709026,-4.983094289779664,0
2,1161,-1.7909698486328125,1,169.28099060058594,1.6093254089771802e-07,-5.7675595157146455,0
2,1162,-1.5432853698730469,1,141.70074462890625,5.602836608900597e-07,-5.320585654735566,0
2,1163,-1.2591972351074219,0,112.83110809326172,0.0,-4.775016632080078,0
2,1163,2.080896279650105,1,112.83110809326172,0.0,3.105170397434975,1
2,1164,-0.9694671630859375,0,84.10643768310547,0.0996129333972931,-3.625047597169876,0
2,1164,0.16725519088316076,1,84.10643768310547,0.0996129333972931,-0.1516028892316797,1
2,1165,-0.6291770935058594,0,55.91201400756836,0.00038679242134094516,-2.3766099388599393,0
2,1165,-0.16746546248761973,1,55.91201400756836,0.00038679242134094516,-0.25318667682346024,1
2,1166,-0.22644805908203125,0,7.492064952850342,2.741813659654091e-07,-0.602737428188324,0
2,1166,0.5810204543504227,1,7.492064952850342,2.741813659654091e-07,2.212199598676584,1
2,1167,0.6689491271972656,0,115.30303192138672,0.0030062884092330946,-0.9682826355695723,0
2,1167,-0.4165334074522278,1,115.30303192138672,0.0030062884092330946,-1.9392477048685592,1
2,1168,2.1791114807128906,0,256.40106201171875,0.0030062884092330946,-0.769918530344963,0
2,1168,-0.8043600102065582,1,256.40106201171875,0.0030062884092330946,-5.536861512183861,1
2,1169,3.007648468017578,1,325.08465576171875,0.0,0.7136038208007802,0
2,1170,0.958404541015625,1,330.9096984863281,0.0,-3.5013848876953126,0
2,1171,-2.895709991455078,1,312.0307922363281,0.0,-11.432035827636719,0
2,1172,-3.2175827026367188,0,274.8069763183594,0.0,-11.931304931640625,0
2,1172,1.0405100296981686,1,274.8069763183594,0.0,-2.21511946697085,1
2,1173,-2.5381431579589844,0,235.3935089111328,0.0,-9.784156494140625,0
2,1173,-1.96499167490186,1,235.3935089111328,0.0,-7.437853528026376,1
2,1174,-2.1011085510253906,0,184.6847381591797,0.0,-7.895911865234375,0
2,1174,0.671971375577634,1,184.6847381591797,0.0,-1.1497520120283258,1
2,1175,-1.4517402648925781,0,111.18697357177734,0.0,-5.127220001220703,0
2,1175,1.6564547763726196,1,111.18697357177734,0.0,2.2891700813096927,1
2,1176,-0.6716041564941406,0,29.979703903198242,1.4901161193847656e-08,-1.9428023916482926,0
2,1176,0.5214370568711217,1,29.979703903198242,1.4901161193847656e-08,1.6432800350822323,1
2,1177,0.11250686645507812,0,44.97146224975586,0.09999997913837433,-0.6784155112504959,0
2,1177,-0.9829448199918929,1,44.97146224975586,0.09999997913837433,-1.669318884144438,1
2,1178,1.0494499206542969,0,133.00323486328125,0.09999999403953552,-0.5651648557186126,0
2,1178,-1.347565409604826,1,133.00323486328125,0.09999999403953552,-4.159195516236858,1
2,1179,1.6651382446289062,0,188.52232360839844,0.09999998211860657,-0.44416998219490067,0
2,1179,0.8250414897504257,1,188.52232360839844,0.09999998211860657,-0.9243634919518616,1
2,1180,1.8289794921875,0,211.62413024902344,0.09999998211860657,-0.5785236198902127,0
2,1180,0.07219286329522845,1,211.62413024902344,0.09999998211860657,-2.8920968776747555,1
2,1181,2.380096435546875,0,218.58213806152344,0.0034256309270858792,0.3884130846261981,0
2,1181,0.4632814058541115,1,218.58213806152344,0.0034256309270858792,-2.245216974759329,1
2,1182,2.1923255920410156,1,219.8295440673828,0.003425452113151553,1.1879232846498484,0
2,1183,1.9859390258789062,1,219.77613830566406,1.7881393432617188e-07,0.7763552784919735,0
2,1184,2.3807334899902344,1,209.12550354003906,2.384185791154403e-08,1.7789569082260128,0
2,1185,-1.0220909118652344,1,180.13380432128906,2.384185791154403e-08,-4.446857911109925,0
2,1186,-1.6302528381347656,1,152.313232421875,0.08478819131851197,-5.110161852359772,0
2,1187,-1.4501495361328125,1,136.11602783203125,0.08478819131851197,-5.026011156558991,0
2,1188,-1.2018928527832031,0,107.33794403076172,0.05556393936276436,-4.552767143756151,0
2,1188,0.46900992121022256,1,107.33794403076172,0.05556393936276436,-0.010961595769299514,1
2,1189,-0.9247703552246094,0,80.88301849365234,0.044188316911458976,-3.468968612998724,0
2,1189,2.113215323109479,1,80.88301849365234,0.044188316911458976,3.807002743669452,1
2,1190,-0.62353515625,0,60.272212982177734,1.0359287261965666e-05,-2.452514986515045,0
2,1190,0.45981629265661184,1,60.272212982177734,1.0359287261965666e-05,0.9141879112981788,1
2,1191,-0.5216445922851562,0,36.4837646484375,0.09626629352569581,-1.7768151292800902,0
2,1191,-0.17657920639867797,1,36.4837646484375,0.09626629352569581,0.11331564249286619,1
2,1192,-0.23439788818359375,0,10.204314231872559,0.05865254551172257,-0.6752281628251076,0
2,1192,1.216775637302355,1,10.204314231872559,0.05865254551172257,3.4271188881467904,1
2,1193,0.10663223266601562,0,28.713224411010742,0.03786648064851761,-0.36251468211412424,0
2,1193,-0.5155058488724293,1,28.713224411010742,0.03786648064851761,-0.4067908451910142,1
2,1194,0.523406982421875,0,72.10159301757812,0.0008165061473846477,-0.3952505557537079,0
2,1194,-0.5474436403292913,1,72.10159301757812,0.0008165061473846477,-1.3369518012560404,1
2,1195,0.97418212890625,0,121.18148040771484,0.09917680323123931,-0.4792324224710463,0
2,1195,-0.7964318228255678,1,121.18148040771484,0.09917680323123931,-2.8204603259346817,1
2,1196,1.3692703247070312,0,174.0493621826172,1.3202428817762901e-06,-0.7424466470479967,0
2,1196,-1.4341426035084623,1,174.0493621826172,1.3202428817762901e-06,-5.149272503478985,1
2,1197,2.2473793029785156,1,229.9270477294922,0.0,1.096217651367187,0
2,1198,2.3161659240722656,1,273.712158203125,0.0,0.35808868408203054,0
2,1199,-2.031536102294922,1,271.4691162109375,0.0,-8.292454528808594,0
2,1200,-2.347789764404297,1,207.6492156982422,0.0,-8.248563842773438,0
2,1201,-1.6468772888183594,0,162.81126403808594,0.0,-6.549979858398437,0
2,1201,1.8521939226514093,1,162.81126403808594,0.0,1.6481625645410989,1
2,1202,-1.4267616271972656,0,101.08565521240234,0.0,-4.875236358642578,0
2,1202,1.2816900527317685,1,101.08565521240234,0.0,1.7416670012154905,1
2,1203,-0.6743698120117188,0,38.532257080078125,0.005809485912322998,-2.119617145061493,0
2,1203,2.2731463380488464,1,38.532257080078125,0.005809485912322998,4.975415155059636,1
2,1204,-0.01749420166015625,0,26.500699996948242,0.09419028759002686,-0.5687700147628784,0
2,1204,-0.3742001033865421,1,26.500699996948242,0.09419028759002686,-0.0821818182156501,1
2,1205,0.4883232116699219,0,75.347900390625,0.028970184922218322,-0.531470391869545,0
2,1205,-0.4231943554264319,1,75.347900390625,0.028970184922218322,-1.1545055260622525,1
2,1206,1.0626983642578125,0,127.82286834716797,0.07095962166786195,-0.43389902329444874,0
2,1206,-0.032455705234980314,1,127.82286834716797,0.07095962166786195,-1.4242071622800343,1
2,1207,1.6594314575195312,0,165.42051696777344,0.09993003308773041,0.006455374360084374,0
2,1207,1.1910255027994339,1,165.42051696777344,0.09993003308773041,0.2696434649198898,1
2,1208,1.5594520568847656,1,177.8678741455078,0.0,0.761546630859375,0
2,1209,2.010814666748047,1,185.01661682128906,0.059028434008359915,1.5189358597099771,0
2,1210,1.6659431457519531,1,184.1544952392578,0.04097156599164009,0.8471575240790844,0
2,1211,-1.3749809265136719,1,179.8667755126953,0.0,-5.14729736328125,0
2,1212,-1.8943290710449219,1,165.07337951660156,0.001005777716636659,-5.890165963530541,0
2,1213,-1.4161796569824219,1,150.12359619140625,0.0989942044019699,-5.238791005969048,0
2,1214,-1.3776626586914062,0,126.57927703857422,0.09999605417251586,-5.290910700321198,0
2,1214,0.3565936888392258,1,126.57927703857422,0.09999605417251586,-0.622398005259933,1
2,1215,-1.0921249389648438,0,92.06389617919922,0.0999944567680359,-4.029527579784393,0
2,1215,0.1950200048715942,1,92.06389617919922,0.0999944567680359,-0.25523769211151753,1
2,1216,-0.5771865844726562,0,14.320372581481934,1.5318393707247635e-06,-1.440780681848526,0
2,1216,0.020005134463303875,1,14.320372581481934,1.5318393707247635e-06,0.9536027560233942,1
2,1217,0.3044090270996094,0,74.3255615234375,0.09995530843734741,-0.8816913886070251,0
2,1217,0.3691112437196935,1,74.3255615234375,0.09995530843734741,0.44771304463314326,1
2,1218,1.4971046447753906,0,203.0906524658203,4.460811614990373e-05,-1.0676055440902708,0
2,1218,-2.3476777229093173,1,203.0906524658203,4.460811614990373e-05,-7.557170279459688,1
2,1219,2.8523101806640625,1,291.77093505859375,0.0,1.0692016601562493,0
2,1220,3.009021759033203,1,297.6112365722656,0.0,1.265818786621093,0
2,1221,-1.8905754089355469,1,257.8697204589844,0.0,-7.738545227050781,0
2,1222,-2.312591552734375,1,208.5227813720703,0.00023066103458404402,-8.19564795935154,0
2,1223,-1.9153785705566406,0,142.09747314453125,0.09940085709095002,-6.676682638287544,0
2,1223,3.5446267800537044,1,142.09747314453125,0.09940085709095002,5.443328062933145,1
2,1224,-0.9406356811523438,0,74.57733154296875,0.00036845803260802945,-3.3728327314853668,0
2,1224,1.2213127360719653,1,74.57733154296875,0.00036845803260802945,2.1510641029632516,1
2,1225,-0.29209136962890625,0,3.799438238143921,2.384185791154403e-08,-0.6601715049743653,0
2,1225,-0.19504919532131026,1,3.799438238143921,2.384185791154403e-08,0.7339128436408267,1
2,1226,0.4358177185058594,0,67.7947998046875,0.07807602882385255,-0.48738360023498534,0
2,1226,-0.1454227232379921,1,67.7947998046875,0.07807602882385255,-0.44986448372268834,1
2,1227,0.9634132385253906,0,118.17549896240234,0.02088421881198883,-0.437518870949745,0
2,1227,-0.04695237536790131,1,118.17549896240234,0.02088421881198883,-1.258250098736329,1
2,1228,1.4119911193847656,1,157.85980224609375,0.09876254498958588,0.862835692048073,0
2,1229,1.7291984558105469,1,180.5686798095703,0.09979118704795838,1.0430316679477682,0
2,1230,1.8137741088867188,1,182.4760284423828,1.0371208190931847e-06,1.1780276074409477,0
2,1231,0.9284248352050781,1,184.26512145996094,0.09967315793037415,-0.6324396851062775,0
2,1232,-1.9892921447753906,1,174.98777770996094,0.0003146946430206271,-6.278352431535721,0
2,1233,-1.6365699768066406,1,153.04183959960938,0.0006269752979278578,-5.734001824617386,0
2,1234,-1.3776512145996094,0,124.46593475341797,0.0006269752979278578,-5.244646203279495,0
2,1234,-0.3416924344021197,1,124.46593475341797,0.0006269752979278578,-1.9727286428845159,1
2,1235,-1.0680732727050781,0,90.9767074584961,0.0,-3.955680694580078,0
2,1235,0.6939974237485202,1,90.9767074584961,0.0,0.7684606983271187,1
2,1236,-0.6978759765625,0,53.688045501708984,0.07223761528730394,-2.472402367770672,0
2,1236,0.056540111338541976,1,53.688045501708984,0.07223761528730394,0.23642980803141214,1
2,1237,-0.34984588623046875,0,12.302397727966309,0.07223761528730394,-0.9486292316317558,0
2,1237,-0.0314061489549502,1,12.302397727966309,0.07223761528730394,0.8882502429192812,1
2,1238,0.22452163696289062,0,53.794857025146484,0.1,-0.6308538665771484,0
2,1238,-0.2732193702518302,1,53.794857025146484,0.1,-0.42633588100659003,1
2,1239,1.1110992431640625,0,136.962890625,0.0,-0.517059326171875,0
2,1239,0.562844201670174,1,136.962890625,0.0,-0.4135694091596518,1
2,1240,1.7038230895996094,1,191.47108459472656,0.0,0.7782244873046866,0
2,1241,2.0526199340820312,1,215.9499969482422,5.960464476151284e-09,0.9862399289607997,0
2,1242,2.2726211547851562,1,233.73411560058594,5.960464476151284e-09,1.0705599973201747,0
2,1243,-2.1146888732910156,1,232.3531951904297,0.0,-7.6764416503906245,0
2,1244,-2.1949615478515625,1,205.8181610107422,0.0,-7.906286315917969,0
2,1245,-1.6706275939941406,0,168.68971252441406,0.0,-6.715049438476562,0
2,1245,-0.038011489168205514,1,168.68971252441406,0.0,-2.2498172288246927,1
2,1246,-1.4226112365722656,0,119.40764617919922,0.09999889731407166,-5.237375352621078,0
2,1246,-0.2712556797427226,1,119.40764617919922,0.09999889731407166,-1.7346642389619924,1
2,1247,-0.8865737915039062,0,48.873897552490234,1.0758638381985763e-06,-2.750625577092171,0
2,1247,1.9878314887872008,1,48.873897552490234,1.0758638381985763e-06,4.198184983490043,1
2,1248,-0.14450836181640625,0,15.174864768981934,2.413988113431076e-07,-0.5925140286684036,0
2,1248,1.0863208611832533,1,15.174864768981934,2.413988113431076e-07,3.0691444173309157,1
2,1249,0.6140861511230469,0,86.37618255615234,2.682209014892578e-07,-0.49935135960578925,0
2,1249,-0.6506651660564486,1,86.37618255615234,2.682209014892578e-07,-1.8288539939647803,1
2,1250,0.9923553466796875,0,127.83812713623047,2.1457672119001847e-07,-0.572051857948303,0
2,1250,-0.36689005422431364,1,127.83812713623047,2.1457672119001847e-07,-2.0905426597563053,1
2,1251,1.4696922302246094,0,160.30502319335938,0.050973340030759574,-0.2687549370191991,0
2,1251,0.18547882388682524,1,160.30502319335938,0.050973340030759574,-1.6371817496947674,1
2,1252,1.5383872985839844,1,177.49403381347656,0.050965409632772206,0.7248553045131266,0
2,1253,2.031341552734375,1,188.6062469482422,8.127093315123124e-06,1.4905578414201728,0
2,1254,1.8999519348144531,1,189.1555633544922,1.7881393435392745e-08,1.216792601823806,0
2,1255,-1.8286819458007812,1,180.1719512939453,0.08528578281402588,-6.06421434879303,0
2,1256,-1.7343177795410156,1,165.5502166748047,0.08528578281402588,-6.183051323890686,0
2,1257,-1.5155487060546875,0,138.73291015625,8.940696716308594e-08,-5.805755618810654,0
2,1257,0.9836333779874664,1,138.73291015625,8.940696716308594e-08,0.39260854927365435,1
2,1258,-1.2036781311035156,0,102.87093353271484,8.940696716308594e-08,-4.464774936437607,0
2,1258,-0.5684948432319104,1,102.87093353271484,8.940696716308594e-08,-1.994408360694396,1
2,1259,-0.7568130493164062,0,46.073909759521484,0.09907024204730988,-2.4390671035051343,0
2,1259,1.56541702268035,1,46.073909759521484,0.09907024204730988,3.4053930404883785,1
2,1260,0.03847503662109375,0,48.05373764038086,0.09907015562057496,-0.8880874857902528,0
2,1260,0.11394226010172304,1,48.05373764038086,0.09907015562057496,0.4628469611710058,1
2,1261,1.0700836181640625,0,153.51104736328125,2.6533007621766524e-05,-0.9300547722578049,0
2,1261,-1.3367538278175743,1,153.51104736328125,2.6533007621766524e-05,-4.543729664221078,1
2,1262,2.0441818237304688,1,237.9875030517578,2.6154518127437243e-05,0.5286125402450558,0
2,1263,2.6235008239746094,1,277.04620361328125,0.09999953508377075,0.9020775942802423,0
2,1264,-0.29347991943359375,1,281.6734313964844,0.1,-5.024428466796874,0
2,1265,-2.6619338989257812,1,253.43702697753906,2.980232241545089e-09,-9.792608337521553,0
2,1266,-2.3780784606933594,0,223.3047332763672,0.09999999701976776,-9.226251586794852,0
2,1266,-1.4381542449105922,1,223.3047332763672,0.09999999701976776,-6.146403155229319,1
2,1267,-2.1835975646972656,0,169.25047302246094,0.09566642940044404,-7.756031247019767,0
2,1267,1.3219254879316082,1,169.25047302246094,0.09566642940044404,0.45501485823798,1
2,1268,-1.1885528564453125,0,100.27312469482422,0.0043335616588592515,-4.382741549253463,0
2,1268,1.192553491662693,1,100.27312469482422,0.0043335616588592515,1.5794711469625475,1
2,1269,-0.5469474792480469,0,17.73834228515625,0.09999952614307403,-1.4526617852449417,0
2,1269,0.42458281236935846,1,17.73834228515625,0.09999952614307403,1.6903987979898691,1
2,1270,0.2532806396484375,0,57.662960052490234,0.09999442398548126,-0.6506976987123488,0
2,1270,-0.01015393063388359,1,57.662960052490234,0.09999442398548126,0.02243316072300891,1
2,1271,0.7918281555175781,0,110.07308197021484,0.09999481439590455,-0.6218051209449766,0
2,1271,-1.3494218003669545,1,110.07308197021484,0.09999481439590455,-3.704305032714042,1
2,1272,1.5524864196777344,0,162.95240783691406,0.00023679733276367465,-0.1540847892761232,0
2,1272,-0.2383278763753367,1,162.95240783691406,0.00023679733276367465,-2.5357133813822657,1
2,1273,1.8001060485839844,0,190.12449645996094,0.09958015084266664,-0.20626103806495683,0
2,1273,-0.01429052405451614,1,190.12449645996094,0.09958015084266664,-2.6350541833419583,1
2,1274,1.9537391662597656,1,199.81764221191406,0.09981620609760286,1.107132840037345,0
2,1275,2.05108642578125,1,207.1494903564453,0.09999800920486451,1.1551831240653987,0
2,1276,2.0519447326660156,1,201.9462432861328,1.1742115020724198e-06,1.2649645526409146,0
2,1277,-1.8110160827636719,1,188.2400360107422,2.980232241545089e-09,-6.1868328858613975,0
2,1278,-1.6128082275390625,1,170.6352081298828,0.0010719954967498765,-6.038363497495651,0
2,1279,-1.69451904296875,0,139.33944702148438,0.001071998476982118,-6.175869906306267,0
2,1279,1.183938242651415,1,139.33944702148438,0.001071998476982118,0.7810446649340632,1
2,1280,-1.2223358154296875,0,108.69597625732422,6.258487701693571e-08,-4.618591158509254,0
2,1280,-0.055720237669177664,1,108.69597625732422,6.258487701693571e-08,-1.0853600029882347,1
2,1281,-0.9343032836914062,0,81.06230926513672,0.09999993145465852,-3.4938527499437333,0
2,1281,3.261109475585741,1,81.06230926513672,0.09999993145465852,6.09697276861056,1
2,1282,-0.6109466552734375,0,57.73543930053711,0.09941132366657257,-2.38057854950428,0
2,1282,-0.1126185155753987,1,57.73543930053711,0.09941132366657257,-0.18392227010820247,1
2,1283,-0.4401397705078125,0,29.342649459838867,0.0005886703729629517,-1.4671560770273209,0
2,1283,0.9647599502807864,1,29.342649459838867,0.0005886703729629517,2.5426433645498774,1
2,1284,0.11964797973632812,0,48.309322357177734,3.0785799026503136e-06,-0.7268906108140946,0
2,1284,-0.6881105654226474,1,48.309322357177734,3.0785799026503136e-06,-1.1424077011320457,1
2,1285,0.84503173828125,0,131.6680908203125,3.0785799026503136e-06,-0.9432984629869461,0
2,1285,-0.515355493416628,1,131.6680908203125,3.0785799026503136e-06,-2.464072926382702,1
2,1286,2.0111007690429688,0,248.7907257080078,0.09999994039535523,-0.9576129736900326,0
2,1286,-1.7724890703812193,1,248.7907257080078,0.09999994039535523,-7.324792652538409,1
2,1287,3.2363739013671875,1,321.2013244628906,0.09999993443489075,1.2447213160991661,0
2,1288,0.7241363525390625,1,328.662841796875,5.960464476151284e-09,-3.9249841310977938,0
2,1289,-2.8195877075195312,1,299.9267578125,0.0,-11.037710571289063,0
2,1290,-2.531177520751953,0,265.6593322753906,3.5762786863846596e-08,-10.37554168844223,0
2,1290,1.4860456084186922,1,265.6593322753906,3.5762786863846596e-08,-1.1410954301009395,1
2,1291,-2.6674880981445312,0,220.50856018066406,0.02408586442470551,-9.746110834479332,0
2,1291,0.9488716443606435,1,220.50856018066406,0.02408586442470551,-1.313391349468982,1
2,1292,-1.7495040893554688,0,170.96327209472656,0.023512351512908935,-6.9192141146659845,0
2,1292,-1.0122635091850825,1,170.96327209472656,0.023512351512908935,-4.244732954325213,1
2,1293,-1.2661666870117188,0,90.72493743896484,0.0005735486745834378,-4.346855064749717,0
2,1293,1.31029854367425,1,90.72493743896484,0.0005735486745834378,2.00607539662222,1
2,1294,-0.4047889709472656,0,5.874633312225342,0.002747774124145508,-0.9271805191040039,0
2,1294,-0.15636572337501065,1,5.874633312225342,0.002747774124145508,0.769665976040506,1
2,1295,0.4936561584472656,0,84.20561981201172,0.0972522258758545,-0.7006901683807374,0
2,1295,-0.5031200704356138,1,84.20561981201172,0.0972522258758545,-1.4942426261464963,1
2,1296,1.0861244201660156,0,146.14486694335938,0.003682240843772888,-0.7507957881689071,0
2,1296,-0.1855272807568511,1,146.14486694335938,0.003682240843772888,-2.0940991900146404,1
2,1297,1.9400596618652344,0,195.33155822753906,0.002009367942810057,-0.02659221553802506,0
2,1297,-0.889685573393443,1,195.33155822753906,0.002009367942810057,-4.48608268605538,1
2,1298,2.058116912841797,0,212.31077575683594,0.0016523957252502428,-0.13004778528213473,0
2,1298,0.41143926327968927,1,212.31077575683594,0.0016523957252502428,-2.2234030844063497,1
2,1299,1.9433059692382812,0,216.9265594482422,0.013875624537467955,-0.4524742754697797,0
2,1299,0.5740283765006708,1,216.9265594482422,0.013875624537467955,-1.9910294609450003,1
2,1300,2.374420166015625,1,213.69932556152344,0.013896098732948302,1.674297976851463,0
2,1301,2.1013412475585938,1,206.43995666503906,4.172325133999788e-08,1.2738833601474757,0
2,1302,-0.008708953857421875,1,195.4727020263672,4.470348358154297e-08,-2.7268719500303273,0
2,1303,-2.0242080688476562,1,172.2793426513672,5.364418029923934e-08,-6.294002992868424,0
2,1304,-1.5620689392089844,1,143.25714111328125,5.364418029923934e-08,-5.389280702829361,0
2,1305,-1.2813034057617188,0,115.39458465576172,0.0,-4.870498504638672,0
2,1305,1.2121547160570358,1,115.39458465576172,0.0,1.3164177389988376,1
2,1306,-0.9098854064941406,0,90.3053207397461,0.0,-3.625877227783203,0
2,1306,0.6275057100612358,1,90.3053207397461,0.0,0.6489050053275498,1
2,1307,-0.8467826843261719,0,65.6585693359375,0.005543130636215213,-3.006958480596542,0
2,1307,0.6710413523306045,1,65.6585693359375,0.005543130636215213,1.2286895927170105,1
2,1308,-0.5312919616699219,0,43.49898910522461,0.00396844744682312,-1.9327224433422088,0
2,1308,1.2468140790660271,1,43.49898910522461,0.00396844744682312,2.8234896381296894,1
2,1309,-0.33139801025390625,0,24.745939254760742,0.0013732582330703777,-1.1577697359323502,0
2,1309,0.7635385621773167,1,24.745939254760742,0.0013732582330703777,2.232103408930096,1
2,1310,-0.13780975341796875,0,0.274658203125,0.09979857206344606,-0.28510461378097535,0
2,1310,1.1772992529847457,1,0.274658203125,0.09979857206344606,3.5451133990244537,1
2,1311,0.25026702880859375,0,48.614498138427734,3.2216310501057e-06,-0.4717560340166092,0
2,1311,-0.31084281186128493,1,48.614498138427734,3.2216310501057e-06,-0.3939757153563666,1
2,1312,0.822509765625,0,109.36736297607422,0.09999576807022095,-0.5463275589942931,0
2,1312,0.7001073917859841,1,109.36736297607422,0.09999576807022095,0.40886769332767536,1
2,1313,1.4004249572753906,0,159.74807739257812,0.003636223077774045,-0.3942570822238922,0
2,1313,1.1373968740353249,1,159.74807739257812,0.003636223077774045,0.2796867512959764,1
2,1314,1.906768798828125,1,179.98121643066406,0.003583213686943053,1.4137699404954902,0
2,1315,1.6190719604492188,1,178.51637268066406,0.06502934247255326,0.8652152935862542,0
2,1316,1.7308845520019531,1,166.3436737060547,0.03489027470350266,1.3335000188946715,0
2,1317,0.06894302368164062,1,143.096923828125,0.0999736338853836,-1.5280513745546342,0
2,1318,-1.2782936096191406,1,111.11067962646484,7.867813110323807e-07,-3.57880084323883,0
2,1319,-0.8310890197753906,1,59.24605941772461,0.09999921321868897,-1.6510991964340207,0
2,1320,-0.2959861755371094,1,8.358001708984375,0.0,0.4408676147460937,0
2,1321,0.1510467529296875,1,33.611297607421875,0.09999999701976776,0.8258675538301468,0
2,1322,0.47898101806640625,1,69.04983520507812,0.05835797563195229,0.774631013005972,0
2,1323,0.8911933898925781,1,102.87474822998047,0.05835797861218453,0.9225574960410599,0
2,1324,1.1399574279785156,1,120.6703109741211,0.09995653033256531,1.062510375261307,0
2,1325,-0.2796630859375,1,124.58419036865234,0.09888768494129181,-1.8549654866456984,0
2,1326,-1.2195243835449219,1,119.5411605834961,0.09834668040275574,-3.6338058459758757,0
2,1327,-1.1609573364257812,1,112.39241790771484,0.09941552579402924,-3.3737396520376204,0
2,1328,-1.1589851379394531,1,97.84697723388672,0.0001789361238479642,-3.674916978001595,0
2,1329,-0.7848091125488281,0,73.4100341796875,0.0001789361238479642,-3.0378260661363603,0
2,1329,3.01142915521838,1,73.4100341796875,0.0001789361238479642,5.754650469398055,1
2,1330,-0.44806671142578125,0,18.909454345703125,0.09966821372509004,-1.2783092383146286,0
2,1330,-0.021976995098683005,1,18.909454345703125,0.09966821372509004,0.7738701943395678,1
2,1331,0.16650772094726562,0,45.112606048583984,0.0996681809425354,-0.5732234063148499,0
2,1331,-0.6694404239565728,1,45.112606048583984,0.0996681809425354,-1.0451196961225269,1
2,1332,0.6726264953613281,1,94.92110443115234,0.09992833733558655,0.642833768606186,0
2,1333,1.2751617431640625,1,130.26809692382812,0.09992837011814118,1.140964413046837,0
2,1334,1.4186630249023438,1,153.67889404296875,0.01511597335338593,0.9631435300111773,0
2,1335,1.5299186706542969,1,178.4324493408203,0.01511229574680329,0.6905838626623154,0
2,1336,-0.8294296264648438,1,173.56871032714844,3.677606582638826e-06,-3.9302336065769197,0
2,1337,-1.8311424255371094,1,153.5797119140625,0.0008177489042282132,-5.533911799311638,0
2,1338,-1.1662940979003906,1,110.51940155029297,0.09918225109577179,-3.9469435168504714,0
2,1339,-0.8310470581054688,0,60.45150375366211,0.03879227414727211,-2.8726758822500704,0
2,1339,1.106438352453054,1,60.45150375366211,0.03879227414727211,2.2022949388669755,1
2,1340,-0.26630401611328125,0,5.283355236053467,0.061126213520765305,-0.6407201854884624,0
2,1340,2.2092206975383633,1,5.283355236053467,0.061126213520765305,5.5103292418148255,1
2,1341,0.3061790466308594,0,55.259700775146484,8.151233196258822e-05,-0.49283918273448934,0
2,1341,-0.5573831884477087,1,55.259700775146484,8.151233196258822e-05,-1.0199636528916256,1
2,1342,0.9341964721679688,1,104.5112533569336,0.09999894499778748,0.9741679193973545,0
2,1343,1.1753463745117188,1,127.89534759521484,0.09999893009662629,0.9887858399152759,0
2,1344,1.3959236145019531,1,147.76992797851562,1.2814998626847762e-07,1.0364486643075945,0
2,1345,1.5476493835449219,1,158.77532958984375,0.09997301399707795,1.1157932547330858,0
2,1346,-1.5356712341308594,1,160.22872924804688,0.0999731570482254,-5.079915979504585,0
2,1347,-1.5778923034667969,1,155.181884765625,0.1,-5.063422302246093,0
2,1348,-1.5069923400878906,1,145.42007446289062,0.1,-5.326386169433594,0
2,1349,-1.3594741821289062,0,126.9416732788086,0.0012420922517776475,-5.257831513524056,0
2,1349,-0.6578537417059991,1,126.9416732788086,0.0012420922517776475,-2.6545906326782407,1
2,1350,-1.1378059387207031,0,102.3292465209961,0.000561937689781189,-4.322219285368919,0
2,1350,0.3261949758479403,1,102.3292465209961,0.000561937689781189,-0.19421745623163214,1
2,1351,-0.7916755676269531,0,72.21221923828125,0.00014133155345916887,-3.0276011732816697,0
2,1351,1.938480087532156,1,72.21221923828125,0.00014133155345916887,3.6327101370365478,1
2,1352,-0.2985801696777344,0,4.917144775390625,0.04752096198499203,-0.697404073342681,0
2,1352,0.8289488716956726,1,4.917144775390625,0.04752096198499203,2.757654009404133,1
2,1353,0.6965408325195312,0,109.2109603881836,0.04834244810044766,-0.7930712406486271,0
2,1353,-1.3498415447550371,1,109.2109603881836,0.04834244810044766,-3.6858359951977637,1
2,1354,1.3664093017578125,0,183.5136260986328,0.0002532362937927232,-0.9374640479087831,0
2,1354,-1.4889017424455986,1,183.5136260986328,0.0002532362937927232,-5.448086136315606,1
2,1355,2.2798423767089844,1,253.8719024658203,0.0002532362937927232,0.6822365746498104,0
2,1356,2.8351593017578125,1,255.34056091308594,0.00023191273212432723,1.7634981087446209,0
2,1357,-0.3138923645019531,1,236.0763397216797,0.00023191273212432723,-4.149320799946785,0
2,1358,-2.0616531372070312,1,221.28675842285156,0.09998418390750885,-7.953040810227394,0
2,1359,-2.2311248779296875,0,183.0978240966797,1.5434622764584627e-05,-8.12420685517788,0
2,1359,0.9990502815068254,1,183.0978240966797,1.5434622764584627e-05,-0.4638565363048535,1
2,1360,-1.533477783203125,0,125.73241424560547,2.652406692546516e-07,-5.581603861927986,0
2,1360,0.3304076883167113,1,125.73241424560547,2.652406692546516e-07,-0.6538329188883132,1
2,1361,-0.8109855651855469,0,62.026973724365234,0.09999887347221376,-2.866510559797287,0
2,1361,0.8178830464270561,1,62.026973724365234,0.09999887347221376,1.5912266634279193,1
2,1362,-0.18199920654296875,0,20.416257858276367,0.09999889433383943,-0.7763235260248184,0
2,1362,-0.22106994255366175,1,20.416257858276367,0.09999889433383943,0.3455350019537955,1
2,1363,0.5921440124511719,0,86.73094940185547,0.09566758871078493,-0.5541576666831971,0
2,1363,-0.8404831393534806,1,86.73094940185547,0.09566758871078493,-2.219411970292502,1
2,1364,1.1189117431640625,0,131.95419311523438,0.06748001724481584,-0.4039595766663551,0
2,1364,-1.240166082567896,1,131.95419311523438,0.06748001724481584,-3.922115228130272,1
2,1365,1.3748054504394531,0,166.3284149169922,0.02818756550550461,-0.5780849000811579,0
2,1365,-1.4426598699210018,1,166.3284149169922,0.02818756550550461,-5.013015540802068,1
2,1366,1.9799575805664062,1,188.6863555908203,0.09038401246070862,1.382572688817977,0
2,1367,1.9407768249511719,1,196.1135711669922,0.09038399159908295,1.1556668668985357,0
2,1368,0.6314620971679688,1,191.2765350341797,6.85453414861481e-08,-1.36260650908947,0
2,1369,-2.0175132751464844,1,175.6248321533203,0.0,-6.347523193359375,0
2,1370,-1.6529579162597656,1,154.92630004882812,1.9073486327847444e-07,-5.804441841125489,0
2,1371,-1.389892578125,0,125.54167938232422,0.09999995529651642,-5.294618742108345,0
2,1371,1.19444990242107,1,125.54167938232422,0.09999995529651642,1.0740662189837953,1
2,1372,-1.1823463439941406,0,93.22356414794922,2.637505531311035e-06,-4.2291640764474865,0
2,1372,-0.1335855586299175,1,93.22356414794922,2.637505531311035e-06,-0.9316425057190407,1
2,1373,-0.7126083374023438,0,64.06021118164062,8.881092071547081e-07,-2.7064209339618683,0
2,1373,0.5260893645208711,1,64.06021118164062,8.881092071547081e-07,0.9709744698845615,1
2,1374,-0.348114013671875,0,1.8882750272750854,0.002335834503173831,-0.7340869612693787,0
2,1374,-0.03680853787959393,1,1.8882750272750854,0.002335834503173831,1.0885239903151833,1
2,1375,0.6578941345214844,0,113.22020721435547,0.002148926258087158,-0.9487018322944639,0
2,1375,-1.3600811865198779,1,113.22020721435547,0.002148926258087158,-3.784652474377188,1
2,1376,1.4669380187988281,0,200.2067413330078,0.09981127083301544,-1.0742512398958204,0
2,1376,-1.1042094223308752,1,200.2067413330078,0.09981127083301544,-5.016546122155226,1
2,1377,2.4106712341308594,1,265.0299072265625,2.6822090146150224e-08,0.7207443226575845,0
2,1378,2.76300048828125,1,284.52301025390625,0.042719950526952745,1.0338319734632961,0
2,1379,-1.7853736877441406,1,290.1573181152344,0.0427199475467205,-8.775602535694837,0
2,1380,-2.76416015625,0,263.6680603027344,2.980232241545089e-09,-10.801681518673897,0
2,1380,0.8956745515193703,1,263.6680603027344,2.980232241545089e-09,-2.282012103135156,1
2,1381,-2.4522247314453125,0,227.41697692871094,0.1,-9.456789001464843,0
2,1381,-0.9482684323084172,1,227.41697692871094,0.1,-5.248876403191052,1
2,1382,-2.0030784606933594,0,174.09132385253906,0.1,-7.491983398437499,0
2,1382,0.8303588579721293,1,174.09132385253906,0.1,-0.6251087611065227,1
2,1383,-1.24786376953125,0,109.8670883178711,5.364418029923934e-08,-4.693069307565689,0
2,1383,0.13083331397018583,1,109.8670883178711,5.364418029923934e-08,-0.7356751405628174,1
2,1384,-0.6450691223144531,0,29.022214889526367,0.09376858472824097,-1.8743332858085633,0
2,1384,0.275629104294552,1,29.022214889526367,0.09376858472824097,1.1670631674094472,1
2,1385,0.230224609375,0,59.74959945678711,0.09376862943172455,-0.7382935155630111,0
2,1385,-0.7978910748596562,1,59.74959945678711,0.09376862943172455,-1.5945248840323234,1
2,1386,0.8516082763671875,0,119.4801254272461,0.09997833669185638,-0.690385089278221,0
2,1386,-0.239345045636,1,119.4801254272461,0.09997833669185638,-1.6722917332845961,1
2,1387,1.4921455383300781,0,169.2123260498047,0.09987283349037171,-0.40395035767555254,0
2,1387,0.7655238542402785,1,169.2123260498047,0.09987283349037171,-0.6571937258551517,1
2,1388,1.8760414123535156,0,199.0127410888672,0.00010537803173064908,-0.22817621219158188,0
2,1388,-0.7213485078867521,1,199.0127410888672,0.00010537803173064908,-4.222956052672117,1
2,1389,2.2964859008789062,1,213.18434143066406,0.00043775439262390414,1.5292674629688259,0
2,1390,1.9131698608398438,1,210.89552307128906,0.09956211149692536,0.8044467757940288,0
2,1391,2.0861549377441406,1,205.18492126464844,0.0,1.268611450195312,0
2,1392,-0.7701683044433594,1,192.47816467285156,0.09494147896766664,-4.193697561502457,0
2,1393,-1.6199722290039062,1,169.7769012451172,0.005048811435699463,-5.435684435367585,0
2,1394,-1.567352294921875,1,145.1568603515625,9.70959663391252e-06,-5.437842185258866,0
2,1395,-1.4046669006347656,0,113.29650115966797,0.1,-5.07926382446289,0
2,1395,2.14870025843927,1,113.29650115966797,0.1,3.2274704936851797,1
2,1396,-0.8949508666992188,0,87.89824676513672,0.09787134826183319,-3.551781522631645,0
2,1396,-0.49585655069225965,1,87.89824676513672,0.09787134826183319,-1.5535928906177272,1
2,1397,-0.6899757385253906,0,49.797054290771484,0.09782744646072389,-2.3798056607246396,0
2,1397,2.448017718329517,1,49.797054290771484,0.09782744646072389,5.096181252985175,1
2,1398,-0.06153106689453125,0,28.568265914916992,0.09995501935482026,-0.6984256528615951,0
2,1398,-0.13229338445689365,1,28.568265914916992,0.09995501935482026,0.36004971201368,1
2,1399,0.898956298828125,0,118.35860443115234,0.09677127599716187,-0.5731303420066832,0
2,1399,0.031186382308902694,1,118.35860443115234,0.09677127599716187,-1.1086701750451278,1
2,1400,1.2925529479980469,0,163.25758361816406,0.09677231907844544,-0.6839166691303254,0
2,1400,0.5713780729933688,1,163.25758361816406,0.09677231907844544,-0.9262664191396813,1
2,1401,1.9589958190917969,1,213.79087829589844,0.016007453203201294,0.8415337741374965,0
2,1402,2.3254051208496094,1,208.42359924316406,0.015099522471427915,1.68173427593708,0
2,1403,0.6508674621582031,1,202.5527801513672,0.09909203350543977,-1.5532843600511546,0
2,1404,-2.038776397705078,1,200.5691375732422,0.09998389780521394,-6.892934902787208,0
2,1405,-1.8413429260253906,1,168.30442810058594,0.061619214713573456,-6.451239182651043,0
2,1406,-1.5124664306640625,0,110.32866668701172,0.06158322542905808,-5.233969524085522,0
2,1406,1.587189459074942,1,110.32866668701172,0.06158322542905808,2.1653422553924875,1
2,1407,-0.7259140014648438,0,56.869503021240234,0.00028537809848785956,-2.5892294784784315,0
2,1407,0.07065879101068617,1,56.869503021240234,0.00028537809848785956,0.20391610647262817,1
2,1408,-0.20171737670898438,0,6.008147716522217,0.0003374695777893094,-0.5236112065315246,0
2,1408,0.6631716263468448,1,6.008147716522217,0.0003374695777893094,2.4061667995801335,1
2,1409,0.3596954345703125,0,57.823177337646484,0.0,-0.4370726776123046,0
2,1409,1.189451860150605,1,57.823177337646484,0.0,2.4224401735482806,1
2,1410,0.79364013671875,0,108.92867279052734,9.077787399294768e-06,-0.5912935454845427,0
2,1410,0.9566745421042242,1,108.92867279052734,9.077787399294768e-06,0.9347752652864059,1
2,1411,1.2964591979980469,1,143.29147338867188,0.09987906515598297,0.9230937656164171,0
2,1412,1.5543861389160156,1,162.99436950683594,0.0019584864377975436,1.0488065482378006,0
2,1413,1.8768959045410156,1,173.23301696777344,7.849931716918945e-05,1.4891283297538749,0
2,1414,0.5393753051757812,1,166.95021057128906,0.09800814986228944,-1.0641739270687103,0
2,1415,-1.7564735412597656,1,153.13339233398438,5.960464476151284e-09,-5.375614929437637,0
2,1416,-1.4581184387207031,1,139.50347900390625,0.09992482960224153,-5.110303450703621,0
2,1417,-1.3052825927734375,0,119.08721160888672,0.09992482662200927,-4.996306410789489,0
2,1417,-0.503318211628681,1,119.08721160888672,0.09992482662200927,-2.1923776484999764,1
2,1418,-0.8921699523925781,0,79.8187255859375,0.0013228893280029241,-3.3807673320770264,0
2,1418,0.9513078666258821,1,79.8187255859375,0.0013228893280029241,1.5061883059598942,1
2,1419,-0.3554039001464844,0,3.101348638534546,0.00045140087604522705,-0.7728528290987015,0
2,1419,-0.43414357599188236,1,3.101348638534546,0.00045140087604522705,0.26966781921050254,1
2,1420,0.851043701171875,0,130.40542602539062,0.09902311861515045,-0.9099820429086685,0
2,1420,-1.399275989164849,1,130.40542602539062,0.09902311861515045,-4.210621423582117,1
2,1421,1.5246162414550781,1,193.87815856933594,0.019549271464347838,0.3708873406648636,0
2,1422,2.086200714111328,1,214.4698944091797,0.08034528195858003,1.0797897287607188,0
2,1423,1.554290771484375,1,196.76588439941406,5.6624412533845536e-08,0.3732638527154923,0
2,1424,-2.05413818359375,1,174.3583526611328,0.017129415273666383,-6.396128597021104,0
2,1425,-1.4009857177734375,1,138.9617919921875,0.017129415273666383,-4.381892452001572,0
2,1426,-1.0817947387695312,1,83.99962615966797,1.1336803436276521e-05,-3.2435824542045597,0
2,1427,-0.5464935302734375,0,32.627105712890625,0.09830983579158784,-1.749461568236351,0
2,1427,0.34933526293070827,1,32.627105712890625,0.09830983579158784,1.2421960181719407,1
2,1428,-0.07123184204101562,0,15.262602806091309,0.0016649812459945679,-0.44778233945369716,0
2,1428,-0.1046022486602638,1,15.262602806091309,0.0016649812459945679,0.6854768473078064,1
2,1429,0.3360557556152344,0,53.84444808959961,1.3670325279241391e-05,-0.4047779973745345,0
2,1429,-0.5692947960638577,1,53.84444808959961,1.3670325279241391e-05,-1.0154791007327186,1
2,1430,0.7673873901367188,1,93.0366439819336,0.028093901276588444,0.8729181445837022,0
2,1431,1.2338066101074219,1,124.6681137084961,0.02809407711029053,1.1731271829605106,0
2,1432,1.1902580261230469,1,137.0391845703125,0.09830696284770966,0.8358000823259355,0
2,1433,1.5710563659667969,1,144.5159912109375,0.08530245125293733,1.4483808096647264,0
2,1434,-0.8035888671875,1,137.54653930664062,0.02176603823900223,-3.1589791620373724,0
2,1435,-1.3073005676269531,1,123.42833709716797,0.06519560068845749,-3.8857757012248038,0
2,1436,-1.0139045715332031,1,103.88945770263672,0.09996335208415985,-2.909596831202507,0
2,1437,-1.0002784729003906,1,80.80290985107422,0.0759308010339737,-3.019652374863625,0
2,1438,-0.71405029296875,0,64.56756591796875,0.024031046032905578,-2.720413146138191,0
2,1438,-0.19272733947777,1,64.56756591796875,0.024031046032905578,-0.47776723915623126,1
2,1439,-0.5261192321777344,0,52.78396224975586,3.535449504852434e-05,-2.107919123530388,0
2,1439,-0.23110707592305602,1,52.78396224975586,3.535449504852434e-05,-0.3178948110210311,1
2,1440,-0.4162864685058594,0,32.901763916015625,3.7530064582826095e-05,-1.4906097165346146,0
2,1440,0.11872825238442886,1,32.901763916015625,3.7530064582826095e-05,0.7794197252459618,1
2,1441,-0.22402572631835938,0,4.119873046875,0.09996246993541719,-0.5344474123716354,0
2,1441,0.050834717037226085,1,4.119873046875,0.09996246993541719,1.2152734743395355,1
2,1442,0.2066497802734375,0,47.96218490600586,0.1,-0.5499441375732422,0
2,1442,-0.21444337263304192,1,47.96218490600586,0.1,-0.1921304433862011,1
2,1443,1.0388565063476562,0,144.7601318359375,0.09312563240528107,-0.8212146493196487,0
2,1443,-1.2136604738799974,1,144.7601318359375,0.09312563240528107,-4.126248609774956,1
2,1444,2.1439743041992188,1,228.8131561279297,0.09312563240528107,0.9079604605436321,0
2,1445,2.5178985595703125,1,262.451171875,0.1,0.9827736816406243,0
2,1446,-1.7924690246582031,1,254.9362030029297,0.0,-7.4836621093749995,0
2,1447,-2.4327163696289062,1,229.35865783691406,2.6643276214571854e-06,-8.852606002569198,0
2,1448,-2.0435028076171875,0,182.0182647705078,2.6643276214571854e-06,-7.727371017217636,0
2,1448,1.8062168432870962,1,182.0182647705078,2.6643276214571854e-06,1.1720682845909305,1
2,1449,-1.5103607177734375,0,121.83379364013672,0.1,-5.461397308349609,0
2,1449,1.9458857038191653,1,121.83379364013672,0.1,2.6510955348355956,1
2,1450,-0.797943115234375,0,45.55892562866211,9.536743163923722e-08,-2.5070647468566896,0
2,1450,0.051500207133280185,1,45.55892562866211,9.536743163923722e-08,0.3918218978786208,1
2,1451,-0.05144500732421875,0,26.397703170776367,1.1071562767028809e-05,-0.6308445209264755,0
2,1451,1.2828274749659343,1,26.397703170776367,1.1071562767028809e-05,3.237700443653831,1
2,1452,0.6122703552246094,0,88.69170379638672,0.0009234637022018446,-0.5493303040266038,0
2,1452,-0.4829882782768209,1,88.69170379638672,0.0009234637022018446,-1.5398475710294643,1
2,1453,1.1916923522949219,0,141.15142822265625,0.0009346306324005127,-0.43968124508857725,0
2,1453,-1.1050816179765803,1,141.15142822265625,0.0009346306324005127,-3.8332291856315814,1
2,1454,1.6158866882324219,0,175.5332794189453,0.0,-0.27889221191406266,0
2,1454,-1.2416269894677825,1,175.5332794189453,0.0,-4.793919567314472,1
2,1455,1.8668212890625,1,193.0618133544922,0.0019707202911376925,1.0723274822235098,0
2,1456,3.211200714111328,1,0.0,0.0019707202911376925,7.62232259941101,0
2,1457,-0.18713760375976562,1,0.0,0.00027891993522644043,0.8257136356830597,0
2,1458,-1.26251220703125,1,174.80848693847656,0.00027891993522644043,-4.821205309629441,0
2,1459,-1.6276664733886719,1,152.37808227539062,0.07145024985074998,-5.105752602279186,0
2,1460,-1.26190185546875,1,129.9896240234375,0.07144965082406998,-4.526454177439213,0
2,1461,-1.1470603942871094,0,101.14669036865234,4.777908325195174e-05,-4.317056507110595,0
2,1461,1.6604118148672597,1,101.14669036865234,4.777908325195174e-05,2.4978879111981427,1
2,1462,-0.8358230590820312,0,46.081539154052734,0.09982726275920868,-2.5972699917554856,0
2,1462,2.3918565964290153,1,46.081539154052734,0.09982726275920868,5.058089319266607,1
2,1463,0.027431488037109375,0,38.722991943359375,0.006196951866149901,-0.7198447408676147,0
2,1463,-0.3035063197751171,1,38.722991943359375,0.006196951866149901,-0.18172035649206775,1
2,1464,0.6377182006835938,0,92.57125091552734,0.06594085395336152,-0.5786262511014939,0
2,1464,0.03609873754727033,1,92.57125091552734,0.06594085395336152,-0.5818651773741408,1
2,1465,1.135528564453125,0,134.38796997070312,0.007209452986717225,-0.4169906486272812,0
2,1465,0.4508757156680403,1,134.38796997070312,0.007209452986717225,-0.5862963461974504,1
2,1466,2.091796875,1,227.28346252441406,0.06505269706249238,0.8353223916292186,0
2,1467,2.5162582397460938,1,265.6707763671875,1.4901161193847656e-08,0.9191009515523904,0
2,1468,-1.5447235107421875,1,271.56829833984375,0.0,-7.32081298828125,0
2,1469,-2.896892547607422,1,254.1007843017578,0.0,-10.27580078125,0
2,1470,-2.3951568603515625,0,221.6262664794922,8.544325828550858e-06,-9.222839392066001,0
2,1470,0.1332028900227371,1,221.6262664794922,8.544325828550858e-06,-2.966119891317402,1
2,1471,-1.8855972290039062,0,158.18023681640625,0.08711146414279938,-6.938283652901649,0
2,1471,-0.058772332548613804,1,158.18023681640625,0.08711146414279938,-2.0846338599910643,1
2,1472,-1.1642913818359375,0,85.3462142944336,0.012879991531372072,-4.036022249221801,0
2,1472,1.38862931387132,1,85.3462142944336,0.012879991531372072,2.2698191421927136,1
2,1473,-0.52484130859375,0,19.87457275390625,2.130866050720215e-06,-1.447174157500267,0
2,1473,0.0075635878636646225,1,19.87457275390625,2.130866050720215e-06,0.8176356354145622,1
2,1474,0.2919349670410156,0,66.49017333984375,0.00010218024253845492,-0.7459376199245453,0
2,1474,-0.25543448601413843,1,66.49017333984375,0.00010218024253845492,-0.6406765260348535,1
2,1475,1.0511054992675781,0,132.67898559570312,0.0998956322669983,-0.5553645386695861,0
2,1475,0.23164217580437452,1,132.67898559570312,0.0998956322669983,-0.9942911855959932,1
2,1476,1.4018592834472656,0,171.1044158935547,5.6624412533845536e-08,-0.6183697532415392,0
2,1476,-1.7306056297395074,1,171.1044158935547,5.6624412533845536e-08,-5.683299579615086,1
2,1477,2.061870574951172,0,196.76206970214844,0.09980410933494568,0.184507591485977,0
2,1477,-0.6286682209271959,1,196.76206970214844,0.09980410933494568,-3.9965700002707587,1
2,1478,1.8007926940917969,1,201.49229431152344,0.000195878744125369,0.7717316668033596,0
2,1479,2.034015655517578,1,201.9309844970703,1.1920928952302567e-08,1.2294116206169123,0
2,1480,1.9460220336914062,1,188.5146942138672,0.09999757409095765,1.3177502801418295,0
2,1481,-1.4963607788085938,1,179.4357147216797,0.08999999761581422,-5.385035851955414,0
2,1482,-1.5225563049316406,1,159.61456298828125,0.08989936113357544,-5.040999844074249,0
2,1483,-1.4255905151367188,1,128.29208374023438,0.0003315150737762465,-4.817035965681076,0
2,1484,-1.1957435607910156,0,94.00176239013672,0.00040575265884399553,-4.2715385994911195,0
2,1484,1.1477637967845524,1,94.00176239013672,0.00040575265884399553,1.6154761156600168,1
2,1485,-0.7402153015136719,0,72.64328002929688,0.09994305670261383,-2.9372939258813857,0
2,1485,0.8700878706359703,1,72.64328002929688,0.09994305670261383,1.4833124184178987,1
2,1486,-0.578216552734375,0,43.510433197021484,0.09997038543224335,-2.0306405848264695,0
2,1486,2.6282315665271057,1,43.510433197021484,0.09997038543224335,5.582255653696492,1
2,1487,-0.1057281494140625,0,26.432035446166992,5.632638931246658e-07,-0.7400970302820206,0
2,1487,0.2230973077618046,1,26.432035446166992,5.632638931246658e-07,1.117553884069714,1
2,1488,0.8026275634765625,0,119.36568450927734,0.09997056424617767,-0.7860573858022688,0
2,1488,-0.8286600719587227,1,119.36568450927734,0.09997056424617767,-2.848632656672839,1
2,1489,1.3799819946289062,0,176.0673370361328,2.849102020263672e-05,-0.761383891105652,0
2,1489,-0.8180410163808958,1,176.0673370361328,2.849102020263672e-05,-3.9574299131252557,1
2,1490,2.199573516845703,1,218.6508026123047,0.0,1.226130981445312,0
2,1491,2.3585243225097656,1,237.58314514160156,8.940696710757479e-09,1.1653857418298716,0
2,1492,-0.7824745178222656,1,204.63941955566406,1.261830329894742e-05,-4.457737931489944,0
2,1493,-1.8902015686035156,1,176.36106872558594,0.09857518076896668,-6.711567518949509,0
2,1494,-1.780059814453125,0,143.00537109375,0.09693357050418855,-6.424104393601418,0
2,1494,1.5364113029369832,1,143.00537109375,0.09693357050418855,1.4088378411787992,1
2,1495,-1.1017494201660156,0,82.26012420654297,0.0009734183549880981,-3.84874026119709,0
2,1495,-0.38598530818313037,1,82.26012420654297,0.0009734183549880981,-1.2172120372313198,1
2,1496,-0.45053863525390625,0,24.982450485229492,0.0006808072328567533,-1.4007535125017165,0
2,1496,0.0019737210999011268,1,24.982450485229492,0.0006808072328567533,0.7042712002058982,1
2,1497,0.11592864990234375,0,38.30718994140625,0.09977425932884218,-0.5382774693965912,0
2,1497,-0.04657364184546253,1,38.30718994140625,0.09977425932884218,0.3367179471077962,1
2,1498,0.7620964050292969,0,93.36470794677734,0.0002257049083709689,-0.34311037707328806,0
2,1498,-0.7450400722173072,1,93.36470794677734,0.0002257049083709689,-2.1573833315664963,1
2,1499,1.1708564758300781,1,133.62503051757812,2.9802322387695312e-08,0.8692123401165011,0
2,1500,1.3208503723144531,1,155.09414672851562,0.011030989885330203,0.7393765704631807,0
2,1501,1.6298828125,1,166.5420379638672,0.02533375471830368,1.127911515533924,0
2,1502,1.3776283264160156,1,163.28428649902344,0.03611222952604294,0.6881264336705208,0
2,1503,-1.5847854614257812,1,153.37753295898438,0.0002525150775909424,-5.037131682634353,0
2,1504,-1.312103271484375,1,138.33236694335938,0.09999268949031831,-4.19485358941555,0
2,1505,-1.3504142761230469,1,110.12267303466797,0.028234286606311797,-4.304411384403706,0
2,1506,-0.9732398986816406,0,87.06664276123047,0.07175839692354202,-3.690682988464832,0
2,1506,0.06457503824513822,1,87.06664276123047,0.07175839692354202,-0.41505311461127475,1
2,1507,-0.753265380859375,0,66.162109375,0.09021337330341339,-2.8333814841508866,0
2,1507,0.24453224503736237,1,66.162109375,0.09021337330341339,0.3622137676425884,1
2,1508,-0.5592689514160156,0,47.088619232177734,0.04011328233173117,-2.061914818768855,0
2,1508,0.3737099730775384,1,47.088619232177734,0.04011328233173117,1.004043030218253,1
2,1509,-0.35605621337890625,0,25.989530563354492,0.05010008203098551,-1.2339070413061417,0
2,1509,2.6797213858576825,1,25.989530563354492,0.05010008203098551,6.037648157167035,1
2,1510,-0.14121246337890625,0,4.665374755859375,0.09999994933605194,-0.3797324198484421,0
2,1510,0.09198369869913137,1,4.665374755859375,0.09999994933605194,1.2866599043076332,1
2,1511,0.06694412231445312,0,18.077850341796875,3.5762786863846596e-08,-0.22766876363754274,0
2,1511,2.1978988093837373,1,18.077850341796875,3.5762786863846596e-08,5.234240610501025,1
2,1512,0.3947639465332031,0,46.386714935302734,1.172423362731656e-05,-0.13820687460899356,0
2,1512,-0.14401965312187315,1,46.386714935302734,1.172423362731656e-05,-0.01577407391914616,1
2,1513,0.4748268127441406,0,62.67928695678711,1.172423362731656e-05,-0.30393258261680595,0
2,1513,-0.8225722247080327,1,62.67928695678711,1.172423362731656e-05,-1.6987306575211525,1
2,1514,0.8555030822753906,0,109.55809783935547,0.07224436700344086,-0.4830455669164656,0
2,1514,-0.6737279509164935,1,109.55809783935547,0.07224436700344086,-2.3415076333002336,1
2,1515,1.4752426147460938,1,175.18995666503906,0.07224436700344086,0.6437963215112686,0
2,1516,1.7903785705566406,1,211.53257751464844,0.03484751582145691,0.5487116901874538,0
2,1517,2.0958480834960938,1,200.91627502441406,0.03484751582145691,1.3719767658710476,0
2,1518,-1.8411445617675781,1,169.9294891357422,0.09510460793972016,-5.884683090567589,0
2,1519,-1.6477890014648438,1,130.13076782226562,0.09486052691936493,-4.701987780451774,0
2,1520,-0.9706077575683594,1,88.47045135498047,0.00024400949478149692,-3.1106343026161194,0
2,1521,-0.6007232666015625,0,37.26959228515625,0.09978313148021699,-1.9508297041654588,0
2,1521,4.254062525993504,1,37.26959228515625,0.09978313148021699,8.958741881024674,1
2,1522,-0.1094512939453125,0,9.685516357421875,0.038512907922267914,-0.4141534313559532,0
2,1522,-0.1443603855735276,1,9.685516357421875,0.038512907922267914,0.7160283853876166,1
2,1523,0.32817840576171875,1,51.849361419677734,0.06126722544431687,0.8169188941121104,0
2,1524,0.745330810546875,1,91.27043914794922,0.09999333322048187,0.8612531048059464,0
2,1525,1.0775108337402344,1,119.75859832763672,0.09999610781669618,0.9558498566150668,0
2,1526,1.4546890258789062,1,141.59774780273438,0.00432345867156983,1.2772501573562625,0
2,1527,1.3284416198730469,1,150.0701904296875,0.09567612707614899,0.8516523860692979,0
2,1528,-0.812042236328125,1,145.19882202148438,0.09999988079071045,-3.332060908317566,0
2,1529,-1.3930778503417969,1,134.09805297851562,4.082918167114258e-06,-4.268116923570632,0
2,1530,-1.1497001647949219,1,121.6010971069336,0.09999591708183289,-3.5354221084117885,0
2,1531,-1.102508544921875,1,100.1472396850586,0.0999997764825821,-3.611961874604225,0
2,1532,-0.8504104614257812,0,72.91412353515625,0.0999997764825821,-3.163103384613991,0
2,1532,0.25427744556984777,1,72.91412353515625,0.0999997764825821,0.24627242937726743,1
2,1533,-0.614013671875,0,36.815643310546875,0.09999938011169435,-1.9683401851654052,0
2,1533,0.5850231877719096,1,36.815643310546875,0.09999938011169435,1.6297335341284143,1
2,1534,-0.08346176147460938,0,14.034270286560059,6.169080734239052e-07,-0.44760895335674283,0
2,1534,0.025126868488335674,1,14.034270286560059,6.169080734239052e-07,0.9695683065691472,1
2,1535,0.580078125,0,94.38323211669922,0.026525405049324033,-0.7285694085359574,0
2,1535,-0.9033121294909137,1,94.38323211669922,0.026525405049324033,-2.495349917517785,1
2,1536,1.5460472106933594,1,194.82420349121094,0.02649182975292206,0.3945506783723831,0
2,1537,2.4911422729492188,1,244.78529357910156,3.357827663421492e-05,1.2865773311853403,0
2,1538,1.186920166015625,1,252.38035583496094,0.08266626000404359,-1.47707343506813,0
2,1539,-2.4606666564941406,1,235.87416076660156,0.08256601095199585,-9.042119168758392,0
2,1540,-2.254650115966797,0,177.49021911621094,0.0623161405324936,-8.061597259879113,0
2,1540,0.5578163553072031,1,177.49021911621094,0.0623161405324936,-1.2366643173311123,1
2,1541,-1.5518798828125,0,108.57772064208984,0.037579742074012754,-5.276817368149757,0
2,1541,1.2807660562015286,1,108.57772064208984,0.037579742074012754,1.5884745098783002,1
2,1542,-0.6820449829101562,0,49.67879867553711,0.022774797677993775,-2.3585769312381744,0
2,1542,0.21076821166526827,1,49.67879867553711,0.022774797677993775,0.6270494579126747,1
2,1543,-0.16882705688476562,0,4.871368408203125,0.0227786660194397,-0.4359926285743713,0
2,1543,0.34466814129496726,1,4.871368408203125,0.0227786660194397,1.7909977677850946,1
2,1544,0.45208740234375,0,69.7174072265625,0.09930684864521028,-0.4941456137895584,0
2,1544,0.21444770475359576,1,69.7174072265625,0.09930684864521028,0.2305749910301333,1
2,1545,0.8677635192871094,0,115.41747283935547,0.01083076000213623,-0.573255648612976,0
2,1545,0.39411707298963705,1,115.41747283935547,0.01083076000213623,-0.3205485412079204,1
2,1546,1.3860816955566406,1,154.0679931640625,0.005360436439514164,0.8905891103744509,0
2,1547,1.8622360229492188,1,178.28367614746094,0.006163445115089414,1.3585519851446144,0
2,1548,1.8224220275878906,1,183.74632263183594,8.553266525254677e-07,1.1699175683259955,0
2,1549,0.8833465576171875,1,180.35887145996094,2.1010637283325195e-06,-0.6404843980073929,0
2,1550,-1.9343414306640625,1,170.6924285888672,2.7656555175795128e-06,-6.08253154373169,0
2,1551,-1.6310157775878906,1,155.50994873046875,0.09999957382678987,-5.776230512738228,0
2,1552,-1.5731849670410156,0,132.91549682617188,0.09915566742420198,-5.808646097302437,0
2,1552,-0.8712013861408394,1,132.91549682617188,0.09915566742420198,-3.204678935502084,1
2,1553,-1.2133102416992188,0,109.84420013427734,0.0008441269397735582,-4.623538251161575,0
2,1553,0.15320687106640918,1,109.84420013427734,0.0008441269397735582,-0.6905040256303193,1
2,1554,-0.8511428833007812,0,79.51736450195312,0.06736349761486055,-3.2953275965452193,0
2,1554,-0.17555348129081239,1,79.51736450195312,0.06736349761486055,-0.7441487925252818,1
2,1555,-0.5195884704589844,0,19.329071044921875,0.032636383175849916,-1.4270638171434402,0
2,1555,0.13423384025983864,1,19.329071044921875,0.032636383175849916,1.0805808042942058,1
2,1556,0.5172195434570312,0,113.8801498413086,0.0011763244867324801,-1.2432109628915786,0
2,1556,-1.2986254722075472,1,113.8801498413086,0.0011763244867324801,-3.674900994220735,1
2,1557,1.6600494384765625,0,234.2605438232422,0.0011763781309127794,-1.365159054636955,0
2,1557,-1.9374227049914268,1,234.2605438232422,0.0011763781309127794,-7.360103341572933,1
2,1558,2.8352737426757812,1,312.3435974121094,0.09999993443489075,0.6196755397319786,0
2,1559,2.9347267150878906,1,327.9876403808594,0.1,0.5057006225585927,0
2,1560,-3.1983184814453125,1,309.66949462890625,0.07485357820987702,-11.993020998597146,0
2,1561,-2.6357994079589844,0,278.25927734375,0.07485357820987702,-10.839778505921364,0
2,1561,0.4214262565251161,1,278.25927734375,0.07485357820987702,-3.5253271769531627,1
2,1562,-2.8054122924804688,0,235.00059509277344,0.0,-10.310836486816406,0
2,1562,0.6937285901957679,1,235.00059509277344,0.0,-2.1125547214639324,1
2,1563,-2.1268768310546875,0,193.9925994873047,0.09968454241752625,-8.13759303355217,0
2,1563,0.46965702482017946,1,193.9925994873047,0.09968454241752625,-1.744525321802436,1
2,1564,-1.5483741760253906,0,149.25765991210938,0.09968454241752625,-6.08588893198967,0
2,1564,1.6873722729253728,1,149.25765991210938,0.09968454241752625,1.5856039659118573,1
2,1565,-0.9796333312988281,0,40.97365951538086,2.980232241545089e-09,-2.7787398530244825,0
2,1565,1.8844718336281332,1,40.97365951538086,2.980232241545089e-09,4.149470476829439,1
2,1566,0.08926773071289062,0,50.415035247802734,0.0999999910593033,-0.8337652431726454,0
2,1566,-0.9455508135618729,1,50.415035247802734,0.0999999910593033,-1.7034023317221723,1
2,1567,1.0038795471191406,0,136.474609375,5.960464476151284e-09,-0.7217330935001374,0
2,1567,-1.3182124755096822,1,136.474609375,5.960464476151284e-09,-4.1659171387577825,1
2,1568,1.5073928833007812,0,188.34303283691406,0.00026769936084747314,-0.7520855981111528,0
2,1568,-0.8502272150491308,1,188.34303283691406,0.00026769936084747314,-4.2673257948109775,1
2,1569,2.3175315856933594,0,223.54124450683594,6.583333015439119e-06,0.16423801791667966,0
2,1569,-2.2691619858826044,1,223.54124450683594,6.583333015439119e-06,-7.809149125235248,1
2,1570,2.28399658203125,0,231.06382751464844,0.09959977269172668,-0.05726737713813753,0
2,1570,-0.7057222799000655,1,231.06382751464844,0.09959977269172668,-4.836705101000768,1
2,1571,2.5447731018066406,1,229.1374053955078,0.00013910830020904402,1.7067925313711163,0
2,1572,2.008312225341797,1,218.3189239501953,3.015100955962996e-05,0.8502447656393047,0
2,1573,1.2776756286621094,1,205.00563049316406,5.356669425964078e-05,-0.3447634952068324,0
2,1574,-1.9706573486328125,1,188.3506622314453,0.06964086145162583,-6.511113576352597,0
2,1575,-1.7379341125488281,1,161.15187072753906,0.030085413157939913,-6.100109056174755,0
2,1576,-1.4475173950195312,0,131.2255859375,0.00019000470638275146,-5.519554108977318,0
2,1576,1.6849677123964142,1,131.2255859375,0.00019000470638275146,1.9454161058545731,1
2,1577,-1.1446952819824219,0,98.83116912841797,2.6822090146150224e-08,-4.266013947606087,0
2,1577,0.605603841480999,1,98.83116912841797,2.6822090146150224e-08,0.4345842993207551,1
2,1578,-0.746185302734375,0,46.394344329833984,0.09999997317790986,-2.424257490992546,0
2,1578,1.8471985858860052,1,46.394344329833984,0.09999997317790986,3.9625102862482136,1
2,1579,0.04131317138671875,0,50.201412200927734,0.0,-0.9214019012451171,0
2,1579,0.044291908977420746,1,50.201412200927734,0.0,0.28455557393628683,1
2,1580,1.1178436279296875,0,151.24130249023438,0.003928104043006898,-0.7892959181070328,0
2,1580,-0.3698864059323128,1,151.24130249023438,0.003928104043006898,-2.564755985831033,1
2,1581,1.5760726928710938,1,187.80897521972656,0.003927907347679137,0.5958087650537491,0
2,1582,2.0364646911621094,1,182.6400604248047,1.9669532776156462e-07,1.620128165960311,0
2,1583,1.6249618530273438,1,177.3452606201172,2.980232241545089e-09,0.9030184935331345,0
2,1584,0.4321479797363281,1,163.04014587402344,2.980232234606195e-09,-1.1965069581270218,0
2,1585,-1.6674957275390625,1,139.6942138671875,0.09999999403953552,-4.932875732183456,0
2,1586,-1.2261161804199219,1,107.39134979248047,0.08794828653335572,-3.403577288150787,0
2,1587,-0.7985000610351562,1,73.74191284179688,0.012051713466644284,-1.8723204474449158,0
2,1588,-0.5112533569335938,1,31.906126022338867,3.699958324432373e-05,-0.46063071429729463,0
2,1589,0.020328521728515625,1,27.938840866088867,3.699958324432373e-05,0.6818787461519241,0
2,1590,0.5340690612792969,1,73.49014282226562,0.09999490380287171,0.7943354699611666,0
2,1591,0.8456192016601562,1,107.92159271240234,0.08853923678398133,0.7292649796009066,0
2,1592,1.3642807006835938,1,136.29531860351562,0.011311361193656916,1.202202574849129,0
2,1593,1.4778175354003906,1,152.87399291992188,0.09984633922576905,1.0941613588333132,0
2,1594,-0.3176918029785156,1,148.6053466796875,9.354948997494783e-06,-2.407490913748741,0
2,1595,-1.3018302917480469,1,140.3961181640625,5.432963371278243e-06,-4.211583164095878,0
2,1596,-1.3261184692382812,1,125.90026092529297,4.452466964725843e-06,-3.9702423350811,0
2,1597,-1.3002700805664062,1,110.7673568725586,0.09728236496448517,-4.219778593182564,0
2,1598,-1.0116004943847656,0,92.94890594482422,0.08735315203666688,-3.885673233747482,0
2,1598,-0.09613521700016747,1,92.94890594482422,0.08735315203666688,-0.8547426789782862,1
2,1599,-0.7508583068847656,0,75.50811767578125,0.009739753603935239,-3.0122685574293135,0
2,1599,0.3925905724102421,1,75.50811767578125,0.009739753603935239,0.47462920116070195,1
2,1600,-0.6348114013671875,0,54.115291595458984,0.0043704420328140245,-2.3521034523248674,0
2,1600,1.0101582806037541,1,54.115291595458984,0.0043704420328140245,2.137835911617016,1
2,1601,-0.4241523742675781,0,4.24957275390625,0.004560720920562748,-0.9334786324501038,0
2,1601,0.1719038477839021,1,4.24957275390625,0.004560720920562748,1.4586338116528568,1
2,1602,0.5952339172363281,0,117.3438949584961,1.6093254089077913e-07,-1.156410071134567,0
2,1602,-1.2694610621700733,1,117.3438949584961,1.6093254089077913e-07,-3.68580002994737,1
2,1603,1.8020095825195312,0,223.27040100097656,0.1,-0.8653888549804685,0
2,1603,-0.8720341368007709,1,223.27040100097656,0.1,-5.013476293621072,1
2,1604,2.903026580810547,1,288.8450622558594,5.960464476151284e-09,1.229151916265487,0
2,1605,1.72100830078125,1,303.3332824707031,0.09999751150608063,-1.4286489483118063,0
2,1606,-2.9375381469726562,1,282.5927734375,0.0789968878030777,-10.930091638207436,0
2,1607,-2.6384849548339844,0,250.74766540527344,0.0021623253822326653,-10.292009710788726,0
2,1607,0.4305260100029642,1,250.74766540527344,0.0021623253822326653,-2.9539877811148294,1
2,1608,-2.382457733154297,0,223.02626037597656,0.018838304281234744,-9.226194205999374,0
2,1608,1.2326570703698536,1,223.02626037597656,0.018838304281234744,-0.795964598951073,1
2,1609,-1.9522933959960938,0,170.36817932128906,8.940696717696373e-09,-7.311950378775596,0
2,1609,-0.7015785062435356,1,170.36817932128906,8.940696717696373e-09,-3.6105205992704805,1
2,1610,-1.3550605773925781,0,101.6120834350586,0.00042117834091186246,-4.742379670619965,0
2,1610,0.1586704727553041,1,101.6120834350586,0.00042117834091186246,-0.5149175703242,1
2,1611,-0.5161247253417969,0,13.046263694763184,0.09943049848079683,-1.2971519445180892,0
2,1611,0.3521851117994004,1,13.046263694763184,0.09943049848079683,1.6394677297643054,1
2,1612,0.2895050048828125,0,63.438411712646484,0.0019817233085632283,-0.6898374934196472,0
2,1612,-0.4718700786295358,1,63.438411712646484,0.0019817233085632283,-1.0125876604443438,1
2,1613,1.0439186096191406,0,134.59014892578125,0.0021300375461578355,-0.6040509607791901,0
2,1613,-1.3024724277197492,1,134.59014892578125,0.0021300375461578355,-4.09683303545697,1
2,1614,1.6385383605957031,0,183.5136260986328,0.09834810793399812,-0.3971297250986101,0
2,1614,0.2581091891625249,1,183.5136260986328,0.09834810793399812,-1.9579880679649664,1
2,1615,1.9875602722167969,0,208.60289001464844,0.001651853322982788,-0.19700332999229403,0
2,1615,1.146150341396229,1,208.60289001464844,0.001651853322982788,-0.6798231916334294,1
2,1616,2.152568817138672,0,218.44862365722656,0.09902502000331878,-0.06779583966731997,0
2,1616,0.2572652251112473,1,218.44862365722656,0.09902502000331878,-2.658403023722169,1
2,1617,2.176483154296875,1,214.06553649902344,0.08909852504730226,1.2680916376113887,0
2,1618,2.050739288330078,1,199.9282684326172,0.09007346332073213,1.2993102694749823,0
2,1619,0.19618606567382812,1,192.12721252441406,0.09999746680259705,-2.254172017812729,0
2,1620,-1.8053932189941406,1,171.8101348876953,0.09999704360961914,-5.850989017486572,0
2,1621,-1.6232528686523438,1,152.07672119140625,5.465745925900545e-06,-5.68804037976265,0
2,1622,-1.3535423278808594,0,121.82616424560547,0.09999410808086395,-5.147607704997062,0
2,1622,0.18866366560649084,1,121.82616424560547,0.09999410808086395,-0.8631957180223622,1
2,1623,-1.0621986389160156,0,94.45189666748047,0.027046580612659455,-4.014517074406147,0
2,1623,-0.270125550352347,1,94.45189666748047,0.027046580612659455,-1.2303708972788099,1
2,1624,-0.7489662170410156,0,73.38333129882812,0.06895013898611069,-2.9683570656180382,0
2,1624,0.19961412650633292,1,73.38333129882812,0.06895013898611069,0.12880362147665889,1
2,1625,-0.5879440307617188,0,33.26416015625,0.09599671959877015,-1.8450111334323882,0
2,1625,2.013644050188539,1,33.26416015625,0.09599671959877015,4.558165028468126,1
2,1626,-0.029918670654296875,0,27.130125045776367,0.027185010910034182,-0.6035272426605224,0
2,1626,1.088421813056108,1,27.130125045776367,0.027185010910034182,2.8331537247602876,1
2,1627,0.7407684326171875,0,116.03545379638672,0.000933700799942018,-0.839209558725357,0
2,1627,-0.12409244480727466,1,116.03545379638672,0.000933700799942018,-1.3689313135742813,1
2,1628,1.718597412109375,0,212.14674377441406,0.0737483322620392,-0.8086899845600125,0
2,1628,-1.131201130194171,1,212.14674377441406,0.0737483322620392,-5.308287069167104,1
2,1629,2.490589141845703,1,271.9688415527344,3.5464763641079866e-07,0.7418014384508126,0
2,1630,2.8477783203125,1,288.93280029296875,0.09999980032444,1.1129006427526467,0
2,1631,-2.2240028381347656,1,279.144287109375,0.006854769587516782,-9.431165609240532,0
2,1632,-2.7577438354492188,0,265.5677795410156,0.09314259588718415,-10.830568965554237,0
2,1632,0.6917992648095677,1,265.5677795410156,0.09314259588718415,-2.7314827650366644,1
2,1633,-2.393566131591797,0,216.09877014160156,2.130866050720215e-06,-9.109107751250267,0
2,1633,1.8353671925198256,1,216.09877014160156,2.130866050720215e-06,0.5487588969729775,1
2,1634,-1.8394966125488281,0,152.95028686523438,4.568696022035079e-06,-6.737999145150185,0
2,1634,0.2574981925135944,1,152.95028686523438,4.568696022035079e-06,-1.3440095350253394,1
2,1635,-1.0025558471679688,0,79.315185546875,1.1995434761047363e-05,-3.5914158850908278,0
2,1635,0.5054493258962722,1,79.315185546875,1.1995434761047363e-05,0.6245944610376541,1
2,1636,-0.3494071960449219,0,2.445220947265625,6.121397018429842e-06,-0.7477190558910369,0
2,1636,-0.17455898147188975,1,2.445220947265625,6.121397018429842e-06,0.8019773732550273,1
2,1637,0.3134956359863281,0,57.49129867553711,0.09999412596225739,-0.5268344665765762,0
2,1637,-0.7849243991335939,1,57.49129867553711,0.09999412596225739,-1.5236745368164202,1
2,1638,0.9338569641113281,0,122.03978729248047,0.09999833405017854,-0.5770817509889601,0
2,1638,-0.30269679685948603,1,122.03978729248047,0.09999833405017854,-1.8501892729305884,1
2,1639,1.540679931640625,0,175.20140075683594,0.08708400130271912,-0.42615151190757766,0
2,1639,-0.09945033610411969,1,175.20140075683594,0.08708400130271912,-2.5064120473970672,1
2,1640,1.9060287475585938,0,199.97023010253906,0.08708566725254059,-0.19083053362369554,0
2,1640,0.6914254658095444,1,199.97023010253906,0.08708566725254059,-1.420037097121794,1
2,1641,2.052165985107422,1,208.5838165283203,0.018306410312652587,1.131923383235931,0
2,1642,2.3185081481933594,1,210.9184112548828,0.011119812726974487,1.6182032787799832,0
2,1643,1.7395095825195312,1,203.72389221191406,0.007186597585678099,0.6042538568973537,0
2,1644,-1.9527473449707031,1,187.36265563964844,1.7881393435392745e-08,-6.452747803449631,0
2,1645,-1.7554397583007812,1,163.0325164794922,0.09999839961528778,-6.175529782176018,0
2,1646,-1.3034629821777344,0,130.80978393554688,0.09997920393943788,-5.227120811223984,0
2,1646,-0.0023546150928765996,1,130.80978393554688,0.09997920393943788,-1.4249040770542682,1
2,1647,-1.240875244140625,0,98.9417953491211,0.09997409880161287,-4.464585359215736,0
2,1647,1.2730669589441561,1,98.9417953491211,0.09997409880161287,1.7632990469538259,1
2,1648,-0.8564071655273438,0,72.540283203125,0.00040849745273590504,-3.1636363350152967,0
2,1648,1.0597053811439068,1,72.540283203125,0.00040849745273590504,1.8685887583272043,1
2,1649,-0.5311508178710938,0,38.669586181640625,0.0004151850938797011,-1.835709966778755,0
2,1649,0.6450994389130926,1,38.669586181640625,0.0004151850938797011,1.7167905467896178,1
2,1650,-0.2123260498046875,0,2.277374267578125,0.1,-0.4741995849609375,0
2,1650,-0.6302680239021399,1,2.277374267578125,0.1,-0.1100835331558423,1
2,1651,0.8729057312011719,0,147.71652221679688,0.0,-1.2085189819335938,0
2,1651,-1.2635460356091528,1,147.71652221679688,0.0,-4.281422515554243,1
2,1652,2.230823516845703,1,272.7165222167969,0.0,0.20731658935546804,0
2,1653,3.0756912231445312,1,324.3026428222656,0.0,0.865329589843749,0
2,1654,0.572418212890625,1,317.19207763671875,0.0,-3.999005126953125,0
2,1655,-3.0002593994140625,1,284.5420837402344,0.0,-11.091360473632813,0
2,1656,-2.900421142578125,0,245.0218048095703,0.09967830777168274,-10.705265513658523,0
2,1656,0.09150466939552615,1,245.0218048095703,0.09967830777168274,-3.5214138897112206,1
2,1657,-2.2252120971679688,0,200.5538787841797,0.09967830777168274,-8.465488902330398,0
2,1657,0.6638570872343337,1,200.5538787841797,0.09967830777168274,-1.4873505335257933,1
2,1658,-1.5308761596679688,0,142.4102783203125,0.09999983906745911,-5.913957879304886,0
2,1658,2.113838612291687,1,142.4102783203125,0.09999983906745911,2.575471664614425,1
2,1659,-0.9089736938476562,0,35.831451416015625,0.09999705255031587,-2.5385762981176376,0
2,1659,1.2887180383278292,1,35.831451416015625,0.09999705255031587,3.0568071662333334,1
2,1660,0.10271835327148438,0,45.70388412475586,0.09999719560146332,-0.7126408637762071,0
2,1660,0.3426106448921473,1,45.70388412475586,0.09999719560146332,0.967143719465119,1
2,1661,0.835540771484375,0,112.29705047607422,1.2308359146062653e-06,-0.5748595157861708,0
2,1661,1.3914264507841239,1,112.29705047607422,1.2308359146062653e-06,1.736911842813327,1
2,1662,1.2554893493652344,0,156.99386596679688,1.1488795280456543e-05,-0.62889908015728,0
2,1662,0.1715186750168698,1,156.99386596679688,1.1488795280456543e-05,-1.5968404288540092,1
2,1663,1.70751953125,0,179.77903747558594,0.02455476820468903,-0.18152387773990647,0
2,1663,-1.0196064359575985,1,179.77903747558594,0.02455476820468903,-4.435775812155104,1
2,1664,2.104747772216797,0,197.3342742919922,0.07002172768115998,0.2600091894865034,0
2,1664,0.796075531295422,1,197.3342742919922,0.07002172768115998,-1.157335292356246,1
2,1665,1.7867622375488281,1,199.0432586669922,0.0945892333984375,0.7888757324218741,0
2,1666,2.2372512817382812,1,205.20018005371094,0.1,1.5664989624023433,0
2,1667,1.3602638244628906,1,198.6961212158203,0.1,-0.057394775390624986,0
2,1668,-2.0172576904296875,1,173.66407775878906,0.0,-6.307796936035157,0
2,1669,-1.4924850463867188,1,156.9061279296875,0.09999999403953552,-5.527092651128769,0
2,1670,-1.3998832702636719,0,127.13622283935547,3.457069397000412e-07,-5.34249101114273,0
2,1670,1.4775405142302631,1,127.13622283935547,3.457069397000412e-07,1.6123565578451395,1
2,1671,-1.1376762390136719,0,103.2142562866211,0.009461629390716549,-4.340016068935394,0
2,1671,-0.7001696759785077,1,103.2142562866211,0.009461629390716549,-2.2650029428650655,1
2,1672,-0.9111328125,0,80.11245727539062,0.009437009692192078,-3.4248922508955,0
2,1672,1.5498728851788925,1,80.11245727539062,0.009437009692192078,2.697119144462285,1
2,1673,-0.6492424011230469,0,52.352901458740234,0.09997502565383912,-2.349541832447052,0
2,1673,-0.11181495180819923,1,52.352901458740234,0.09997502565383912,-0.07468693381735668,1
2,1674,-0.3382453918457031,0,21.488187789916992,0.09957801401615143,-1.110237660050392,0
2,1674,0.7505494185569361,1,21.488187789916992,0.09957801401615143,2.2673519607548864,1
2,1675,0.30753326416015625,0,75.72555541992188,0.0004219770431518541,-0.8994614591598511,0
2,1675,-0.0812746895417007,1,75.72555541992188,0.0004219770431518541,-0.47707736656356503,1
2,1676,1.220245361328125,0,179.4662322998047,5.960464476151284e-09,-1.1488339235782625,0
2,1676,-1.6997131062466124,1,179.4662322998047,5.960464476151284e-09,-5.788750858727737,1
2,1677,2.6419754028320312,1,276.641845703125,0.0,0.9511138916015618,0
2,1678,2.9087791442871094,1,293.0259704589844,0.0,1.1570388793945305,0
2,1679,-0.3646583557128906,1,264.801025390625,3.427267074584961e-07,-4.82533723294735,0
2,1680,-2.2415771484375,1,237.18260192871094,3.427267074584961e-07,-8.626806349158286,0
2,1681,-2.4815139770507812,0,210.7772674560547,0.0,-9.178573303222656,0
2,1681,-0.661918188937058,1,210.7772674560547,0.0,-4.339381726995209,1
2,1682,-1.8490829467773438,0,159.1339111328125,0.0,-6.8808441162109375,0
2,1682,2.188534543996532,1,159.1339111328125,0.0,2.3943908653368133,1
2,1683,-1.1104049682617188,0,95.44371795654297,0.03668825477361679,-4.131151825845241,0
2,1683,1.6585962366482647,1,95.44371795654297,0.03668825477361679,2.6068505839747256,1
2,1684,-0.5581169128417969,0,24.513242721557617,0.06315142363309861,-1.60902473706007,0
2,1684,1.1464586904859502,1,24.513242721557617,0.06315142363309861,3.000126469595424,1
2,1685,0.22884368896484375,0,54.96596908569336,0.09980076849460602,-0.6456240345239639,0
2,1685,1.1098562538844803,1,54.96596908569336,0.09980076849460602,2.3164010953153094,1
2,1686,0.7554206848144531,0,105.4115219116211,0.0999610811471939,-0.6013875118494032,0
2,1686,-0.40674162050885343,1,105.4115219116211,0.0999610811471939,-1.7257121224960164,1
2,1687,1.3501701354980469,0,154.09088134765625,0.001522001624107358,-0.38153823602199555,0
2,1687,0.9612050067824214,1,154.09088134765625,0.001522001624107358,0.04053150654675364,1
2,1688,1.846160888671875,0,176.05970764160156,0.0984779715538025,0.1671885056495665,0
2,1688,1.2124432137797427,1,176.05970764160156,0.0984779715538025,0.09975315586530213,1
2,1689,1.8002662658691406,1,181.4803924560547,0.0999999761581421,1.1669246835708609,0
2,1690,1.8037681579589844,1,180.63734436035156,5.960464476151284e-09,1.194789428472518,0
2,1691,1.8252754211425781,1,180.78993225097656,0.09999999701976776,1.2307521973848334,0
2,1692,-1.3244972229003906,1,168.33494567871094,0.09977322816848755,-4.81968428850174,0
2,1693,-1.6500816345214844,1,160.3851318359375,0.0997732162475586,-5.311856834411621,0
2,1694,-1.5085525512695312,1,140.40756225585938,3.337860107407997e-07,-5.225256361007691,0
2,1695,-1.2303962707519531,0,108.55864715576172,0.09995748400688173,-4.635963783979416,0
2,1695,0.31610513080006797,1,108.55864715576172,0.09995748400688173,-0.3429609808753734,1
2,1696,-0.911163330078125,0,78.277587890625,4.1711330413814196e-05,-3.3878800864219665,0
2,1696,2.4705076269778985,1,78.277587890625,4.1711330413814196e-05,4.57546182769008,1
2,1697,-0.6549072265625,0,54.59212875366211,0.09985810816287995,-2.405651352524757,0
2,1697,-0.03257423416583549,1,54.59212875366211,0.09985810816287995,0.03901463226857166,1
2,1698,-0.3914642333984375,0,19.580841064453125,0.09985856413841249,-1.178539630651474,0
2,1698,2.0923412930371725,1,19.580841064453125,0.09985856413841249,4.989071422219745,1
2,1699,0.16043853759765625,0,42.30880355834961,0.09986773729324341,-0.5292937054634095,0
2,1699,1.0277241126421472,1,42.30880355834961,0.09986773729324341,2.4052774446255727,1
2,1700,0.6984519958496094,0,97.93090057373047,0.09986773729324341,-0.5657087292671205,0
2,1700,-0.0871435890522747,1,97.93090057373047,0.09986773729324341,-0.9368998990708887,1
2,1701,1.4103851318359375,0,171.92457580566406,0.00018157362937927524,-0.6177285153865816,0
2,1701,-1.4306104109038245,1,171.92457580566406,0.00018157362937927524,-5.099719600866106,1
2,1702,2.0131454467773438,1,226.4327850341797,0.0004602968692779541,0.6976167809963222,0
2,1703,2.5677032470703125,1,272.857666015625,0.0006417453289032024,0.8782275040149682,0
2,1704,-0.7039756774902344,1,272.95684814453125,0.09998942315578462,-5.671087894797325,0
2,1705,-2.612194061279297,1,246.07847595214844,1.0451674461363358e-05,-9.545958059668541,0
2,1706,-2.1792068481445312,0,194.9691619873047,0.0,-8.257796936035156,0
2,1706,-0.6289826502891884,1,194.9691619873047,0.0,-3.957348540324471,1
2,1707,-1.5262260437011719,0,145.83587646484375,0.0,-5.969169616699219,0
2,1707,1.1571314838376452,1,145.83587646484375,0.0,0.5975454383784156,1
2,1708,-1.0183601379394531,0,51.23519515991211,0.09991827309131623,-3.065420910000801,0
2,1708,3.6825365567611072,1,51.23519515991211,0.09991827309131623,7.536372479400319,1
2,1709,-0.10938644409179688,0,21.751401901245117,8.172690868377824e-05,-0.6538041952848435,0
2,1709,0.18162816794977488,1,21.751401901245117,8.172690868377824e-05,1.1282250287983,1
2,1710,0.5099220275878906,0,81.45903778076172,0.09809610247612,-0.613260544538498,0
2,1710,-0.9019481359406356,1,81.45903778076172,0.09809610247612,-2.2370008715955505,1
2,1711,1.2352867126464844,0,135.97488403320312,0.0018975138664245605,-0.24900015592575073,0
2,1711,-0.4851383729269543,1,135.97488403320312,0.0018975138664245605,-2.4898503270726278,1
2,1712,1.5851821899414062,0,172.22975158691406,0.00020406842231750905,-0.2742388145923616,0
2,1712,0.16237057180816805,1,172.22975158691406,0.00020406842231750905,-1.919862050858838,1
2,1713,1.6126594543457031,1,182.74305725097656,0.002512016892433161,0.7703572829961777,0
2,1714,2.0339889526367188,1,186.72560119628906,0.09181030094623566,1.5297934693098059,0
2,1715,1.8976974487304688,1,191.2650909423828,0.09429187774658204,1.166321403503417,0
2,1716,-1.4896812438964844,1,183.27711486816406,0.0067373543977737455,-5.445174279332162,0
2,1717,-1.536956787109375,1,160.61782836914062,0.0930213898420334,-5.089990997195244,0
2,1718,-1.4659996032714844,1,135.72311401367188,0.09999963641166687,-5.050461472272874,0
2,1719,-1.2367897033691406,0,112.92266082763672,0.1,-4.736032623291015,0
2,1719,1.2910601291813535,1,112.92266082763672,0.1,1.519667041809973,1
2,1720,-0.8983573913574219,0,89.71404266357422,0.09999989271163941,-3.5949956316947937,0
2,1720,-0.2910985454203825,1,89.71404266357422,0.09999989271163941,-1.180477939820715,1
2,1721,-0.83984375,0,65.12451171875,1.0728836059847868e-07,-2.9821777386665342,0
2,1721,0.5720572598058524,1,65.12451171875,1.0728836059847868e-07,1.0416242809451706,1
2,1722,-0.529449462890625,0,43.617244720458984,0.0,-1.9312438201904296,0
2,1722,1.442217421795739,1,43.617244720458984,0.0,3.2120899491822987,1
2,1723,-0.2858734130859375,0,7.434844493865967,0.013803499937057498,-0.7209958560466766,0
2,1723,0.7003628047577095,1,7.434844493865967,0.013803499937057498,2.4514765796406173,1
2,1724,0.9511260986328125,0,166.29026794433594,0.013803499937057498,-1.4241053016185763,0
2,1724,-0.1685936842851703,1,166.29026794433594,0.013803499937057498,-2.463544867454542,1
2,1725,2.5305442810058594,0,268.7950134277344,0.1,-0.31881170654296875,0
2,1725,0.8395706244229686,1,268.7950134277344,0.1,-2.50075901970875,1
2,1726,2.8654441833496094,1,297.8782653808594,0.1,0.9693230590820305,0
2,1727,1.7277679443359375,1,305.9501647949219,0.09999998807907105,-1.467467406749726,0
2,1728,-2.9795989990234375,1,287.872314453125,0.0010830163955688477,-11.116687607765199,0
2,1729,-2.915660858154297,0,238.55589294433594,0.0010827004909515353,-10.60248288321495,0
2,1729,1.2819692165408583,1,238.55589294433594,0.0010827004909515353,-1.0072227338246398,1
2,1730,-2.1112518310546875,0,150.33340454101562,0.0009679645299911499,-7.229210471510887,0
2,1730,0.4412837864044903,1,150.33340454101562,0.0009679645299911499,-0.9241392365925314,1
2,1731,-0.898529052734375,0,82.72933197021484,0.0009682923555374146,-3.4516834765672684,0
2,1731,-0.19632987608937924,1,82.72933197021484,0.0009682923555374146,-0.847285123277277,1
2,1732,-0.3307647705078125,0,4.0283203125,0.0,-0.742095947265625,0
2,1732,-0.013772137762444459,1,4.0283203125,0.0,1.091889318225111,1
2,1733,0.5394821166992188,0,82.6454086303711,0.09990254640579224,-0.5779400410652161,0
2,1733,-0.6471052543815929,1,82.6454086303711,0.09990254640579224,-1.7511147832268397,1
2,1734,0.994476318359375,0,130.035400390625,0.07575020790100098,-0.6147853794097901,0
2,1734,0.8566672311919206,1,130.035400390625,0.07575020790100098,0.30959644625530125,1
2,1735,1.5283088684082031,0,167.89625549316406,0.0758365124464035,-0.3043408335447313,0
2,1735,-0.27476711625025274,1,167.89625549316406,0.0758365124464035,-2.7104928028616433,1
2,1736,2.0087623596191406,1,190.6547393798828,0.09766676723957063,1.4005232609510414,0
2,1737,1.7359085083007812,1,194.0727081298828,0.015461057424545288,0.7897444117069236,0
2,1738,1.9840545654296875,1,199.0127410888672,0.058180123567581184,1.1855271041393272,0
2,1739,-0.23326492309570312,1,188.08363342285156,0.02403673529624939,-3.029163984060288,0
2,1740,-1.7818450927734375,1,169.9905242919922,2.980232241545089e-09,-5.763500671505929,0
2,1741,-1.5989303588867188,1,150.55084228515625,0.09608798921108247,-5.612721083045006,0
2,1742,-1.3695335388183594,0,123.55803680419922,0.09608790278434753,-5.214071329832077,0
2,1742,0.5917455331144765,1,123.55803680419922,0.09608790278434753,-0.0915131859664049,1
2,1743,-1.0385627746582031,0,89.70641326904297,0.09999985098838807,-3.875253808736801,0
2,1743,1.1797294466292598,1,89.70641326904297,0.09999985098838807,1.761330633838125,1
2,1744,-0.7590103149414062,0,62.24441146850586,0.0962969481945038,-2.76676073718071,0
2,1744,1.1349130801689853,1,62.24441146850586,0.0962969481945038,2.2210860530400733,1
2,1745,-0.4022064208984375,0,16.613006591796875,0.07461255192756652,-1.1396574757099152,0
2,1745,0.5738525532787975,1,16.613006591796875,0.07461255192756652,2.012460472644555,1
2,1746,0.223663330078125,0,55.52291488647461,0.021684449911117558,-0.6639990155696868,0
2,1746,-0.18033109935620217,1,55.52291488647461,0.021684449911117558,-0.2719878744383412,1
2,1747,0.9774322509765625,0,132.293701171875,1.6093254089771802e-07,-0.6910095279216766,0
2,1747,0.21663253446696729,1,132.293701171875,1.6093254089771802e-07,-1.0126089609408668,1
2,1748,1.7371749877929688,0,206.71080017089844,7.808208465562294e-07,-0.6598660590648648,0
2,1748,0.18366982861471826,1,206.71080017089844,7.808208465562294e-07,-2.5668763774213654,1
2,1749,2.4459609985351562,1,274.4178771972656,0.09998131394386292,0.5995652005672448,0
2,1750,2.4343795776367188,1,326.5151672363281,0.09998226165771484,-0.4655434799194346,0
2,1751,-3.3678817749023438,1,339.3706970214844,0.0,-12.923177490234377,0
2,1752,-2.9852867126464844,0,319.1947937011719,3.27825546292404e-08,-12.35446930062771,0
2,1752,0.25882619994423806,1,319.1947937011719,3.27825546292404e-08,-4.666243475446263,1
2,1753,-3.027416229248047,0,233.3297576904297,3.27825546292404e-08,-10.72142761361599,0
2,1753,2.302632893584253,1,233.3297576904297,3.27825546292404e-08,1.1386706320486093,1
2,1754,-1.647613525390625,0,143.0816650390625,0.0,-6.1568603515625,0
2,1754,1.3143623339697683,1,143.0816650390625,0.0,0.9670913671582868,1
2,1755,-0.8593292236328125,0,25.112150192260742,0.09992760419845581,-2.224898555278778,0
2,1755,0.5661702645759448,1,25.112150192260742,0.09992760419845581,1.8261004211387366,1
2,1756,0.3071784973144531,0,70.73974609375,0.09992760419845581,-0.8044350314140319,0
2,1756,-0.6675856012265058,1,70.73974609375,0.09992760419845581,-1.55396322849595,1
2,1757,1.0764083862304688,0,134.62066650390625,0.0,-0.5395965576171875,0
2,1757,-1.3735512452268068,1,134.62066650390625,0.0,-4.2395158205317385,1
2,1758,1.4281692504882812,0,175.9605255126953,0.09437043070793152,-0.6666468265056612,0
2,1758,-0.5355649866956469,1,175.9605255126953,0.09437043070793152,-3.394115300873518,1
2,1759,2.2108116149902344,0,215.74400329589844,0.094370236992836,0.10296835458278684,0
2,1759,0.07734036577673464,1,215.74400329589844,0.094370236992836,-2.9639741438442124,1
2,1760,2.2208023071289062,1,225.9597625732422,0.05874137133359909,1.1200597079396244,0
2,1761,2.2788848876953125,1,227.16139221191406,0.04125735312700272,1.2128916370272633,0
2,1762,2.0023536682128906,1,216.8807830810547,0.09999845623970033,0.8630917365550991,0
2,1763,-0.6960182189941406,1,195.0912322998047,0.09999524950981141,-4.097860893964768,0
2,1764,-1.9875297546386719,1,168.50660705566406,4.28855419158658e-06,-6.1451918219327935,0
2,1765,-1.4096641540527344,1,145.97702026367188,2.086162566999894e-08,-5.1388687142133715,0
2,1766,-1.2789382934570312,0,114.39131927490234,0.09999997913837433,-4.849702971577644,0
2,1766,1.0762531682475966,1,114.39131927490234,0.09999997913837433,1.0606799518316117,1
2,1767,-1.0349998474121094,0,93.68132781982422,0.0693311482667923,-3.9463994971513747,0
2,1767,-0.4169509651106722,1,93.68132781982422,0.0693311482667923,-1.5103017325485006,1
2,1768,-0.8479385375976562,0,63.880916595458984,0.030668845772743227,-2.9747221609354018,0
2,1768,-0.1989457280653042,1,63.880916595458984,0.030668845772743227,-0.4767365418706978,1
2,1769,-0.4614067077636719,0,38.211822509765625,0.0999999910593033,-1.6910498653650283,0
2,1769,0.9827049314506056,1,38.211822509765625,0.0999999910593033,2.3971734130635265,1
2,1770,-0.045757293701171875,0,25.543210983276367,2.980232241545089e-09,-0.6023788071870804,0
2,1770,-0.8625649080150737,1,25.543210983276367,2.980232241545089e-09,-1.0359940358148838,1
2,1771,0.9883155822753906,0,146.61407470703125,0.0,-0.9556503295898438,0
2,1771,-1.5063381231608233,1,146.61407470703125,0.0,-4.744957740462271,1
2,1772,2.146747589111328,0,260.1127624511719,0.007181552052497861,-0.9090473328828812,0
2,1772,-0.05249855938717474,1,260.1127624511719,0.007181552052497861,-4.107539629879887,1
2,1773,2.6260032653808594,1,310.05096435546875,0.007181543111801143,0.250699981927871,0
2,1774,1.8797798156738281,1,315.6280517578125,8.940696717696373e-09,-1.3530014041662224,0
2,1775,-3.043895721435547,1,292.3698425292969,0.0,-11.335188293457032,0
2,1776,-2.9815597534179688,0,252.78089904785156,7.778406143216232e-07,-11.018737518906594,0
2,1776,1.0657226219459872,1,252.78089904785156,7.778406143216232e-07,-1.724172768178681,1
2,1777,-2.1021156311035156,0,217.49876403808594,6.973743438762336e-07,-8.554206570863723,0
2,1777,-0.8408616721994164,1,217.49876403808594,6.973743438762336e-07,-4.831698653055525,1
2,1778,-1.92547607421875,0,164.10826110839844,8.046627044538956e-08,-7.13311737382412,0
2,1778,-0.4140004196555651,1,164.10826110839844,8.046627044538956e-08,-2.91016606469775,1
2,1779,-1.1517066955566406,0,74.72991943359375,2.6822090146150224e-08,-3.79801178085804,0
2,1779,1.190682841709048,1,74.72991943359375,2.6822090146150224e-08,2.0867672936733377,1
2,1780,-0.2565650939941406,0,13.881682395935059,0.09993211925029755,-0.7947611206769943,0
2,1780,-0.4906295699731089,1,13.881682395935059,0.09993211925029755,-0.06289007263493093,1
2,1781,0.594879150390625,0,93.58977508544922,0.09993213415145874,-0.6860344862937928,0
2,1781,-0.7677903021280343,1,93.58977508544922,0.09993213415145874,-2.2113733913311115,1
2,1782,1.2800216674804688,0,153.18679809570312,0.09999301731586457,-0.5076923476457595,0
2,1782,-1.5208542304493804,1,153.18679809570312,0.09999301731586457,-4.909444143505458,1
2,1783,1.9718589782714844,0,197.8378143310547,0.09999302923679353,-0.0170380512475969,0
2,1783,-0.1473510137316154,1,197.8378143310547,0.09999302923679353,-3.0554580352537966,1
2,1784,1.6708297729492188,0,214.7025909423828,6.854534149169922e-07,-0.9523923003673551,0
2,1784,1.303283215081251,1,214.7025909423828,6.854534149169922e-07,-0.4874854161032904,1
2,1785,2.3775558471679688,1,215.70204162597656,0.09997605681419373,1.637071819543838,0
2,1786,2.1349830627441406,1,211.4372100830078,2.3257732391354646e-05,1.241220993518829,0
2,1787,2.082286834716797,1,203.53697204589844,0.0,1.2938342285156246,0
2,1788,-1.6420326232910156,1,186.02369689941406,0.022976332902908327,-5.8054582378864295,0
2,1789,-1.7534904479980469,1,165.83250427246094,0.022976332902908327,-6.224550034761429,0
2,1790,-1.52850341796875,0,141.0675048828125,0.09999914765357971,-5.882356899499893,0
2,1790,0.3127422463043388,1,141.0675048828125,0.09999914765357971,-0.9998655709537154,1
2,1791,-1.3540534973144531,0,106.95647430419922,0.09999914765357971,-4.851236446619033,0
2,1791,0.6143966337657929,1,106.95647430419922,0.09999914765357971,0.28566381554145853,1
2,1792,-0.8134269714355469,0,77.76260375976562,0.0,-3.1821060180664062,0
2,1792,-0.4510278694333607,1,77.76260375976562,0.0,-1.257307814062034,1
2,1793,-0.6172142028808594,0,46.66518783569336,0.09999999403953552,-2.1717321622371673,0
2,1793,0.31608004312462157,1,46.66518783569336,0.09999999403953552,0.8948563297737947,1
2,1794,-0.24225234985351562,0,2.28118896484375,0.008024406433105473,-0.5304494552612304,0
2,1794,0.20994542431118646,1,2.28118896484375,0.008024406433105473,1.573946093068174,1
2,1795,0.2568359375,0,56.610103607177734,0.03464749529957771,-0.6199160969555377,0
2,1795,-0.4184122141745945,1,56.610103607177734,0.03464749529957771,-0.7704124003047268,1
2,1796,1.1856842041015625,0,167.27064514160156,0.035694000869989397,-0.975472254663706,0
2,1796,0.2434531668375044,1,167.27064514160156,0.035694000869989397,-1.659934329191822,1
2,1797,2.3883590698242188,1,286.4646911621094,0.0035134166479110704,0.24728377974033286,0
2,1798,3.5636558532714844,1,338.9815979003906,0.09653549492359162,1.5438183287382115,0
2,1799,-1.5438041687011719,1,316.8525695800781,0.09999998509883881,-8.82865972840786,0
2,1800,-2.9255638122558594,0,272.45330810546875,2.9999017715456877e-05,-11.300194986581802,0
2,1800,-0.21812073499888385,1,272.45330810546875,2.9999017715456877e-05,-4.685308832067851,1
2,1801,-2.511486053466797,0,232.9673614501953,2.9999017715456877e-05,-9.682320535898208,0
2,1801,0.5903432467338945,1,232.9673614501953,2.9999017715456877e-05,-2.2786619354968254,1
2,1802,-2.2816162109375,0,178.89402770996094,0.0,-8.141112976074218,0
2,1802,0.5234241291969965,1,178.89402770996094,0.0,-1.3310322958052256,1
2,1803,-1.2467765808105469,0,106.06002044677734,0.0,-4.6147535705566405,0
2,1803,0.748825713067653,1,106.06002044677734,0.0,0.5764510171997594,1
2,1804,-0.5589942932128906,0,17.726898193359375,0.09999990463256836,-1.4765265464782715,0
2,1804,0.9487300008365054,1,17.726898193359375,0.09999990463256836,2.738922041620521,1
2,1805,0.34612274169921875,0,69.86236572265625,4.2319297790388566e-07,-0.7050018479824066,0
2,1805,-0.44981299370794403,1,69.86236572265625,4.2319297790388566e-07,-1.0968733187967323,1
2,1806,1.0771369934082031,0,135.16998291015625,0.09999927580356599,-0.5531256424188614,0
2,1806,-0.5381084054142704,1,135.16998291015625,0.09999927580356599,-2.583616440063808,1
2,1807,1.6098480224609375,0,178.69566345214844,5.364418029230045e-08,-0.35421722626686114,0
2,1807,0.9872416036261029,1,178.69566345214844,5.364418029230045e-08,-0.39943006393653013,1
2,1808,1.9320793151855469,0,202.45741271972656,0.09999984800815583,-0.18898961794376345,0
2,1808,-0.720287715576525,1,202.45741271972656,0.09999984800815583,-4.293723679467907,1
2,1809,2.0842247009277344,1,211.2350311279297,0.09999992847442628,1.1397487821578975,0
2,1810,2.1073226928710938,1,209.1483917236328,0.011186712980270387,1.23123008275032,0
2,1811,2.050792694091797,1,200.8132781982422,0.0015225499868392958,1.285258922219276,0
2,1812,-0.8033027648925781,1,186.0427703857422,0.048877041041851046,-4.129416019141675,0
2,1813,-1.7353515625,1,163.4445037841797,0.03166297227144242,-5.540859719574452,0
2,1814,-1.3734779357910156,1,142.60101318359375,0.009644377231597896,-4.99936191034317,0
2,1815,-1.3539390563964844,0,108.27635955810547,0.0957569032907486,-4.877235580086708,0
2,1815,-0.6947935643616603,1,108.27635955810547,0.0957569032907486,-2.3589445960170594,1
2,1816,-0.9482498168945312,0,82.7827377319336,0.004086622595787043,-3.552317853331566,0
2,1816,0.48386255835021785,1,82.7827377319336,0.004086622595787043,0.5119068971579325,1
2,1817,-0.6650390625,0,53.26461410522461,5.0991773605374435e-06,-2.3953706110715864,0
2,1817,1.4835864085351105,1,53.26461410522461,5.0991773605374435e-06,3.1018803309986347,1
2,1818,-0.369598388671875,0,20.988462448120117,0.01503896713256836,-1.159567584991455,0
2,1818,0.873856049770275,1,20.988462448120117,0.01503896713256836,2.5273412918928453,1
2,1819,0.0324859619140625,0,23.960111618041992,0.014977782964706421,-0.4148294198513031,0
2,1819,0.7470954157625727,1,23.960111618041992,0.014977782964706421,2.2143894878457173,1
2,1820,0.5045051574707031,0,71.96044921875,6.118416786193848e-05,-0.4302011168003082,0
2,1820,-0.713393824802786,1,71.96044921875,6.118416786193848e-05,-1.6659990813472865,1
2,1821,1.1001777648925781,0,124.21797943115234,0.0,-0.2840040588378905,0
2,1821,-1.058416714159364,1,124.21797943115234,0.0,-3.4011930169417743,1
2,1822,1.3247871398925781,1,168.0869903564453,0.09999459087848664,0.48383468902111054,0
2,1823,1.9910430908203125,1,223.32762145996094,0.00011299252510070523,0.7155292327404018,0
2,1824,2.4900970458984375,1,263.6566162109375,0.00011359155178070068,0.907057223916053,0
2,1825,-1.937347412109375,1,266.0636901855469,4.6193599700927734e-06,-7.995968812704086,0
2,1826,-2.2782516479492188,1,239.3760528564453,1.9073486327847444e-07,-8.744024360656738,0
2,1827,-2.0852127075195312,0,182.42262268066406,0.0,-7.8188778686523435,0
2,1827,0.19026026468347368,1,182.42262268066406,0.0,-2.0679319242463343,1
2,1828,-1.5622825622558594,0,106.10579681396484,0.09999920129776002,-5.2506810288429255,0
2,1828,1.5122895600360948,1,106.10579681396484,0.09999920129776002,2.0984632157409826,1
2,1829,-0.5965003967285156,0,35.08758544921875,0.09999726712703705,-1.8987523931264878,0
2,1829,1.0018735335560507,1,35.08758544921875,0.09999726712703705,2.497995467442645,1
2,1830,0.11034393310546875,0,44.502254486083984,2.0197033882146664e-05,-0.6693580313920975,0
2,1830,-0.7002477854108236,1,44.502254486083984,2.0197033882146664e-05,-1.0905414684246824,1
2,1831,0.7894325256347656,0,103.30962371826172,0.0999777376651764,-0.49132653260231,0
2,1831,-1.0566973187315156,1,103.30962371826172,0.0999777376651764,-2.9835862213348725,1
2,1832,1.4304542541503906,0,149.3988037109375,9.834766387384342e-08,-0.1270675698518753,0
2,1832,0.13795879955932122,1,149.3988037109375,9.834766387384342e-08,-1.5120584790340141,1
2,1833,1.4840164184570312,0,175.18995666503906,0.09932593405246734,-0.5397393337488176,0
2,1833,-0.14644573075285194,1,175.18995666503906,0.09932593405246734,-2.600663632168584,1
2,1834,1.8717002868652344,1,193.8857879638672,0.008375656604766843,1.0653497881889336,0
2,1835,2.1797256469726562,1,197.9598846435547,0.009020832180976865,1.5998927677869788,0
2,1836,0.20019912719726562,1,187.7670135498047,2.7957558631899748e-05,-2.154943134903908,0
2,1837,-1.82403564453125,1,175.41883850097656,0.03526439815759659,-5.957858635008336,0
2,1838,-1.7503089904785156,1,145.965576171875,0.025996566563844685,-5.820969367057085,0
2,1839,-1.3271751403808594,0,120.8381576538086,0.06126184388995171,-5.073563907593488,0
2,1839,1.1807893822426578,1,120.8381576538086,0.06126184388995171,1.142365137653546,1
2,1840,-0.9559669494628906,0,94.58922576904297,7.182359695462326e-07,-3.8037184430360793,0
2,1840,0.12204547331371174,1,94.58922576904297,7.182359695462326e-07,-0.4476935974828748,1
2,1841,-0.7888946533203125,0,67.77572631835938,0.0989513337612152,-2.937261886358261,0
2,1841,-0.23562937313754162,1,67.77572631835938,0.0989513337612152,-0.6307313259927194,1
2,1842,-0.6357460021972656,0,38.051605224609375,0.03168459534645081,-2.0337914927005767,0
2,1842,0.3644875903684479,1,38.051605224609375,0.03168459534645081,1.1666756924308506,1
2,1843,0.0160064697265625,0,36.212921142578125,0.06726747751235962,-0.6949361824989319,0
2,1843,0.7459102622293088,1,36.212921142578125,0.06726747751235962,1.9648714025065608,1
2,1844,1.031005859375,0,148.87619018554688,0.00022617280483246127,-0.9155211318731308,0
2,1844,-1.2906514450819202,1,148.87619018554688,0.00022617280483246127,-4.358835740786971,1
2,1845,2.0977020263671875,1,229.04966735839844,0.00019607841968536516,0.8144028624296185,0
2,1846,2.7698631286621094,1,303.38287353515625,3.0079483985902267e-05,0.6720675834417336,0
2,1847,1.4781112670898438,1,309.3109130859375,1.4901161193847656e-08,-2.0299957281351086,0
2,1848,-3.1753082275390625,1,271.881103515625,0.0,-11.188238525390625,0
2,1849,-2.5520591735839844,0,239.84144592285156,0.0,-9.900947265625,0
2,1849,0.7302718819819844,1,239.84144592285156,0.0,-2.136285154493062,1
2,1850,-2.172801971435547,0,193.7980499267578,0.0,-8.22156494140625,0
2,1850,0.019936444619013116,1,193.7980499267578,0.0,-2.6360881092971304,1
2,1851,-1.5564231872558594,0,120.80382537841797,5.960464477539063e-08,-5.528922884464264,0
2,1851,-0.4749569405660452,1,120.80382537841797,5.960464477539063e-08,-2.165990391084635,1
2,1852,-0.726409912109375,0,34.37042236328125,4.470348358154297e-08,-2.1402282732725144,0
2,1852,0.2854567370869887,1,34.37042236328125,4.470348358154297e-08,1.0835050251202132,1
2,1853,0.09016799926757812,0,42.69027328491211,1.4901161193847656e-08,-0.6734694677591324,0
2,1853,-0.7192254630576613,1,42.69027328491211,1.4901161193847656e-08,-1.0922563924096116,1
2,1854,0.7944564819335938,0,108.05510711669922,0.0,-0.5721891784667967,0
2,1854,0.7096793289482832,1,108.05510711669922,0.0,0.4582565155625824,1
2,1855,1.3907470703125,0,161.2624969482422,0.0,-0.4437557983398439,0
2,1855,-0.9191082418018226,1,161.2624969482422,0.0,-3.863466422568489,1
2,1856,1.811492919921875,0,193.0808868408203,6.613135337826814e-06,-0.23863216149806993,0
2,1856,1.0149549268522478,1,193.0808868408203,6.613135337826814e-06,-0.6317081476373242,1
2,1857,1.7892265319824219,1,201.5151824951172,0.00010520219802856445,0.7481452059745785,0
2,1858,2.234844207763672,1,203.44541931152344,0.012418577075004579,1.6002832862138745,0
2,1859,2.025371551513672,1,199.6688690185547,0.05564286261796952,1.2551400081515303,0
2,1860,-0.33156585693359375,1,186.3326873779297,0.06817325502634049,-3.192512391626835,0
2,1861,-1.7489051818847656,1,165.6455841064453,0.09965879023075104,-5.614708397507668,0
2,1862,-1.7243423461914062,1,144.58084106445312,0.0002630829811096219,-5.74031203699112,0
2,1863,-1.2356796264648438,0,108.68071746826172,0.004229530692100525,-4.645142783522606,0
2,1863,0.36194224386458984,1,108.68071746826172,0.004229530692100525,-0.2498990428637384,1
2,1864,-0.86199951171875,0,82.06938934326172,0.08258304595947266,-3.368690132141113,0
2,1864,0.27258372981359713,1,82.06938934326172,0.08258304595947266,0.10047635092358108,1
2,1865,-0.17870712280273438,0,0.0,0.013108998537063599,-0.3579386055469513,0
2,1865,0.7655747431979805,1,0.0,0.013108998537063599,2.7306251264544787,1
2,1866,0.17672348022460938,0,95.69930267333984,0.09388340711593629,-1.5642944293022156,0
2,1866,-0.3305598248050501,1,95.69930267333984,0.09388340711593629,-1.3788610393615346,1
2,1867,1.4108963012695312,0,200.07704162597656,0.09388370513916017,-1.1835035781860348,0
2,1867,-1.2716906963078642,1,200.07704162597656,0.09388370513916017,-5.348677573340826,1
2,1868,2.7856101989746094,1,284.2216491699219,9.242892265319547e-05,1.0867837173938744,0
2,1869,1.877655029296875,1,295.1850891113281,8.257329463958601e-05,-0.9483950265645988,0
2,1870,-2.551128387451172,1,271.90399169921875,9.855628013609452e-06,-9.94033700311184,0
2,1871,-2.5096817016601562,0,232.48670959472656,0.0,-9.669097595214843,0
2,1871,-0.5101207514881878,1,232.48670959472656,0.0,-4.469975694870906,1
2,1872,-2.070598602294922,0,184.3528594970703,0.0,-7.82825439453125,0
2,1872,0.10624119530294251,1,184.3528594970703,0.0,-2.2745747993355216,1
2,1873,-1.5919227600097656,0,109.00115203857422,0.0,-5.3638685607910155,0
2,1873,1.733814799256372,1,109.00115203857422,0.0,2.487606557741259,1
2,1874,-0.6481742858886719,0,29.136655807495117,0.09224430322647095,-1.8827714600563048,0
2,1874,0.927026308725658,1,29.136655807495117,0.09224430322647095,2.467629729172355,1
2,1875,0.1232147216796875,0,44.17800521850586,0.09224371016025544,-0.6408204094171525,0
2,1875,-0.13375534188808302,1,44.17800521850586,0.09224371016025544,0.04523946344730646,1
2,1876,0.7812347412109375,0,103.58809661865234,0.09999938011169435,-0.5132924251556396,0
2,1876,0.8581507190823956,1,103.58809661865234,0.09999938011169435,0.8405395305872768,1
2,1877,1.2989501953125,0,150.95901489257812,0.09999997317790986,-0.4252799061536789,0
2,1877,0.570598064042116,1,150.95901489257812,0.09999997317790986,-0.6819841686944468,1
2,1878,1.7408981323242188,0,186.67982482910156,0.1,-0.2558002319335939,0
2,1878,1.0604018184600648,1,186.67982482910156,0.1,-0.4167928596619017,1
2,1879,1.7091789245605469,1,191.5054168701172,0.09998637437820435,0.7842500567436209,0
2,1880,1.947967529296875,1,195.17515563964844,0.09998637437820435,1.1884324908256523,0
2,1881,2.1208267211914062,1,188.49562072753906,2.026557922377159e-07,1.6717410197257987,0
2,1882,-1.4381484985351562,1,172.26026916503906,0.00012312829494476318,-5.121507305502892,0
2,1883,-1.60498046875,1,151.04293823242188,0.0001233309507370009,-5.030824635386467,0
2,1884,-1.3997688293457031,1,130.1422119140625,0.09998489618301393,-4.806381292819977,0
2,1885,-1.1720771789550781,0,107.38753509521484,0.000833722949028011,-4.491938408732414,0
2,1885,-0.5765106571247927,1,107.38753509521484,0.000833722949028011,-2.100805365071843,1
2,1886,-0.9689407348632812,0,87.3145980834961,0.09912497103214266,-3.6881384302377698,0
2,1886,0.9651648474827823,1,87.3145980834961,0.09912497103214266,1.380072734454357,1
2,1887,-0.727386474609375,0,55.10329818725586,5.956888198852678e-05,-2.556841295719147,0
2,1887,1.1928819242174384,1,55.10329818725586,5.956888198852678e-05,2.48369550193448,1
2,1888,-0.20196533203125,0,19.82879638671875,6.45160675048842e-05,-0.8005091724395752,0
2,1888,-0.08574260563998592,1,19.82879638671875,6.45160675048842e-05,0.6319362803429529,1
2,1889,0.5604057312011719,0,95.66497039794922,0.09997798502445221,-0.7964870649576188,0
2,1889,-1.2761242537591997,1,95.66497039794922,0.09997798502445221,-3.2695470348783617,1
2,1890,1.3661003112792969,0,164.4821014404297,0.09999923408031464,-0.5614413756132127,0
2,1890,1.2104213092592744,1,164.4821014404297,0.09999923408031464,0.32720062034674247,1
2,1891,1.8605575561523438,1,196.7239227294922,0.09999999403953552,0.9826366579532615,0
2,1892,2.1531219482421875,1,191.61985778808594,0.0,1.6738467407226554,0
2,1893,1.6461524963378906,1,174.6024932861328,0.0,1.000255126953125,0
2,1894,-1.388092041015625,1,149.21951293945312,0.0,-4.560574340820312,0
2,1895,-1.3466224670410156,1,118.57222747802734,2.661049365997037e-05,-3.8646905480623244,0
2,1896,-0.9155349731445312,1,69.14138793945312,0.00590177476406098,-2.0141337760686873,0
2,1897,-0.41582489013671875,1,18.4173583984375,0.09407161474227906,-0.0037598128318787065,0
2,1898,0.10107040405273438,1,31.715391159057617,0.0,0.7678329849243164,0
2,1899,0.544647216796875,1,72.96371459960938,0.0,0.8300201416015627,0
2,1900,0.8349151611328125,1,106.12105560302734,0.0005253165960311876,0.7473881975412372,0
2,1901,1.3230743408203125,1,128.8909912109375,0.00021755099296569963,1.2683201553821566,0
2,1902,1.3288497924804688,1,133.697509765625,0.09922848343849183,1.179780250310898,0
2,1903,-1.2150650024414062,1,126.12914276123047,0.09993884861469268,-3.756710414052009,0
2,1904,-1.0829200744628906,1,115.00167083740234,3.250241279602328e-05,-3.2658748657703396,0
2,1905,-1.1589851379394531,1,95.24535369873047,0.09999963939189911,-3.0268773354291914,0
2,1906,-0.8094558715820312,1,70.44601440429688,0.09999963939189911,-1.8318320168256759,0
2,1907,-0.5987930297851562,1,50.08315658569336,0.0994760125875473,-1.6032282317876814,0
2,1908,-0.3677520751953125,0,28.160093307495117,0.05295167900621891,-1.300824083700776,0
2,1908,3.9167540859510197,1,28.160093307495117,0.05295167900621891,8.468188238591887,1
2,1909,-0.220794677734375,0,17.169952392578125,0.04651886187493801,-0.7868491577953101,0
2,1909,0.3637118081615611,1,17.169952392578125,0.04651886187493801,1.5821638139965624,1
2,1910,-0.11001968383789062,0,4.207611083984375,0.09998448193073273,-0.30819096863269807,0
2,1910,-0.023994464823054784,1,4.207611083984375,0.09998448193073273,1.0638594693969736,1
2,1911,0.07056808471679688,0,15.655516624450684,2.2172927856486946e-06,-0.17197425174713132,0
2,1911,0.07596017747694361,1,15.655516624450684,2.2172927856486946e-06,1.038809933773162,1
2,1912,0.21646881103515625,0,30.628202438354492,3.68446111679091e-05,-0.179627900481224,0
2,1912,-0.20823267651094568,1,30.628202438354492,3.68446111679091e-05,0.17096912442657208,1
2,1913,0.4134483337402344,1,48.69460678100586,0.09995532631874085,1.0490063188076022,0
2,1914,0.618408203125,1,61.431880950927734,3.5762786865234375e-07,1.208178772926331,0
2,1915,0.5870246887207031,1,67.38662719726562,0.056642171740531926,1.0240511466264726,0
2,1916,0.6914901733398438,1,71.72775268554688,0.05664128661155701,1.1461596415042878,0
2,1917,0.9223976135253906,1,91.3429183959961,1.29342079163014e-06,1.2179368073940278,0
2,1918,0.9437713623046875,1,92.18596649169922,0.09999738335609437,1.239823499441147,0
2,1919,0.7398109436035156,1,75.30975341796875,0.09992704987525941,1.169429736852646,0
2,1920,0.09683609008789062,1,66.70761108398438,7.136762142181952e-05,0.059517103791236835,0
2,1921,-0.6566619873046875,1,55.198665618896484,5.374550819397389e-05,-1.2172994368076324,0
2,1922,-0.5252609252929688,1,48.271175384521484,0.0010721206665039035,-0.8159882431030274,0
2,1923,-0.3601188659667969,1,32.61566162109375,0.09886996448040009,-0.17650576293468478,0
2,1924,-0.18391036987304688,1,3.238677740097046,0.0999973326921463,0.7634058121442795,0
2,1925,0.12105178833007812,1,23.963926315307617,0.0,0.9628250503540039,0
2,1926,0.37105560302734375,1,48.606868743896484,0.006528216600418094,0.9697127025127412,0
2,1927,0.560699462890625,1,71.62094116210938,0.006528216600418094,0.888718973875046,0
2,1928,0.9048118591308594,1,90.30913543701172,0.07929625809192659,1.2002691591978074,0
2,1929,-0.830810546875,1,102.4665756225586,0.07929582893848419,-2.514124439358711,0
2,1930,-0.9390907287597656,1,105.36193084716797,4.2915344238003694e-07,-2.785420091629028,0
2,1931,-1.1840095520019531,1,107.9139633178711,0.0,-3.326298370361328,0
2,1932,-1.0554580688476562,1,101.98592376708984,5.364418029923934e-08,-3.5506346151828763,0
2,1933,-0.9475593566894531,0,88.54293060302734,5.364418029923934e-08,-3.66597732758522,0
2,1933,-0.5134951754661685,1,88.54293060302734,5.364418029923934e-08,-1.5978489651386512,1
2,1934,-0.7309684753417969,0,74.65744018554688,0.0,-2.9550857543945312,0
2,1934,0.36385823247066895,1,74.65744018554688,0.0,0.4345676612304006,1
2,1935,-0.6840896606445312,0,52.955623626708984,0.0004587739706039401,-2.427310144782066,0
2,1935,1.129236636607601,1,52.955623626708984,0.0004587739706039401,2.3993424497221985,1
2,1936,-0.4435157775878906,0,34.076690673828125,0.09950286746025086,-1.5725454833507537,0
2,1936,-0.06485833687626297,1,34.076690673828125,0.09950286746025086,0.3847693980725015,1
2,1937,-0.14809799194335938,0,5.157470226287842,3.7890672683719984e-05,-0.39934690403938294,0
2,1937,0.11556123674852614,1,5.157470226287842,3.7890672683719984e-05,1.327971553344388,1
2,1938,0.3720512390136719,0,64.64385986328125,0.09999660551548005,-0.5527745834589004,0
2,1938,0.02368577934750249,1,64.64385986328125,0.09999660551548005,-0.04950550279123927,1
2,1939,0.9941368103027344,0,125.7362289428711,0.099993497133255,-0.5304506981372832,0
2,1939,1.366046457050416,1,125.7362289428711,0.099993497133255,1.4133685953580803,1
2,1940,1.5132904052734375,1,162.79981994628906,0.09950152337551117,0.9666043506860733,0
2,1941,1.5904960632324219,1,155.32302856445312,0.0004948914051055922,1.2745117595195772,0
2,1942,1.3508987426757812,1,144.46640014648438,0.0999999910593033,1.008469482779503,0
2,1943,1.1084518432617188,1,120.90682220458984,0.09999912679195405,0.9947672773599627,0
2,1944,-0.9874725341796875,1,79.83779907226562,8.672475814847092e-07,-2.3717010844945907,0
2,1945,-0.5340919494628906,1,25.581357955932617,0.0016990303993225098,-0.3798790192604065,0
2,1946,-0.0678253173828125,1,6.381988048553467,0.001695823669433591,0.9366417713165283,0
2,1947,0.2655754089355469,1,40.65322494506836,0.0019385546445846516,0.9180087767839433,0
2,1948,0.6012725830078125,1,66.131591796875,0.001941764354705805,1.079835659503937,0
2,1949,0.7876319885253906,1,87.91350555419922,2.980232241545089e-09,1.0169938658475877,0
2,1950,-0.7740058898925781,1,99.9641342163086,8.940696717696373e-09,-2.347294464468956,0
2,1951,-1.1025123596191406,1,97.90038299560547,3.2782554626464844e-07,-2.963032392263412,0
2,1952,-0.9140701293945312,1,86.96746063232422,4.470348358154297e-08,-2.3674894732236864,0
2,1953,-0.7528419494628906,1,80.6617660522461,0.00048520565032959123,-1.9189386281967165,0
2,1954,-0.8354606628417969,1,70.85800170898438,0.0004836350679397611,-2.4881007052659987,0
2,1955,-0.6327133178710938,0,56.27822494506836,1.862645149230957e-06,-2.3909912091493606,0
2,1955,1.3406934078643502,1,56.27822494506836,1.862645149230957e-06,2.7558222423215275,1
2,1956,-0.46886444091796875,0,40.93551254272461,1.04635953903226e-05,-1.7564395512342452,0
2,1956,1.147911804605009,1,40.93551254272461,1.04635953903226e-05,2.6771129398117104,1
2,1957,-0.371063232421875,0,34.198760986328125,0.09998843967914581,-1.4301012221574783,0
2,1957,0.18416835398916476,1,34.198760986328125,0.09998843967914581,0.8803619506646011,1
2,1958,-0.3087196350097656,0,26.885984420776367,0.09999885559082031,-1.1591589126586914,0
2,1958,0.5437457017313108,1,26.885984420776367,0.09999885559082031,1.7457717608234615,1
2,1959,-0.19328689575195312,0,11.131285667419434,0.0008154094219207722,-0.6092321212291717,0
2,1959,1.0649300862460862,1,11.131285667419434,0.0008154094219207722,3.1072018427669073,1
2,1960,0.027492523193359375,0,15.495299339294434,0.0008154481649398776,-0.2549535583257675,0
2,1960,0.3754561037841526,1,15.495299339294434,0.0008154481649398776,1.640973602855819,1
2,1961,0.3313560485839844,0,46.49734115600586,0.07327411025762559,-0.2701656903624535,0
2,1961,0.4503948495180481,1,46.49734115600586,0.07327411025762559,1.1679119115056742,1
2,1962,0.5302925109863281,0,66.08963012695312,0.026725880801677704,-0.26227661579847333,0
2,1962,0.525558908843955,1,66.08963012695312,0.026725880801677704,0.9282561799167804,1
2,1963,0.7385215759277344,1,66.3299560546875,1.0341405868516396e-06,1.3504439893960956,0
2,1964,0.6302413940429688,1,61.538692474365234,0.09999887347221376,1.2257089836597446,0
2,1965,0.5579338073730469,1,61.89345932006836,6.907582283019464e-05,1.0779956653118137,0
2,1966,0.6128807067871094,1,59.791561126708984,0.09981456995010377,1.2259376082420352,0
2,1967,0.6044654846191406,1,49.95345687866211,9.008049964905063e-05,1.4098582284450534,0
2,1968,0.429229736328125,1,37.342071533203125,0.09994680881500245,1.3076201696395875,0
2,1969,0.2852020263671875,1,27.923582077026367,0.011456441879272458,1.211474153518677,0
2,1970,0.258056640625,1,23.433683395385742,0.011483359336853023,1.2469802789688111,0
2,1971,0.19398880004882812,1,13.599394798278809,9.238719940463103e-08,1.3159897004365921,0
2,1972,0.097015380859375,1,7.911681652069092,0.0,1.2357971286773681,0
2,1973,0.00931549072265625,1,3.776550054550171,0.09999921321868897,1.1391000118255616,0
2,1974,-0.07562255859375,1,8.281707763671875,7.867813110323807e-07,0.88312069606781,0
2,1975,-0.07616424560546875,1,6.595611095428467,0.0007856786251068115,0.9157278597354889,0
2,1976,-0.042316436767578125,1,3.368377447128296,0.09919446408748628,1.0440317989587784,0
2,1977,-0.02094268798828125,1,1.1138916015625,1.9857287406922774e-05,1.135835997700691,0
2,1978,0.00030517578125,1,0.1602172702550888,1.6316771507263184e-05,1.1974053534865379,0
2,1979,-0.013553619384765625,1,3.261565923690796,0.09997743070125581,1.1036623455286028,0
2,1980,-0.05780029296875,1,8.571624755859375,6.231665611269865e-06,0.912966669678688,0
2,1981,-0.10633468627929688,1,12.264250755310059,2.086162566999894e-08,0.74204561150074,0
2,1982,-0.16476058959960938,1,15.888213157653809,0.09996727406978607,0.5487158666849136,0
2,1983,-0.14831161499023438,1,15.342711448669434,0.09996721148490906,0.5925238525867462,0
2,1984,-0.16019058227539062,1,17.200469970703125,3.576278687078549e-08,0.5356094346046447,0
2,1985,-0.048152923583984375,1,6.732940196990967,9.315311908722479e-05,0.9690316227674484,0
2,1986,0.19853973388671875,1,29.968259811401367,0.09990681409835817,0.9937179989814758,0
2,1987,0.3583259582519531,1,46.310420989990234,5.960464476151284e-09,0.9904434964656831,0
2,1988,0.5189590454101562,1,55.16433334350586,0.004478076100349428,1.1344523009061815,0
2,1989,0.6210250854492188,1,55.43899154663086,0.004478076100349428,1.3330912169218065,0
2,1990,0.10895156860351562,1,46.936031341552734,5.045533180238204e-06,0.47918230855464927,0
2,1991,-0.38525390625,1,39.703369140625,5.045533180238204e-06,-0.36457539713382725,0
2,1992,-0.3664436340332031,1,33.977508544921875,0.009582135081291202,-0.21282072436809543,0
2,1993,-0.3040504455566406,1,26.905057907104492,0.0904178649187088,0.050181236147880545,0
2,1994,-0.21725082397460938,1,15.022276878356934,0.09999991357326508,0.46105281794071196,0
2,1995,-0.11207962036132812,1,10.845183372497559,4.6193599700927734e-07,0.7589370733499526,0
2,1996,-0.10313796997070312,1,8.8348388671875,0.09999945163726807,0.813027304649353,0
2,1997,-0.015838623046875,1,6.702422618865967,0.0,1.0342743015289306,0
2,1998,0.19976425170898438,1,32.749176025390625,2.384185791154403e-08,0.9445449819564818,0
2,1999,0.4482078552246094,1,61.99264144897461,2.086162566999894e-08,0.8565628806352618,0
2,2000,0.7687416076660156,1,87.10860443115234,0.09999975562095642,0.9913111364841463,0
2,2001,-0.5097465515136719,1,106.07146453857422,0.009630408883094785,-1.9413076101541518,0
2,2002,-1.1150703430175781,1,114.68123626708984,0.09036934971809388,-3.3273801853656764,0
2,2003,-1.0440902709960938,1,116.1079330444336,0.09965973794460298,-3.214325592398643,0
2,2004,-1.2620964050292969,1,111.83165740966797,0.09952713549137115,-4.164807043671608,0
2,2005,-1.0565719604492188,0,98.93416595458984,0.00013260245323180875,-4.091832544088364,0
2,2005,-0.08939667394032824,1,98.93416595458984,0.00013260245323180875,-0.9574819710705827,1
2,2006,-0.7918548583984375,0,74.371337890625,7.808208465576172e-06,-3.0711367869377137,0
2,2006,0.7499348852090435,1,74.371337890625,7.808208465576172e-06,1.2124427002772487,1
2,2007,-0.30707550048828125,0,18.49365234375,7.808208465576172e-06,-0.9840243601799011,0
2,2007,0.2379655386236621,1,18.49365234375,7.808208465576172e-06,1.3060577180439858,1
2,2008,0.7110404968261719,0,126.1329574584961,0.1,-1.104578155517578,0
2,2008,-2.1738863531811816,1,126.1329574584961,0.1,-5.674431855532284,1
2,2009,2.2316436767578125,1,247.48228454589844,5.707144737243652e-06,0.7136414343118663,0
2,2010,2.3487586975097656,1,265.95306396484375,5.707144737243652e-06,0.578455887436866,0
2,2011,-0.636260986328125,1,243.1297149658203,1.5497207641462785e-07,-4.935116278171539,0
2,2012,-2.2849197387695312,1,216.79685974121094,0.09999817609786987,-8.309776599407195,0
2,2013,-2.028827667236328,0,188.8656463623047,1.6689300537109375e-06,-7.834968328475952,0
2,2013,-1.0637435578870225,1,188.8656463623047,1.6689300537109375e-06,-4.7048001097773415,1
2,2014,-1.5196342468261719,0,150.40969848632812,6.198883056654503e-07,-6.047462488174438,0
2,2014,-1.0940015786111275,1,150.40969848632812,6.198883056654503e-07,-3.9961971517443495,1
2,2015,-1.1395797729492188,0,84.04540252685547,0.09999938011169435,-3.9640675716400144,0
2,2015,1.0800480479980052,1,84.04540252685547,0.09999938011169435,1.6751880702544335,1
2,2016,-0.4115447998046875,0,8.090972900390625,5.960464476151284e-09,-0.9849090578556061,0
2,2016,1.2886092310419954,1,8.090972900390625,5.960464476151284e-09,3.61539900383776,1
2,2017,0.4050483703613281,0,71.36917114257812,0.09999999403953552,-0.6212866818904876,0
2,2017,-0.20850166424488492,1,71.36917114257812,0.09999999403953552,-0.6483867511029138,1
2,2018,0.9165077209472656,0,123.25667572021484,0.0,-0.6321180725097655,0
2,2018,-1.383328162626924,1,123.25667572021484,0.0,-4.031789839658145,1
2,2019,1.4812393188476562,0,165.3060760498047,0.0,-0.3436428833007814,0
2,2019,0.22512335637431846,1,165.3060760498047,0.0,-1.6558748082474568,1
2,2020,2.0389862060546875,1,197.63182067871094,2.980232241545089e-09,1.325335998415946,0
2,2021,1.8309898376464844,1,205.2421417236328,2.980232241545089e-09,0.7571368407011028,0
2,2022,2.012981414794922,1,197.4563446044922,0.09926218092441559,1.2728654502630226,0
2,2023,-1.3208351135253906,1,191.4176788330078,0.09926218092441559,-5.273994290947915,0
2,2024,-1.8172836303710938,1,173.00794982910156,0.0,-6.494726257324219,0
2,2025,-1.6105232238769531,0,150.4364013671875,7.152557373046875e-07,-6.229774503707886,0
2,2025,0.4183502717221259,1,150.4364013671875,7.152557373046875e-07,-0.9720275125097275,1
2,2026,-1.3640480041503906,0,125.39672088623047,7.152557373046875e-07,-5.23603045463562,0
2,2026,-0.07449139591086151,1,125.39672088623047,7.152557373046875e-07,-1.4569172381565618,1
2,2027,-1.1131973266601562,0,91.80449676513672,0.0,-4.062484588623047,0
2,2027,2.076529229753419,1,91.80449676513672,0.0,3.5169685242041027,1
2,2028,-0.5157470703125,0,1.9683836698532104,0.0,-1.0708618140220643,0
2,2028,0.5890794456651705,1,1.9683836698532104,0.0,2.338791217933277,1
2,2029,0.537811279296875,0,111.25182342529297,1.668930053738693e-07,-1.1494139165878294,0
2,2029,-1.2109639360348012,1,111.25182342529297,1.668930053738693e-07,-3.446964347251182,1
2,2030,1.8543052673339844,0,235.76734924316406,0.0006067812442779527,-1.0067607214450833,0
2,2030,-0.7052040487457916,1,235.76734924316406,0.0006067812442779527,-4.925779353604635,1
2,2031,2.743865966796875,1,293.61724853515625,0.0006069302558898912,0.8153626856803887,0
2,2032,2.6430702209472656,1,290.56549072265625,1.7881393435392745e-08,0.6748306267261498,0
2,2033,-2.0380020141601562,1,269.9623107910156,0.09999998211860657,-8.87925024342537,0
2,2034,-2.869659423828125,0,250.83921813964844,0.0003410845994949313,-10.756116853833198,0
2,2034,0.6096179973692841,1,250.83921813964844,0.0003410845994949313,-2.59756201143838,1
2,2035,-2.354442596435547,0,217.77342224121094,0.004861900210380556,-9.064548113703728,0
2,2035,2.711775624873489,1,217.77342224121094,0.004861900210380556,2.267888328914344,1
2,2036,-1.7105216979980469,0,167.6597442626953,0.041044699028134346,-6.775880069211125,0
2,2036,1.156211590373573,1,167.6597442626953,0.041044699028134346,0.15758650753211442,1
2,2037,-1.4486427307128906,0,99.86113739013672,0.045649086311459544,-4.896334172680974,0
2,2037,1.5096087116782542,1,99.86113739013672,0.045649086311459544,2.220168712101316,1
2,2038,-0.6084442138671875,0,26.584623336791992,0.0005986154079437242,-1.7486048390865325,0
2,2038,0.2927467949871314,1,26.584623336791992,0.0005986154079437242,1.2537771786221055,1
2,2039,0.18328857421875,0,52.841182708740234,0.09867287278175355,-0.6941934206485748,0
2,2039,-0.5036695524885388,1,52.841182708740234,0.09867287278175355,-0.8681096740631525,1
2,2040,0.8979110717773438,0,118.30138397216797,0.00132712721824646,-0.5702586209774015,0
2,2040,-0.2084303946488788,1,118.30138397216797,0.00132712721824646,-1.5829415538298468,1
2,2041,1.4836921691894531,0,168.2548370361328,0.011830568313598633,-0.3981856250762941,0
2,2041,-0.5282566651523339,1,168.2548370361328,0.011830568313598633,-3.2220832937598685,1
2,2042,1.8314590454101562,0,193.5348358154297,0.011830568313598633,-0.20825184822082535,0
2,2042,-1.2876790838437842,1,193.5348358154297,0.011830568313598633,-5.246528106728706,1
2,2043,2.2329177856445312,1,208.77073669433594,0.0,1.4904208374023433,0
2,2044,1.682098388671875,1,210.0295867919922,2.065300941468673e-06,0.36360495889186906,0
2,2045,2.2737464904785156,1,204.14732360839844,0.006670135259628292,1.664279703378677,0
2,2046,-0.3762397766113281,1,198.59693908691406,0.09021727442741395,-3.5280270259380346,0
2,2047,-1.7136573791503906,1,182.60572814941406,0.09688947498798371,-5.883304900288582,0
2,2048,-1.6930961608886719,1,156.83364868164062,0.0999999076128006,-5.926865291714669,0
2,2049,-1.4881744384765625,0,118.1220932006836,9.238719940463103e-08,-5.338790744662285,0
2,2049,1.5043296090568177,1,118.1220932006836,9.238719940463103e-08,1.8462173504044759,1
2,2050,-0.9972496032714844,0,78.79257202148438,0.1,-3.5743506469726563,0
2,2050,0.5702214436968234,1,78.79257202148438,0.1,0.7605914469639594,1
2,2051,-0.40847015380859375,0,15.720366477966309,1.1265277862562706e-06,-1.1313476822376252,0
2,2051,0.9252902945736068,1,15.720366477966309,1.1265277862562706e-06,2.7361732145267763,1
2,2052,0.559326171875,0,109.97771453857422,0.09510364532470703,-1.0847060928344725,0
2,2052,-0.8596276192327963,1,109.97771453857422,0.09510364532470703,-2.722613675050065,1
2,2053,1.8180656433105469,0,232.42185974121094,0.004895228147506717,-1.012501717329025,0
2,2053,-0.28851329228570677,1,232.42185974121094,0.004895228147506717,-4.025659588521532,1
2,2054,2.7594757080078125,1,301.30767822265625,0.1,0.6887978515624993,0
2,2055,1.9272689819335938,1,313.2362365722656,0.09999997913837433,-1.2141867667436608,0
2,2056,-3.2770233154296875,1,283.7104797363281,0.09950135052204133,-11.63223627960682,0
2,2057,-2.668834686279297,0,252.65882873535156,0.0004986286163330064,-10.390865892410279,0
2,2057,-0.6181076899148152,1,252.65882873535156,0.0004986286163330064,-5.0894118996813145,1
2,2058,-2.546234130859375,0,207.4966278076172,7.069706916808943e-05,-9.24240364575386,0
2,2058,1.1361444672745051,1,207.4966278076172,7.069706916808943e-05,-0.6776464494860998,1
2,2059,-1.5915679931640625,0,149.06692504882812,0.09965117871761323,-6.168460534453392,0
2,2059,-0.38935681576972314,1,149.06692504882812,0.09965117871761323,-2.564038179664713,1
2,2060,-1.0596771240234375,0,69.61441040039062,0.0990460991859436,-3.515604300022125,0
2,2060,1.3488641732454383,1,69.61441040039062,0.0990460991859436,2.5014782945156266,1
2,2061,-0.2531852722167969,0,3.974914312362671,0.0993242233991623,-0.5898417996168137,0
2,2061,-0.49575114854427227,1,3.974914312362671,0.0993242233991623,0.1250264477282355,1
2,2062,0.6040687561035156,0,94.28404998779297,6.950497627258162e-05,-0.6775462677478791,0
2,2062,-1.1530646592571472,1,94.28404998779297,6.950497627258162e-05,-2.9918130984692044,1
2,2063,1.1637687683105469,0,153.36227416992188,0.09843603968620301,-0.7436453883647919,0
2,2063,-1.4557680042119259,1,153.36227416992188,0.09843603968620301,-4.782718933409737,1
2,2064,1.7872428894042969,0,195.2781524658203,0.09850554168224335,-0.3350174921751024,0
2,2064,-1.8943601912140338,1,195.2781524658203,0.09850554168224335,-6.498223653411764,1
2,2065,2.3162689208984375,0,217.9679718017578,0.09999999701976776,0.26917840588092834,0
2,2065,1.8792705071092684,1,217.9679718017578,0.09999999701976776,0.5951815783025893,1
2,2066,1.9583969116210938,1,215.4922332763672,0.09940817654132844,0.8029728306531901,0
2,2067,2.100208282470703,1,204.6432342529297,0.04115642756223679,1.3059056227803225,0
2,2068,1.6104583740234375,1,193.1876983642578,0.030281980335712437,0.5559515015482903,0
2,2069,-1.8279953002929688,1,173.7480010986328,0.08779675364494324,-5.934462492704392,0
2,2070,-1.4681358337402344,1,154.51431274414062,0.0007369756698608412,-5.426587401390076,0
2,2071,-1.4411392211914062,0,134.22775268554688,0.1,-5.57083349609375,0
2,2071,0.18186833626144505,1,134.22775268554688,0.1,-1.1248183811880474,1
2,2072,-1.2855911254882812,0,102.16521453857422,3.039836883531044e-07,-4.614486553907394,0
2,2072,0.9369462162734123,1,102.16521453857422,3.039836883531044e-07,1.030588129615993,1
2,2073,-0.8605690002441406,0,73.58932495117188,3.039836883531044e-07,-3.1929245116710665,0
2,2073,0.14036562468050562,1,73.58932495117188,3.039836883531044e-07,0.008944738178226158,1
2,2074,-0.5518951416015625,0,52.040096282958984,1.4901161193847656e-08,-2.144592209458351,0
2,2074,1.3365259048004674,1,52.040096282958984,1.4901161193847656e-08,2.832249883345709,1
2,2075,-0.3915443420410156,0,18.657684326171875,0.08793343007564546,-1.1597597078084945,0
2,2075,0.6768202908919605,1,18.657684326171875,0.08793343007564546,2.1769695580574577,1
2,2076,0.665618896484375,0,122.37548065185547,0.08793344497680665,-1.1197891578674315,0
2,2076,-1.3680323358192155,1,122.37548065185547,0.08793344497680665,-3.9870916224746122,1
2,2077,1.8269271850585938,0,222.7287139892578,0.1,-0.8047199096679685,0
2,2077,-1.186356355248904,1,222.7287139892578,0.1,-5.631286990282963,1
2,2078,2.254344940185547,1,268.3067321777344,0.0,0.34255523681640554,0
2,2079,3.1383132934570312,1,292.07611083984375,0.09909475445747376,1.6311405799388878,0
2,2080,-2.406665802001953,1,282.6652526855469,0.09909475445747376,-9.870600447893143,0
2,2081,-2.742504119873047,0,264.9269104003906,0.03923684358596802,-10.785115921497345,0
2,2081,-0.28557726160969565,1,264.9269104003906,0.03923684358596802,-4.671262204970643,1
2,2082,-2.4815711975097656,0,228.72923278808594,0.005902734398841857,-9.537963160157203,0
2,2082,1.2884739345097316,1,228.72923278808594,0.005902734398841857,-0.7978728961182088,1
2,2083,-1.9378814697265625,0,159.76333618164062,0.0666658878326416,-7.073696298599243,0
2,2083,2.543670260962813,1,159.76333618164062,0.0666658878326416,3.0894071627795068,1
2,2084,-1.09130859375,0,68.2830810546875,0.09999999701976776,-3.552278808474541,0
2,2084,1.5573927013535567,1,68.2830810546875,0.09999999701976776,2.9451237817325726,1
2,2085,-0.17948532104492188,0,26.496885299682617,0.09999222457408906,-0.8929080370664596,0
2,2085,1.5554671914227782,1,26.496885299682617,0.09999222457408906,3.776996987868941,1
2,2086,0.5834083557128906,0,93.68514251708984,7.76946544647078e-06,-0.7068864496946335,0
2,2086,0.19738629920564676,1,93.68514251708984,7.76946544647078e-06,-0.2789305627091213,1
2,2087,1.1186714172363281,0,145.50018310546875,0.09999992847442628,-0.6766608247756958,0
2,2087,-0.28728794526782764,1,145.50018310546875,0.09999992847442628,-2.288579549784007,1
2,2088,1.8769378662109375,0,187.08799743652344,0.09999983012676239,0.008115790486335595,0
2,2088,0.9487432991349181,1,187.08799743652344,0.09999983012676239,-0.6482733436657031,1
2,2089,1.7737960815429688,0,202.36585998535156,0.0006286650896072388,-0.49975018322467774,0
2,2089,-1.2137405369666894,1,202.36585998535156,0.0006286650896072388,-5.274823420243994,1
2,2090,2.0436859130859375,1,204.1587677001953,0.0006241828203201322,1.2041715048551556,0
2,2091,2.2382545471191406,1,201.2252655029297,0.0999954104423523,1.6480039677619929,0
2,2092,1.1034278869628906,1,193.0312957763672,0.09999999701976776,-0.4577701414823532,0
2,2093,-1.8702354431152344,1,179.9239959716797,0.09999997019767762,-6.14295080447197,0
2,2094,-1.8190536499023438,1,152.96554565429688,2.6822090146150224e-08,-6.097418213963509,0
2,2095,-1.3952407836914062,0,128.41415405273438,0.09997849762439728,-5.362763788342476,0
2,2095,-0.09636418847870942,1,128.41415405273438,0.09997849762439728,-1.5650105979170823,1
2,2096,-1.0454635620117188,0,106.0218734741211,0.09992810785770417,-4.215361717820167,0
2,2096,0.6625974815157676,1,106.0218734741211,0.09992810785770417,0.40076036923480546,1
2,2097,-0.9109344482421875,0,79.45632934570312,0.000306463241577154,-3.4110077419281004,0
2,2097,0.6803804903068738,1,79.45632934570312,0.000306463241577154,0.971622135170022,1
2,2098,-0.7192459106445312,0,50.60195541381836,0.09964303374290467,-2.4545166509151457,0
2,2098,0.8164583498072986,1,50.60195541381836,0.09964303374290467,1.8168918699885142,1
2,2099,-0.2836036682128906,0,8.754730224609375,1.1026859283308488e-07,-0.7423019453287124,0
2,2099,0.242869444423917,1,8.754730224609375,1.1026859283308488e-07,1.510644279944903,1
2,2100,0.16671371459960938,0,34.381866455078125,9.98377799987793e-07,-0.35420993983745575,0
2,2100,0.8852642602197136,1,34.381866455078125,9.98377799987793e-07,2.282891151402753,1
2,2101,0.5336685180664062,0,83.49227142333984,0.09999860227108003,-0.6065083364248277,0
2,2101,-1.221653975884621,1,83.49227142333984,0.09999860227108003,-2.9171533243268817,1
2,2102,1.4675521850585938,0,198.3260955810547,0.09999955892562867,-1.0354175238609316,0
2,2102,-1.1453733248380686,1,198.3260955810547,0.09999955892562867,-5.061268543654257,1
2,2103,2.866180419921875,1,296.0166931152344,0.09999995827674867,1.008026979207992,0
2,2104,2.7868118286132812,1,317.5697326660156,0.09263035356998445,0.4185237897634499,0
2,2105,-2.078369140625,1,313.9762878417969,0.017728185653686522,-9.836973165512084,0
2,2106,-2.937408447265625,0,275.04730224609375,0.07490212917327882,-11.378759024620056,0
2,2106,1.385109762930398,1,275.04730224609375,0.07490212917327882,-1.53372260422801,1
2,2107,-2.6955299377441406,0,215.05735778808594,0.08898828327655792,-9.695766562581062,0
2,2107,2.1882010990941154,1,215.05735778808594,0.08898828327655792,1.2716955110954493,1
2,2108,-1.4717330932617188,0,157.95516967773438,0.008232909440994265,-6.102898896455764,0
2,2108,0.7595519297812885,1,157.95516967773438,0.008232909440994265,-0.4403288503697501,1
2,2109,-1.1423377990722656,0,63.77791976928711,0.002778768539428711,-3.5603451442718503,0
2,2109,2.2759458534737647,1,63.77791976928711,0.002778768539428711,4.4762221608202095,1
2,2110,-0.27906036376953125,0,4.39453125,0.0,-0.6460113525390625,0
2,2110,0.5375313444883787,1,4.39453125,0.0,2.1871720639767576,1
2,2111,0.3967247009277344,0,71.380615234375,0.0,-0.6341629028320312,0
2,2111,0.5265049071487766,1,71.380615234375,0.0,0.8253975096100534,1
2,2112,0.9805221557617188,0,118.49974822998047,5.960464476151284e-09,-0.4089506533145903,0
2,2112,-1.4517103888819065,1,118.49974822998047,5.960464476151284e-09,-4.07341574260184,1
2,2113,1.6545944213867188,0,172.5120391845703,0.09946926832199098,-0.14503071165084855,0
2,2113,1.6522177750874505,1,172.5120391845703,0.09946926832199098,1.0502159957506152,1
2,2114,1.8937644958496094,0,200.30592346191406,0.09946927428245544,-0.22256824851036044,0
2,2114,-0.4341381023916355,1,200.30592346191406,0.09946927428245544,-3.6783734449928502,1
2,2115,1.8658065795898438,1,210.34620666503906,0.1,0.7206890258789058,0
2,2116,2.0963211059570312,1,207.34022521972656,0.1,1.2418377075195308,0
2,2117,2.24267578125,1,198.85633850097656,0.09971542656421661,1.7042361754178992,0
2,2118,-1.6558570861816406,1,184.3681182861328,0.09971460402011872,-5.803065122246743,0
2,2119,-1.9134979248046875,1,164.8330535888672,0.09999696910381317,-6.527656800150871,0
2,2120,-1.5458145141601562,0,145.05386352539062,0.09999394416809082,-5.9967060565948485,0
2,2120,0.5572465480461304,1,145.05386352539062,0.09999394416809082,-0.5905839321822752,1
2,2121,-1.3140525817871094,0,119.2054672241211,3.84747982025424e-06,-5.012214661955833,0
2,2121,-0.18977844488354378,1,119.2054672241211,3.84747982025424e-06,-1.563666388148702,1
2,2122,-1.0281257629394531,0,89.61486053466797,0.012855309247970584,-3.8490629489421844,0
2,2122,-0.6709699699672029,1,89.61486053466797,0.012855309247970584,-1.9347513629976842,1
2,2123,-0.7409896850585938,0,60.737606048583984,0.08532587289810181,-2.700144526004791,0
2,2123,-0.035223662230613684,1,60.737606048583984,0.08532587289810181,-0.0886124803488311,1
2,2124,-0.4144020080566406,0,16.7388916015625,0.0981811821460724,-1.1675090954303742,0
2,2124,0.9941615182137227,1,16.7388916015625,0.0981811821460724,2.8496179571103526,1
2,2125,0.3952178955078125,0,88.13094329833984,0.0010593384504318237,-0.9722254484891892,0
2,2125,-0.5442474876152303,1,88.13094329833984,0.0010593384504318237,-1.651156214735275,1
2,2126,1.2944526672363281,0,188.03404235839844,0.0989071935415268,-1.1757318004369737,0
2,2126,-1.0388100391904231,1,188.03404235839844,0.0989071935415268,-4.642257213290477,1
2,2127,2.42669677734375,1,279.8118591308594,0.09994670748710632,0.45315850377082756,0
2,2128,3.0863914489746094,1,323.4862976074219,0.004063943028450014,0.9028943880796422,0
2,2129,-0.358551025390625,1,320.5070495605469,0.09591277837753297,-5.931079553127288,0
2,2130,-3.0629005432128906,1,288.7382507324219,0.0041411101818084745,-11.30073174548149,0
2,2131,-2.573558807373047,0,233.2534637451172,0.09170323014259339,-9.81585501885414,0
2,2131,0.14036800828853302,1,233.2534637451172,0.09170323014259339,-3.188001387530981,1
2,2132,-2.0573463439941406,0,175.7888641357422,0.004151996970176694,-7.6306360505819315,0
2,2132,2.259221420396365,1,175.7888641357422,0.004151996970176694,2.202499478199078,1
2,2133,-1.3377914428710938,0,75.71029663085938,0.09999977946281434,-4.193788809537888,0
2,2133,2.531526968915138,1,75.71029663085938,0.09999977946281434,4.744848014034575,1
2,2134,-0.29254150390625,0,7.442473888397217,0.00014746487140655795,-0.7339383841753006,0
2,2134,-0.2583696395952302,1,7.442473888397217,0.00014746487140655795,0.534405344446739,1
2,2135,0.3676109313964844,0,69.55718994140625,0.00014747679233551025,-0.6559278351068497,0
2,2135,-0.40182604844721226,1,69.55718994140625,0.00014747679233551025,-0.994801794794243,1
2,2136,1.214508056640625,0,138.46969604492188,0.1,-0.3443778076171875,0
2,2136,-0.4235932755724363,1,138.46969604492188,0.1,-2.42058047204331,1
2,2137,1.4189453125,0,171.1501922607422,0.007168141007423398,-0.5853999458551409,0
2,2137,0.7560488190337082,1,171.1501922607422,0.007168141007423398,-0.7111929327877242,1
2,2138,1.8906173706054688,0,199.6383514404297,0.005133593082427973,-0.21173763132095352,0
2,2138,-1.6392624508426081,1,199.6383514404297,0.005133593082427973,-6.071497274217108,1
2,2139,2.2684249877929688,1,209.16746520996094,0.002034541964530949,1.5534192897081371,0
2,2140,1.880126953125,1,206.7375030517578,0.08604899346828461,0.8220618854761119,0
2,2141,1.9738388061523438,1,193.27162170410156,0.01395095884799958,1.2816871398687355,0
2,2142,-1.6829185485839844,1,181.1179962158203,1.4901161193847656e-08,-5.788197022080422,0
2,2143,-1.8855056762695312,1,160.07614135742188,0.09999997317790986,-6.376534178614617,0
2,2144,-1.5463485717773438,0,123.5999984741211,0.09999997913837433,-5.568697112202644,0
2,2144,0.4404684335631188,1,123.5999984741211,0.09999997913837433,-0.39506310152171886,1
2,2145,-0.9629173278808594,0,95.89385223388672,1.788139342845385e-08,-3.843711701154709,0
2,2145,1.0734784175452745,1,95.89385223388672,1.788139342845385e-08,1.429079789697559,1
2,2146,-0.850860595703125,0,76.2786865234375,0.0,-3.227294921875,0
2,2146,0.3170069143323815,1,76.2786865234375,0.0,0.30844009819601315,1
2,2147,-0.6568565368652344,0,56.320186614990234,0.09172138869762421,-2.443785661578178,0
2,2147,0.016178972965022353,1,56.320186614990234,0.09172138869762421,0.10228535808233508,1
2,2148,-0.4353904724121094,0,31.784055709838867,0.008278602361679079,-1.5067932031154632,0
2,2148,2.6242484189942274,1,31.784055709838867,0.008278602361679079,5.81248457969721,1
2,2149,-0.14530563354492188,0,0.5645751953125,5.960464476151284e-09,-0.3019027712345123,0
2,2149,0.05059741873829893,1,0.5645751953125,5.960464476151284e-09,1.2899033333319292,1
2,2150,0.3865699768066406,0,73.1964111328125,0.0,-0.6907882690429688,0
2,2150,-1.087278955853705,1,73.1964111328125,0.0,-2.43848613436366,1
2,2151,1.6001739501953125,0,205.30699157714844,7.152557372769319e-08,-0.9057919340133664,0
2,2151,-0.6417461648442639,1,205.30699157714844,7.152557372769319e-08,-4.189632164092519,1
2,2152,2.6898345947265625,1,304.10003662109375,0.09201323091983796,0.4939879277944558,0
2,2153,2.8196754455566406,1,314.7621154785156,0.007692730426788336,0.5438008723258965,0
2,2154,-1.4346961975097656,1,284.7175598144531,0.00016546249389648438,-7.96375020980835,0
2,2155,-2.8580474853515625,0,240.8218231201172,0.09987149238586426,-10.536526292800904,0
2,2155,1.9355000553199346,1,240.8218231201172,0.09987149238586426,0.2505687885420905,1
2,2156,-2.0301666259765625,0,211.7233123779297,0.0999647319316864,-8.298798088788987,0
2,2156,1.6810154272441764,1,211.7233123779297,0.0999647319316864,0.32356601765249204,1
2,2157,-1.8736724853515625,0,164.2989959716797,0.08668740689754487,-7.03679238641262,0
2,2157,0.334926443140219,1,164.2989959716797,0.08668740689754487,-1.4195945294290575,1
2,2158,-1.297821044921875,0,79.41818237304688,0.08672267198562622,-4.187474644184112,0
2,2158,0.6634426203976957,1,79.41818237304688,0.08672267198562622,0.9350526864550291,1
2,2159,-0.36849212646484375,0,2.346038818359375,0.1,-0.787905029296875,0
2,2159,1.0874760752632895,1,2.346038818359375,0.1,3.3240313741593916,1
2,2160,0.31314849853515625,0,63.278194427490234,0.1,-0.6432668914794921,0
2,2160,-1.1406173022569348,1,63.278194427490234,0.1,-2.350798493063674,1
2,2161,1.1892318725585938,0,138.5955810546875,5.036592483492752e-07,-0.39344789612293246,0
2,2161,-0.13426154560086445,1,138.5955810546875,5.036592483492752e-07,-1.8404347324418489,1
2,2162,1.6036148071289062,0,175.87660217285156,5.036592483492752e-07,-0.31030244934558887,0
2,2162,-0.4178764631823171,1,175.87660217285156,5.036592483492752e-07,-3.1532849899680357,1
2,2163,1.8968734741210938,0,197.7958526611328,0.0,-0.1621701049804689,0
2,2163,-1.288684290737507,1,197.7958526611328,0.0,-5.3332856346976705,1
2,2164,2.0129661560058594,1,201.8852081298828,1.2516975402693253e-07,1.188228144407272,0
2,2165,1.9824905395507812,1,193.8285675048828,0.061699970811605456,1.285941730171441,0
2,2166,1.4290733337402344,1,180.7517852783203,0.03829989209771157,0.4415789662301541,0
2,2167,-1.9202804565429688,1,167.0913543701172,0.004943254590034488,-5.982585730671883,0
2,2168,-1.4097709655761719,1,147.81951904296875,0.09505625367164612,-4.579734562158585,0
2,2169,-1.3504753112792969,1,125.25939178466797,0.09748054146766663,-4.61003767991066,0
2,2170,-1.1442909240722656,0,103.72161102294922,0.09748101830482483,-4.366913309335708,0
2,2170,1.401612803917466,1,103.72161102294922,0.09748101830482483,1.924894146643755,1
2,2171,-0.8666267395019531,0,68.92776489257812,5.68926334380826e-06,-3.1118090044260027,0
2,2171,1.5296842521169651,1,68.92776489257812,5.68926334380826e-06,2.880812978811834,1
2,2172,-0.3828392028808594,0,18.131256103515625,0.0007389754056930514,-1.128333086848259,0
2,2172,0.5719887172935856,1,18.131256103515625,0.0007389754056930514,1.981322753500631,1
2,2173,0.4506378173828125,0,94.8066635131836,0.09925525784492494,-0.9988278458118439,0
2,2173,-0.4513286172537718,1,94.8066635131836,0.09925525784492494,-1.6027607150850127,1
2,2174,1.6272354125976562,0,211.82249450683594,1.4820694923402267e-05,-0.9819796577692029,0
2,2174,-1.7514988012222759,1,211.82249450683594,1.4820694923402267e-05,-6.539448085409067,1
2,2175,2.8402099609375,1,280.50994873046875,1.4430284500120683e-05,1.2702203700542443,0
2,2176,2.2116355895996094,1,277.008056640625,0.09056735932826995,0.07948735201358724,0
2,2177,-2.5980186462402344,1,244.26268005371094,0.01593350023031235,-8.881928233563901,0
2,2178,-2.217792510986328,1,197.5669708251953,0.07463351339101792,-7.789909779012203,0
2,2179,-1.6920089721679688,0,115.4975814819336,0.0926045060157776,-5.6976737542152405,0
2,2179,2.4101756848776503,1,115.4975814819336,0.0926045060157776,3.706695559875997,1
2,2180,-0.6997528076171875,0,48.324581146240234,0.007041618227958679,-2.366278902888298,0
2,2180,0.37826717307421376,1,48.324581146240234,0.007041618227958679,0.9897610584945046,1
2,2181,-0.115936279296875,0,16.475677490234375,0.09964684545993806,-0.565371982216835,0
2,2181,-0.012536073342289455,1,16.475677490234375,0.09964684545993806,0.841428429692336,1
2,2182,0.46537017822265625,0,71.22039794921875,0.07367806136608124,-0.49661472499370574,0
2,2182,0.7499086498236167,1,71.22039794921875,0.07367806136608124,1.2724622182082153,1
2,2183,0.8812675476074219,0,115.52046966552734,0.043720726668834684,-0.5496231271624563,0
2,2183,-0.6305604789528019,1,115.52046966552734,0.043720726668834684,-2.373279180282904,1
2,2184,1.307373046875,1,142.0745849609375,0.07004242092370988,0.9704526976943018,0
2,2185,1.7722053527832031,1,173.20249938964844,0.0058249145746231065,1.2801277211904516,0
2,2186,1.8021469116210938,1,183.1016387939453,0.005825069546699521,1.1420280445814124,0
2,2187,0.8798675537109375,1,178.3065643310547,0.0,-0.6063961791992187,0
2,2188,-1.8655815124511719,1,161.4036407470703,0.1,-5.76323583984375,0
2,2189,-1.5124893188476562,1,141.74270629882812,0.001204136013984683,-5.259880929112435,0
2,2190,-1.283416748046875,0,117.7863998413086,0.09879586398601532,-4.926513327479363,0
2,2190,0.20884662675474175,1,117.7863998413086,0.09879586398601532,-0.7419865778761287,1
2,2191,-0.9632720947265625,0,98.27422332763672,0.001090914011001587,-3.8920722925662994,0
2,2191,1.0345724195582875,1,98.27422332763672,0.001090914011001587,1.3036167360034006,1
2,2192,-0.9322662353515625,0,72.2198486328125,0.017664182186126712,-3.30963601064682,0
2,2192,2.346284831947891,1,72.2198486328125,0.017664182186126712,4.447466123952086,1
2,2193,-0.5430450439453125,0,31.108854293823242,0.08042148053646088,-1.7114840329885483,0
2,2193,0.08439125364229483,1,31.108854293823242,0.08042148053646088,0.7433885621866664,1
2,2194,0.2172393798828125,0,73.52828979492188,0.09917657673358918,-1.040054099202156,0
2,2194,-0.5807011172409773,1,73.52828979492188,0.09917657673358918,-1.4359350934497357,1
2,2195,1.2079010009765625,0,183.7844696044922,9.834766388078231e-08,-1.2598873940706254,0
2,2195,-0.5164183196241368,1,183.7844696044922,9.834766388078231e-08,-3.5085260352720242,1
2,2196,2.4713973999023438,1,287.7388000488281,9.834766388078231e-08,0.38801879489421776,0
2,2197,3.1343002319335938,1,323.6236267089844,0.0008819550275802612,0.9960926514863958,0
2,2198,-1.9557571411132812,1,307.0526123046875,0.09882460832595825,-9.456519512653351,0
2,2199,-2.8514976501464844,0,265.8271789550781,0.0002934366464614896,-11.01955061686039,0
2,2199,0.9612482586226676,1,265.8271789550781,0.0002934366464614896,-2.1940587993220855,1
2,2200,-2.404499053955078,0,219.2039337158203,0.09997859299182893,-9.197075925946235,0
2,2200,1.0085864244065164,1,219.2039337158203,0.09997859299182893,-1.1709049692230462,1
2,2201,-2.0798721313476562,0,156.1431884765625,0.09997639656066895,-7.2866070880889895,0
2,2201,1.622920314743773,1,156.1431884765625,0.09997639656066895,1.3189778040938693,1
2,2202,-0.9925651550292969,0,74.44381713867188,0.0003935396671295166,-3.4740223944187165,0
2,2202,-0.0683060999870051,1,74.44381713867188,0.0003935396671295166,-0.4255042843341329,1
2,2203,-0.204254150390625,0,22.796628952026367,0.005608364939689636,-0.864665214419365,0
2,2203,-0.28087102301287814,1,22.796628952026367,0.005608364939689636,0.18210104033612873,1
2,2204,0.5916595458984375,0,86.85301971435547,0.09399283528327942,-0.5575010159015656,0
2,2204,0.005178508429764861,1,86.85301971435547,0.09399283528327942,-0.530463090838911,1
2,2205,1.3021392822265625,0,142.87567138671875,3.063678741456466e-06,-0.25323498582839965,0
2,2205,0.7135747187012385,1,142.87567138671875,3.063678741456466e-06,-0.23036411287904757,1
2,2206,1.2856674194335938,0,173.35890197753906,0.0,-0.8958432006835939,0
2,2206,0.5447356259217102,1,173.35890197753906,0.0,-1.1777067877073608,1
2,2207,1.9233856201171875,0,203.5140838623047,0.0,-0.22351043701171847,0
2,2207,-0.9392537558382514,1,203.5140838623047,0.0,-4.748789188922596,1
2,2208,2.0955848693847656,1,210.8726348876953,0.0,1.1737170410156246,0
2,2209,2.055034637451172,1,200.1914825439453,0.0980199843645096,1.3023188246488566,0
2,2210,1.4031944274902344,1,191.12013244628906,0.0980199843645096,0.18006540668010712,0
2,2211,-1.8644523620605469,1,180.4771270751953,0.09990549385547638,-6.14244348537922,0
2,2212,-1.8476524353027344,1,156.80313110351562,9.447634220123569e-05,-6.231371271729469,0
2,2213,-1.4375267028808594,0,132.33184814453125,0.09998887479305268,-5.525689923644066,0
2,2213,1.2377379468943985,1,132.33184814453125,0.09998887479305268,1.0248393759064502,1
2,2214,-1.0696640014648438,0,108.70360565185547,0.09978129863739013,-4.317391367912292,0
2,2214,-0.47137429095046457,1,108.70360565185547,0.09978129863739013,-1.920811946883534,1
2,2215,-1.0419769287109375,0,71.68197631835938,0.09978616833686829,-3.5215848305225372,0
2,2215,0.3482261276014711,1,71.68197631835938,0.09978616833686829,0.4588212821022801,1
2,2216,-0.2423553466796875,0,18.886566162109375,1.1792778968816586e-05,-0.8624424883127213,0
2,2216,-0.4495024793773865,1,18.886566162109375,1.1792778968816586e-05,-0.07673675370811935,1
2,2217,0.79864501953125,0,134.9334716796875,0.09990281760692596,-1.1053755072355271,0
2,2217,-1.1409844421251165,1,134.9334716796875,0.09990281760692596,-3.7846344305482598,1
2,2218,2.0743980407714844,1,252.42613220214844,0.09992083609104158,0.2962766040563579,0
2,2219,2.784923553466797,1,292.755126953125,1.1920928952302567e-08,0.9147445673942559,0
2,2220,1.2939834594726562,1,289.1578674316406,0.09999988079071045,-1.9991904249191284,0
2,2221,-2.672588348388672,1,249.5231475830078,6.55651092584808e-08,-9.735639651060104,0
2,2222,-2.2800865173339844,0,206.9625701904297,5.956292152405063e-05,-8.699426820993423,0
2,2222,0.2971483851531289,1,206.9625701904297,5.956292152405063e-05,-2.3449570160191966,1
2,2223,-1.7470588684082031,0,144.8516845703125,0.09992251098155976,-6.395148328661919,0
2,2223,0.18023380520185128,1,144.8516845703125,0.09992251098155976,-1.3405629814418099,1
2,2224,-0.9582176208496094,0,76.141357421875,1.7884373664858733e-05,-3.439263105511665,0
2,2224,0.19015534751902408,1,76.141357421875,1.7884373664858733e-05,0.057482831225601515,1
2,2225,-0.30664825439453125,0,6.774901866912842,0.0,-0.7487945461273193,0
2,2225,0.008264597540204477,1,6.774901866912842,0.0,1.081031157742152,1
2,2226,0.2952995300292969,0,53.092952728271484,2.5629997253695525e-07,-0.4712600047588348,0
2,2226,-0.713461693566174,1,53.092952728271484,2.5629997253695525e-07,-1.2887824519497764,1
2,2227,0.8473968505859375,0,108.04366302490234,0.09999974370002747,-0.4700795490741728,0
2,2227,-1.3844685331876008,1,108.04366302490234,0.09999974370002747,-3.7338103166212493,1
2,2228,1.5222930908203125,0,158.1268310546875,5.751848220839073e-07,-0.11795046246051788,0
2,2228,0.8677731601594587,1,158.1268310546875,5.751848220839073e-07,-0.22699032378222528,1
2,2229,1.5274391174316406,1,177.4215545654297,0.07139452546834946,0.7035913625359536,0
2,2230,1.8758811950683594,1,192.7909698486328,0.022398851811885837,1.0950470390915863,0
2,2231,1.9468879699707031,1,193.69505310058594,0.006206047534942624,1.219626636028289,0
2,2232,-0.5072250366210938,1,179.2526092529297,0.0,-3.3995022583007817,0
2,2233,-1.495269775390625,1,155.86090087890625,0.06144514605402947,-4.910215374201536,0
2,2234,-1.443145751953125,1,134.16671752929688,0.03855468109250069,-4.971168041735888,0
2,2235,-1.3149986267089844,0,107.23494720458984,0.09999982714653016,-4.7786961905956264,0
2,2235,-0.041514904376612094,1,107.23494720458984,0.09999982714653016,-1.0317287459308822,1
2,2236,-0.9390487670898438,0,83.01543426513672,0.00015961825847625455,-3.538412604212761,0
2,2236,0.02062387435503865,1,83.01543426513672,0.00015961825847625455,-0.41906732132299623,1
2,2237,-0.6400337219238281,0,61.027523040771484,0.09973312616348268,-2.504607229709625,0
2,2237,0.8141131153807635,1,61.027523040771484,0.09973312616348268,1.6036864448995582,1
2,2238,-0.45928192138671875,0,22.693632125854492,0.06562935262918473,-1.3750616593956948,0
2,2238,0.483299783121943,1,22.693632125854492,0.06562935262918473,1.7101017496216289,1
2,2239,0.05487823486328125,0,34.641265869140625,0.032089389860630035,-0.5843524232506752,0
2,2239,-0.7915751549829366,1,34.641265869140625,0.032089389860630035,-1.077259202943111,1
2,2240,0.8233146667480469,0,127.15911102294922,0.001406660676002501,-0.8966091533899306,0
2,2240,0.007585084863997338,1,127.15911102294922,0.001406660676002501,-1.3280683171580296,1
2,2241,1.6704025268554688,0,227.64967346191406,0.09923265278339387,-1.2161577216386792,0
2,2241,-1.7759550940124669,1,227.64967346191406,0.09923265278339387,-6.9088729633745505,1
2,2242,3.1113204956054688,1,312.9119873046875,0.09993574023246765,1.1604038155078882,0
2,2243,0.6661758422851562,1,310.70709228515625,5.962252616882602e-05,-3.681792546033859,0
2,2244,-2.8609352111816406,1,266.0713195800781,0.0998364955186844,-10.447290273785592,0
2,2245,-2.4262161254882812,0,223.8731231689453,0.01743995845317841,-9.330592312693595,0
2,2245,-1.085857664823422,1,223.8731231689453,0.01743995845317841,-5.449875391363877,1
2,2246,-2.0096893310546875,0,176.0825958251953,0.017598831653594972,-7.541734531879425,0
2,2246,1.943864087814319,1,176.0825958251953,0.017598831653594972,1.565372305858587,1
2,2247,-1.3561897277832031,0,105.17882537841797,0.0,-4.8159559631347655,0
2,2247,1.7112607577383372,1,105.17882537841797,0.0,2.5189450079083144,1
2,2248,-0.7502822875976562,0,28.385160446166992,1.4901161193847656e-08,-2.0682677847146986,0
2,2248,-0.06844529121416087,1,28.385160446166992,1.4901161193847656e-08,0.49540620805229196,1
2,2249,0.10034561157226562,0,41.725154876708984,1.4901161193847656e-08,-0.6338118749856949,0
2,2249,-0.5806255855495834,1,41.725154876708984,1.4901161193847656e-08,-0.7957542692293931,1
2,2250,0.9175529479980469,0,111.53792572021484,0.1,-0.399652618408203,0
2,2250,0.9690129771885339,1,111.53792572021484,0.1,0.9032674399727711,1
2,2251,1.3182487487792969,0,149.7955322265625,0.09944667518138886,-0.3633910139799118,0
2,2251,-1.1531400269333432,1,149.7955322265625,0.09944667518138886,-4.106168565405191,1
2,2252,1.7325859069824219,0,188.93431091308594,0.000553324818611145,-0.3135365372896196,0
2,2252,0.822781475387437,1,188.93431091308594,0.000553324818611145,-0.9331454004795893,1
2,2253,1.7997207641601562,1,205.93260192871094,0.0,0.6807894897460933,0
2,2254,2.0848617553710938,1,208.4579315185547,0.05491186156868935,1.1983684059083457,0
2,2255,2.2774810791015625,1,204.39527893066406,0.0450880192220211,1.6652530588209624,0
2,2256,-1.1452140808105469,1,192.0547332763672,0.09999988079071045,-4.935522822380066,0
2,2257,-1.6128387451171875,1,169.11314392089844,0.0,-5.407940368652344,0
2,2258,-1.7252731323242188,1,144.6990966796875,0.03323693573474884,-5.745857675671578,0
2,2259,-1.2860298156738281,0,116.0163803100586,0.010119739174842834,-4.892792027115822,0
2,2259,1.1135551848726806,1,116.0163803100586,0.010119739174842834,1.106377973977196,1
2,2260,-1.0214042663574219,0,90.95763397216797,0.05664332509040833,-3.8642269451618194,0
2,2260,-0.6384673241827556,1,90.95763397216797,0.05664332509040833,-1.8983530608124872,1
2,2261,-0.7123794555664062,0,69.92721557617188,0.09228146672248841,-2.8269944813251495,0
2,2261,-0.538413848139534,1,69.92721557617188,0.09228146672248841,-1.279063266471405,1
2,2262,-0.624603271484375,0,45.87173080444336,0.09039922952651978,-2.170257128238678,0
2,2262,0.31234934880374965,1,45.87173080444336,0.09039922952651978,0.9036481123375715,1
2,2263,-0.3276329040527344,0,16.651153564453125,0.09390314221382143,-0.9920450050830841,0
2,2263,0.4334888502867926,1,16.651153564453125,0.09390314221382143,1.7301985035959702,1
2,2264,0.09732818603515625,0,36.3006591796875,0.004189196228981014,-0.5315243793725968,0
2,2264,-0.06282012690887484,1,36.3006591796875,0.004189196228981014,0.34817899473934105,1
2,2265,1.0910797119140625,0,152.496337890625,0.09984889924526215,-0.8717612899541854,0
2,2265,-1.7634710215821485,1,152.496337890625,0.09984889924526215,-5.380862756946607,1
2,2266,2.125865936279297,0,251.93785095214844,0.09985060095787049,-0.7910191705226896,0
2,2266,0.11894574601154062,1,251.93785095214844,0.09985060095787049,-3.604859551058202,1
2,2267,2.4951171875,1,288.2194519042969,0.0999762773513794,0.4218462858200066,0
2,2268,2.7329940795898438,1,259.63592529296875,0.09553419053554535,1.46944828569889,0
2,2269,-1.9767913818359375,1,225.5172576904297,0.0044658094644546495,-7.264106549859046,0
2,2270,-2.0875892639160156,1,190.38389587402344,7.367730140685896e-05,-7.382859392404557,0
2,2271,-1.4615669250488281,0,138.94271850585938,0.09992628097534181,-5.705985271453858,0
2,2271,1.6523008606531207,1,138.94271850585938,0.09992628097534181,1.7217502999500403,1
2,2272,-1.002410888671875,0,69.98062133789062,1.6659498214763313e-06,-3.4044342707395554,0
2,2272,-0.264124497419985,1,69.98062133789062,1.6659498214763313e-06,-0.7278614882357755,1
2,2273,-0.321563720703125,0,2.902984380722046,0.012134638428688047,-0.7016725145578384,0
2,2273,0.03457989437865905,1,2.902984380722046,0.012134638428688047,1.2106147156057294,1
2,2274,0.35253143310546875,0,60.447689056396484,0.08678535223007203,-0.507362329006195,0
2,2274,1.4531120944859666,1,60.447689056396484,0.08678535223007203,2.893798993754801,1
2,2275,0.8811111450195312,0,109.50469207763672,0.09892169535160064,-0.43182841932773575,0
2,2275,0.08031100302535066,1,109.50469207763672,0.09892169535160064,-0.833428703316097,1
2,2276,1.3230438232421875,1,147.91488647460938,0.06545522212982177,0.8851717081069949,0
2,2277,1.6072235107421875,1,169.2161407470703,0.03415457308292389,1.0287580236196519,0
2,2278,1.7524795532226562,1,177.3338165283203,0.0003901660442352309,1.158267169237136,0
2,2279,0.9667778015136719,1,172.00086975097656,0.0842427670955658,-0.3098315026760101,0
2,2280,-1.8356437683105469,1,160.07614135742188,0.06778846979141236,-5.675521902561187,0
2,2281,-1.4857864379882812,1,138.24081420898438,0.016454192996025088,-4.537047327876091,0
2,2282,-1.1298713684082031,1,115.41747283935547,0.09971300065517427,-3.9720807136297225,0
2,2283,-1.0224037170410156,0,90.78597259521484,0.060126043111085894,-3.8629319277107714,0
2,2283,-0.2782455693529968,1,90.78597259521484,0.060126043111085894,-1.174615632334734,1
2,2284,-0.7848854064941406,0,50.506587982177734,0.03958709761500359,-2.581486056536436,0
2,2284,0.09670781787373528,1,50.506587982177734,0.03958709761500359,0.38170039219931573,1
2,2285,-0.17379379272460938,0,16.025543212890625,0.09999992847442628,-0.6720984468460083,0
2,2285,0.5659880530518109,1,16.025543212890625,0.09999992847442628,2.0074652447068324,1
2,2286,0.666290283203125,0,102.87093353271484,0.09999983608722687,-0.7288380976915358,0
2,2286,-0.24850135129351258,1,102.87093353271484,0.09999983608722687,-1.358421366684811,1
2,2287,1.3529014587402344,1,154.77371215820312,0.09900095760822297,0.8063686360120775,0
2,2288,1.6440505981445312,1,168.51805114746094,0.09900001585483552,1.1137801727056504,0
2,2289,1.8226280212402344,1,160.90773010253906,0.09974675476551056,1.6231115702390662,0
2,2290,1.1270904541015625,1,144.4091796875,0.0001503884792327867,0.5659912989139558,0
2,2291,-1.3012619018554688,1,117.44307708740234,0.0435641810297966,-3.753127912700176,0
2,2292,-1.0030860900878906,1,85.54839324951172,0.05628855675458909,-2.5193915874361994,0
2,2293,-0.6595001220703125,1,47.35946273803711,0.05249305982142687,-1.0682892212942245,0
2,2294,-0.20982742309570312,1,2.0751953125,0.0525379391387105,0.7367397299930453,0
2,2295,0.15886688232421875,1,31.505582809448242,5.602836608900597e-07,0.8876220860481262,0
2,2296,0.4502906799316406,1,63.49563217163086,0.0029947012662887573,0.8305489283800127,0
2,2297,0.8077926635742188,1,92.31185150146484,0.09668235778808594,0.9654810028076173,0
2,2298,1.1326370239257812,1,110.1570053100586,0.0996770590543747,1.258146859288216,0
2,2299,0.3408775329589844,1,117.67195892333984,0.09474685192108155,-0.4754739866256711,0
2,2300,-1.0529708862304688,1,115.62728118896484,0.09424576461315157,-3.2222572268247602,0
2,2301,-1.1279869079589844,1,109.32158660888672,0.0005010783672332736,-3.242425591230392,0
2,2302,-1.1267356872558594,1,95.35979461669922,0.0006603986024856581,-2.960693682789802,0
2,2303,-0.7791900634765625,1,80.02853393554688,0.0006603837013244643,-2.5589772210121153,0
2,2304,-0.8032722473144531,0,66.71142578125,2.384185791154403e-08,-2.9407730112075807,0
2,2304,0.6225712052825898,1,66.71142578125,2.384185791154403e-08,1.1109138939865055,1
2,2305,-0.5905532836914062,0,52.276607513427734,0.0,-2.226638717651367,0
2,2305,1.8191719450437844,1,52.276607513427734,0.0,3.7928117398190135,1
2,2306,-0.4227943420410156,0,29.979703903198242,0.0863109052181244,-1.448635198354721,0
2,2306,0.3581153866526421,1,29.979703903198242,0.0863109052181244,1.3131842590325946,1
2,2307,-0.08156967163085938,0,7.358550548553467,0.0863109052181244,-0.31376279044151306,0
2,2307,1.078731890126285,1,7.358550548553467,0.0863109052181244,3.2068403330727757,1
2,2308,0.2442626953125,0,50.262447357177734,0.0764043688774109,-0.5197797312736511,0
2,2308,0.6437162630091535,1,50.262447357177734,0.0764043688774109,1.4791274041196563,1
2,2309,1.0170440673828125,0,136.79122924804688,0.023380255699157713,-0.7026716604232788,0
2,2309,-1.627766514233116,1,136.79122924804688,0.023380255699157713,-4.792292823655136,1
2,2310,1.8458442687988281,1,190.9866180419922,0.09978462457656861,1.0679647917747488,0
2,2311,1.8578414916992188,1,211.30751037597656,5.960464477539063e-08,0.6895327734947201,0
2,2312,0.8298912048339844,1,191.41004943847656,0.09999985992908478,-0.9724185734987258,0
2,2313,-1.7131996154785156,1,151.73721313476562,0.09999991953372955,-5.265143490433693,0
2,2314,-1.2195816040039062,1,95.03936004638672,0.0,-3.1399504089355466,0
2,2315,-0.5834426879882812,1,29.407499313354492,6.362795829772949e-06,-0.5550356167554855,0
2,2316,0.002239227294921875,1,22.674558639526367,6.362795829772949e-06,0.7509870272874832,0
2,2317,0.6170539855957031,1,81.0279769897461,0.09941437542438508,0.8095718563795091,0
2,2318,1.0377006530761719,1,120.2430648803711,0.09939828217029573,0.8665640772581104,0
2,2319,1.1976814270019531,1,141.9219970703125,0.09998386800289155,0.7529235578775407,0
2,2320,0.9819107055664062,1,158.92410278320312,3.8743019105391685e-08,-0.014660646080970587,0
2,2321,-1.722320556640625,1,154.28543090820312,0.1,-5.334349731445312,0
2,2322,-1.5155830383300781,1,147.02987670898438,0.09999996125698091,-4.775763609290123,0
2,2323,-1.2446022033691406,1,130.70297241210938,3.8743019105391685e-08,-4.5032638565301895,0
2,2324,-1.1938362121582031,0,109.8976058959961,0.09999977052211761,-4.589624533057212,0
2,2324,1.0944526376826715,1,109.8976058959961,0.09999977052211761,1.1869531666245368,1
2,2325,-1.0714836120605469,0,85.93749237060547,0.0976595550775528,-3.8656234537363052,0
2,2325,-0.01780350525018548,1,85.93749237060547,0.0976595550775528,-0.5582632401155826,1
2,2326,-0.7186965942382812,0,61.187740325927734,0.09765978455543518,-2.6650543863773346,0
2,2326,2.35104806600436,1,61.187740325927734,0.09765978455543518,4.674434934107947,1
2,2327,-0.4714546203613281,0,23.590085983276367,0.1,-1.4187109603881836,0
2,2327,1.180410172929598,1,23.590085983276367,0.1,3.0850186261936687,1
2,2328,0.26198577880859375,0,63.40407943725586,0.09827307462692261,-0.7480409541130065,0
2,2328,0.33758189992331467,1,63.40407943725586,0.09827307462692261,0.6031512881164355,1
2,2329,1.002685546875,0,124.71770477294922,0.0017269253730773926,-0.4890520787239073,0
2,2329,-1.3879104135248426,1,124.71770477294922,0.0017269253730773926,-4.070243999523592,1
2,2330,1.6598167419433594,0,184.6580352783203,4.172325134277344e-07,-0.3735272383689882,0
2,2330,-1.1139143853515208,1,184.6580352783203,4.172325134277344e-07,-4.720989492958749,1
2,2331,1.9636688232421875,1,241.06214904785156,3.6060810089388884e-07,0.3060946511030193,0
2,2332,2.6008529663085938,1,271.5339660644531,0.008266299962997437,0.9706959593296044,0
2,2333,-1.3175125122070312,1,276.23748779296875,0.00826635658740997,-6.960105434536934,0
2,2334,-2.6707420349121094,1,258.0146789550781,0.04975722027011216,-9.903767937736585,0
2,2335,-2.420574188232422,0,224.3003692626953,0.04975722027011216,-9.329146050529554,0
2,2335,-1.5409921550470642,1,224.3003692626953,0.04975722027011216,-6.369981984158839,1
2,2336,-1.9566612243652344,0,167.2324981689453,0.09999997019767762,-7.261972410917282,0
2,2336,1.5272194634508196,1,167.2324981689453,0.09999997019767762,0.9057889647148258,1
2,2337,-1.1908493041992188,0,103.67583465576172,0.03395767360925675,-4.456573608458042,0
2,2337,1.4974098385011985,1,103.67583465576172,0.03395767360925675,2.1199446769427928,1
2,2338,-0.5719223022460938,0,21.156309127807617,0.030700738728046417,-1.5681988165974616,0
2,2338,1.6625090605401454,1,21.156309127807617,0.030700738728046417,4.100663908975017,1
2,2339,0.3219490051269531,0,70.35064697265625,0.09674303531646729,-0.7669846506118775,0
2,2339,0.33808639788289696,1,70.35064697265625,0.09674303531646729,0.4652901349000104,1
2,2340,1.0838127136230469,0,133.72039794921875,0.0004482090473175021,-0.506800460100174,0
2,2340,-0.16617980561594692,1,133.72039794921875,0.0004482090473175021,-1.8067854985781615,1
2,2341,1.3690109252929688,0,166.2216033935547,0.09599381089210511,-0.5902499697208407,0
2,2341,-1.8595686050790476,1,166.2216033935547,0.09599381089210511,-5.847409030464874,1
2,2342,2.0158767700195312,0,193.9048614501953,0.0964135766029358,0.14979976797103867,0
2,2342,-1.1070554937685273,1,193.9048614501953,0.0964135766029358,-4.896064759605078,1
2,2343,1.9891166687011719,1,202.7854766845703,2.760291099548201e-05,1.1225226995944972,0
2,2344,1.8610343933105469,1,208.40452575683594,0.0999990075826645,0.749978311181068,0
2,2345,2.0676803588867188,1,205.1200714111328,0.09999982416629791,1.228959296584129,0
2,2346,-1.9249649047851562,1,194.2863311767578,0.0004625797271728474,-6.535674936294556,0
2,2347,-1.8123855590820312,1,170.03248596191406,0.09433601796627045,-6.4291942781209945,0
2,2348,-1.4080162048339844,0,144.4549560546875,0.005201375484466551,-5.705339585781098,0
2,2348,0.5263794050049029,1,144.4549560546875,0.005201375484466551,-0.6365483661033228,1
2,2349,-1.2447013854980469,0,110.06926727294922,0.09999997913837433,-4.694788115620613,0
2,2349,0.3411781902013047,1,110.06926727294922,0.09999997913837433,-0.32302896422190963,1
2,2350,-1.0529289245605469,0,85.32714080810547,8.940696710757479e-09,-3.8124006656408307,0
2,2350,0.2921535180910553,1,85.32714080810547,8.940696710757479e-09,0.0777642196623734,1
2,2351,-0.6834030151367188,0,65.50216674804688,5.7777762413030453e-05,-2.6768516763448713,0
2,2351,0.23467330984624368,1,65.50216674804688,5.7777762413030453e-05,0.3593009736210535,1
2,2352,-0.4637489318847656,0,30.879972457885742,5.761384963989813e-05,-1.5450996174812317,0
2,2352,2.4077242480129257,1,30.879972457885742,5.761384963989813e-05,5.39784674231415,1
2,2353,-0.07393264770507812,0,17.28057861328125,1.9073486327847444e-07,-0.49347687530517576,0
2,2353,-0.4001381965564974,1,17.28057861328125,1.9073486327847444e-07,0.05411202699198561,1
2,2354,0.6903877258300781,0,108.25347137451172,0.009910899400711062,-0.7846904118061064,0
2,2354,-0.8352496040410315,1,108.25347137451172,0.009910899400711062,-2.6359650715483256,1
2,2355,1.4048805236816406,0,191.0209503173828,0.08826075792312622,-1.0141883893013002,0
2,2355,-2.130389347109748,1,191.0209503173828,0.08826075792312622,-6.884728130884078,1
2,2356,2.2730789184570312,1,246.49427795410156,0.0018282771110534682,0.8161991467475886,0
2,2357,2.7458877563476562,1,249.68336486816406,0.09700053036212922,1.6942281941175457,0
2,2358,1.16900634765625,1,242.5460662841797,0.002987703680992125,-1.3130281385183329,0
2,2359,-2.3430252075195312,1,225.23497009277344,0.0999882996082306,-8.59474934887886,0
2,2360,-2.2741546630859375,0,184.1506805419922,0.0,-8.231322937011718,0
2,2360,1.0029577284494096,1,184.1506805419922,0.0,-0.4770981539410246,1
2,2361,-1.5078163146972656,0,119.70137786865234,0.1,-5.4136601867675775,0
2,2361,0.5651543044082814,1,119.70137786865234,0.1,-0.06771894855648375,1
2,2362,-0.75042724609375,0,53.00521469116211,1.013278961153885e-07,-2.560958790063858,0
2,2362,0.12003267887380531,1,53.00521469116211,1.013278961153885e-07,0.3799610598712526,1
2,2363,-0.11039352416992188,0,21.755216598510742,0.009638762474060064,-0.6562769308090209,0
2,2363,0.19488149773069807,1,21.755216598510742,0.009638762474060064,1.1542731129922188,1
2,2364,0.6577415466308594,0,85.7276840209961,0.007322442531585691,-0.39936348485946666,0
2,2364,0.5934016827857391,1,85.7276840209961,0.007322442531585691,0.6719567874502931,1
2,2365,1.053009033203125,0,122.06267547607422,0.06613353490829468,-0.337880784511566,0
2,2365,-0.9423774772955298,1,122.06267547607422,0.06613353490829468,-3.1286538055088755,1
2,2366,1.240814208984375,1,148.65493774414062,0.08309483826160431,0.7052058695554735,0
2,2367,1.7949180603027344,1,173.76707458496094,0.06534468829631805,1.3118808413743963,0
2,2368,1.8055419921875,1,183.3000030517578,0.06534469127655029,1.142470135688781,0
2,2369,0.112335205078125,1,176.4297332763672,0.0,-2.103924255371094,0
2,2370,-1.6767082214355469,1,160.56060791015625,0.0,-5.364628601074219,0
2,2371,-1.5217361450195312,1,144.76394653320312,0.09087427258491516,-5.342386191606522,0
2,2372,-1.3486366271972656,0,126.11388397216797,0.007712340354919432,-5.2198594274520875,0
2,2372,0.6638607969355448,1,126.11388397216797,0.007712340354919432,0.005135420813533734,1
2,2373,-1.2471733093261719,0,102.47039031982422,0.08232065737247468,-4.547047251343727,0
2,2373,1.1099803033551652,1,102.47039031982422,0.08232065737247468,1.3672599740189473,1
2,2374,-0.8141593933105469,0,78.47976684570312,0.0023610860109329196,-3.1980085669755938,0
2,2374,-0.1606793971867404,1,78.47976684570312,0.0023610860109329196,-0.6910485747279806,1
2,2375,-0.579010009765625,0,33.69903564453125,0.0019463419914245578,-1.832078586101532,0
2,2375,0.3802514880460137,1,33.69903564453125,0.0019463419914245578,1.2864444095217455,1
2,2376,0.019134521484375,0,36.075592041015625,0.050429672189056876,-0.6852599847391248,0
2,2376,0.8973701897660789,1,36.075592041015625,0.050429672189056876,2.271211351824283,1
2,2377,0.7549781799316406,0,126.70897674560547,0.04830875676125288,-1.026155525319278,0
2,2377,-1.0200043447035938,1,126.70897674560547,0.04830875676125288,-3.3761205745897467,1
2,2378,1.8825416564941406,0,228.12269592285156,0.09998880028724672,-0.8013701574802395,0
2,2378,-1.1758695195845803,1,228.12269592285156,0.09998880028724672,-5.7181925096376816,1
2,2379,2.521320343017578,1,263.5688781738281,5.304813385009766e-06,0.9712629103660576,0
2,2380,2.8445892333984375,1,253.57435607910156,0.0005587935447692871,1.8176689934730526,0
2,2381,-2.3869285583496094,1,227.88999938964844,0.09941065311431885,-8.135633530616762,0
2,2382,-2.1372756958007812,1,197.0748748779297,3.021061420440535e-05,-7.616050097584725,0
2,2383,-1.6659660339355469,0,138.18740844726562,1.8060207366971115e-06,-6.095680309057236,0
2,2383,1.4555299953591074,1,138.18740844726562,1.8060207366971115e-06,1.347311749532073,1
2,2384,-1.0141639709472656,0,70.33538818359375,0.00013115704059600553,-3.43504095184803,0
2,2384,1.3381753095789293,1,70.33538818359375,0.00013115704059600553,2.46963760920436,1
2,2385,-0.3381195068359375,0,2.960204839706421,0.0998670369386673,-0.7394377919435501,0
2,2385,0.6506800905869241,1,2.960204839706421,0.0998670369386673,2.438161402902173,1
2,2386,0.285247802734375,0,51.46407699584961,1.257061958313127e-05,-0.4587864372730254,0
2,2386,-0.03982861588524855,1,51.46407699584961,1.257061958313127e-05,0.09106072548772741,1
2,2387,0.7183456420898438,0,91.36199188232422,0.09998742938041688,-0.39454805064201365,0
2,2387,0.9364551438104272,1,91.36199188232422,0.09998742938041688,1.2416709527991534,1
2,2388,1.19488525390625,0,139.404296875,0.0,-0.3983154296875,0
2,2388,-1.4674943002481058,1,139.404296875,0.0,-4.523074537996211,1
2,2389,1.5707359313964844,1,168.7240447998047,0.09999998509883881,0.9629909673929214,0
2,2390,1.5920028686523438,1,181.9839324951172,6.467103958116005e-07,0.7443270615339279,0
2,2391,1.8469009399414062,1,184.2269744873047,0.0944596141576767,1.2054840055704108,0
2,2392,-1.2597732543945312,1,168.9872589111328,0.09446025490760804,-4.703070097208023,0
2,2393,-1.4132041931152344,1,147.15957641601562,0.0024009168148040813,-4.569695951223373,0
2,2394,-1.4569206237792969,1,119.09102630615234,0.08259666860103607,-4.6989656404256825,0
2,2395,-1.0347900390625,0,90.70586395263672,0.08499760329723358,-3.8870972613096235,0
2,2395,2.391709255421283,1,90.70586395263672,0.08499760329723358,4.1659013276579415,1
2,2396,-0.7571334838867188,0,63.514705657958984,0.08543018102645875,-2.7879782881736754,0
2,2396,0.9455399553210455,1,63.514705657958984,0.08543018102645875,1.8173685902418533,1
2,2397,-0.45011138916015625,0,34.88922119140625,0.01456863582134247,-1.5985899475812912,0
2,2397,0.07728397882304705,1,34.88922119140625,0.01456863582134247,0.6562007883851153,1
2,2398,0.13605880737304688,0,57.067867279052734,0.09997368156909943,-0.8732386780977248,0
2,2398,-0.9671609513358135,1,57.067867279052734,0.09997368156909943,-1.8796781955154453,1
2,2399,1.1611671447753906,0,159.09957885742188,0.09997486174106598,-0.8636562820672989,0
2,2399,-1.2280195941145564,1,159.09957885742188,0.09997486174106598,-4.442029759847193,1
2,2400,1.7692604064941406,1,221.16468811035156,0.0,0.3152270507812496,0
2,2401,2.6506614685058594,1,246.39891052246094,0.0,1.5733447265624996,0
2,2402,-0.38025665283203125,1,233.92103576660156,0.09972217679023743,-4.242922908067703,0
2,2403,-2.3142623901367188,1,223.0911102294922,0.09972217679023743,-8.49433587193489,0
2,2404,-2.034870147705078,0,181.9724884033203,0.0920155793428421,-7.712870686650276,0
2,2404,1.392051002378274,1,181.9724884033203,0.0920155793428421,0.34097161351642796,1
2,2405,-1.4662895202636719,0,119.65178680419922,0.09125450551509859,-5.329264956831932,0
2,2405,0.7414537985478518,1,119.65178680419922,0.09125450551509859,0.28622168079111554,1
2,2406,-0.8806571960449219,0,54.36324691772461,0.0007610738277435275,-2.848609773397446,0
2,2406,0.7817117554197779,1,54.36324691772461,0.0007610738277435275,1.6761281295319541,1
2,2407,-0.09514236450195312,0,24.295804977416992,3.1226873397828536e-05,-0.676202077627182,0
2,2407,1.0222467831608029,1,24.295804977416992,3.1226873397828536e-05,2.75857621769833,1
2,2408,0.6992149353027344,0,96.79412078857422,3.1226873397828536e-05,-0.5374537942409516,0
2,2408,0.4238876560046023,1,96.79412078857422,3.1226873397828536e-05,0.11189164716278445,1
2,2409,1.1168556213378906,0,143.37539672851562,0.09961743354797364,-0.6377813892364502,0
2,2409,-1.1145390752145587,1,143.37539672851562,0.09961743354797364,-3.9005707823413487,1
2,2410,1.6137580871582031,1,174.0531768798828,0.00038255453109741627,0.9464373345375061,0
2,2411,1.8536033630371094,1,192.52394104003906,0.09999980330467226,1.0527279131412497,0
2,2412,1.7579689025878906,1,195.66725158691406,0.09999419748783112,0.7985930055379858,0
2,2413,0.33240509033203125,1,188.7283172607422,0.09995158016681671,-1.913754227757454,0
2,2414,-1.9609451293945312,1,166.9845428466797,0.029977728426456456,-6.062780224859715,0
2,2415,-1.517730712890625,1,140.62881469726562,0.06997905224561692,-5.2508368818163875,0
2,2416,-1.2874221801757812,0,115.74935150146484,0.023743322491645815,-4.890781123280525,0
2,2416,0.1200995685944406,1,115.74935150146484,0.023743322491645815,-0.8757376257400814,1
2,2417,-0.9299583435058594,0,63.45748519897461,0.07624283134937286,-3.1321161042451857,0
2,2417,0.6705445825423837,1,63.45748519897461,0.07624283134937286,1.2688897478513006,1
2,2418,-0.17638015747070312,0,22.701261520385742,1.3428926467898283e-05,-0.8067860825061798,0
2,2418,-0.0706052017110963,1,22.701261520385742,1.3428926467898283e-05,0.6047638290130338,1
2,2419,0.6948471069335938,0,106.49871063232422,0.09992964863777161,-0.7442771847248076,0
2,2419,-1.0784457358842374,1,106.49871063232422,0.09992964863777161,-3.09086287036047,1
2,2420,1.4021987915039062,1,154.54864501953125,0.09980404973030091,0.9094325206279756,0
2,2421,1.5391349792480469,1,151.63040161132812,0.00023308694362640658,1.2456526027917865,0
2,2422,1.3153495788574219,1,140.58685302734375,0.00035868585109710693,1.018947749733925,0
2,2423,1.3276023864746094,1,135.56289672851562,1.0728836059847868e-07,1.143946834087372,0
2,2424,-0.9268150329589844,1,163.2346954345703,0.00035958886146544855,-3.9183383581638336,0
2,2425,-1.5483207702636719,1,143.39065551757812,0.00014269351959228516,-4.76446035861969,0
2,2426,-1.1323585510253906,1,110.58043670654297,0.09151823818683624,-3.279986565709114,0
2,2427,-0.92950439453125,1,57.46078109741211,0.008199951052665709,-2.4085524090528487,0
2,2428,-0.239532470703125,0,3.269195318222046,6.349384784698486e-05,-0.5444513875246048,0
2,2428,1.0843971050438412,1,3.269195318222046,6.349384784698486e-05,3.303407763969328,1
2,2429,0.2698402404785156,1,49.957271575927734,0.09995626509189606,0.7365367988348008,0
2,2430,0.8228302001953125,1,93.7843246459961,0.08252540826797486,0.9666728911399842,0
2,2431,1.1046104431152344,1,124.27901458740234,0.08256107866764069,0.9203381513357166,0
2,2432,1.2284622192382812,1,143.99337768554688,0.09998916685581208,0.7730573180913927,0
2,2433,1.4984817504882812,1,152.18734741210938,4.050135612485017e-06,1.1532163907289508,0
2,2434,-1.1668052673339844,1,146.29745483398438,1.4901161193847656e-08,-4.059559631943703,0
2,2435,-1.2413482666015625,1,130.22232055664062,0.09997978508472444,-3.8911421357393263,0
2,2436,-1.179901123046875,1,109.15755462646484,0.09997980296611786,-3.3469525307416914,0
2,2437,-1.0470504760742188,1,99.78484344482422,1.1026859283308488e-07,-3.489797825455666,0
2,2438,-1.0783767700195312,0,80.7228012084961,9.238719939769213e-08,-3.771209567904472,0
2,2438,-0.02407883571609659,1,80.7228012084961,9.238719939769213e-08,-0.46261369929760315,1
2,2439,-0.625762939453125,0,54.92019271850586,0.09999998211860657,-2.3539297325611113,0
2,2439,-0.20215285455712717,1,54.92019271850586,0.09999998211860657,-0.30670956276911576,1
2,2440,-0.29302978515625,0,4.5623779296875,0.0006727457046508817,-0.677334038734436,0
2,2440,0.0888210914192058,1,4.5623779296875,0.0006727457046508817,1.2863677144164756,1
2,2441,0.3612632751464844,0,71.624755859375,0.001426821947097777,-0.7100256397724152,0
2,2441,-0.6484467307942623,1,71.624755859375,0.001426821947097777,-1.5294456516539086,1
2,2442,0.8358917236328125,0,125.32042694091797,0.00209634006023407,-0.8347089451551436,0
2,2442,-0.028602794882012006,1,125.32042694091797,0.00209634006023407,-1.3636979821847925,1
2,2443,1.4456405639648438,1,154.55245971679688,0.03965933695435524,0.9986455601155759,0
2,2444,1.7121086120605469,1,155.5023193359375,0.03966256454586983,1.5125843348205081,0
2,2445,1.3902168273925781,1,152.70614624023438,0.04552790746092797,0.9244896136820319,0
2,2446,0.6450691223144531,1,140.54107666015625,0.05447209253907204,-0.32286217227578146,0
2,2447,-1.3029098510742188,1,120.57112884521484,0.1,-3.821242279052734,0
2,2448,-1.1470794677734375,1,88.39034271240234,4.857778549208214e-07,-2.8619658092260356,0
2,2449,-0.63922119140625,1,55.175777435302734,3.9339065551619035e-07,-1.1819579472541808,0
2,2450,-0.333831787109375,1,15.602110862731934,0.0999999076128006,0.21629421222209927,0
2,2451,0.05907440185546875,1,23.483274459838867,0.0,0.8484833145141601,0
2,2452,0.4174919128417969,1,54.30984115600586,0.0,0.9487870025634768,0
2,2453,0.6478385925292969,1,73.2879638671875,0.0999998152256012,1.02591791510582,0
2,2454,0.7427558898925781,1,89.32494354248047,1.6391277313232422e-07,0.8990129023790361,0
2,2455,1.1104087829589844,1,109.74883270263672,8.940696717696373e-09,1.2258409115076068,0
2,2456,0.8074569702148438,1,120.55205535888672,0.09999992251396181,0.399872836351395,0
2,2457,-1.1848258972167969,1,115.64635467529297,0.09999959468841554,-3.4865788717269894,0
2,2458,-1.1073265075683594,1,105.5641098022461,0.0999938726425171,-3.129934966087341,0
2,2459,-0.9676551818847656,1,89.13802337646484,0.09999375939369202,-2.522070581674576,0
2,2460,-0.8583793640136719,1,68.40896606445312,0.04491038285195828,-1.8867344646304844,0
2,2461,-0.5781402587890625,1,49.247737884521484,0.04491083584725857,-1.543031708702445,0
2,2462,-0.3923797607421875,0,31.307218551635742,0.00315307080745697,-1.411030015349388,0
2,2462,1.224043735369932,1,31.307218551635742,0.00315307080745697,3.021816976874851,1
2,2463,-0.194915771484375,0,7.801055431365967,0.09684633016586304,-0.5497265048027038,0
2,2463,0.4722774097525786,1,7.801055431365967,0.09684633016586304,1.9846598576712036,1
2,2464,0.29473114013671875,0,64.24713134765625,5.990266799954513e-07,-0.6954803706407547,0
2,2464,-0.7111726509800675,1,64.24713134765625,5.990266799954513e-07,-1.5072879528743273,1
2,2465,1.0907936096191406,1,140.04135131835938,0.0991919755935669,0.5767925138473513,0
2,2466,1.4687728881835938,1,178.0166473388672,0.0008060485124588013,0.5771805876493454,0
2,2467,1.8922042846679688,1,190.21604919433594,0.09875309765338898,1.1761374615430824,0
2,2468,-0.44998931884765625,1,170.50550842285156,0.09873279333114623,-3.11403811788559,0
2,2469,-1.8548049926757812,1,165.4281463623047,0.09628428518772125,-5.822024284005166,0
2,2470,-1.4289512634277344,1,146.6522216796875,0.0036914736032485976,-5.191094619393349,0
2,2471,-1.1727867126464844,0,91.2971420288086,1.2814998626708984e-06,-4.171516317129135,0
2,2471,1.7444073024295363,1,91.2971420288086,1.2814998626708984e-06,2.8628717130229058,1
2,2472,-0.5897102355957031,0,22.533414840698242,0.09999673664569855,-1.634088637471199,0
2,2472,0.7129372508331997,1,22.533414840698242,0.09999673664569855,2.1712063353866067,1
2,2473,0.08982467651367188,0,35.53009033203125,0.09999997913837433,-0.5349524527788162,0
2,2473,0.7033096886345973,1,35.53009033203125,0.09999997913837433,1.8920175714630347,1
2,2474,0.561798095703125,0,83.35494232177734,0.09999983012676239,-0.5475026482343675,0
2,2474,-0.5320588016459169,1,83.35494232177734,0.09999983012676239,-1.5352164429324513,1
2,2475,1.0875053405761719,1,127.0942611694336,2.583861351011796e-06,0.8331253544092182,0
2,2476,1.5967178344726562,1,157.08160400390625,0.09999554157257082,1.2478037672042848,0
2,2477,1.6575393676757812,1,172.1114959716797,0.000700470805168156,1.072820797085762,0
2,2478,0.5730857849121094,1,175.8498992919922,0.00011675655841827254,-1.1708310862779616,0
2,2479,-1.7170982360839844,1,168.2662811279297,0.012106829881668092,-5.6000063679218295,0
2,2480,-1.6211509704589844,1,155.52520751953125,0.023607026040554046,-5.753750372350217,0
2,2481,-1.4575958251953125,0,140.05279541015625,0.036467684805393225,-5.717706265985965,0
2,2481,1.3151619312668288,1,140.05279541015625,0.036467684805393225,1.027809246938317,1
2,2482,-1.3345985412597656,0,124.35149383544922,3.4055113792418046e-05,-5.156228321433067,0
2,2482,0.9678383560424137,1,124.35149383544922,3.4055113792418046e-05,0.6486454731712917,1
2,2483,-0.9852485656738281,0,92.26988983154297,0.09996895194053651,-3.8198936860561368,0
2,2483,0.36159901540206363,1,92.26988983154297,0.09996895194053651,0.07380147609564652,1
2,2484,-0.4161720275878906,0,15.502928733825684,0.0,-1.142402629852295,0
2,2484,-0.4620816128744565,1,15.502928733825684,0.0,-0.03422180042542666,1
2,2485,0.7415809631347656,0,128.33023071289062,0.0,-1.0834426879882812,0
2,2485,-0.10573857113588048,1,128.33023071289062,0.0,-1.5780817565295735,1
2,2486,1.9315109252929688,0,208.17564392089844,0.09999432861804963,-0.30449080097675296,0
2,2486,-0.22037670107312124,1,208.17564392089844,0.09999432861804963,-3.4082660537089327,1
2,2487,2.305713653564453,1,238.68177795410156,0.06729406863451004,1.0350999853014942,0
2,2488,2.1070632934570312,1,228.50416564941406,0.0672997310757637,0.8413512846827502,0
2,2489,-0.29413604736328125,1,201.22145080566406,8.940696717696373e-09,-3.412701111197471,0
2,2490,-1.7975387573242188,1,157.84454345703125,0.09999998509883881,-5.555968383193016,0
2,2491,-1.1349220275878906,1,99.15923309326172,0.08709627091884614,-3.0565125678777694,0
2,2492,-0.6351127624511719,1,24.600980758666992,0.012903714179992677,-0.5627612886428833,0
2,2493,0.07854843139648438,1,35.099029541015625,0.0,0.6551162719726562,0
2,2494,0.5590744018554688,1,81.7298812866211,5.960464476151284e-09,0.6835511777400971,0
2,2495,1.0659294128417969,1,123.7068099975586,0.09947196543216706,0.8537437471151356,0
2,2496,1.5611953735351562,1,154.2816162109375,0.00722613632678986,1.2364693773984912,0
2,2497,1.6313400268554688,1,170.03248596191406,0.007753804326057434,1.061720182299614,0
2,2498,-1.5548210144042969,1,172.7866973876953,0.09172684252262116,-5.369045050263405,0
2,2499,-1.6772613525390625,1,161.4456024169922,0.008251386880874637,-5.383764808893204,0
2,2500,-1.6356086730957031,1,136.70730590820312,2.077519893645824e-05,-5.405364295363427,0
2,2501,-1.1047019958496094,0,110.5537338256836,0.09928039014339447,-4.424449883818626,0
2,2501,2.172932728497379,1,110.5537338256836,0.09928039014339447,3.33081956487535,1
2,2502,-1.0057106018066406,0,77.96096801757812,0.0007150948047637967,-3.570669167757034,0
2,2502,-0.4565253189515559,1,77.96096801757812,0.0007150948047637967,-1.272298602046865,1
2,2503,-0.6660652160644531,0,57.830806732177734,3.880262374876542e-06,-2.488746721982956,0
2,2503,0.5428625512760448,1,57.830806732177734,3.880262374876542e-06,1.1291088126980402,1
2,2504,-0.46219635009765625,0,16.559600830078125,0.09966038763523102,-1.2595711323022842,0
2,2504,0.7320996998553753,1,16.559600830078125,0.09966038763523102,2.3290209676037787,1
2,2505,0.14981842041015625,0,54.62264633178711,0.00033961236476898193,-0.7928296703100204,0
2,2505,0.49900860524368085,1,54.62264633178711,0.00033961236476898193,1.105550699357029,1
2,2506,1.2540702819824219,0,184.6885528564453,0.09999279975891114,-1.1896302051544192,0
2,2506,-1.4003781877698813,1,184.6885528564453,0.09999279975891114,-5.298527144659026,1
2,2507,2.5539283752441406,1,299.5147705078125,7.200241088869963e-06,0.31756105232238696,0
2,2508,2.9018821716308594,1,328.6132507324219,0.03808891549706459,0.42997577199339765,0
2,2509,-0.6227874755859375,1,295.29571533203125,0.03808891549706459,-5.953012814432382,0
2,2510,-2.9302215576171875,1,243.01527404785156,0.1,-10.124748596191406,0
2,2511,-1.99176025390625,0,201.7593231201172,0.09341496825218201,-8.022443568944931,0
2,2511,0.25504941441458584,1,201.7593231201172,0.09341496825218201,-2.328824232303259,1
2,2512,-1.7111473083496094,0,143.64242553710938,0.09341496825218201,-6.298879726171494,0
2,2512,0.3399061897537692,1,143.64242553710938,0.09341496825218201,-0.9967727299647362,1
2,2513,-0.9647636413574219,0,58.746334075927734,0.1,-3.1084539642333984,0
2,2513,2.4121808150230635,1,58.746334075927734,0.1,4.845434948527572,1
2,2514,-0.13219833374023438,0,24.295804977416992,0.025863762199878695,-0.7513473175168037,0
2,2514,0.3525829500951261,1,24.295804977416992,0.025863762199878695,1.4182152501539174,1
2,2515,0.4896965026855469,0,76.8890380859375,0.07327562421560288,-0.5613187813162803,0
2,2515,-1.113762043884094,1,76.8890380859375,0.07327562421560288,-2.5682358744555622,1
2,2516,1.2217750549316406,0,137.59613037109375,0.09913938641548158,-0.312338073015213,0
2,2516,-1.2983406670961486,1,137.59613037109375,0.09913938641548158,-4.152569517070791,1
2,2517,1.6028366088867188,0,176.0024871826172,0.09700348973274231,-0.3182566654682161,0
2,2517,-0.4335041345054975,1,176.0024871826172,0.09700348973274231,-3.1909381522526488,1
2,2518,2.0689163208007812,1,195.13319396972656,0.09608445167541504,1.4313253841400138,0
2,2519,1.7795448303222656,1,199.9626007080078,0.09908096194267274,0.7558744080066673,0
2,2520,1.995819091796875,1,197.2884979248047,0.0,1.2458682250976554,0
2,2521,-1.0115432739257812,1,182.14796447753906,1.3053417205824425e-06,-4.466045889616013,0
2,2522,-1.536285400390625,1,161.0069122314453,0.09974216520786286,-5.096698732018472,0
2,2523,-1.4742507934570312,1,136.37542724609375,0.09626557230949404,-5.079860754728317,0
2,2524,-1.3528823852539062,0,108.45946502685547,0.08580727577209474,-4.878386362075806,0
2,2524,1.4008278489143748,1,108.45946502685547,0.08580727577209474,1.829034106260757,1
2,2525,-0.8819923400878906,0,68.53103637695312,0.010714194178581236,-3.135033975481987,0
2,2525,0.29691826871571436,1,68.53103637695312,0.010714194178581236,0.4227872421252232,1
2,2526,-0.395660400390625,0,19.87457275390625,0.09981503486633302,-1.1928048572540284,0
2,2526,0.8692156801267785,1,19.87457275390625,0.09981503486633302,2.536947303780779,1
2,2527,0.2753715515136719,0,68.21823120117188,0.06502269953489304,-0.8162224289774894,0
2,2527,0.5409805341681206,1,68.21823120117188,0.06502269953489304,0.9149955363314083,1
2,2528,1.1670341491699219,0,155.47943115234375,0.012480492889881135,-0.7760195444226266,0
2,2528,0.21359083778668264,1,155.47943115234375,0.012480492889881135,-1.4829061671891048,1
2,2529,1.7585525512695312,1,220.0736846923828,0.07768752574920655,0.31252390766143756,0
2,2530,2.6238861083984375,1,250.2975311279297,0.03533439636230469,1.4404082183837887,0
2,2531,0.012683868408203125,1,245.88392639160156,0.06466558873653412,-3.694897414565086,0
2,2532,-2.0388870239257812,1,208.89280700683594,0.0999999761581421,-7.659630187034607,0
2,2533,-1.8058586120605469,0,155.49850463867188,0.0999999910593033,-6.725687316536903,0
2,2533,-0.5027316239289306,1,155.49850463867188,0.0999999910593033,-2.9194333402736707,1
2,2534,-1.3034019470214844,0,86.08245086669922,0.00011776089668273648,-4.32845762181282,0
2,2534,-0.39860714947788267,1,86.08245086669922,0.00011776089668273648,-1.3188680267256172,1
2,2535,-0.506256103515625,0,20.751951217651367,0.00011776089668273648,-1.4275559418201447,0
2,2535,0.8198463479458127,1,20.751951217651367,0.00011776089668273648,2.424648961102731,1
2,2536,0.09181976318359375,0,34.81292724609375,0.0,-0.5126190185546875,0
2,2536,-0.25218105270267444,1,34.81292724609375,0.0,-0.000620650327223915,1
2,2537,0.7530288696289062,0,93.5859603881836,0.0270042821764946,-0.36674163979291924,0
2,2537,-0.5779896915890745,1,93.5859603881836,0.0270042821764946,-1.828778762228881,1
2,2538,1.1504707336425781,1,132.31277465820312,0.0729814425110817,0.8517667164206506,0
2,2539,1.6566619873046875,1,164.4210662841797,1.3810396194455232e-05,1.2249020965099335,0
2,2540,1.5522079467773438,1,176.1131134033203,0.09999953508377075,0.7781536440849305,0
2,2541,1.667938232421875,1,173.33982849121094,0.034937220811843875,1.0676824061870576,0
2,2542,-1.8352470397949219,1,158.07723999023438,0.034936642646789556,-5.633436345100403,0
2,2543,-1.3217353820800781,1,139.39285278320312,5.781650543185135e-07,-4.2313278429508205,0
2,2544,-1.285125732421875,1,115.08177947998047,0.0,-4.27188705444336,0
2,2545,-0.9102325439453125,0,61.91634750366211,0.0,-3.058792037963867,0
2,2545,0.6184219335821268,1,61.91634750366211,0.0,1.1985169170910117,1
2,2546,-0.1658172607421875,0,28.060911178588867,8.046627044538956e-08,-0.8928527482748031,0
2,2546,-0.21992668506576507,1,28.060911178588867,8.046627044538956e-08,0.1989284030780417,1
2,2547,0.8296241760253906,1,122.00926971435547,0.09997720420360566,0.415063869595528,0
2,2548,1.547332763671875,1,173.61448669433594,0.09996702373027802,0.8183771125078202,0
2,2549,1.6390533447265625,1,184.6885528564453,1.0260939598084884e-05,0.7843352218866348,0
2,2550,1.119964599609375,1,173.28260803222656,0.09335693418979646,-0.02945723879337309,0
2,2551,-1.6567535400390625,1,159.5458984375,0.014954316616058349,-5.3050232214927675,0
2,2552,-1.3620529174804688,1,142.29965209960938,0.02156369984149933,-4.370961424946785,0
2,2553,-1.2509422302246094,1,109.71068572998047,3.3661723136901855e-05,-4.096099521517754,0
2,2554,-0.9466285705566406,0,62.942501068115234,0.0005607575178146404,-3.1521295927762987,0
2,2554,0.45960352362116197,1,62.942501068115234,0.0005607575178146404,0.8603345955793069,1
2,2555,-0.35887908935546875,0,15.266417503356934,0.0005061089992523249,-1.0231067731380463,0
2,2555,0.307667566140573,1,15.266417503356934,0.0005061089992523249,1.5099865378540374,1
2,2556,0.043094635009765625,0,23.422239303588867,0.09994533061981202,-0.3862533292770386,0
2,2556,-0.16686046184130987,1,23.422239303588867,0.09994533061981202,0.39383647702081037,1
2,2557,0.6023330688476562,0,80.06668090820312,0.0,-0.39666748046875,0
2,2557,0.5309660264647462,1,80.06668090820312,0.0,0.6605984347654301,1
2,2558,1.0290946960449219,1,117.85124969482422,0.0,0.9011643981933597,0
2,2559,1.2880325317382812,1,136.99722290039062,0.0006516218185424819,1.0360945405960085,0
2,2560,1.4363594055175781,1,148.70071411132812,0.00994346737861633,1.0983067901134493,0
2,2561,1.5203170776367188,1,153.88107299804688,0.010595089197158812,1.1625888917446139,0
2,2562,-1.3732109069824219,1,152.30560302734375,0.0,-4.592533874511719,0
2,2563,-1.4915428161621094,1,146.29364013671875,0.1,-4.712958435058593,0
2,2564,-1.4130821228027344,1,137.20703125,0.004486411809921265,-4.970484327077866,0
2,2565,-1.180633544921875,0,124.06539154052734,0.09550916552543641,-4.846395287275314,0
2,2565,-1.101383060889738,1,124.06539154052734,0.09550916552543641,-3.4878943192110397,1
2,2566,-1.1782989501953125,0,87.3603744506836,0.0998963713645935,-4.10780124425888,0
2,2566,1.0430736140855856,1,87.3603744506836,0.0998963713645935,1.5349438843029157,1
2,2567,-0.5578804016113281,0,16.063690185546875,9.891390800476074e-05,-1.4370385634899139,0
2,2567,-0.4442864187630349,1,16.063690185546875,9.891390800476074e-05,-0.009850597793327483,1
2,2568,0.4592781066894531,0,106.13631439208984,0.09999959766864777,-1.2081700583696364,0
2,2568,0.33134799256593084,1,106.13631439208984,0.09999959766864777,-0.26403028661668076,1
2,2569,1.7945404052734375,0,233.6692657470703,0.00417618453502655,-1.084471551775932,0
2,2569,-1.699079268641988,1,233.6692657470703,0.00417618453502655,-6.871710899606783,1
2,2570,2.8033828735351562,1,305.68695068359375,0.004176294803619383,0.692859681606292,0
2,2571,1.2972602844238281,1,311.4662170410156,0.0014182657003402738,-2.4348605026006696,0
2,2572,-2.9695892333984375,1,286.67449951171875,0.001409319043159489,-11.072724829792977,0
2,2573,-2.7367591857910156,0,261.9781494140625,0.09999105334281921,-10.717081001996995,0
2,2573,2.922870336382104,1,261.9781494140625,0.09999105334281921,1.8021780423492446,1
2,2574,-2.4388809204101562,0,225.21971130371094,0.07956358492374421,-9.38533861029148,0
2,2574,1.2050317754783606,1,225.21971130371094,0.07956358492374421,-0.8975132185144469,1
2,2575,-1.965362548828125,0,168.2700958251953,0.07951788902282715,-7.299307729721069,0
2,2575,1.7012617649804014,1,168.2700958251953,0.07951788902282715,1.2339408978959825,1
2,2576,-1.2872962951660156,0,91.91893768310547,0.012208908796310425,-4.413459700345993,0
2,2576,-0.3834387858160824,1,91.91893768310547,0.012208908796310425,-1.4057446816461268,1
2,2577,-0.45336151123046875,0,6.271361827850342,0.011896279454231266,-1.0326261101961136,0
2,2577,-0.009370118102999925,1,6.271361827850342,0.011896279454231266,1.055356676058824,1
2,2578,0.37656402587890625,0,73.09341430664062,0.09963728487491608,-0.7127257257699966,0
2,2578,-0.27751989195276394,1,73.09341430664062,0.09963728487491608,-0.820893561433337,1
2,2579,0.9632530212402344,0,132.49588012695312,0.015761074423789975,-0.7240420030355453,0
2,2579,-1.3802993779247146,1,132.49588012695312,0.015761074423789975,-4.211146801365443,1
2,2580,1.6153297424316406,0,182.4722137451172,0.08121284544467927,-0.42203330385684984,0
2,2580,-1.0751773420130135,1,182.4722137451172,0.08121284544467927,-4.603047472746159,1
2,2581,2.230243682861328,0,214.5194854736328,0.002119600772857666,0.17001287221908598,0
2,2581,-0.8705797596649276,1,214.5194854736328,0.002119600772857666,-4.831634012833425,1
2,2582,1.965362548828125,0,219.6731414794922,0.09909791052341461,-0.46670164835453004,0
2,2582,1.2539632898328605,1,219.6731414794922,0.09909791052341461,-0.6895001663450588,1
2,2583,2.171131134033203,1,214.35926818847656,3.089606761932234e-05,1.2550756684541697,0
2,2584,2.3075637817382812,1,206.6154327392578,0.02839767932891846,1.6816830015182491,0
2,2585,0.06852340698242188,1,194.90431213378906,0.028428575396537783,-2.5621765717267992,0
2,2586,-1.4931716918945312,1,180.70982360839844,0.1,-5.404539855957031,0
2,2587,-1.8680572509765625,1,157.74917602539062,0.07326759546995164,-6.294028726279736,0
2,2588,-1.4105606079101562,0,127.37273406982422,0.026732395589351653,-5.369645193040371,0
2,2588,-0.5613310360552433,1,127.37273406982422,0.026732395589351653,-2.4711860493305444,1
2,2589,-1.012359619140625,0,100.76140594482422,0.09990207552909852,-4.043943440198898,0
2,2589,1.9638774549158171,1,100.76140594482422,0.09990207552909852,3.1085307079139852,1
2,2590,-0.85064697265625,0,70.70159912109375,0.09990208446979523,-3.1193220111131668,0
2,2590,0.7116066817997861,1,70.70159912109375,0.09990208446979523,1.2051852977989057,1
2,2591,-0.5221405029296875,0,23.136137008666992,0.0033639848232269315,-1.507138305425644,0
2,2591,1.04105636663202,1,23.136137008666992,0.0033639848232269315,2.8192554336977715,1
2,2592,0.049564361572265625,0,32.596588134765625,0.0033639848232269315,-0.5529375989437103,0
2,2592,-0.6873695121287255,1,32.596588134765625,0.0033639848232269315,-0.8268053463456927,1
2,2593,0.7431144714355469,0,103.0464096069336,0.1,-0.578699249267578,0
2,2593,0.8867319049195146,1,103.0464096069336,0.1,0.9085356177003576,1
2,2594,1.4448471069335938,0,160.2630615234375,0.0,-0.3155670166015625,0
2,2594,-1.2888798302997486,1,160.2630615234375,0.0,-4.583020891068247,1
2,2595,1.9407920837402344,1,221.6911163330078,3.1888484954695206e-07,0.6477618280649181,0
2,2596,2.2119102478027344,1,259.4718933105469,0.09832990467548372,0.43044943320751117,0
2,2597,1.0213890075683594,1,269.5732116699219,0.09831481277942658,-2.152618810772896,0
2,2598,-2.971820831298828,1,265.14434814453125,0.02013936936855316,-10.647334200263023,0
2,2599,-2.7067718505859375,0,218.90638732910156,0.019492596387863163,-9.79245115160942,0
2,2599,0.25558198644357333,1,218.90638732910156,0.019492596387863163,-2.6677434775503985,1
2,2600,-1.6518821716308594,0,151.63421630859375,0.0006621837615966783,-6.336475156784058,0
2,2600,1.5450669588332389,1,151.63421630859375,0.0006621837615966783,1.257423104144139,1
2,2601,-1.0629920959472656,0,66.7877197265625,0.09999996721744538,-3.465738585114479,0
2,2601,-0.18525841022985645,1,66.7877197265625,0.09999996721744538,-0.5102712136796608,1
2,2602,-0.2042083740234375,0,16.307830810546875,4.023313522338867e-07,-0.7345733803510666,0
2,2602,0.23968835287214318,1,16.307830810546875,4.023313522338867e-07,1.353220073440095,1
2,2603,0.5516357421875,0,86.60124969482422,0.03687204271554947,-0.6302283912301064,0
2,2603,0.449490388631105,1,86.60124969482422,0.03687204271554947,0.3654809016571038,1
2,2604,1.1896095275878906,0,142.608642578125,0.036799146234989165,-0.4744257622361183,0
2,2604,0.4844264112582479,1,142.608642578125,0.036799146234989165,-0.6847919948954035,1
2,2605,1.6293449401855469,0,176.0825958251953,0.002155429124832152,-0.26304825329780596,0
2,2605,-0.7473811119620279,1,176.0825958251953,0.002155429124832152,-3.8165003575929557,1
2,2606,1.8407669067382812,1,187.92723083496094,0.0977712392807007,1.1190783472061148,0
2,2607,1.6873054504394531,1,187.30543518066406,0.031564702093601224,0.827239609181881,0
2,2608,2.0467796325683594,1,183.25804138183594,0.06379742771387101,1.6258465403914444,0
2,2609,-0.8323783874511719,1,173.35508728027344,0.0953007608652115,-3.935670550942421,0
2,2610,-1.5135917663574219,1,162.71971130371094,0.09839795827865602,-5.085513677120209,0
2,2611,-1.6635894775390625,1,140.36941528320312,0.003060501813888554,-5.534689680814743,0
2,2612,-1.2613067626953125,0,112.25890350341797,0.004601174592971803,-4.767975642442703,0
2,2612,1.4625515448493474,1,112.25890350341797,0.004601174592971803,1.8797409726466168,1
2,2613,-0.9182395935058594,0,70.3887939453125,0.03853076845407486,-3.2457962966561316,0
2,2613,1.6042008518755466,1,70.3887939453125,0.03853076845407486,2.9990845941066806,1
2,2614,-0.37224578857421875,0,9.71221923828125,0.061469231545925145,-0.9411947311758995,0
2,2614,0.7425909449586712,1,9.71221923828125,0.061469231545925145,2.4884787358898803,1
2,2615,0.5672149658203125,0,100.40282440185547,0.0,-0.8736265563964842,0
2,2615,1.5125016954284476,1,100.40282440185547,0.0,2.216946902819786,1
2,2616,1.4459877014160156,0,174.8123016357422,1.3113021850308382e-07,-0.6042706351280214,0
2,2616,-0.24001206228179228,1,174.8123016357422,1.3113021850308382e-07,-2.7762701625236375,1
2,2617,1.7608757019042969,1,204.71189880371094,0.0017275959253311157,0.6274443238973614,0
2,2618,2.209606170654297,1,195.9457244873047,0.0016269057989120456,1.7002327753305426,0
2,2619,0.21413040161132812,1,183.8188018798828,0.0001007854938507094,-2.048119265794754,0
2,2620,-1.6154556274414062,1,175.99485778808594,9.113252162933766e-05,-5.550812055945397,0
2,2621,-1.6946029663085938,1,158.82110595703125,9.11682844162015e-05,-5.965631698489189,0
2,2622,-1.3603096008300781,0,115.79512786865234,2.980232241545089e-09,-5.0365217591524125,0
2,2622,1.5336268527203458,1,115.79512786865234,2.980232241545089e-09,1.9513511479484358,1
2,2623,-0.9397430419921875,0,57.388301849365234,0.09999054968357086,-3.0312517429590224,0
2,2623,0.24935965817322625,1,57.388301849365234,0.09999054968357086,0.5469536573718052,1
2,2624,-0.25531768798828125,0,4.932403564453125,0.0999905526638031,-0.6132830693721771,0
2,2624,-0.002886210024406921,1,4.932403564453125,0.0999905526638031,1.0915798865555715,1
2,2625,0.3184928894042969,0,57.58285140991211,0.0011474728584289565,-0.5147171483039855,0
2,2625,0.02168207149784962,1,57.58285140991211,0.0011474728584289565,0.09166121588311991,1
2,2626,0.7516059875488281,0,102.50853729248047,0.09885186553001404,-0.5509128453731535,0
2,2626,-0.4271424613190078,1,102.50853729248047,0.09885186553001404,-1.7084097431088254,1
2,2627,1.3719558715820312,1,140.5029296875,0.099999338388443,1.1298531758785249,0
2,2628,1.3599624633789062,1,158.49685668945312,4.6834349632263184e-05,0.7499859195947649,0
2,2629,1.8199806213378906,1,169.0635528564453,0.09742857217788697,1.4547930426597586,0
2,2630,0.46404266357421875,1,169.31150817871094,0.0025245934724807753,-1.2582458201646805,0
2,2631,-1.5105667114257812,1,165.7028045654297,0.09944129586219788,-5.139167165994644,0
2,2632,-1.602508544921875,1,154.62493896484375,0.09943645894527436,-5.7014933274984365,0
2,2633,-1.4563713073730469,0,137.22991943359375,0.09999492168426513,-5.661340800285339,0
2,2633,1.3291888670358958,1,137.22991943359375,0.09999492168426513,1.1097795485325461,1
2,2634,-1.3624114990234375,0,111.4234848022461,5.364418029230045e-08,-4.953292696237564,0
2,2634,2.22471405854386,1,111.4234848022461,5.364418029230045e-08,3.4209584188970306,1
2,2635,-0.9569206237792969,0,80.18112182617188,0.09999672770500184,-3.521463553190231,0
2,2635,0.43156466259554804,1,80.18112182617188,0.09999672770500184,0.4555070195594587,1
2,2636,-0.5652923583984375,0,28.686521530151367,2.977252006527986e-06,-1.7043152664899825,0
2,2636,0.7356147386779099,1,28.686521530151367,2.977252006527986e-06,2.0974989276627123,1
2,2637,0.07331466674804688,0,39.00146484375,0.04404181353747845,-0.6351616359204054,0
2,2637,0.3798153171077132,1,39.00146484375,0.04404181353747845,1.1778396647989275,1
2,2638,0.9336280822753906,0,121.15096282958984,0.0337872039526701,-0.5571145801991223,0
2,2638,0.4764934386929198,1,121.15096282958984,0.0337872039526701,-0.2713838673640637,1
2,2639,1.5742759704589844,0,194.7593536376953,0.009502995014190677,-0.7470152516365053,0
2,2639,0.1855491704655492,1,194.7593536376953,0.009502995014190677,-2.324468851623376,1
2,2640,2.4008216857910156,1,271.64459228515625,0.09924838542938233,0.5647815904617303,0
2,2641,2.940204620361328,1,301.76544189453125,0.0,1.0451004028320305,0
2,2642,-2.634387969970703,1,275.1884460449219,7.045269012448396e-06,-10.172545142650604,0
2,2643,-2.4399261474609375,0,221.8704071044922,7.045269012448396e-06,-9.317260718822478,0
2,2643,1.0744748541441353,1,221.8704071044922,7.045269012448396e-06,-1.088458715612333,1
2,2644,-1.975738525390625,0,174.0684356689453,0.09999999701976776,-7.436845764040947,0
2,2644,-0.20771032852606908,1,174.0684356689453,0.09999999701976776,-2.7007893703118357,1
2,2645,-1.4113540649414062,0,110.22948455810547,0.09999960660934448,-5.031297805309295,0
2,2645,0.6161700517937163,1,110.22948455810547,0.09999960660934448,0.22375042816094978,1
2,2646,-0.7254371643066406,0,26.046751022338867,0.09999960958957672,-1.9758093334436417,0
2,2646,1.267816285256636,1,26.046751022338867,0.09999960958957672,3.2106975656829118,1
2,2647,0.09738540649414062,0,39.13116455078125,9.31024551391324e-06,-0.5878528504371643,0
2,2647,0.628934906725874,1,39.13116455078125,9.31024551391324e-06,1.6752461500263027,1
2,2648,0.718231201171875,0,98.55651092529297,0.09574699401855469,-0.5384976959228517,0
2,2648,-0.469455133118565,1,98.55651092529297,0.09574699401855469,-1.7138703645037316,1
2,2649,1.2663192749023438,0,148.67401123046875,0.09575520157814027,-0.4446718828678131,0
2,2649,-1.1118037930742517,1,148.67401123046875,0.09575520157814027,-4.000918018821004,1
2,2650,1.6929168701171875,0,182.96812438964844,0.09999889731407166,-0.27752870345115677,0
2,2650,-0.38092175750021084,1,182.96812438964844,0.09999889731407166,-3.2252059586859536,1
2,2651,1.9222831726074219,1,198.47486877441406,0.09997319877147676,1.0710700417757026,0
2,2652,2.015625,1,203.2699432373047,2.4893879890443282e-05,1.1658501394987102,0
2,2653,1.2224693298339844,1,198.8639678955078,1.9073486328125e-06,-0.3323407745361328,0
2,2654,-1.9156341552734375,1,183.80735778808594,0.09812712073326112,-6.311340551137925,0
2,2655,-1.7094306945800781,1,158.97750854492188,0.09812712073326112,-6.002336644887925,0
2,2656,-1.4255332946777344,0,128.96728515625,0.09997039139270783,-5.434411108136177,0
2,2656,2.711438129228867,1,128.96728515625,0.09997039139270783,4.039531739677025,1
2,2657,-1.0241889953613281,0,100.94451141357422,0.09996794164180756,-4.071266936659812,0
2,2657,-0.5116992779144667,1,100.94451141357422,0.09996794164180756,-1.84628750176609,1
2,2658,-0.8784561157226562,0,59.20791244506836,1.8119812011732628e-06,-2.9410705528259276,0
2,2658,1.1118956917152971,1,59.20791244506836,1.8119812011732628e-06,2.2396330620499794,1
2,2659,-0.3076171875,0,3.421783208847046,0.09999936223030091,-0.687670013666153,0
2,2659,-0.40131753090898314,1,3.421783208847046,0.09999936223030091,0.32492929951588073,1
2,2660,0.555450439453125,0,106.62078094482422,0.003167432546615598,-1.0216414372920988,0
2,2660,0.2561105469544742,1,106.62078094482422,0.003167432546615598,-0.4203212222894002,1
2,2661,1.48480224609375,0,211.3571014404297,0.09265354871749878,-1.2612436785697934,0
2,2661,-1.7095667983873284,1,211.3571014404297,0.09265354871749878,-6.44998176753195,1
2,2662,2.67340087890625,1,299.1676330566406,0.004170036315917974,0.5632822952270501,0
2,2663,2.7881126403808594,1,311.2945556640625,0.09999101758003236,0.5463345267772668,0
2,2664,-3.271026611328125,1,284.1339111328125,0.09465171992778779,-11.628517514109612,0
2,2665,-2.415802001953125,0,255.8212127685547,0.09464448690414429,-9.95181403875351,0
2,2665,0.5967818090494177,1,255.8212127685547,0.09464448690414429,-2.726646416748424,1
2,2666,-2.3708839416503906,0,216.3314666748047,2.4065375328063965e-05,-9.068398179411888,0
2,2666,0.9539975386244421,1,216.3314666748047,2.4065375328063965e-05,-1.218635218862222,1
2,2667,-1.9449234008789062,0,138.42010498046875,0.0999666839838028,-6.6622475687265394,0
2,2667,2.4054137979006,1,138.42010498046875,0.0999666839838028,3.2384268288324725,1
2,2668,-0.8678245544433594,0,61.874385833740234,0.09999777972698212,-2.9771367367506025,0
2,2668,0.6406544856084722,1,61.874385833740234,0.09999777972698212,1.2398213433530605,1
2,2669,-0.14969635009765625,0,22.495267868041992,1.311302185100227e-07,-0.749298062801361,0
2,2669,0.6104188059516034,1,22.495267868041992,1.311302185100227e-07,1.9709322492971584,1
2,2670,0.7534828186035156,0,103.11125946044922,1.5547871589666196e-05,-0.5552601739168166,0
2,2670,-1.1929621003600772,1,103.11125946044922,1.5547871589666196e-05,-3.248150011844002,1
2,2671,1.3330841064453125,0,158.050537109375,3.959536552428783e-05,-0.49484411311149595,0
2,2671,-1.4004594576655975,1,158.050537109375,3.959536552428783e-05,-4.761931241333316,1
2,2672,1.6252861022949219,0,195.4879608154297,4.974305629729808e-05,-0.659189001441002,0
2,2672,-2.039383210584596,1,195.4879608154297,4.974305629729808e-05,-6.788527627200038,1
2,2673,2.0753402709960938,0,213.48570251464844,0.0013500303030014038,-0.11908750951290102,0
2,2673,-1.8094609887478015,1,213.48570251464844,0.0013500303030014038,-6.688690029000691,1
2,2674,2.137348175048828,1,214.43556213378906,0.0013555020093917874,1.1859308873414989,0
2,2675,2.3692588806152344,1,212.43666076660156,0.0,1.689784545898437,0
2,2676,-0.2673492431640625,1,194.0879669189453,0.06640319973230363,-3.2191139526963237,0
2,2677,-1.8058891296386719,1,170.36436462402344,0.06638914495706558,-5.821721117556096,0
2,2678,-1.5841026306152344,1,149.26528930664062,0.09997211694717408,-5.557509932041168,0
2,2679,-1.5035820007324219,0,124.75203704833984,0.09998617172241211,-5.506204189300537,0
2,2679,1.0098328969968762,1,124.75203704833984,0.09998617172241211,0.7206256061580593,1
2,2680,-0.9994735717773438,0,98.33907318115234,0.005506992340087891,-3.9659488868713377,0
2,2680,0.28683511592624455,1,98.33907318115234,0.005506992340087891,-0.1933315114641612,1
2,2681,-0.8002166748046875,0,65.7196044921875,0.005506992340087891,-2.9150457191467285,0
2,2681,0.7302252264080238,1,65.7196044921875,0.005506992340087891,1.3458380832786943,1
2,2682,-0.4659271240234375,0,41.877742767333984,0.013655036687850952,-1.7699553048610686,0
2,2682,0.04731869713781833,1,41.877742767333984,0.013655036687850952,0.45653633746144284,1
2,2683,-0.3352241516113281,0,21.980283737182617,0.012156650424003601,-1.1105402439832688,0
2,2683,0.39705352113754344,1,21.980283737182617,0.012156650424003601,1.5540151015144745,1
2,2684,-0.12386322021484375,0,2.624511480331421,0.0014938622713088975,-0.3002764245271683,0
2,2684,1.4017846288966354,1,2.624511480331421,0.0014938622713088975,3.95101927369579,1
2,2685,0.22066116333007812,0,49.598690032958984,3.3468008041395714e-06,-0.5506516078710556,0
2,2685,-0.09840786929292733,1,49.598690032958984,3.3468008041395714e-06,0.011210326882933401,1
2,2686,1.1255035400390625,0,152.862548828125,0.09999737441539765,-0.8102437914609909,0
2,2686,-1.7738146464600035,1,152.862548828125,0.09999737441539765,-5.408880164459123,1
2,2687,1.8382225036621094,0,242.52699279785156,0.09999855160713196,-1.1780947906970975,0
2,2687,-2.0103264363446414,1,242.52699279785156,0.09999855160713196,-7.675192670710599,1
2,2688,2.8348731994628906,1,304.3365478515625,0.0010024309158325195,0.7829753446578972,0
2,2689,2.4458236694335938,1,301.3420104980469,0.052370821312069896,0.06271229605376649,0
2,2690,-3.1495933532714844,1,269.99664306640625,0.04659521393477917,-11.100983376428486,0
2,2691,-2.2375640869140625,0,228.7826385498047,9.508132934570035e-05,-9.050784748077392,0
2,2691,0.22315986395440035,1,228.7826385498047,9.508132934570035e-05,-2.9293368463404663,1
2,2692,-1.9561119079589844,0,162.5594940185547,0.09987338185310364,-7.167408631563187,0
2,2692,2.3699739323265945,1,162.5594940185547,0.09987338185310364,2.6847630490079704,1
2,2693,-1.1226615905761719,0,71.83074951171875,0.09999999701976776,-3.6859381712675097,0
2,2693,1.0830057530993003,1,71.83074951171875,0.09999999701976776,1.925396516083435,1
2,2694,-0.2545661926269531,0,9.189605712890625,1.0091066360476408e-05,-0.6929249031543732,0
2,2694,-0.5017900772860386,1,9.189605712890625,1.0091066360476408e-05,0.01262732752745576,1
2,2695,0.524017333984375,0,79.17022705078125,0.09781901836395264,-0.5392826337814332,0
2,2695,-0.6215220717939616,1,79.17022705078125,0.09781901836395264,-1.6303614453381063,1
2,2696,0.9620704650878906,0,127.9182357788086,0.002168610692024231,-0.6343105298280715,0
2,2696,1.1366001588914187,1,127.9182357788086,0.002168610692024231,0.914748857778985,1
2,2697,1.5208587646484375,0,168.94529724121094,0.09805298149585724,-0.3411105347871782,0
2,2697,-0.834007539850532,1,168.94529724121094,0.09805298149585724,-3.850843143785117,1
2,2698,2.0277481079101562,1,194.2252960205078,0.09786430597305298,1.3670757231712332,0
2,2699,1.7876052856445312,1,200.2639617919922,0.09980904459953309,0.765938973665237,0
2,2700,2.1703567504882812,1,192.70704650878906,0.1,1.6825725708007804,0
2,2701,-1.7761421203613281,1,175.0106658935547,0.09961892068386079,-5.856482315421105,0
2,2702,-1.775604248046875,1,151.611328125,0.09961892068386079,-5.387419815421104,0
2,2703,-1.2719802856445312,1,131.23703002929688,0.09154654741287233,-4.5723630337715155,0
2,2704,-1.1576614379882812,0,104.3739242553711,0.008436766266822819,-4.403138831734657,0
2,2704,-0.5147181103375829,1,104.3739242553711,0.008436766266822819,-1.9172521764332604,1
2,2705,-0.9189109802246094,0,81.09664154052734,0.09998099505901337,-3.463754031062126,0
2,2705,-0.1305272179060779,1,81.09664154052734,0.09998099505901337,-0.6869865064250633,1
2,2706,-0.6640548706054688,0,50.491329193115234,2.318620681764083e-06,-2.3379364178180695,0
2,2706,0.8312267082045892,1,50.491329193115234,2.318620681764083e-06,1.8526267398020466,1
2,2707,-0.2532806396484375,0,3.871917486190796,0.0858073651790619,-0.5874319236278533,0
2,2707,0.13539097936144628,1,3.871917486190796,0.0858073651790619,1.3899113143919142,1
2,2708,0.4757194519042969,0,90.32820892333984,0.01419029831886292,-0.8556928865909578,0
2,2708,-0.8284743989548033,1,90.32820892333984,0.01419029831886292,-2.264080588309158,1
2,2709,1.4451217651367188,0,190.52503967285156,9.807944297790527e-05,-0.920261186361313,0
2,2709,0.9396401995823283,1,190.52503967285156,9.807944297790527e-05,-0.7312243174700939,1
2,2710,2.1109466552734375,1,262.359619140625,1.9389390945430407e-05,0.17470015215873647,0
2,2711,3.105560302734375,1,287.11700439453125,0.0999189555644989,1.6647837593555443,0
2,2712,-1.3442230224609375,1,267.34161376953125,0.09999932646751404,-6.8392782933712,0
2,2713,-2.5314903259277344,1,240.45179748535156,0.09999919831752778,-9.276016569495201,0
2,2714,-2.194255828857422,0,192.4209442138672,0.099723619222641,-8.240919486761094,0
2,2714,1.0541258849532582,1,192.4209442138672,0.099723619222641,-0.544156059139733,1
2,2715,-1.4958267211914062,0,112.7204818725586,0.006736359000205999,-5.246332534193993,0
2,2715,0.7908712278608192,1,112.7204818725586,0.006736359000205999,0.5270633639104586,1
2,2716,-0.68914794921875,0,32.756805419921875,0.006913807988166813,-2.033708559155464,0
2,2716,0.704988477599727,1,32.756805419921875,0.006913807988166813,1.95456429448149,1
2,2717,0.07091522216796875,0,37.811279296875,0.09960741698741914,-0.6183794382810592,0
2,2717,0.18553698126412144,1,37.811279296875,0.09960741698741914,0.8108640799112461,1
2,2718,0.6929092407226562,0,95.2644271850586,0.09970417022705079,-0.5234582290649414,0
2,2718,-0.9466261558657507,1,95.2644271850586,0.09970417022705079,-2.6025290222417556,1
2,2719,1.226959228515625,0,144.02389526367188,2.0325183868394325e-06,-0.426559529542923,0
2,2719,-0.05029036999737002,1,144.02389526367188,2.0325183868394325e-06,-1.781058726568913,1
2,2720,1.6364326477050781,0,176.3572540283203,0.0,-0.25427978515625016,0
2,2720,0.16845138662981896,1,176.3572540283203,0.0,-1.9902423073067685,1
2,2721,2.0359230041503906,1,190.85691833496094,9.531080722809115e-05,1.4547038291692724,0
2,2722,1.7291641235351562,1,191.98606872558594,0.0011323034763336126,0.8185615804195395,0
2,2723,1.2670059204101562,1,184.5664825439453,0.0011639595031738281,0.042635631561279315,0
2,2724,-1.9469413757324219,1,168.35401916503906,5.524754524230402e-05,-6.060965344667435,0
2,2725,-1.4113731384277344,1,146.75521850585938,0.09497382044792176,-4.561649599790573,0
2,2726,-1.3183822631835938,1,119.87303924560547,0.005017739534378049,-4.4344260208606725,0
2,2727,-1.0574836730957031,0,94.36797332763672,2.092123031614823e-06,-4.002326896429062,0
2,2727,0.5552022322750361,1,94.36797332763672,2.092123031614823e-06,0.4230449143124166,1
2,2728,-0.7821159362792969,0,56.777950286865234,0.09999787509441377,-2.703790793299675,0
2,2728,-0.11135545274606073,1,56.777950286865234,0.09999787509441377,-0.16226982623320269,1
2,2729,-0.19975662231445312,0,21.335599899291992,0.09993461072444916,-0.8302226270437241,0
2,2729,1.0890282768457027,1,21.335599899291992,0.09993461072444916,2.9473471712765877,1
2,2730,0.8157424926757812,0,139.69802856445312,0.09990154504776001,-1.1664716477394104,0
2,2730,-0.971505037392447,1,139.69802856445312,0.09990154504776001,-3.540966707875867,1
2,2731,2.0880508422851562,1,257.05718994140625,3.306567668914795e-05,0.23495656311511923,0
2,2732,2.9444503784179688,1,312.835693359375,8.046627044538956e-08,0.832186886429786,0
2,2733,-0.7949104309082031,1,308.7501525878906,8.046627044538956e-08,-6.56482391679287,0
2,2734,-2.9140548706054688,1,275.7759094238281,9.98377799987793e-07,-10.743627969622612,0
2,2735,-2.5432205200195312,0,237.27796936035156,0.09999896287918092,-9.836000385761261,0
2,2735,-0.46624546523664634,1,237.27796936035156,0.09999896287918092,-4.482050276195491,1
2,2736,-2.1464195251464844,0,190.4983367919922,0.0999862939119339,-8.10680523788929,0
2,2736,0.27440108927527973,1,190.4983367919922,0.0999862939119339,-2.0651640090457617,1
2,2737,-1.4194869995117188,0,126.64412689208984,1.3661384582523695e-05,-5.371857083320617,0
2,2737,2.0238784226354554,1,126.64412689208984,1.3661384582523695e-05,2.71487376097373,1
2,2738,-0.7960281372070312,0,27.774808883666992,9.73045825958252e-06,-2.1475528413057328,0
2,2738,0.42495053144487827,1,27.774808883666992,9.73045825958252e-06,1.4944044959980864,1
2,2739,0.16430282592773438,0,51.33437728881836,7.420480251312672e-05,-0.6980848621129989,0
2,2739,-0.5557730236289515,1,51.33437728881836,7.420480251312672e-05,-0.9382365612263708,1
2,2740,0.8744125366210938,0,115.73409271240234,8.394122123718539e-05,-0.5658601386547087,0
2,2740,0.9770968027506228,1,115.73409271240234,8.394122123718539e-05,0.8395083936043496,1
2,2741,1.6092529296875,0,170.22703552246094,0.04295321255922318,-0.18775297957658785,0
2,2741,0.07696576617590978,1,170.22703552246094,0.04295321255922318,-2.0523273065997687,1
2,2742,1.6861190795898438,0,199.03944396972656,0.053463734686374664,-0.6106892696022989,0
2,2742,0.3749077672815204,1,199.03944396972656,0.053463734686374664,-2.0331118942189454,1
2,2743,2.077678680419922,0,212.4442901611328,0.0035828471183776897,-0.09367175626754733,0
2,2743,0.5579264974699072,1,212.4442901611328,0.0035828471183776897,-1.9331761221675765,1
2,2744,2.330097198486328,1,209.09498596191406,0.000432431697845459,1.6782773804664608,0
2,2745,1.8268623352050781,1,198.89830017089844,0.09956735968589783,0.8717759726047507,0
2,2746,0.518035888671875,1,186.6531219482422,7.214248180389266e-05,-1.496993547320366,0
2,2747,-1.7803993225097656,1,169.4564666748047,6.92695379257216e-05,-5.7499307492971425,0
2,2748,-1.4170379638671875,1,146.61407470703125,2.8729438781710526e-06,-5.166357536792756,0
2,2749,-1.4068412780761719,0,111.57225799560547,0.09399939477443695,-5.04888769185543,0
2,2749,1.1256640082480587,1,111.57225799560547,0.09399939477443695,1.2161228807930309,1
2,2750,-0.9347915649414062,0,78.84597778320312,0.08681575059890748,-3.4499753155708315,0
2,2750,2.454306549907564,1,78.84597778320312,0.08681575059890748,4.528220914127108,1
2,2751,-0.6218681335449219,0,48.82430648803711,0.004996383190155031,-2.2204222521781922,0
2,2751,-0.200984779420736,1,48.82430648803711,0.004996383190155031,-0.17865554392982047,1
2,2752,-0.32971954345703125,0,17.360687255859375,0.09781273603439332,-1.0105653414726257,0
2,2752,1.2760682029857122,1,17.360687255859375,0.09781273603439332,3.4010101514128612,1
2,2753,0.009578704833984375,0,10.490416526794434,0.09999993443489075,-0.19465091824531555,0
2,2753,1.8885734453569327,1,10.490416526794434,0.09999993443489075,4.76333856280058,1
2,2754,0.15653610229492188,0,21.633146286010742,0.04122562184929848,-0.12123974600434305,0
2,2754,0.29844040062346977,1,21.633146286010742,0.04122562184929848,1.362568850652753,1
2,2755,0.3371467590332031,0,54.82863998413086,0.04117752388119698,-0.42392638257145876,0
2,2755,1.1828633122210945,1,54.82863998413086,0.04117752388119698,2.4675067238043242,1
2,2756,0.9277877807617188,0,133.40377807617188,0.0012959539890289307,-0.8125518381595611,0
2,2756,-0.2506228953456997,1,133.40377807617188,0.0012959539890289307,-1.969373190374398,1
2,2757,1.8687973022460938,1,230.4458465576172,0.0013441175222396878,0.32862390863895374,0
2,2758,2.437744140625,1,299.6406555175781,8.140504360198975e-05,0.08267191469669272,0
2,2759,-0.3421173095703125,1,327.3467712402344,8.140504360198975e-05,-6.631173300147057,0
2,2760,-3.2224502563476562,0,265.6364440917969,1.1703372001646561e-05,-11.75762986266613,0
2,2760,-0.4926107689059265,1,265.6364440917969,1.1703372001646561e-05,-5.0979508877826705,1
2,2761,-2.3573150634765625,0,206.3064422607422,1.1703372001646561e-05,-8.840759440302849,0
2,2761,0.5815387478708942,1,206.3064422607422,1.1703372001646561e-05,-1.7630518176079348,1
2,2762,-1.5237159729003906,0,136.92474365234375,0.09106745719909669,-5.78956951713562,0
2,2762,1.0095399737475717,1,136.92474365234375,0.09106745719909669,0.4769423761603046,1
2,2763,-0.8903083801269531,0,49.97634506225586,0.09032154381275179,-2.7837565232515336,0
2,2763,1.5847705964355185,1,49.97634506225586,0.09032154381275179,3.36640142987341,1
2,2764,-0.0047760009765625,0,36.991119384765625,0.09755627810955048,-0.7532766407728195,0
2,2764,-0.10832704563539153,1,36.991119384765625,0.09755627810955048,0.23962126990952237,1
2,2765,0.6054611206054688,0,90.9461898803711,0.04927969640120864,-0.6099727442525328,0
2,2765,-0.05309027975765446,1,90.9461898803711,0.04927969640120864,-0.7270755449787792,1
2,2766,1.2012557983398438,0,142.35305786132812,0.013408154901117087,-0.44508588674291966,0
2,2766,-1.6723970822673522,1,142.35305786132812,0.013408154901117087,-4.992391647957311,1
2,2767,1.8347930908203125,0,182.6095428466797,0.03756935000419617,0.015892550706863243,0
2,2767,-0.7774230036923626,1,182.6095428466797,0.03756935000419617,-4.008539638318487,1
2,2768,1.9178581237792969,1,197.94081115722656,0.0006977349519729642,1.0768721150159828,0
2,2769,2.0079574584960938,1,201.9576873779297,0.0006977349519729642,1.1767332600355145,0
2,2770,1.9937171936035156,1,195.8274688720703,0.0,1.2708850097656241,0
2,2771,-1.4072303771972656,1,178.90928649902344,4.389584064483365e-05,-5.1926482402086265,0
2,2772,-1.6508407592773438,1,153.3050537109375,2.5260448455806384e-05,-5.167783603191376,0
2,2773,-1.3837394714355469,1,126.5907211303711,0.0001096367835998549,-4.69929775094986,0
2,2774,-1.1274833679199219,0,101.4137191772461,0.00012826919555664062,-4.283246250152588,0
2,2774,1.3654981071970909,1,101.4137191772461,0.00012826919555664062,1.902716700081438,1
2,2775,-0.8823394775390625,0,78.521728515625,0.09999345541000366,-3.3391132636070253,0
2,2775,0.2996904428007383,1,78.521728515625,0.09999345541000366,0.22494657707257665,1
2,2776,-0.6822547912597656,0,60.03188705444336,0.09999286234378815,-2.56914703810215,0
2,2776,0.5225294807417313,1,60.03188705444336,0.09999286234378815,1.0404215059008441,1
2,2777,-0.4549713134765625,0,39.55078125,0.09999940395355225,-1.7049582281112672,0
2,2777,1.3166014733528897,1,39.55078125,0.09999940395355225,3.0381873455476374,1
2,2778,-0.18733978271484375,0,1.232147216796875,0.09999365806579591,-0.40332225608825684,0
2,2778,0.11583189676870376,1,1.232147216796875,0.09999365806579591,1.4030211028788382,1
2,2779,0.16363143920898438,0,33.99658203125,0.09999365806579591,-0.3566685085296631,0
2,2779,0.7265547585262624,1,33.99658203125,0.09999365806579591,1.9691781301048932,1
2,2780,0.5826148986816406,0,76.2481689453125,0.1,-0.36373358154296875,0
2,2780,0.9002378590961584,1,76.2481689453125,0.1,1.471512339286067,1
2,2781,1.0457496643066406,0,107.5019760131836,0.0,-0.05854019165039048,0
2,2781,-1.009460266324993,1,107.5019760131836,0.0,-2.9689600529136575,1
2,2782,1.0285873413085938,0,116.93953704833984,0.1,-0.28561605834960924,0
2,2782,2.0225862828307157,1,116.93953704833984,0.1,2.902381824694634,1
2,2783,1.1462669372558594,1,111.7439193725586,0.09999974668025971,1.253655497193337,0
2,2784,1.0666885375976562,1,102.97774505615234,2.5331974029541016e-07,1.2738221639394762,0
2,2785,1.1680755615234375,1,88.48571014404297,0.00038681626319884976,1.7664214475154878,0
2,2786,0.7011032104492188,1,70.06454467773438,0.00036927759647369107,1.2009007562398912,0
2,2787,0.6003875732421875,1,51.12075424194336,0.0140186220407486,1.377799316763878,0
2,2788,0.40631103515625,1,33.870697021484375,0.08577791452407837,1.3317770133018496,0
2,2789,-0.052886962890625,1,23.548124313354492,0.00018582642078399797,0.6232561548948288,0
2,2790,-0.16490554809570312,1,5.943297863006592,0.0999998390674591,0.7473229529857636,0
2,2791,0.03728485107421875,1,11.470793724060059,0.09999993443489075,1.0411538302898407,0
2,2792,0.22105026245117188,1,26.420591354370117,0.09999991655349733,1.1096887011528018,0
2,2793,-0.19850540161132812,1,37.54425048828125,0.09999983310699465,0.04810419368743892,0
2,2794,-0.4375038146972656,1,47.39760971069336,7.748603820384448e-08,-0.62295982670784,0
2,2795,-0.4965667724609375,1,52.261348724365234,0.09876042604446411,-0.8423109364509582,0
2,2796,-0.4970664978027344,1,58.006282806396484,0.0012395650148391696,-0.9543082343339919,0
2,2797,-0.6204605102539062,1,64.8651123046875,0.08467116355895996,-1.3416101131439209,0
2,2798,-0.7288703918457031,1,62.87765121459961,0.08467111885547637,-1.5186806527376175,0
2,2799,-0.5303192138671875,1,42.091365814208984,0.09965218901634217,-0.7064518315792084,0
2,2800,-0.23812484741210938,1,0.9803771376609802,0.0003223776817321833,0.7041298673152923,0
2,2801,0.3100395202636719,1,52.619930267333984,0.09997461140155793,0.763681450724602,0
2,2802,0.6940727233886719,1,78.49884033203125,0.09999995231628418,1.0141686420440676,0
2,2803,0.8533859252929688,1,98.51073455810547,0.025177697837352752,0.9355500515103341,0
2,2804,1.1540107727050781,1,115.62346649169922,0.07482225149869919,1.1925593255162241,0
2,2805,0.5887184143066406,1,89.06554412841797,2.980232241545089e-09,0.5961259459257127,0
2,2806,-0.7105255126953125,1,75.28305053710938,0.0,-1.7267120361328125,0
2,2807,-0.8554878234863281,1,76.9195556640625,0.09847022593021393,-2.0533055692911146,0
2,2808,-0.7011756896972656,1,58.212276458740234,0.001464006304740903,-1.3666554688215256,0
2,2809,-0.3967323303222656,1,18.100738525390625,0.09993041753768922,0.04052335214614863,0
2,2810,-0.01336669921875,1,14.045714378356934,0.09994892477989198,0.8883543570041657,0
2,2811,0.3412628173828125,1,47.82485580444336,2.753734588623047e-05,0.9260274171829225,0
2,2812,0.6746444702148438,1,74.42092895507812,0.09997623562812805,1.056871311903,0
2,2813,0.7725448608398438,1,94.10857391357422,0.00030496120452880304,0.8629060449600221,0
2,2814,1.0216293334960938,1,109.0888900756836,0.00030899643898010115,1.0614685056209567,0
2,2815,-1.0076141357421875,1,120.96404266357422,0.09999999403953552,-3.2385091245174404,0
2,2816,-1.1174850463867188,1,124.8359603881836,0.1,-3.535689300537109,0
2,2817,-1.3343772888183594,1,117.88176727294922,0.00010000765323638777,-3.8263939234018323,0
2,2818,-1.1241340637207031,1,106.2507553100586,0.09989441335201264,-3.7772790101766582,0
2,2819,-0.9396553039550781,0,76.39312744140625,0.09909175634384157,-3.411136826992035,0
2,2819,0.26725519555918,1,76.39312744140625,0.09909175634384157,0.20268417203648148,1
2,2820,-0.4613380432128906,0,33.084869384765625,0.05907653719186783,-1.5867365356087684,0
2,2820,1.2111328298769592,1,33.084869384765625,0.05907653719186783,2.9582052105709313,1
2,2821,-0.09720230102539062,0,22.529600143432617,0.05970638245344162,-0.6473848602175712,0
2,2821,-0.6791561962276162,1,22.529600143432617,0.05970638245344162,-0.6112926506220225,1
2,2822,0.9713554382324219,0,133.64791870117188,0.0002728193998336806,-0.730258410334587,0
2,2822,-0.8426583275173556,1,133.64791870117188,0.0002728193998336806,-3.158285941834142,1
2,2823,1.4622077941894531,1,175.52183532714844,0.020121291279792786,0.6131740301847458,0
2,2824,1.7293930053710938,1,168.59815979003906,0.07858716845512391,1.2836793282032004,0
2,2825,1.7473373413085938,1,151.70669555664062,0.0012901872396469116,1.6604891639947885,0
2,2826,-0.9342880249023438,1,130.77545166015625,0.09999855756759644,-3.288085025310516,0
2,2827,-1.0108146667480469,1,95.1881332397461,0.09997087121009827,-2.7293908331394197,0
2,2828,-0.6810722351074219,1,45.906063079833984,0.09939540326595307,-1.0842415479421617,0
2,2829,-0.18927383422851562,1,5.535125255584717,0.09942281544208527,0.706772913813591,0
2,2830,0.2223663330078125,1,37.860870361328125,0.09999820590019226,0.883515330553055,0
2,2831,0.5882415771484375,1,71.4874267578125,0.09999983310699463,0.9427346258163454,0
2,2832,0.9382438659667969,1,109.80986785888672,0.09737282395362855,0.8763954617977145,0
2,2833,1.2259635925292969,1,129.49752807617188,0.09731283783912659,1.0580841100215914,0
2,2834,-1.1455497741699219,1,134.3994140625,2.1085143089294434e-05,-3.779088672995567,0
2,2835,-1.3469734191894531,1,131.42776489257812,8.107125759124895e-05,-4.122505379080772,0
2,2836,-1.2235527038574219,1,113.93737030029297,0.0,-3.525852813720703,0
2,2837,-1.0290870666503906,1,95.3254623413086,7.987022399916222e-07,-3.364683412075043,0
2,2838,-0.8701553344726562,0,78.75442504882812,0.09999783039093019,-3.319399083137512,0
2,2838,1.7940603604669292,1,78.75442504882812,0.09999783039093019,3.209032306741658,1
2,2839,-0.6559562683105469,0,49.942012786865234,0.09989200830459595,-2.314748472690582,0
2,2839,0.9384307369671205,1,49.942012786865234,0.09989200830459595,2.074025537864753,1
2,2840,-0.2523040771484375,0,0.0534057579934597,0.09989337921142578,-0.5096720046252012,0
2,2840,0.01304870292803173,1,0.0534057579934597,0.09989337921142578,1.2210335555277372,1
2,2841,0.3513603210449219,0,69.20242309570312,0.0,-0.6813278198242188,0
2,2841,0.2809627206219645,1,69.20242309570312,0.0,0.37787697932986664,1
2,2842,1.1123161315917969,0,144.22225952148438,1.8179416656771696e-07,-0.6598129345178604,0
2,2842,-0.38511804804091554,1,144.22225952148438,1.8179416656771696e-07,-2.454681293783285,1
2,2843,1.7784538269042969,1,206.2492218017578,0.00010418593883514127,0.6319190503358837,0
2,2844,2.346363067626953,1,252.99452209472656,0.0005025923252105699,0.8328155896663662,0
2,2845,-0.5781135559082031,1,261.03973388671875,0.0006069600582122789,-5.17704606795311,0
2,2846,-2.473094940185547,1,235.75209045410156,1.1920928952302567e-08,-9.061231689929961,0
2,2847,-2.1975364685058594,0,205.3603973388672,0.0008815109729766873,-8.502316144227981,0
2,2847,-0.32502486258543684,1,205.3603973388672,0.0008815109729766873,-3.557292932387136,1
2,2848,-1.6785125732421875,0,166.81288146972656,0.0008564084768295302,-6.693317032217979,0
2,2848,0.25878299125876936,1,166.81288146972656,0.0008564084768295302,-1.6187259032160657,1
2,2849,-1.3139801025390625,0,99.95269012451172,2.51084566116333e-05,-4.627015011906623,0
2,2849,2.2551671575787964,1,99.95269012451172,2.51084566116333e-05,3.7112795083290933,1
2,2850,-0.5860328674316406,0,11.989592552185059,0.0999987304210663,-1.415857535123825,0
2,2850,0.4151183461898853,1,11.989592552185059,0.0999987304210663,1.786444892119227,1
2,2851,0.3170013427734375,0,65.15884399414062,0.0006622582674026545,-0.6692006846666336,0
2,2851,-0.7087320973230717,1,65.15884399414062,0.0006622582674026545,-1.5206675648596522,1
2,2852,0.9846572875976562,0,124.53841400146484,0.09755318462848664,-0.5253558322191237,0
2,2852,-0.3986110891909931,1,124.53841400146484,0.09755318462848664,-2.091892585796422,1
2,2853,1.495819091796875,0,166.8662872314453,0.0017832934856414767,-0.34575889277458205,0
2,2853,0.1368121397509583,1,166.8662872314453,0.0017832934856414767,-1.8637727968664155,1
2,2854,1.8040428161621094,0,190.5784454345703,0.013211175799369812,-0.20401172339916246,0
2,2854,1.3660766784693337,1,190.5784454345703,0.013211175799369812,0.12005600121528631,1
2,2855,1.7796669006347656,1,202.04161071777344,0.0867888242006302,0.7150300339460368,0
2,2856,2.2456321716308594,1,205.05140686035156,0.09550414681434632,1.5864160401821132,0
2,2857,0.4150276184082031,1,200.3097381591797,0.09550413191318513,-1.9799596916437145,0
2,2858,-1.9392242431640625,1,188.7283172607422,0.026978547871112826,-6.454093973457813,0
2,2859,-1.8044853210449219,1,171.89024353027344,0.07302057892084121,-6.449696335852146,0
2,2860,-1.5827674865722656,0,145.72906494140625,0.09999914169311525,-6.084116237640381,0
2,2860,-0.734805441531222,1,145.72906494140625,0.09999914169311525,-3.1881921475582935,1
2,2861,-1.2857933044433594,0,113.66271209716797,0.0,-4.844840850830078,0
2,2861,0.3318625779277795,1,113.66271209716797,0.0,-0.40952908608780003,1
2,2862,-0.954376220703125,0,81.47811126708984,0.03225158452987671,-3.5396047301292417,0
2,2862,-0.25439845575183995,1,81.47811126708984,0.03225158452987671,-0.939649200226672,1
2,2863,-0.5971908569335938,0,49.46517562866211,0.06763873994350433,-2.18639077603817,0
2,2863,0.9810649705279388,1,49.46517562866211,0.06763873994350433,2.1701208788848954,1
2,2864,-0.16500473022460938,0,18.54705810546875,0.09987949728965759,-0.70494580245018,0
2,2864,1.4871875695692012,1,18.54705810546875,0.09987949728965759,3.7994387971374413,1
2,2865,0.8970184326171875,0,137.24899291992188,0.09807163178920747,-0.9548658584356308,0
2,2865,-0.47824147822480967,1,137.24899291992188,0.09807163178920747,-2.505385680119625,1
2,2866,1.7109909057617188,0,229.60279846191406,0.009780159592628478,-1.1704653640985485,0
2,2866,-0.22640470689768222,1,229.60279846191406,0.009780159592628478,-3.8452565894173505,1
2,2867,2.7268409729003906,1,297.23358154296875,0.04886534959077836,0.7070557009577744,0
2,2868,3.371562957763672,1,309.38720703125,0.039436836540699,1.753804301440715,0
2,2869,-1.8788528442382812,1,297.4853515625,0.09540849626064302,-9.111229059576988,0
2,2870,-2.8146820068359375,0,266.0560607910156,0.004591390490531921,-10.950668885111808,0
2,2870,0.5616728334824543,1,266.0560607910156,0.004591390490531921,-2.9979592044750247,1
2,2871,-2.638019561767578,0,212.40232849121094,0.0,-9.524085693359375,0
2,2871,2.3093556063411924,1,212.40232849121094,0.0,1.5706646428581656,1
2,2872,-1.6130943298339844,0,149.15847778320312,0.09999706447124482,-6.213358097910881,0
2,2872,3.217598258299134,1,149.15847778320312,0.09999706447124482,4.648027078355355,1
2,2873,-1.0802841186523438,0,54.176326751708984,2.9236078262356857e-06,-3.24409488928318,0
2,2873,0.738465684125245,1,54.176326751708984,2.9236078262356857e-06,1.5934047162719975,1
2,2874,-0.082244873046875,0,27.263639450073242,1.1920928952302567e-08,-0.7097625355720519,0
2,2874,-0.5122068733954066,1,27.263639450073242,1.1920928952302567e-08,-0.36968653626911524,1
2,2875,0.6401519775390625,0,94.73418426513672,0.0,-0.6143797302246095,0
2,2875,-0.9997747443591081,1,94.73418426513672,0.0,-2.6942331740209506,1
2,2876,1.1246147155761719,0,147.84622192382812,0.0,-0.7076950073242188,0
2,2876,-1.8998959859072642,1,147.84622192382812,0.0,-5.556716410291091,1
2,2877,1.9281082153320312,0,191.91358947753906,0.0,0.01794464111328109,0
2,2877,0.7640524618465321,1,191.91358947753906,0.0,-1.110166865857717,1
2,2878,2.0022926330566406,1,206.2454071044922,0.0,1.079677124023437,0
2,2879,1.883575439453125,1,210.57508850097656,0.0,0.7556491088867183,0
2,2880,2.295795440673828,1,205.6045379638672,0.09915320873260498,1.6755339937210079,0
2,2881,-0.665008544921875,1,193.3975067138672,0.09915320873260498,-4.001933352470398,0
2,2882,-1.6650619506835938,1,176.34962463378906,0.09999840259552002,-5.66111633014679,0
2,2883,-1.6050758361816406,1,146.32797241210938,0.09945137202739715,-5.540689175486565,0
2,2884,-1.3750267028808594,0,105.68999481201172,0.08498712480068207,-4.86725278699398,0
2,2884,2.4886844773882473,1,105.68999481201172,0.08498712480068207,4.060169573544233,1
2,2885,-0.7581062316894531,0,61.80953598022461,0.08553378283977509,-2.7558245342969894,0
2,2885,0.6822833737894314,1,61.80953598022461,0.08553378283977509,1.3249546766607798,1
2,2886,-0.20784378051757812,0,20.538328170776367,0.09999551177024842,-0.8304539449214935,0
2,2886,1.0257458210814931,1,20.538328170776367,0.09999551177024842,2.8367252582766493,1
2,2887,0.8522262573242188,0,141.01028442382812,0.09879053235054017,-1.1197047951221466,0
2,2887,-1.3318414932374907,1,141.01028442382812,0.09879053235054017,-4.287840296245565,1
2,2888,2.3709373474121094,1,263.51165771484375,0.01563914120197297,0.6710159748792641,0
2,2889,2.604248046875,1,300.4112243652344,0.008262176811695096,0.399941119372844,0
2,2890,-0.7243537902832031,1,285.0608825683594,0.02275881916284561,-5.9508355847001075,0
2,2891,-2.88458251953125,1,242.9427947998047,0.030875909328460693,-10.029255971431732,0
2,2892,-2.1986351013183594,0,196.8955841064453,0.01855603754520416,-8.335924126267432,0
2,2892,0.40452668355726473,1,196.8955841064453,0.01855603754520416,-1.929600556516185,1
2,2893,-1.6326828002929688,0,130.2032470703125,0.02229636162519455,-5.870322396457195,0
2,2893,1.0677029726147396,1,130.2032470703125,0.02229636162519455,0.7304491493582215,1
2,2894,-0.8625907897949219,0,49.58724594116211,0.036964051425457,-2.718405060470104,0
2,2894,0.9407034376593799,1,49.58724594116211,0.036964051425457,2.0881833944384995,1
2,2895,-0.10647201538085938,0,17.64678955078125,0.00022159218788146695,-0.565888685464859,0
2,2895,0.18568332606035653,1,17.64678955078125,0.00022159218788146695,1.2184219974175727,1
2,2896,0.6189842224121094,0,82.67974090576172,0.09970376193523407,-0.41961452376842506,0
2,2896,-0.6987711931650082,1,82.67974090576172,0.09970376193523407,-1.8551253549226603,1
2,2897,1.04205322265625,0,126.82723236083984,0.09992538392543793,-0.45643521726131425,0
2,2897,0.4370492932367469,1,126.82723236083984,0.09992538392543793,-0.46644307610032026,1
2,2898,1.5457000732421875,0,173.8509979248047,3.457069396931023e-07,-0.3856198258399965,0
2,2898,-0.14342163805517316,1,173.8509979248047,3.457069396931023e-07,-2.563863248434718,1
2,2899,1.8806610107421875,1,195.2476348876953,0.06575856059789659,1.053738981306552,0
2,2900,1.9631080627441406,1,197.07106018066406,0.06575890928506851,1.1821645655035964,0
2,2901,1.949798583984375,1,191.1392059326172,0.09975847601890564,1.272822710275649,0
2,2902,-0.9637451171875,1,175.9261932373047,0.00024152398109435896,-4.246023760080338,0
2,2903,-1.5151557922363281,1,161.1289825439453,0.09999999701976776,-5.056891235232354,0
2,2904,-1.48663330078125,1,137.28713989257812,0.09987860023975373,-5.123004543423653,0
2,2905,-1.2196693420410156,0,109.12322235107422,0.09987860023975373,-4.625798275113105,0
2,2905,0.4674258003302967,1,109.12322235107422,0.09987860023975373,-0.05160799037048084,1
2,2906,-0.8534927368164062,0,83.04595184326172,2.980232241545089e-09,-3.367904510617256,0
2,2906,-0.11552284509075861,1,83.04595184326172,2.980232241545089e-09,-0.691964727165961,1
2,2907,-0.6742362976074219,0,29.911039352416992,5.704164505002107e-06,-1.9466936104297639,0
2,2907,1.824026316605142,1,29.911039352416992,5.704164505002107e-06,4.249831617995364,1
2,2908,0.19638824462890625,0,69.305419921875,2.792477607732602e-06,-0.9933320208787918,0
2,2908,0.13343669174828676,1,69.305419921875,2.792477607732602e-06,0.08076487335996917,1
2,2909,1.1408233642578125,0,170.4978790283203,8.320808410650082e-06,-1.1283111848831178,0
2,2909,-0.3773223726395827,1,170.4978790283203,8.320808410650082e-06,-2.9646026586779084,1
2,2910,2.2068634033203125,1,252.23158264160156,0.09996268749237061,0.5650966463088986,0
2,2911,2.997882843017578,1,283.0352783203125,3.7136673927309904e-05,1.5350586341619485,0
2,2912,-1.4291648864746094,1,270.2369689941406,0.1,-7.067069152832031,0
2,2913,-2.220947265625,1,225.67747497558594,0.09688342511653901,-8.35931936776638,0
2,2914,-1.9218177795410156,0,161.25868225097656,0.003111934661865233,-7.068933681488037,0
2,2914,1.1433721034042748,1,161.25868225097656,0.003111934661865233,0.2614460844025437,1
2,2915,-1.2502632141113281,0,73.14300537109375,0.09999535977840424,-3.9673863500356674,0
2,2915,1.5493642477187564,1,73.14300537109375,0.09999535977840424,2.8318685736245017,1
2,2916,-0.3185081481933594,0,1.5563963651657104,7.033348083523849e-07,-0.6681442518234253,0
2,2916,0.6859193854026842,1,1.5563963651657104,7.033348083523849e-07,2.5407108153686617,1
2,2917,0.2849693298339844,0,54.29458236694336,0.058916288614273074,-0.5183096392154692,0
2,2917,0.4190448355363401,1,54.29458236694336,0.058916288614273074,0.9498413721892424,1
2,2918,0.8339309692382812,0,107.1662826538086,0.033941999077796936,-0.4768213945627211,0
2,2918,-0.6944850084954979,1,107.1662826538086,0.033941999077796936,-2.3336533500302794,1
2,2919,1.3194618225097656,0,151.55410766601562,0.07498219013214112,-0.3951577959060669,0
2,2919,1.9146323472223443,1,151.55410766601562,0.07498219013214112,1.9951832535190899,1
2,2920,1.5149650573730469,1,178.65370178222656,4.278123378753662e-05,0.656854367852211,0
2,2921,2.0417404174804688,1,189.0373077392578,0.09999996423721313,1.4987346816062919,0
2,2922,1.7981719970703125,1,184.05149841308594,0.09999072551727295,1.1113143968582144,0
2,2923,-1.7537117004394531,1,167.7169647216797,0.03746522665023804,-5.66326130437851,0
2,2924,-1.5687370300292969,1,147.80807495117188,0.0625242292881012,-4.896136528253555,0
2,2925,-1.2357673645019531,1,129.49752807617188,0.07681778371334076,-4.4645580018758775,0
2,2926,-1.1948356628417969,0,109.48180389404297,0.0746816873550415,-4.582294671058655,0
2,2926,0.784921925917935,1,109.48180389404297,0.0746816873550415,0.5772205064608092,1
2,2927,-0.9985771179199219,0,68.18389892578125,0.002137365937232974,-3.3609177089929583,0
2,2927,2.157128528699303,1,68.18389892578125,0.002137365937232974,4.150493584245491,1
2,2928,-0.3544578552246094,0,14.244078636169434,0.09818609058856964,-0.9977247267961502,0
2,2928,1.5283756086222766,1,14.244078636169434,0.09818609058856964,3.967942200897622,1
2,2929,0.22267913818359375,0,51.06734848022461,0.09818609058856964,-0.5799161368608474,0
2,2929,-0.7371769660670893,1,51.06734848022461,0.09818609058856964,-1.2996283453622135,1
2,2930,0.9291458129882812,0,105.30852508544922,0.1,-0.25187887573242174,0
2,2930,0.8897295710401423,1,105.30852508544922,0.1,0.8692886403713005,1
2,2931,1.1836776733398438,1,130.18035888671875,8.940696717696373e-09,0.9637481685876849,0
2,2932,1.2835731506347656,1,155.18569946289062,0.09999995529651642,0.6594323137998582,0
2,2933,1.7440948486328125,1,183.94468688964844,0.006198209524154667,1.0090480310916892,0
2,2934,1.5586090087890625,1,175.1365509033203,0.006198245286941531,0.8142390697002411,0
2,2935,-1.45562744140625,1,151.60751342773438,0.09953764975070954,-4.747386657357215,0
2,2936,-1.3894538879394531,1,128.71551513671875,0.09745060503482819,-4.157116102814674,0
2,2937,-1.2510261535644531,1,94.53963470458984,0.09791259467601776,-3.1967615050077436,0
2,2938,-0.666748046875,1,42.633052825927734,0.09915201365947723,-1.5901232308149338,0
2,2939,-0.15317916870117188,0,3.044128179550171,0.0007201075553894057,-0.36726970529556274,0
2,2939,0.7911212056055774,1,3.044128179550171,0.0007201075553894057,2.721331043317936,1
2,2940,0.33526611328125,1,52.61611557006836,0.0997500628232956,0.8142199126482013,0
2,2941,0.741607666015625,1,92.75054168701172,0.0990934193134308,0.8242407615184785,0
2,2942,1.1249809265136719,1,126.43431854248047,0.0007841616868972806,0.9212441157102588,0
2,2943,1.2280845642089844,1,142.16995239257812,0.00012727677822112898,0.8127649894952775,0
2,2944,1.59228515625,1,145.93505859375,0.002015849947929381,1.465788506627083,0
2,2945,-1.2112922668457031,1,142.33779907226562,0.002142813801765439,-4.06942622768879,0
2,2946,-1.3718490600585938,1,133.0108642578125,0.09999959170818329,-4.207915388941765,0
2,2947,-1.1441307067871094,1,120.56731414794922,0.02953126728534699,-3.5007889472246165,0
2,2948,-1.0745697021484375,1,93.76525115966797,0.07041132748126984,-3.4272608805894853,0
2,2949,-0.7584571838378906,0,44.776912689208984,0.09984867870807648,-2.416446568608284,0
2,2949,0.22448107197843115,1,44.776912689208984,0.09984867870807648,0.7494299430243597,1
2,2950,-0.16089248657226562,0,6.797790050506592,9.401142597198486e-05,-0.45774453461170195,0
2,2950,0.2290151702212242,1,6.797790050506592,9.401142597198486e-05,1.5220707789752779,1
2,2951,0.4607086181640625,0,83.5609359741211,0.09999999701976776,-0.7538014830350876,0
2,2951,-1.468513310377368,1,83.5609359741211,0.09999999701976776,-3.4122453401179484,1
2,2952,1.5732192993164062,1,191.3833465576172,0.03724250644445419,0.5172819672226906,0
2,2953,2.3521041870117188,1,264.190673828125,0.03724241107702255,0.6189052010178558,0
2,2954,0.3722496032714844,1,285.0837707519531,0.007707744836807251,-3.7574845182895658,0
2,2955,-2.9490509033203125,1,251.40379333496094,0.09029320776462554,-10.329789401650428,0
2,2956,-2.292327880859375,0,209.32386779785156,0.09587429761886597,-8.774968089580536,0
2,2956,-0.47285733498254245,1,209.32386779785156,0.09587429761886597,-3.9360269978268705,1
2,2957,-1.8280792236328125,0,159.60693359375,0.09754836857318878,-6.852199053883552,0
2,2957,-0.1444066741166523,1,159.60693359375,0.09754836857318878,-2.284853954851232,1
2,2958,-1.1883583068847656,0,105.0300521850586,0.07368980050086975,-4.480265249490738,0
2,2958,0.25913377774838864,1,105.0300521850586,0.07368980050086975,-0.3852810802244291,1
2,2959,-0.6186332702636719,0,15.621184349060059,0.07401452064514161,-1.5526508083343507,0
2,2959,0.46081045642561236,1,15.621184349060059,0.07401452064514161,1.806236645044218,1
2,2960,0.25022125244140625,0,56.72835922241211,0.06101266890764237,-0.6365651863217353,0
2,2960,0.07507633497009181,1,56.72835922241211,0.06101266890764237,0.21314497873563576,1
2,2961,0.8918228149414062,0,115.15807342529297,0.038987173140048986,-0.5210753255486487,0
2,2961,-1.1524567968799317,1,115.15807342529297,0.038987173140048986,-3.4096345491913245,1
2,2962,1.4139671325683594,0,161.31971740722656,1.8179416656771696e-07,-0.39846009027957935,0
2,2962,-1.3830249595338202,1,161.31971740722656,1.8179416656771696e-07,-4.792444274483938,1
2,2963,1.7889366149902344,0,190.32286071777344,0.09827956855297089,-0.232515167117119,0
2,2963,0.6613814629482633,1,190.32286071777344,0.09827956855297089,-1.287625471201061,1
2,2964,1.9782028198242188,1,204.1435089111328,0.0017202496528625488,1.0734666514396662,0
2,2965,2.082134246826172,1,208.7821807861328,2.2351741790771484e-07,1.1886248689889904,0
2,2966,1.2628250122070312,1,199.78330993652344,0.09999962151050568,-0.2740161591768265,0
2,2967,-1.907806396484375,1,183.0558624267578,0.08430217206478119,-6.280102128386498,0
2,2968,-2.0583534240722656,1,161.9224395751953,0.015697672963142395,-6.755783546566963,0
2,2969,-1.3635826110839844,0,140.70892333984375,2.980232241545089e-09,-5.541343689084053,0
2,2969,0.586605092186474,1,140.70892333984375,2.980232241545089e-09,-0.440968282543136,1
2,2970,-1.2348556518554688,0,110.22185516357422,0.09999999701976776,-4.678148406863213,0
2,2970,0.5224789925556621,1,110.22185516357422,0.09999999701976776,0.03652088195904944,1
2,2971,-0.9346427917480469,0,74.30267333984375,0.1,-3.3593390502929688,0
2,2971,0.01522719495563507,1,74.30267333984375,0.1,-0.2595990768856049,1
2,2972,-0.4400787353515625,0,11.653899192810059,0.0,-1.1132354545593262,0
2,2972,1.2281306248695714,1,11.653899192810059,0.0,3.4231832658829418,1
2,2973,0.3202857971191406,0,67.37136840820312,9.238719940185547e-07,-0.706855810880661,0
2,2973,-0.7482108116336192,1,67.37136840820312,9.238719940185547e-07,-1.6438490283861809,1
2,2974,1.0247077941894531,0,123.37493133544922,0.0999967247247696,-0.4220829073190688,0
2,2974,-0.5990769463884931,1,123.37493133544922,0.0999967247247696,-2.469652388474961,1
2,2975,1.5254745483398438,0,153.07235717773438,0.09999764859676362,-0.014497952818870546,0
2,2975,0.27206247112750503,1,153.07235717773438,0.09999764859676362,-1.3213221072435477,1
2,2976,1.3062400817871094,1,169.7654571533203,0.1,0.4131710205078125,0
2,2977,1.7541580200195312,1,180.99974060058594,0.1,1.0843212280273429,0
2,2978,2.072742462158203,1,188.14085388183594,1.8030405044555664e-06,1.5826677745580664,0
2,2979,-1.167144775390625,1,170.02867126464844,1.001656055450717e-05,-4.5348633767366415,0
2,2980,-1.516693115234375,1,133.97598266601562,1.1816620826721191e-05,-4.512906356453896,0
2,2981,-1.0761909484863281,1,84.80834197998047,0.003468814492225643,-2.6486874891519547,0
2,2982,-0.5495491027832031,1,29.457090377807617,0.09653118252754211,-0.4921012604236603,0
2,2983,0.0625,1,33.98895263671875,0.0953421950340271,0.6414072594642639,0
2,2984,0.6027145385742188,1,78.73153686523438,0.09526296555995942,0.8269878212213518,0
2,2985,1.0641136169433594,1,112.39623260498047,0.09992074668407441,1.0763057519197468,0
2,2986,1.126739501953125,1,135.43319702148438,1.5309453010557694e-05,0.7448144510984422,0
2,2987,1.3014373779296875,1,149.658203125,0.0999731183052063,0.805711768627167,0
2,2988,-0.9153213500976562,1,153.350830078125,0.004441106319427492,-3.6978369460105895,0
2,2989,-1.3839454650878906,1,153.228759765625,0.003946208953857423,-4.632623973846435,0
2,2990,-1.5013923645019531,1,146.73995971679688,0.09947782158851624,-5.341563036203385,0
2,2991,-1.4064445495605469,0,133.25119018554688,0.09998426735401154,-5.481912273526191,0
2,2991,0.8207044247393824,1,133.25119018554688,0.09998426735401154,0.1723856750736671,1
2,2992,-1.3029365539550781,0,104.76302337646484,0.09757790863513947,-4.7050366917848585,0
2,2992,-0.10054225510551618,1,104.76302337646484,0.09757790863513947,-1.1002480940857347,1
2,2993,-0.7939109802246094,0,67.97409057617188,0.002422091364860532,-2.9474006556272507,0
2,2993,0.4589169319073605,1,67.97409057617188,0.002422091364860532,0.7582551686366893,1
2,2994,-0.273101806640625,0,10.482787132263184,0.1,-0.7598593559265137,0
2,2994,0.2545935504645698,1,10.482787132263184,0.1,1.495531358283876,1
2,2995,0.636383056640625,0,104.49217987060547,0.025610293447971347,-0.8181018958687781,0
2,2995,-1.6026524304602106,1,104.49217987060547,0.025610293447971347,-4.096172870070449,1
2,2996,1.6788978576660156,0,192.84437561035156,0.017383099347352982,-0.49978712084889426,0
2,2996,-1.1260206211893689,1,192.84437561035156,0.017383099347352982,-4.909624078559664,1
2,2997,2.0453720092773438,1,249.28663635253906,0.016973406821489335,0.30433235523104624,0
2,2998,2.6703109741210938,1,281.8489074707031,0.07398001402616501,0.9006845982670777,0
2,2999,-1.4269027709960938,1,294.9333190917969,0.09999999701976776,-8.156471923708915,0
2,3000,-2.7289505004882812,0,253.54002380371094,2.980232241545089e-09,-10.52870147716999,0
2,3000,0.9252696636398241,1,253.54002380371094,2.980232241545089e-09,-2.020261148913779,1
3,2,0.0,1,8.235931396484375,0.049997740983963014,1.0332814624309539,0
3,3,-0.024196624755859375,1,3.463744878768921,0.050767858512699604,1.0803011385723948,0
3,4,0.053852081298828125,1,8.93402099609375,0.04922988247126341,1.1270545473769307,0
3,5,0.059154510498046875,1,2.754211187362671,0.1,1.2592247972488402,0
3,6,-0.009265899658203125,1,3.635406255722046,0.0041646838188171414,1.1085934882164001,0
3,7,-0.033447265625,1,3.330230474472046,0.09252624213695526,1.062799809575081,0
3,8,-0.02933502197265625,1,2.11334228515625,0.0966753363609314,1.0951960968971253,0
3,9,-0.036754608154296875,1,5.886077404022217,1.557767391205389e-05,1.0087686125040054,0
3,10,-0.07316207885742188,1,8.113861083984375,1.1920928952302567e-08,0.8913986201286316,0
3,11,-0.036159515380859375,1,2.105712890625,1.8775463104386825e-07,1.085566703915596,0
3,12,0.024639129638671875,1,2.4871826171875,0.027240194380283356,1.1984449991583823,0
3,13,0.02783966064453125,1,3.215789556503296,0.07275959104299545,1.1884531465172767,0
3,14,0.040241241455078125,1,3.948211431503296,0.0006668478250503596,1.2014915803670885,0
3,15,0.010776519775390625,1,1.4877318143844604,0.0006668686866760296,1.1917717285156249,0
3,16,-0.13135528564453125,1,22.815702438354492,0.09968501329421997,0.47698797941207877,0
3,17,-0.31230926513671875,1,36.785125732421875,0.0003139853477478055,-0.16033360433578495,0
3,18,-0.3732566833496094,1,36.59820556640625,0.05928840264678002,-0.280849014133215,0
3,19,-0.35066986083984375,1,40.94314193725586,0.025407756119966506,-0.3212188706696034,0
3,20,-0.4501991271972656,1,48.545833587646484,0.08469057381153107,-0.6747025490999222,0
3,21,-0.5633735656738281,1,52.536006927490234,6.580352783204513e-06,-0.9774675331115722,0
3,22,-0.49132537841796875,1,45.55892562866211,0.09999985396862031,-0.6978292635679246,0
3,23,-0.3968696594238281,1,34.78240966796875,0.09821225404739381,-0.293316002368927,0
3,24,-0.30588531494140625,1,27.442930221557617,0.0014365673065185533,0.039313302993774404,0
3,25,-0.232330322265625,1,19.8516845703125,0.00033912360668181957,0.33829209911823266,0
3,26,-0.13534927368164062,1,8.426666259765625,0.03509862869977951,0.7593641822934151,0
3,27,-0.051715850830078125,1,3.089904546737671,0.06488946229219437,1.0321746289134024,0
3,28,-0.006916046142578125,1,1.087188720703125,0.05466863662004471,1.1622373878359795,0
3,29,0.103240966796875,1,18.039703369140625,0.05461754351854325,1.0435031644701958,0
3,30,0.189727783203125,1,18.390655517578125,0.009210938215255739,1.2112740185260773,0
3,31,0.2139434814453125,1,23.941038131713867,0.009160527586936952,1.1486997791528704,0
3,32,0.2515106201171875,1,25.588987350463867,0.00010149776935577254,1.1912374333143236,0
3,33,0.1919708251953125,1,13.370512962341309,0.09503822028636932,1.312729862332344,0
3,34,0.13156509399414062,1,16.57867431640625,0.09503811299800874,1.1277551771402359,0
3,35,0.14682769775390625,1,11.756896018981934,0.09999988675117494,1.2545174796581269,0
3,36,0.11501312255859375,1,10.124205589294434,0.0,1.2275421333312988,0
3,37,0.09931182861328125,1,11.817931175231934,0.0,1.1622650337219238,0
3,38,0.10153579711914062,1,7.987975597381592,0.09999548494815827,1.2393122628927231,0
3,39,0.050685882568359375,1,2.689361333847046,6.0930848121643066e-05,1.2475821012258528,0
3,40,0.00304412841796875,1,1.4190672636032104,6.54458999633789e-05,1.1777042937278746,0
3,41,-0.002124786376953125,1,1.056671142578125,0.010586005449295041,1.1741935641765595,0
3,42,0.02387237548828125,1,3.292083501815796,0.01058417558670044,1.1814797139167785,0
3,43,0.049713134765625,1,5.477904796600342,1.8030405044555664e-06,1.189868101477623,0
3,44,0.08615493774414062,1,13.008116722106934,0.09192583858966828,1.1084705075025558,0
3,45,0.16903305053710938,1,19.695281982421875,0.08744406700134277,1.1406626987457276,0
3,46,0.20369720458984375,1,16.204833984375,0.0042339503765106215,1.2831283714771273,0
3,47,0.0923919677734375,1,3.410339117050171,0.00023346841335296353,1.3165678144693376,0
3,48,-0.042636871337890625,1,10.993956565856934,0.09422533810138703,0.8910781124830246,0
3,49,-0.15353775024414062,1,17.49420166015625,0.09423971772193909,0.5392708775997161,0
3,50,-0.21213150024414062,1,20.366666793823242,0.0832549512386322,0.3650734655857086,0
3,51,-0.180084228515625,1,19.420623779296875,0.08317629098892212,0.4480920157432556,0
3,52,-0.19570159912109375,1,16.223907470703125,0.09872179627418519,0.4801697804927825,0
3,53,-0.10555267333984375,1,5.733489513397217,0.0011993765830993625,0.8741768879890441,0
3,54,-0.014537811279296875,1,1.2664793729782104,8.910894393893143e-07,1.1455947543382643,0
3,55,0.06919479370117188,1,11.886595726013184,0.005873590707778931,1.100422729253769,0
3,56,0.21894073486328125,1,26.508329391479492,0.005315789580345155,1.107502250313759,0
3,57,0.367431640625,1,44.45266342163086,0.09944114089012146,1.0418323671817782,0
3,58,0.5030441284179688,1,53.771968841552734,5.68926334380826e-06,1.1306486524343493,0
3,59,0.5374374389648438,1,52.71529769897461,0.00025137066841125766,1.220558869123459,0
3,60,0.5233573913574219,1,51.73110580444336,0.0002570599317550659,1.2120823842287065,0
3,61,0.5757369995117188,1,51.704402923583984,2.6822090146150224e-08,1.3173859394788745,0
3,62,0.18655014038085938,1,25.375364303588867,1.5586614608778526e-06,1.065592932343483,0
3,63,-0.05034637451171875,1,10.746001243591309,0.09999837279319765,0.8803872911930084,0
3,64,-0.14089584350585938,1,60.203548431396484,0.00038632750511169434,-0.28587810873985287,0
3,65,-0.7801780700683594,1,89.50804901123047,0.09959327876567842,-2.1545008515119553,0
3,66,-0.8270645141601562,1,91.62139129638672,0.03874162882566452,-2.2881065194010737,0
3,67,-1.0284461975097656,1,95.16905975341797,0.03876198083162308,-2.7618240693211558,0
3,68,-0.8458099365234375,1,92.11730194091797,0.0,-2.3339659118652345,0
3,69,-0.8626899719238281,1,80.46721649169922,0.0,-2.734724273681641,0
3,70,-0.7378768920898438,0,54.71419906616211,4.23163175582858e-05,-2.570039458155632,0
3,70,0.0,1,54.71419906616211,4.23163175582858e-05,0.1057143260240555,1
3,71,-0.4003639221191406,0,21.919248580932617,0.09995752573013306,-1.2431111168861388,0
3,71,0.6410021865150242,1,21.919248580932617,0.09995752573013306,2.039621100382191,1
3,72,-0.09199905395507812,0,1.9073485136032104,1.5795230865617294e-07,-0.2221450845003128,0
3,72,0.30317618459801565,1,1.9073485136032104,1.5795230865617294e-07,1.768205392605875,1
3,73,0.09636688232421875,0,18.15032958984375,0.09999949336051941,-0.1742728068828583,0
3,73,0.7989729675366277,1,18.15032958984375,0.09999949336051941,2.43093936354196,1
3,74,0.34000396728515625,0,40.24886703491211,0.09982036650180817,-0.12896222078800204,0
3,74,1.0900382858941526,1,40.24886703491211,0.09982036650180817,2.571106416429991,1
3,75,0.4146308898925781,1,49.63302230834961,0.09982087314128876,1.0326084986925128,0
3,76,0.6109848022460938,1,69.9615478515625,0.1,1.0187386474609377,0
3,77,0.8285140991210938,1,92.01811981201172,4.5895576476773225e-07,1.0166657836437227,0
3,78,0.8991508483886719,1,104.82024383544922,0.09999897181987763,0.8978968611955646,0
3,79,1.1057395935058594,1,114.58586883544922,5.334615707439094e-07,1.119761788964272,0
3,80,1.2739639282226562,1,115.16951751708984,0.0999860852956772,1.4405380626916888,0
3,81,-0.6098251342773438,1,113.47960662841797,0.09998604953289034,-2.293241843104362,0
3,82,-1.0022811889648438,1,109.02022552490234,2.294778823852539e-06,-2.984966980218887,0
3,83,-0.959259033203125,1,82.39363861083984,2.3663043975802323e-06,-2.366390933275223,0
3,84,-0.6669921875,1,54.473873138427734,5.960464476151284e-09,-1.2234618380069733,0
3,85,-0.3213386535644531,1,6.702422618865967,2.086162566999894e-08,0.4232742396593093,0
3,86,0.049365997314453125,1,13.000487327575684,0.00011365413665771762,1.0387177019119262,0
3,87,0.2626609802246094,1,32.26470947265625,0.009185147285461423,1.0796603651046754,0
3,88,0.6480674743652344,1,91.56417083740234,0.007715311646461491,0.6645429195165635,0
3,89,1.1392097473144531,1,128.2501220703125,0.017013323307037358,0.9127365202903749,0
3,90,1.2490196228027344,1,144.98519897460938,0.028793045878410344,0.797183544278145,0
3,91,-0.6341018676757812,1,141.68548583984375,0.0712060958147049,-2.9047616959810254,0
3,92,-1.3240089416503906,1,123.65721893310547,0.09900963306427002,-3.9251226472854612,0
3,93,-0.9901847839355469,1,98.6823959350586,0.0009805202484130873,-2.7540567073822024,0
3,94,-0.8126945495605469,1,66.78390502929688,1.0311603546170334e-06,-1.7610672409534454,0
3,95,-0.5284347534179688,1,33.18023681640625,0.0999912202358246,-0.5244738919734955,0
3,96,-0.16117477416992188,1,6.397246837615967,0.09526193439960481,0.7458950375318527,0
3,97,0.09807968139648438,1,22.720335006713867,0.04834393952041865,0.9398189050778747,0
3,98,0.37131500244140625,1,48.072811126708984,0.009991297684609891,0.9807741304412485,0
3,99,0.5878181457519531,1,66.37191772460938,0.06307003051042556,1.045675135791302,0
3,100,0.866485595703125,1,88.85192108154297,0.09975349009037018,1.151942630171776,0
3,101,0.8460197448730469,1,96.55760955810547,0.09975664913654328,0.9568970326185228,0
3,102,1.0077934265136719,1,104.11833953857422,0.00043053328990935724,1.1332028409242634,0
3,103,1.1367912292480469,1,106.96410369873047,0.0004306405782699557,1.334283158898354,0
3,104,-1.0739669799804688,1,106.79244232177734,5.288124084472379e-05,-3.0837849216461177,0
3,105,-1.1086273193359375,1,94.6082992553711,0.03162957578897477,-2.9106858068108554,0
3,106,-0.794525146484375,1,82.9048080444336,0.06831748336553574,-2.0498791531920433,0
3,107,-0.7220726013183594,1,63.186641693115234,0.0021360456943511977,-1.5079634783267974,0
3,108,-0.2862434387207031,1,0.4425048530101776,0.09786389470100404,0.61474846971035,0
3,109,0.2555198669433594,1,42.671199798583984,0.1,0.8536157379150392,0
3,110,0.754058837890625,1,100.70800018310547,0.027233950793743134,0.6928683140873912,0
3,111,1.0614776611328125,1,105.96465301513672,0.027226831018924716,1.202573188722134,0
3,112,1.0250587463378906,1,120.28502655029297,0.0999917984008789,0.8404172897338871,0
3,113,0.42206573486328125,1,129.46701049804688,1.0818243026747276e-06,-0.5452087835073469,0
3,114,-1.2482986450195312,1,119.29320526123047,0.0,-3.6824613952636716,0
3,115,-1.1053504943847656,1,102.82134246826172,0.0,-3.0671278381347653,0
3,116,-0.7798118591308594,1,73.02474975585938,0.08418966233730316,-1.8234862998723984,0
3,117,-0.5986671447753906,1,40.00091552734375,0.015797859430313116,-0.7979845144748688,0
3,118,-0.23337936401367188,1,10.604857444763184,0.099850332736969,0.5171501097679138,0
3,119,-0.0169677734375,1,4.085540771484375,0.00012725591659545898,1.0843485474586487,0
3,120,0.10352706909179688,1,14.835356712341309,9.933114051820235e-06,1.1103466066122054,0
3,121,0.18071365356445312,1,20.038604736328125,0.1,1.1566552124023437,0
3,122,0.2645454406738281,1,31.536100387573242,0.09433833956718446,1.0945953400135042,0
3,123,0.3694648742675781,1,40.55404281616211,0.09256081581115723,1.1241464595794681,0
3,124,0.4428443908691406,1,46.600337982177734,0.01151271462440491,1.1532215135097506,0
3,125,0.56121826171875,1,63.613887786865234,0.013290229439735415,1.0496271585226062,0
3,126,0.6849937438964844,1,70.9991455078125,0.09973841309547424,1.1460150411129,0
3,127,0.788238525390625,1,84.61760711669922,0.09973842203617096,1.0801353715658188,0
3,128,0.8424453735351562,1,82.2791976928711,0.09994899928569795,1.2353088332414628,0
3,129,-0.2932281494140625,1,68.20297241210938,0.09994899928569795,-0.7545137070417405,0
3,130,-0.5508651733398438,1,55.725093841552734,1.6272068023709396e-06,-1.0162322885990143,0
3,131,-0.4750785827636719,1,40.69900131225586,1.6272068023709396e-06,-0.5641372568607331,0
3,132,-0.363525390625,1,27.236936569213867,1.7881393432617188e-07,-0.07178951978683473,0
3,133,-0.05724334716796875,1,11.348723411560059,1.1920928955078125e-07,0.8585388326644897,0
3,134,0.2840766906738281,1,39.615631103515625,0.09999994039535523,0.9718407616615298,0
3,135,0.5751876831054688,1,72.92938232421875,3.9637088775773544e-07,0.8917877038717271,0
3,136,0.8463096618652344,1,75.28305053710938,4.76837158203125e-07,1.386958293914795,0
3,137,-0.1203155517578125,1,68.37844848632812,0.09999721348285676,-0.4121999617815018,0
3,138,-0.6980133056640625,1,72.57461547851562,0.09999679923057557,-1.6515187928676605,0
3,139,-0.8145523071289062,1,74.2340087890625,0.08201672434806824,-1.917065459012985,0
3,140,-0.6901092529296875,1,78.37677001953125,0.08201777040958405,-1.7510346170663833,0
3,141,-0.775909423828125,1,61.210628509521484,2.413988113431076e-07,-1.5760314275026321,0
3,142,-0.5688285827636719,1,53.977962493896484,0.0006125152111053495,-1.0172409160137177,0
3,143,-0.46730804443359375,1,50.25100326538086,0.0993869960308075,-0.7436116340160369,0
3,144,-0.4710655212402344,1,44.26192855834961,0.027374342083930973,-1.2284645873308182,0
3,145,-0.35207366943359375,0,26.306150436401367,0.03210627660155296,-1.2315545986592769,0
3,145,0.9306439000517628,1,26.306150436401367,0.03210627660155296,2.5338805403114364,1
3,146,-0.15472793579101562,0,4.28009033203125,0.04050252214074135,-0.3966777791082859,0
3,146,0.4296613427123148,1,4.28009033203125,0.04050252214074135,1.9721007778983752,1
3,147,0.01732635498046875,0,6.011962413787842,0.09998350739479064,-0.08958587861061097,0
3,147,0.3091186650355766,1,6.011962413787842,0.09998350739479064,1.693998741499605,1
3,148,0.14270401000976562,0,21.575925827026367,3.0907988548274645e-05,-0.14611173284053805,0
3,148,0.48019190598566297,1,21.575925827026367,3.0907988548274645e-05,1.728864059111257,1
3,149,0.3071403503417969,1,37.937164306640625,0.07566765546798707,1.052510708332062,0
3,150,0.5665702819824219,1,63.05312728881836,0.022552928328514098,1.0711759010553363,0
3,151,0.6847000122070312,1,85.50643157958984,0.09822571277618408,0.8553423643112184,0
3,152,1.0779800415039062,1,106.94121551513672,2.544820308685719e-05,1.2171347547769549,0
3,153,1.1038093566894531,1,111.20223236083984,0.0001109093427658081,1.183569629788399,0
3,154,0.9562644958496094,1,101.09709930419922,0.00011136233806609969,1.090582551121712,0
3,155,0.07646942138671875,1,92.63610076904297,0.0003794938325881944,-0.4997983523607255,0
3,156,-0.9335823059082031,1,77.49557495117188,0.0996204972267151,-2.221060930728912,0
3,157,-0.6397590637207031,1,52.665706634521484,1.1026859283308488e-07,-1.1328322645425797,0
3,158,-0.17398452758789062,1,8.50677490234375,1.1920928955078125e-07,0.6818954420089721,0
3,159,0.3888053894042969,1,60.401912689208984,0.1,0.7655725250244143,0
3,160,0.8859519958496094,1,93.88350677490234,0.0999889224767685,1.0902342993021013,0
3,161,0.8948326110839844,1,101.86385345458984,0.09649766683578492,0.9485282464027408,0
3,162,-0.9874420166015625,1,102.54668426513672,0.09647339880466461,-2.8296766544580456,0
3,163,-1.1727561950683594,1,110.53466033935547,0.013291871547698973,-3.3567372717857356,0
3,164,-0.9678115844726562,1,103.66057586669922,0.013320228457450865,-2.8093674954175945,0
3,165,-0.96551513671875,1,90.19469451904297,6.6637992858914474e-06,-2.534924430370331,0
3,166,-0.7774734497070312,1,66.34902954101562,0.09999938011169435,-2.2859274654388426,0
3,167,-0.57659912109375,0,41.55349349975586,0.09739989936351777,-1.9881641081571577,0
3,167,1.1549672078415654,1,41.55349349975586,0.09739989936351777,2.674968549713473,1
3,168,-0.3135719299316406,0,23.712156295776367,0.0025998055934906006,-1.1014909780025481,0
3,168,0.9826781701625862,1,23.712156295776367,0.0025998055934906006,2.6910092221859054,1
3,169,-0.14215087890625,0,6.996154308319092,0.09999999701976776,-0.4282248438596725,0
3,169,0.20215325543026097,1,6.996154308319092,0.09999999701976776,1.4603834248133496,1
3,170,0.037334442138671875,0,11.947630882263184,1.1035799980158023e-05,-0.16428417479991914,0
3,170,0.23486105627190312,1,11.947630882263184,1.1035799980158023e-05,1.4307690534665436,1
3,171,0.23159408569335938,0,31.471250534057617,0.0999889612197876,-0.17023639774322508,0
3,171,1.096594847421727,1,31.471250534057617,0.0999889612197876,2.7597651257135105,1
3,172,0.3497962951660156,0,43.853755950927734,8.642673492154085e-08,-0.17748253214359289,0
3,172,-0.34259783762170315,1,43.853755950927734,8.642673492154085e-08,-0.3622707977190305,1
3,173,0.5903701782226562,1,61.79427719116211,0.09846363961696625,1.140916267037392,0
3,174,0.7167129516601562,1,78.55606079101562,0.00626729428768158,1.062053995728493,0
3,175,0.8138885498046875,1,99.31182098388672,0.012783876061439513,0.8410293248891831,0
3,176,1.1182899475097656,1,121.57439422607422,0.07940779328346254,1.0019156987667086,0
3,177,1.380584716796875,1,125.62178802490234,0.09867384433746337,1.4447867193222048,0
3,178,0.2574195861816406,1,121.0822982788086,0.0013213932514190702,-0.7068596489429471,0
3,179,-1.1763381958007812,1,114.65453338623047,0.0,-3.4457670593261716,0
3,180,-1.0556106567382812,1,96.5156478881836,0.1,-2.8455342712402345,0
3,181,-0.9124298095703125,1,71.49505615234375,0.06278035938739777,-2.0572719565629956,0
3,182,-0.4849891662597656,1,39.608001708984375,0.03423772901296616,-0.5635078758597375,0
3,183,-0.07134246826171875,1,22.418973922729492,0.07145735174417496,0.6060772909522056,0
3,184,0.5129241943359375,1,61.363216400146484,0.09921900629997255,0.9946153004169467,0
3,185,0.6957778930664062,1,88.92058563232422,0.09921902418136597,0.8091753125190736,0
3,186,0.9848175048828125,1,103.90471649169922,1.4901161193847656e-08,1.0915406793355944,0
3,187,1.2097053527832031,1,114.02892303466797,1.1700391769411955e-05,1.3388317768573763,0
3,188,0.290069580078125,1,116.15752410888672,1.1715292930605803e-05,-0.5430117906332013,0
3,189,-1.0737571716308594,1,121.35314178466797,5.960464476151284e-09,-3.3745771791934964,0
3,190,-1.1886177062988281,1,115.03218841552734,0.009912341833114624,-3.4782756745815275,0
3,191,-1.0378799438476562,1,92.76580047607422,0.09008721113204957,-2.734679385662079,0
3,192,-0.831878662109375,1,61.141963958740234,0.09999955892562867,-2.29059658575058,0
3,193,-0.4504127502441406,0,32.6385498046875,2.980232241545089e-09,-1.5535964967012406,0
3,193,0.39743600967994297,1,32.6385498046875,2.980232241545089e-09,1.3421010231469268,1
3,194,-0.21349716186523438,0,13.259886741638184,2.980232241545089e-09,-0.6921920586824417,0
3,194,0.4608249314761821,1,13.259886741638184,2.980232241545089e-09,1.8564521280003914,1
3,195,-0.017559051513671875,0,7.045745372772217,6.973743438692948e-07,-0.17603303837776182,0
3,195,1.1228861885172705,1,7.045745372772217,6.973743438692948e-07,3.3048574416841228,1
3,196,0.1944580078125,0,28.732297897338867,6.973743438692948e-07,-0.18572997021675106,0
3,196,0.4336744389455518,1,28.732297897338867,6.973743438692948e-07,1.4927028920493528,1
3,197,0.390533447265625,1,46.27608871459961,0.0,1.055545120239258,0
3,198,0.5400466918945312,1,59.165950775146484,0.006155461072921753,1.0965281498432162,0
3,199,0.687957763671875,1,75.82473754882812,0.005313247442245483,1.0592082464694978,0
3,200,0.7521705627441406,1,88.8099594116211,0.0007914572954177829,0.9281102789640427,0
3,201,1.0356216430664062,1,97.23662567138672,5.033016204834123e-05,1.3265087594985963,0
3,202,1.0080108642578125,1,102.6496810913086,0.09999957382678987,1.1590281237363818,0
3,203,0.3984870910644531,1,92.7619857788086,5.960464476151284e-09,0.14173446631431588,0
3,204,-0.8665695190429688,1,81.93587493896484,0.0949628919363022,-2.1756550525426865,0
3,205,-0.6350936889648438,1,44.990535736083984,0.00503710210323334,-0.9701995767354966,0
3,206,-0.19470596313476562,1,4.520416259765625,0.0,0.7201797485351562,0
3,207,0.2607078552246094,1,47.26791000366211,1.6391277313232422e-06,0.7760574448108675,0
3,208,0.641510009765625,1,74.88250732421875,0.0999983161687851,0.9813699404001238,0
3,209,0.9057197570800781,1,86.1091537475586,0.08972846567630768,1.2856673005819321,0
3,210,-0.5496101379394531,1,92.16307830810547,0.010243526101112364,-1.7428915830850602,0
3,211,-0.9466018676757812,1,96.22954559326172,0.0024834901094436604,-2.6178939868211746,0
3,212,-0.9053268432617188,1,83.57238006591797,0.0024030566215515123,-2.282197410106659,0
3,213,-0.8164901733398438,1,66.56646728515625,0.00010271072387695035,-1.7643138008117674,0
3,214,-0.5066108703613281,1,47.950740814208984,0.056068438664078714,-0.7744792945533991,0
3,215,-0.4091949462890625,1,29.022214889526367,0.043925872072577477,-0.20059122525155546,0
3,216,-0.17163467407226562,1,7.797240734100342,1.1652708053547234e-06,0.7007857905626297,0
3,217,0.022449493408203125,1,10.093688011169434,0.0002473175525665311,1.043015333890915,0
3,218,0.21091079711914062,1,29.907224655151367,0.023994645476341246,1.0227173153162004,0
3,219,0.4247894287109375,1,44.50606918334961,0.07575686872005463,1.1564271990060808,0
3,220,0.4668235778808594,1,57.25478744506836,0.00019195973873138705,0.9885437284708025,0
3,221,0.6297111511230469,1,66.84494018554688,0.0997996062040329,1.1185315142869952,0
3,222,0.7341270446777344,1,79.04052734375,6.231665611269865e-06,1.0874432932138445,0
3,223,0.9088058471679688,1,84.00725555419922,0.09999778866767883,1.3334666717052461,0
3,224,0.9255409240722656,1,83.27483367919922,8.046627044538956e-08,1.385585171341896,0
3,225,-0.5211524963378906,1,81.62688446044922,0.00025292634963989397,-1.4748527989387514,0
3,226,-0.7893943786621094,1,76.11083984375,0.00025301575660705705,-1.901015674829483,0
3,227,-0.7438430786132812,1,72.70050048828125,0.1,-1.7456961669921875,0
3,228,-0.6892547607421875,1,65.3076171875,0.0,-1.484661865234375,0
3,229,-0.5407752990722656,1,44.364925384521484,0.08468853831291198,-0.7722366473674775,0
3,230,-0.1437530517578125,1,10.452269554138184,0.01995192617177963,0.7026504283547401,0
3,231,0.26424407958984375,1,36.212921142578125,0.0647018387913704,1.0016416627764704,0
3,232,0.438751220703125,1,58.01009750366211,0.09379457831382751,0.913548708200455,0
3,233,0.7541694641113281,1,75.65689086914062,0.006099742650985722,1.1949571211338046,0
3,234,0.8589859008789062,1,93.14727020263672,6.680190563201904e-05,1.055023725628853,0
3,235,0.9521636962890625,1,95.06224822998047,3.7819147109957596e-06,1.2030822767019274,0
3,236,-0.4111671447753906,1,95.06224822998047,3.2186508178849715e-07,-1.523579267024994,0
3,237,-0.8777008056640625,1,80.71135711669922,7.68899917602539e-06,-2.1696290612220763,0
3,238,-0.8181114196777344,1,69.17953491210938,7.68899917602539e-06,-1.8198138451576231,0
3,239,-0.5688095092773438,1,58.30001449584961,0.09996104538440705,-1.107617750287056,0
3,240,-0.47126007080078125,1,37.822723388671875,0.09996103942394258,-0.5029730509519578,0
3,241,-0.2629241943359375,1,12.962340354919434,3.0338764190673828e-05,0.41490359067916865,0
3,242,-0.019744873046875,1,5.474090099334717,0.08098544776439667,1.0477890340089797,0
3,243,0.16360092163085938,1,24.356840133666992,0.018965369462966918,1.0393064258098603,0
3,244,0.30035400390625,1,33.477783203125,0.09998116195201874,1.1271530972719195,0
3,245,0.386138916015625,1,42.236324310302734,0.0,1.1275513458251956,0
3,246,0.5003547668457031,1,55.862422943115234,0.09999867081642151,1.079461127996445,0
3,247,0.6150169372558594,1,64.99099731445312,0.09999865591526032,1.126213981986046,0
3,248,0.6120986938476562,1,69.72122192382812,0.04352260082960129,1.0280320451855662,0
3,249,0.736541748046875,1,77.08358764648438,0.002791397273540497,1.1313000872731211,0
3,250,-0.08034896850585938,1,76.85470581054688,0.00412653684616089,-0.4979571146965027,0
3,251,-0.82745361328125,1,72.967529296875,0.06339531838893891,-1.9167936252355573,0
3,252,-0.5354804992675781,1,62.049861907958984,0.0,-1.111958236694336,0
3,253,-0.5745925903320312,1,43.85757064819336,9.158253669740157e-06,-0.8263369599580765,0
3,254,-0.2814178466796875,1,15.342711448669434,0.000324463844299315,0.33029709911346433,0
3,255,0.029941558837890625,1,17.795562744140625,0.0007319033145904569,0.9039425866603851,0
3,256,0.4394264221191406,1,57.34634017944336,0.001065525412559512,0.9318834196329119,0
3,257,0.6411628723144531,1,67.02804565429688,0.1,1.137764831542969,0
3,258,0.6667518615722656,1,65.34576416015625,0.09990547299385072,1.2225922210216524,0
3,259,0.7056198120117188,1,74.74899291992188,0.0015117883682250963,1.1161992940902712,0
3,260,-0.37255859375,1,79.54788208007812,0.09119718074798584,-1.139722716331482,0
3,261,-0.7081146240234375,1,77.19039916992188,0.03554226830601692,-1.7614589221775532,0
3,262,-0.6629486083984375,1,54.87441635131836,0.042738772183656695,-1.2250950947105885,0
3,263,-0.4435462951660156,1,28.903959274291992,0.09999994635581971,-0.2691717736721039,0
3,264,-0.1812896728515625,1,13.896941184997559,0.0999998539686203,0.5554818364381789,0
3,265,-0.008243560791015625,1,10.650633811950684,9.238719940463103e-08,0.970500198483467,0
3,266,0.208770751953125,1,32.53173828125,0.1,0.9629067382812502,0
3,267,0.4499626159667969,1,54.641719818115234,0.0999999910593033,1.0030908359289172,0
3,268,0.66778564453125,1,76.37786865234375,0.06584119945764541,1.0053802680373194,0
3,269,0.8250274658203125,1,85.51787567138672,0.0647561177611351,1.1371071735024454,0
3,270,-0.015522003173828125,1,88.1233139038086,0.0010799556970596327,-0.5935534826517106,0
3,271,-0.9744834899902344,1,88.42467498779297,5.033612251285902e-06,-2.517460681080818,0
3,272,-0.8817787170410156,1,71.36917114257812,1.013278961153885e-07,-1.9909408609867094,0
3,273,-0.428131103515625,1,29.674528121948242,0.0995503693819046,-0.25373478424549106,0
3,274,0.00778961181640625,1,24.188993453979492,0.09955035448074341,0.7278173403739929,0
3,275,0.4388847351074219,1,57.02590560913086,5.960464476151284e-09,0.9372513577938082,0
3,276,0.6094589233398438,1,74.68414306640625,1.7622113227845626e-05,0.9252342804670336,0
3,277,0.7989120483398438,1,82.53478240966797,9.178817272186002e-05,1.1471247769594193,0
3,278,0.7725601196289062,1,93.81102752685547,0.09988948106765748,0.8649041094779969,0
3,279,-0.9490432739257812,1,94.32601165771484,0.011770245432853703,-2.5850775908231736,0
3,280,-0.7913322448730469,1,81.8214340209961,0.0882286548614502,-2.022622316360474,0
3,281,-0.6958045959472656,1,58.601375579833984,7.772743701935092e-05,-1.3636398125886917,0
3,282,-0.5025711059570312,1,35.770416259765625,0.025494915246963498,-0.5215703337192535,0
3,283,-0.233795166015625,1,18.558502197265625,0.02557264268398285,0.36021671831607815,0
3,284,-0.09173965454101562,1,1.9760130643844604,0.09999999701976776,0.9730004297494887,0
3,285,0.07541656494140625,1,13.603209495544434,0.00015532076358795027,1.0787627271413802,0
3,286,0.21818923950195312,1,27.870176315307617,0.0005545914173126221,1.0789527690410616,0
3,287,0.3024139404296875,1,37.509918212890625,0.08989139199256897,1.05103386092186,0
3,288,0.49037933349609375,1,50.277706146240234,0.009395870566368106,1.1748287092447283,0
3,289,0.567474365234375,1,61.12289047241211,0.09999717473983766,1.1084910340309146,0
3,290,0.5727500915527344,1,64.78500366210938,2.980232241545089e-09,1.0498001097440721,0
3,291,0.6738662719726562,1,69.61441040039062,0.09137255847454072,1.1517894335985186,0
3,292,0.13624954223632812,1,73.74954223632812,0.008610865473747252,-0.0028361948728561847,0
3,293,-0.6041679382324219,1,60.64223861694336,0.09998342394828796,-1.2251799857616423,0
3,294,-0.5360984802246094,1,48.515316009521484,0.09874850511550903,-0.8464532208442689,0
3,295,-0.3929176330566406,1,30.990598678588867,0.0012514948844909654,-0.20569729948043824,0
3,296,-0.24608230590820312,1,16.147613525390625,7.357001304626742e-05,0.38488017487525933,0
3,297,-0.0993194580078125,1,7.328032970428467,7.357001304626742e-05,0.8547974817752838,0
3,298,0.0280609130859375,1,12.329100608825684,0.000205135345458983,1.009531608581543,0
3,299,0.15339279174804688,1,12.142180442810059,0.09979483783245088,1.2599501811265945,0
3,300,0.25244903564453125,1,36.79656982421875,2.6822090146150224e-08,0.9689666737318041,0
3,301,0.39247894287109375,1,39.20745849609375,0.09999399185180664,1.1968089561462405,0
3,302,0.43164825439453125,1,46.279903411865234,5.999207496644454e-06,1.1376982005834582,0
3,303,0.4770622253417969,1,48.049922943115234,1.2218952178538744e-07,1.1931259869337085,0
3,304,0.4261322021484375,1,46.386714935302734,0.024280387163162234,1.123558890104294,0
3,305,-0.3476524353027344,1,33.443450927734375,0.07563274204730988,-0.1671991988420487,0
3,306,-0.2843437194824219,1,24.765012741088867,8.669197559356412e-05,0.1360088385343551,0
3,307,-0.21477508544921875,1,19.00482177734375,0.00010889172554015558,0.39034903788566583,0
3,308,-0.15975570678710938,1,13.584136009216309,0.00010852217674255094,0.6088015253543854,0
3,309,-0.10021591186523438,1,7.198333263397217,0.08731108605861665,0.8521090675592422,0
3,310,-0.055255889892578125,1,4.46319580078125,0.08731141090393066,0.9967318477630615,0
3,311,-0.011272430419921875,1,1.6326903104782104,0.09412054717540741,1.1410365110635756,0
3,312,0.03067779541015625,1,3.852843999862671,0.09412063956260681,1.180533885240555,0
3,313,0.058307647705078125,1,7.389068126678467,0.0,1.1688339328765869,0
3,314,0.0623931884765625,1,6.233214855194092,0.0829656958580017,1.196803452014923,0
3,315,0.07703018188476562,1,9.578704833984375,0.08296511471271514,1.1591676625013352,0
3,316,0.1333160400390625,1,14.057158470153809,0.0992263287305832,1.1815198575258254,0
3,317,0.3190040588378906,1,0.0,0.09922361075878144,1.8340391732454302,0
3,318,0.0904541015625,1,31.372068405151367,0.09432550072669985,0.7496938149929047,0
3,319,0.3373069763183594,1,34.488677978515625,0.005670818686485286,1.184613560318947,0
3,320,-0.15566635131835938,1,40.18783187866211,0.09960289597511292,0.08092654395103446,0
3,321,-0.4275245666503906,1,44.24666976928711,0.00041594803333282193,-0.5399991666078569,0
3,322,-0.46636962890625,1,48.095699310302734,0.0008126705884933458,-0.6946857508420945,0
3,323,-0.4728507995605469,1,45.94039535522461,0.0,-0.664509506225586,0
3,324,-0.4131660461425781,1,37.136077880859375,0.09973348081111909,-0.37304298913478856,0
3,325,-0.3271064758300781,1,36.098480224609375,0.00026651918888091763,-0.17619321691989903,0
3,326,-0.2690010070800781,1,12.100218772888184,8.653402328491488e-05,0.4199901490211487,0
3,327,0.033538818359375,1,15.064238548278809,8.494257926941473e-05,0.965789468050003,0
3,328,0.3762779235839844,1,55.198665618896484,1.588463783258609e-06,0.848582471251488,0
3,329,0.5728836059570312,1,67.93594360351562,0.09999999701976776,0.9830483399629595,0
3,330,0.7881088256835938,1,73.52828979492188,0.0,1.3056518554687502,0
3,331,0.7604598999023438,1,77.35824584960938,0.00045066773891448697,1.1737368561029435,0
3,332,-0.575225830078125,1,81.05086517333984,0.09954932630062105,-1.5754509366750717,0
3,333,-0.7968940734863281,1,77.62527465820312,0.09999931156635286,-1.9502936125993728,0
3,334,-0.6297988891601562,1,49.957271575927734,6.228685379000565e-07,-1.058743234753609,0
3,335,-0.365081787109375,1,26.512144088745117,0.006163471937179567,-0.06065299487113954,0
3,336,-0.16252517700195312,1,8.724212646484375,0.09383646845817567,0.6967119343280792,0
3,337,-0.02388763427734375,1,1.9798277616500854,2.056360244723221e-07,1.1126281679868697,0
3,338,0.06274032592773438,1,9.28497314453125,1.8179416656077807e-07,1.139781181693077,0
3,339,0.16532516479492188,1,25.829313278198242,0.0999999761581421,1.0100640649795531,0
3,340,0.34961700439453125,1,41.75948715209961,5.960464476151284e-09,1.064044265508652,0
3,341,0.49291229248046875,1,54.95071029663086,0.004909342527389525,1.086614005327225,0
3,342,0.5624427795410156,1,55.496212005615234,0.0869260609149933,1.211484276533127,0
3,343,0.5753135681152344,1,59.97085189819336,0.008164590597152709,1.1508835146427157,0
3,344,0.2510948181152344,1,71.90322875976562,0.07181570827960969,0.261252432703972,0
3,345,-0.8567733764648438,1,81.79854583740234,0.07181570827960969,-2.152390298008919,0
3,346,-0.7438850402832031,1,82.3707504272461,0.0999977856874466,-1.939185000538826,0
3,347,-0.7670021057128906,1,56.13326644897461,0.0945404201745987,-1.4604511572122574,0
3,348,-0.3216056823730469,1,12.874602317810059,0.0033539682626724243,0.2991624301671982,0
3,349,0.09812164306640625,1,28.808591842651367,0.0017393738031387315,0.8200018743276596,0
3,350,0.3982734680175781,1,44.364925384521484,0.05469481647014618,1.107060635685921,0
3,351,0.4881324768066406,1,52.047725677490234,0.04494091272354126,1.1335128035545352,0
3,352,0.6134757995605469,1,58.311458587646484,2.2858381271348427e-06,1.2607223359346391,0
3,353,0.5317573547363281,1,59.059139251708984,3.715157508850375e-05,1.0823304383754733,0
3,354,0.559051513671875,1,52.352901458740234,3.962814807892401e-05,1.2710434130430224,0
3,355,-0.08557510375976562,1,38.71917724609375,0.09994870126247407,0.25046829950809474,0
3,356,-0.31494140625,1,25.836942672729492,0.09991401731967928,0.049381773352622976,0
3,357,-0.2082977294921875,1,21.526334762573242,3.474056720733504e-05,0.3528764561414718,0
3,358,-0.21530914306640625,1,22.144315719604492,0.0,0.3264953994750976,0
3,359,-0.18645477294921875,1,14.541625022888184,4.172325134277344e-07,0.5362579369544983,0
3,360,-0.0960235595703125,1,4.047393798828125,4.172325134277344e-07,0.927004988193512,0
3,361,0.0450286865234375,1,10.498045921325684,0.020060211420059204,1.079294046163559,0
3,362,0.14838027954101562,1,20.565031051635742,0.020060211420059204,1.084657529592514,0
3,363,0.21870803833007812,1,22.079465866088867,0.09362857639789582,1.1920816162824632,0
3,364,0.2860908508300781,1,34.04998779296875,0.09361687302589417,1.0874372708797457,0
3,365,0.40918731689453125,1,45.71151351928711,1.1703372001646561e-05,1.1041438952684406,0
3,366,-0.11217880249023438,1,56.709285736083984,0.1,-0.16254331970214841,0
3,367,-0.6094398498535156,1,63.41933822631836,0.1,-1.2912664642333984,0
3,368,-0.6080894470214844,1,57.617183685302734,0.1,-1.1725225677490234,0
3,369,-0.4946861267089844,1,52.79922103881836,8.940696717696373e-09,-0.8453566745519637,0
3,370,-0.5001220703125,1,47.74856185913086,8.940696717696373e-09,-0.7552153781652451,0
3,371,-0.4968109130859375,1,43.029781341552734,0.0,-0.6542174530029298,0
3,372,-0.4288482666015625,1,42.701717376708984,0.09997486770153047,-0.515729875445366,0
3,373,-0.28429412841796875,1,21.579740524291992,3.138184547425704e-06,0.1998168071508407,0
3,374,-0.060131072998046875,1,7.537841320037842,0.09995801746845245,0.9249827069044113,0
3,375,0.29254150390625,1,46.165462493896484,1.3455748558044434e-05,0.8617732197046282,0
3,376,0.5881195068359375,1,66.68472290039062,0.00041272044181823314,1.04252804684639,0
3,377,0.7357711791992188,1,77.73971557617188,5.860626697540283e-05,1.1167457026243213,0
3,378,0.8096885681152344,1,82.45085906982422,0.09964562952518463,1.166374129652977,0
3,379,0.7611656188964844,1,85.70861053466797,0.09999999403953552,1.004159027338028,0
3,380,0.3893852233886719,1,80.49010467529297,1.1920928959241461e-08,0.3689683527946473,0
3,381,-0.7899284362792969,1,63.42696762084961,0.09999993741512299,-1.6523962224721909,0
3,382,-0.4820594787597656,1,45.71914291381836,1.0371208190931847e-06,-0.6785018572807313,0
3,383,-0.4295692443847656,1,34.984588623046875,0.008872646093368526,-0.35918516707420356,0
3,384,-0.3120307922363281,1,28.198240280151367,0.008871790766716,0.011618738293647757,0
3,385,-0.19647216796875,1,12.474059104919434,0.09999758005142212,0.5535745787620544,0
3,386,-0.0248260498046875,1,5.138396739959717,0.09999951720237732,1.0435799849033356,0
3,387,0.12575912475585938,1,17.765045166015625,8.940696717696373e-09,1.0962173458337783,0
3,388,0.21395111083984375,1,28.121946334838867,0.09311439096927643,1.0617387193441392,0
3,389,0.3415794372558594,1,32.24945068359375,0.09311407208442689,1.2344452979564668,0
3,390,0.3457794189453125,1,36.167144775390625,0.09999947547912598,1.1642159633636477,0
3,391,0.4555702209472656,1,45.33767318725586,8.082389831541581e-06,1.2043866548538211,0
3,392,0.439910888671875,1,50.903316497802734,8.279085159303146e-06,1.061755116224289,0
3,393,0.5243377685546875,1,57.037349700927734,8.940696717696373e-09,1.1079285427331926,0
3,394,-0.6269721984863281,1,66.73812866210938,0.0010901898145675645,-1.3887505778074265,0
3,395,-0.6929244995117188,1,70.2972412109375,0.0989084392786026,-1.5957501608133315,0
3,396,-0.6852912902832031,1,66.24603271484375,0.09999863803386688,-1.499503180384636,0
3,397,-0.6264724731445312,1,59.333797454833984,4.282593727110429e-06,-1.2396210666894913,0
3,398,-0.5486984252929688,1,51.02157211303711,0.09999016523361207,-0.9218278994560242,0
3,399,-0.3931541442871094,1,22.224424362182617,5.128979682925139e-06,-0.030796980977058474,0
3,400,-0.027339935302734375,1,10.059355735778809,0.002348640561103822,0.9440390690565109,0
3,401,0.3047027587890625,1,46.23794174194336,0.002349063754081726,0.8845527201890947,0
3,402,0.7427711486816406,1,84.1255111694336,4.034340381622176e-05,1.0030304602384568,0
3,403,0.9241981506347656,1,96.5461654663086,3.1441450119018555e-05,1.1174717342853546,0
3,404,0.999847412109375,1,101.49764251708984,0.0999910980463028,1.1657423299551013,0
3,405,0.29167938232421875,1,95.52001190185547,0.06346589922904969,-0.12958010935783376,0
3,406,-0.88909912109375,1,82.90862274169922,0.03653410077095032,-2.2378320610523224,0
3,407,-0.7518844604492188,1,68.75228881835938,0.0,-1.678814697265625,0
3,408,-0.5751686096191406,1,48.225399017333984,0.0031109899282455444,-0.9149696391820908,0
3,409,-0.3327217102050781,1,21.385190963745117,0.003077566623687744,0.10672965764999383,0
3,410,-0.0809326171875,1,0.133514404296875,3.342032432555875e-05,1.0354631407260895,0
3,411,0.10145187377929688,1,17.284393310546875,5.6624412533845536e-08,1.0572158790826798,0
3,412,0.2923583984375,1,33.771514892578125,0.07105748802423478,1.1064441995024683,0
3,413,0.4291801452636719,1,49.545284271240234,0.02894193083047867,1.0662969278693202,0
3,414,0.5113677978515625,1,61.86294174194336,0.09999947845935822,0.9814767817258837,0
3,415,0.7343406677246094,1,69.58770751953125,1.1920928952302567e-08,1.2769271845817567,0
3,416,0.7621383666992188,1,80.9822006225586,0.09999998807907105,1.100632721424103,0
3,417,-0.5850868225097656,1,92.67424774169922,0.0001497238874435397,-1.8236645888090135,0
3,418,-1.1188468933105469,1,107.61641693115234,0.07490924000740051,-3.1930184948444365,0
3,419,-0.9738121032714844,1,107.36846160888672,0.02494096457958222,-2.895991077303886,0
3,420,-1.0312995910644531,1,98.67476654052734,7.152557372769319e-08,-2.8360945158004762,0
3,421,-0.9156074523925781,1,85.2699203491211,0.08642456531524659,-2.940070294380188,0
3,422,-0.8072700500488281,0,77.0721435546875,0.013561013340950015,-3.156525411725044,0
3,422,0.9050866864089784,1,77.0721435546875,0.013561013340950015,1.4681880611905689,1
3,423,-0.5568580627441406,0,37.067413330078125,0.09998524188995361,-1.859063801765442,0
3,423,2.4647398112753507,1,37.067413330078125,0.09998524188995361,5.38413194627354,1
3,424,-0.1121673583984375,0,8.533477783203125,0.09999966323375703,-0.3990042589902878,0
3,424,1.3954227928986498,1,8.533477783203125,0.09999966323375703,3.816176043603887,1
3,425,0.3506927490234375,0,54.855342864990234,6.988644599914551e-06,-0.39572163879871364,0
3,425,0.6118579117899472,1,54.855342864990234,6.988644599914551e-06,1.3266086867343059,1
3,426,0.7922248840332031,0,96.7292709350586,6.988644599914551e-06,-0.3501359301805497,0
3,426,0.011157647517229918,1,96.7292709350586,6.988644599914551e-06,-0.7122704032124961,1
3,427,0.9653892517089844,1,113.14391326904297,2.3692846298217773e-06,0.8679001432657245,0
3,428,1.2688026428222656,1,139.18685913085938,0.00011401772499084611,0.9538635423183442,0
3,429,1.4128608703613281,1,138.763427734375,0.00011638104915619174,1.25044853079319,0
3,430,1.3419723510742188,1,130.00106811523438,0.09999996125698091,1.279923341393471,0
3,431,-1.0367965698242188,1,101.0322494506836,0.09999996125698091,-2.8982381271123883,0
3,432,-0.8294792175292969,1,68.50814819335938,3.7610530853257607e-06,-1.8291215493679045,0
3,433,-0.46142578125,1,38.00201416015625,3.767013549801912e-06,-0.48289199638366703,0
3,434,-0.25296783447265625,1,16.85333251953125,0.07510273754596711,0.3539935711622238,0
3,435,-0.07351303100585938,1,0.007629394065588713,0.024897262454032898,1.0518254596088081,0
3,436,0.13337326049804688,1,22.274015426635742,2.443790435777138e-07,1.021266202688217,0
3,437,0.2770347595214844,1,36.67449951171875,2.443790435777138e-07,1.0205795190334321,0
3,438,0.40674591064453125,1,42.518611907958984,0.09999999701976776,1.1591195832490924,0
3,439,0.5120201110839844,1,49.980159759521484,0.09996682405471802,1.2204383540153505,0
3,440,0.5017585754394531,1,49.43465805053711,2.6226043701171875e-05,1.2148229408264162,0
3,441,0.5491294860839844,1,59.364315032958984,6.386637687684493e-06,1.110972416043282,0
3,442,0.17841720581054688,1,59.88692855834961,5.602836608900597e-07,0.35909581804275514,0
3,443,-0.5570182800292969,1,63.36593246459961,0.005367735028266908,-1.1815699187517166,0
3,444,-0.6232490539550781,1,48.690792083740234,0.005340439081192021,-1.0205275671482088,0
3,445,-0.42291259765625,1,37.49847412109375,0.09997270107269288,-0.39979358577728275,0
3,446,-0.2938270568847656,1,28.919218063354492,6.645917892400544e-07,0.03396149837970733,0
3,447,-0.2528114318847656,1,18.100738525390625,6.169080734239052e-07,0.3323623410463333,0
3,448,-0.15525436401367188,1,13.839720726013184,0.09999994933605194,0.6086968594789505,0
3,449,-0.12234115600585938,1,10.993956565856934,0.09976806938648225,0.7314478338956832,0
3,450,-0.06365585327148438,1,3.753661870956421,0.09509737193584442,0.993811161160469,0
3,451,-0.005542755126953125,1,1.5907286405563354,0.09532663226127625,1.1532868516445158,0
3,452,0.03093719482421875,1,4.093170166015625,0.0014128059148788424,1.1799544740915298,0
3,453,0.2975196838378906,1,0.0,0.04080710560083389,1.7934070834517482,0
3,454,0.0,1,0.0,0.042222581803798676,1.198311096727848,0
3,455,0.00804901123046875,1,0.0,0.03783345445990563,1.2145846842825412,0
3,456,0.12096405029296875,1,20.366666793823242,0.03739207908511162,1.033099081546068,0
3,457,0.319732666015625,1,46.203609466552734,0.0004404336214065552,0.9153755253553392,0
3,458,0.5482521057128906,1,59.959407806396484,0.0006479114294052069,1.0972901388406755,0
3,459,0.6797218322753906,1,73.59695434570312,0.0006488472223281846,1.0874786237478258,0
3,460,0.6610031127929688,1,74.0203857421875,6.536543369293352e-05,1.04159589612484,0
3,461,-0.7373695373535156,1,72.967529296875,0.09993461966514589,-1.7380870454311372,0
3,462,-0.6653861999511719,1,60.46676254272461,8.940696717696373e-09,-1.3401076511144638,0
3,463,-0.5027084350585938,1,41.88918685913086,0.1,-0.6472006072998048,0
3,464,-0.2810173034667969,1,22.930143356323242,0.09996297359466554,0.17536400699615473,0
3,465,-0.144195556640625,1,8.525848388671875,3.636181354522289e-05,0.7410904644727706,0
3,466,-0.027492523193359375,1,1.8081663846969604,0.09999933540821077,1.1048516525030134,0
3,467,0.08522796630859375,1,15.590666770935059,0.09551985561847687,1.0548218029737473,0
3,468,0.2562294006347656,1,28.854368209838867,0.0954899549484253,1.1315518388748171,0
3,469,0.31044769287109375,1,31.917570114135742,0.09997009932994844,1.178545179486275,0
3,470,0.36936187744140625,1,34.893035888671875,0.05709977000951767,1.2385790463089945,0
3,471,0.3811912536621094,1,47.447200775146484,0.04289541989564896,1.0117226750254633,0
3,472,0.4900398254394531,1,49.01504135131836,2.9116868972764443e-06,1.1997787073850634,0
3,473,0.49036407470703125,1,48.64120101928711,1.8984079360948036e-06,1.207904053092003,0
3,474,-0.38259124755859375,1,44.40688705444336,0.09999756813049317,-0.4573201389312745,0
3,475,-0.46089935302734375,1,48.698421478271484,0.09999756813049317,-0.699767038345337,0
3,476,-0.5505752563476562,1,50.28152084350586,0.000293710827827455,-0.9067926779985428,0
3,477,-0.4400291442871094,1,47.34420394897461,0.09577366411685945,-0.6307733141183854,0
3,478,-0.4166297912597656,1,36.014556884765625,0.036119154095649725,-0.3549954863786698,0
3,479,-0.34592437744140625,1,28.526304244995117,0.04001753032207489,-0.06397554099559785,0
3,480,-0.2032928466796875,1,17.60101318359375,3.4248828887938065e-05,0.44139267301559443,0
3,481,-0.08180999755859375,1,0.0534057579934597,0.00022732317447662215,1.035302796795964,0
3,482,0.25685882568359375,1,44.93331527709961,0.00022303760051727017,0.8150424243211748,0
3,483,0.5493583679199219,1,60.12343978881836,0.00011558234691620012,1.0962433167696002,0
3,484,0.624969482421875,1,76.4617919921875,0.09988013207912445,0.9167079197168352,0
3,485,0.8155860900878906,1,84.03777313232422,2.980232241545089e-09,1.1504167174100877,0
3,486,0.4140968322753906,1,76.74026489257812,0.09999994933605194,0.48938836872577685,0
3,487,-0.6307106018066406,1,64.40353393554688,0.09999994635581971,-1.3534918801784517,0
3,488,-0.5499649047851562,1,46.95510482788086,0.09999980032444,-0.8430318981409074,0
3,489,-0.3854408264160156,1,32.23419189453125,0.09999837875366212,-0.21956542587280278,0
3,490,-0.2822151184082031,1,20.820615768432617,0.09031424820423127,0.2155448778867721,0
3,491,-0.11932754516601562,1,7.167815685272217,0.09031562805175782,0.8143759708404541,0
3,492,0.0184173583984375,1,9.14764404296875,0.07184496521949768,1.05100803732872,0
3,493,0.2249298095703125,1,29.697416305541992,0.07184036672115326,1.0530376783609392,0
3,494,0.36975860595703125,1,49.598690032958984,0.09999535381793977,0.9435435971021654,0
3,495,0.6197586059570312,1,59.761043548583984,0.03297850489616394,1.2429772007465365,0
3,496,0.6371307373046875,1,66.17355346679688,0.054888206720352176,1.1485948770046235,0
3,497,-0.018474578857421875,1,70.79315185546875,0.010931885242462164,-0.2532494702339173,0
3,498,-0.6908721923828125,1,66.74957275390625,0.09879857897758484,-1.5206877830028533,0
3,499,-0.6528968811035156,1,63.835140228271484,0.0010722875595092773,-1.3825394582748414,0
3,500,-0.5248069763183594,1,53.298946380615234,0.09812134802341461,-0.91951773416996,0
3,501,-0.4762763977050781,1,34.542083740234375,0.09908497333526611,-0.44735786914825443,0
3,502,-0.21771621704101562,1,11.661528587341309,0.04707361683249474,0.5294540494978428,0
3,503,0.08726882934570312,1,26.943204879760742,0.047182296961545946,0.8337862692177296,0
3,504,0.4020576477050781,1,47.447200775146484,0.1,1.0511712799072268,0
3,505,0.578765869140625,1,66.60842895507812,0.024693384766578674,1.0243754237890246,0
3,506,0.7619132995605469,1,83.29772186279297,0.07530661523342133,1.0548598972558976,0
3,507,0.8405685424804688,1,82.1418685913086,0.0020783841609954834,1.2382165777683258,0
3,508,-0.28168487548828125,1,73.211669921875,0.0020782798528671265,-0.8276862806081773,0
3,509,-0.6577072143554688,1,59.135433197021484,1.013278961153885e-07,-1.298123096704483,0
3,510,-0.577056884765625,1,47.55019760131836,0.09999999701976776,-0.909117721438408,0
3,511,-0.37007904052734375,1,35.877227783203125,0.09971952736377716,-0.26169141781330113,0
3,512,-0.2905082702636719,1,23.708341598510742,0.00028047263622284213,0.14480540859699242,0
3,513,-0.15889358520507812,1,6.484984874725342,0.0,0.7525131320953369,0
3,514,0.006778717041015625,1,6.015777111053467,0.018743282556533812,1.0924921605587006,0
3,515,0.11551284790039062,1,15.396117210388184,0.08125501275062562,1.1198531510829925,0
3,516,0.2452392578125,1,33.046722412109375,0.099796062707901,1.0255522248744966,0
3,517,0.4614677429199219,1,48.09951400756836,5.6657195091250334e-05,1.1609429394006732,0
3,518,0.4715538024902344,1,55.015560150146484,0.00014554858207702775,1.0427905800342563,0
3,519,0.6246490478515625,1,69.37789916992188,0.09999949634075166,1.0577401324510576,0
3,520,0.4917869567871094,1,77.8656005859375,0.00010886788368225098,0.6262575471401216,0
3,521,-0.7849769592285156,1,77.98385620117188,5.8591365814208984e-05,-1.9296333861351014,0
3,522,-0.77532958984375,1,76.56478881835938,5.075335502624512e-05,-1.8819569861888885,0
3,523,-0.7112159729003906,1,65.90652465820312,0.0,-1.5405624389648438,0
3,524,-0.5995674133300781,1,55.076595306396484,0.1,-1.104666732788086,0
3,525,-0.54132080078125,1,43.90334701538086,0.0036437302827835097,-0.7608542910814287,0
3,526,-0.24937057495117188,1,21.701810836791992,0.0036437302827835097,0.267076884150505,0
3,527,-0.0941314697265625,1,0.9689330458641052,0.1,0.9883583996295928,0
3,528,0.11564254760742188,1,19.397735595703125,9.021759033202986e-05,1.043326774597168,0
3,529,0.3299674987792969,1,50.491329193115234,9.021759033202986e-05,0.850104804992676,0
3,530,0.7876243591308594,1,87.99742889404297,0.007458907365798947,1.0150017840862275,0
3,531,0.9947929382324219,1,106.36901092529297,0.023400917649269107,1.061269621253014,0
3,532,1.0715789794921875,1,105.85021209716797,0.06914014518260957,1.2233881112337115,0
3,533,0.28400421142578125,1,107.0747299194336,0.0991089016199112,-0.3774505316019055,0
3,534,-1.0502243041992188,1,102.40935516357422,0.09910557866096498,-2.95259993481636,0
3,535,-1.0385780334472656,1,86.49443817138672,0.09999134838581086,-2.611044484257698,0
3,536,-0.7237358093261719,1,60.55068588256836,0.09999459683895112,-1.462485120177269,0
3,537,-0.4375190734863281,1,39.642333984375,0.09999797642230988,-0.4718847457170487,0
3,538,-0.3164863586425781,1,20.751951217651367,0.014999547600746156,0.1513882764577865,0
3,539,-0.059963226318359375,1,4.72259521484375,0.014777052402496334,0.9850305609703064,0
3,540,0.12240219116210938,1,15.701292991638184,0.0820503979921341,1.1274965065717697,0
3,541,0.23392486572265625,1,30.555723190307617,0.017725187540054324,1.0560262601375583,0
3,542,0.3953437805175781,1,38.87939453125,0.09992059171199799,1.2091028467416765,0
3,543,0.4186058044433594,1,52.589412689208984,0.005967080593109131,0.985184671878815,0
3,544,0.5679359436035156,1,58.73488998413086,0.093707212805748,1.1574257990121843,0
3,545,0.70538330078125,1,68.88961791992188,0.0007436633110046442,1.2329444966316225,0
3,546,0.6609382629394531,1,76.34353637695312,0.0990100383758545,0.9910453968048097,0
3,547,0.7413330078125,1,70.36209106445312,2.8997659683241417e-06,1.275424078345299,0
3,548,-0.5057296752929688,1,65.77301025390625,0.059852137416601184,-1.1293136411607265,0
3,549,-0.6233482360839844,1,59.059139251708984,0.0401449628174305,-1.2294850557148456,0
3,550,-0.49488067626953125,1,51.574703216552734,0.06508916765451432,-0.8238589835762977,0
3,551,-0.4824676513671875,1,36.869049072265625,0.030957530438899997,-0.5035545853972435,0
3,552,-0.24141311645507812,1,13.801573753356934,0.09219775795936586,0.43745438170433043,0
3,553,-0.0154571533203125,1,7.339477062225342,0.010030075907707214,1.0218949490785598,0
3,554,0.2735404968261719,1,39.638519287109375,0.013879016041755676,0.9537554472684862,0
3,555,0.4725761413574219,1,51.41830062866211,8.016824722262283e-07,1.116786238074303,0
3,556,0.4606781005859375,1,50.010677337646484,8.016824722262283e-07,1.1211426223516467,0
3,557,0.5094261169433594,1,52.34145736694336,0.0,1.1720230865478518,0
3,558,0.5925331115722656,1,54.71419906616211,3.27825546292404e-08,1.2907822405099871,0
3,559,-0.115325927734375,1,47.958370208740234,6.109476089477539e-07,0.01018071591854087,0
3,560,-0.4283256530761719,1,38.562774658203125,0.09998239874839783,-0.4319060952663422,0
3,561,-0.3089485168457031,1,24.032590866088867,0.0999830186367035,0.0974518282413482,0
3,562,-0.19495391845703125,1,13.442992210388184,4.5895576476773225e-07,0.5412323005199432,0
3,563,-0.08786392211914062,1,7.053374767303467,0.09999547004699708,0.8792048416137695,0
3,564,-0.05224609375,1,4.337310791015625,4.047155380250411e-06,1.0087614347934724,0
3,565,0.022525787353515625,1,8.495330810546875,0.09999980628490449,1.0711449662446975,0
3,566,0.14821243286132812,1,22.495267868041992,1.9371509552001953e-07,1.0465195006132126,0
3,567,0.2860755920410156,1,32.72247314453125,1.5616416931124588e-06,1.1177016587257387,0
3,568,0.4551353454589844,1,48.896785736083984,0.09505461156368256,1.128532791733742,0
3,569,0.34070587158203125,1,60.226436614990234,0.004514122009277345,0.676702445983887,0
3,570,-0.6073799133300781,1,72.79586791992188,0.09949794113636018,-1.4746571027040483,0
3,571,-0.7464790344238281,1,74.30648803710938,0.09992696344852448,-1.7830849081277849,0
3,572,-0.7765541076660156,1,66.52450561523438,0.09999407827854156,-1.6875980907678605,0
3,573,-0.551116943359375,1,56.777950286865234,5.239248275758224e-06,-1.0377931020259856,0
3,574,-0.3884124755859375,1,21.022794723510742,0.09571622312068939,-0.0011094945669174838,0
3,575,0.06411361694335938,1,27.736661911010742,0.0042837768793106065,0.7733226445913315,0
3,576,0.373016357421875,1,42.23250961303711,2.086162566999894e-08,1.1013825217485431,0
3,577,0.4063262939453125,1,46.676631927490234,0.09999795556068422,1.0751200311183933,0
3,578,0.5740928649902344,1,169.1856231689453,2.023577690121736e-06,-1.035526814341545,0
3,579,0.5390129089355469,1,61.22970199584961,0.0,1.0534317779541018,0
3,580,0.5883026123046875,1,55.534358978271484,0.018108412623405457,1.2651937085390093,0
3,581,0.5693626403808594,1,48.751827239990234,0.017579078674316406,1.3629855728149416,0
3,582,-0.3186759948730469,1,41.21017074584961,0.09259402453899385,-0.2652591656446458,0
3,583,-0.34976959228515625,1,29.781339645385742,0.07738311886787415,-0.09826130223274232,0
3,584,-0.22806167602539062,1,22.087095260620117,0.08363046646118164,0.29878952407836906,0
3,585,-0.17760086059570312,1,11.093138694763184,0.0005854427814483698,0.6229120872020721,0
3,586,-0.06964492797851562,1,4.0130615234375,0.09947644770145417,0.9764698556661605,0
3,587,0.00353240966796875,1,3.673553228378296,0.09951034784317017,1.129613340854645,0
3,588,0.057048797607421875,1,9.521484375,0.09999004304409029,1.11966830599308,0
3,589,0.121429443359375,1,11.470793724060059,5.960464476151284e-09,1.2134430119991302,0
3,590,0.16009521484375,1,19.79827880859375,0.0206564873456955,1.1233985940217972,0
3,591,0.21880340576171875,1,22.911069869995117,0.01169779747724533,1.1789175022244456,0
3,592,0.22627639770507812,1,22.026060104370117,0.005552370101213455,1.2118094985187056,0
3,593,0.20809173583984375,1,24.051664352416992,0.03789890930056572,1.1336342282593252,0
3,594,0.15958404541015625,1,23.773191452026367,4.464387893678146e-06,1.0437040832042694,0
3,595,-0.18200302124023438,1,17.017364501953125,1.2221932411196623e-05,0.4956461786031723,0
3,596,-0.12033843994140625,1,7.900237560272217,0.1,0.7973183689117431,0
3,597,-0.06835174560546875,1,5.882262706756592,0.09999981820583344,0.9416512619256973,0
3,598,-0.07495498657226562,1,10.478972434997559,0.026551398634910583,0.8394485222101211,0
3,599,-0.0851287841796875,1,3.921508550643921,0.02655158042907715,0.9502501974105835,0
3,600,-0.02404022216796875,1,1.6174315214157104,0.09980509579181672,1.1155787214040755,0
3,601,0.028026580810546875,1,6.526946544647217,0.06934962868690492,1.1227402455806732,0
3,602,0.06976699829101562,1,8.190155029296875,0.030455404520034788,1.1745126798152923,0
3,603,0.085723876953125,1,8.79669189453125,0.0998571902513504,1.191519628405571,0
3,604,0.041019439697265625,1,1.7356871366500854,0.09985723793506623,1.243330847144127,0
3,605,-0.035472869873046875,1,4.31060791015625,1.1920928952302567e-08,1.042842101573944,0
3,606,-0.0431365966796875,1,4.15802001953125,0.09999595880508423,1.0265665678977967,0
3,607,-0.026519775390625,1,1.3313292264938354,0.0874378114938736,1.1168363522291183,0
3,608,-0.020969390869140625,1,2.960204839706421,0.012512099742889408,1.0983566374778746,0
3,609,-0.0576629638671875,1,9.28497314453125,4.573464393615306e-05,0.8989727799892425,0
3,610,-0.1206817626953125,1,11.535643577575684,3.1590461731234587e-07,0.7279235904216766,0
3,611,-0.0972747802734375,1,7.991790294647217,1.37090682986174e-07,0.8456146280765533,0
3,612,-0.06387710571289062,1,5.207061290740967,0.09999986290931702,0.9641045682430267,0
3,613,-0.0041656494140625,1,3.593444585800171,0.1,1.1157998094558716,0
3,614,0.027019500732421875,1,1.2588499784469604,0.0004289925098419217,1.2288448421955107,0
3,615,0.025043487548828125,1,3.810882329940796,0.09957095980644226,1.1698864901065826,0
3,616,0.05437469482421875,1,6.603240489959717,0.09999992549419404,1.1726845828294754,0
3,617,0.08697891235351562,1,10.269164085388184,2.6822090146150224e-08,1.168574541926384,0
3,618,0.08685302734375,1,6.969451427459717,2.16066837310791e-06,1.2343169397115707,0
3,619,0.064178466796875,1,6.156920909881592,0.00038384497165679793,1.2052031615972518,0
3,620,0.0105743408203125,1,3.372192144393921,0.00036536753177642683,1.1536902240514757,0
3,621,-0.027111053466796875,1,1.9569395780563354,2.0638108253479004e-05,1.1066382759809492,0
3,622,-0.02249908447265625,1,3.013610601425171,8.940696717696373e-09,1.094729618668556,0
3,623,-0.039791107177734375,1,4.730224609375,8.940696717696373e-09,1.0258132930994033,0
3,624,-0.05261993408203125,1,4.547119140625,0.0999999910593033,0.9998177493810654,0
3,625,-0.0468902587890625,1,5.802154064178467,0.05328785106539726,0.9880448870956897,0
3,626,-0.06284332275390625,1,6.549834728240967,0.05328786000609398,0.9411851455271244,0
3,627,-0.10135650634765625,1,11.901854515075684,0.0,0.7592498970031738,0
3,628,-0.09686279296875,1,9.30023193359375,0.09999999701976776,0.8162697755098343,0
3,629,-0.057201385498046875,1,2.41851806640625,0.04808258898556232,1.0353035641163588,0
3,630,-0.0065765380859375,1,0.0419616661965847,0.04800008721649647,1.1840876870155332,0
3,631,-0.00731658935546875,1,1.6403197050094604,8.246898651122908e-05,1.1525571284294127,0
3,632,-0.031219482421875,1,4.924774169921875,0.00017121732234955112,1.0390587030649185,0
3,633,-0.06486129760742188,1,6.305694103240967,0.0998287469148636,0.9401703728437424,0
3,634,-0.039852142333984375,1,1.8653868436813354,0.0321056067943573,1.0817037541866301,0
3,635,0.0315093994140625,1,7.175445079803467,0.04328244030475617,1.1177785996198655,0
3,636,0.14451217651367188,1,20.05767822265625,0.07538800537586213,1.084855268359184,0
3,637,0.21729278564453125,1,22.113798141479492,0.0976279228925705,1.1884044915437701,0
3,638,0.23819732666015625,1,30.105588912963867,0.004380753636360167,1.0741076449155809,0
3,639,0.3142547607421875,1,31.284330368041992,0.007810628414154051,1.202510488986969,0
3,640,0.0822906494140625,1,29.777524948120117,0.05818126946687699,0.7667035490870475,0
3,641,-0.25865936279296875,1,22.338865280151367,0.07274213582277297,0.23299428337812417,0
3,642,-0.14809036254882812,1,11.707304954528809,0.09999738931655884,0.6656732802391052,0
3,643,-0.081817626953125,1,6.278991222381592,0.09503374695777894,0.906983571767807,0
3,644,-0.038036346435546875,1,1.110076904296875,0.004559615254402162,1.1015433844327926,0
3,645,0.031955718994140625,1,7.324218273162842,0.09959342181682587,1.1134433356523514,0
3,646,0.1214141845703125,1,15.811919212341309,0.01714690923690796,1.1259041085243224,0
3,647,0.17813491821289062,1,18.6309814453125,0.0828455001115799,1.180336387515068,0
3,648,0.22480010986328125,1,18.68438720703125,0.06385042518377304,1.2733584585785866,0
3,649,-0.010860443115234375,1,25.703428268432617,0.06385621279478074,0.6616562998890877,0
3,650,-0.2683258056640625,1,27.069089889526367,0.09946811199188232,0.11798786640167236,0
3,651,-0.2863807678222656,1,29.735563278198242,0.099468132853508,0.028548473477363577,0
3,652,-0.2788810729980469,1,25.859830856323242,0.09844824373722078,0.12110330712795257,0
3,653,-0.2232666015625,1,24.051664352416992,0.0009345471858978258,0.2723961279392242,0
3,654,-0.22757720947265625,1,21.602628707885742,0.0004966706037521362,0.31277314007282253,0
3,655,-0.22137832641601562,1,15.251158714294434,0.00011875629425048967,0.45221542263031,0
3,656,-0.07498931884765625,1,3.196716070175171,0.09995318055152894,0.9820889136791229,0
3,657,0.053531646728515625,1,11.863707542419434,0.09992075860500337,1.0657923122644424,0
3,658,0.13483047485351562,1,13.751982688903809,0.09912997782230379,1.1906560968160629,0
3,659,0.1539764404296875,1,16.674041748046875,0.09916239976882935,1.1705055499076842,0
3,660,0.17360687255859375,1,17.612457275390625,0.0001300930976867662,1.1949593958854674,0
3,661,0.20194625854492188,1,22.243497848510742,0.0016483843326568631,1.1589566247463228,0
3,662,0.19434738159179688,1,20.557401657104492,0.0017784774303436293,1.1774755909442902,0
3,663,0.202545166015625,1,16.483306884765625,0.09992758333683015,1.2714270910024645,0
3,664,0.10820388793945312,1,8.27789306640625,0.09992758333683015,1.246852811217308,0
3,665,0.07892227172851562,1,7.495879650115967,0.0999775230884552,1.2039278495311736,0
3,666,0.06843948364257812,1,7.595061779022217,0.09989452362060547,1.1809819507598878,0
3,667,0.060405731201171875,1,4.33349609375,0.0998383402824402,1.2301480069160462,0
3,668,0.0159149169921875,1,0.9918212294578552,0.09435647130012513,1.2082191505432127,0
3,669,-0.016445159912109375,1,2.20489501953125,0.09443513154983521,1.1192343745231628,0
3,670,-0.024890899658203125,1,2.639770269393921,0.1,1.0934227952957152,0
3,671,-0.032779693603515625,1,3.273010015487671,0.09999998211860657,1.064980413198471,0
3,672,-0.0143890380859375,1,0.3395080268383026,0.05181393921375275,1.162359205722809,0
3,673,-0.0026397705078125,1,0.8811950087547302,0.04818604290485382,1.1751691170930862,0
3,674,-0.0010223388671875,1,1.010894775390625,8.007884025572343e-06,1.1777371064424513,0
3,675,0.0062713623046875,1,0.31280517578125,0.0999919891357422,1.2022869415283202,0
3,676,0.010822296142578125,1,2.666473150253296,0.09506571590900421,1.16451250064373,0
3,677,0.015544891357421875,1,0.278472900390625,0.029570569097995762,1.2243375019431113,0
3,678,-0.002704620361328125,1,0.4386901557445526,0.0654951497912407,1.1831971501708032,0
3,679,0.00103759765625,1,0.545501708984375,0.050149568100459875,1.189159178408794,0
3,680,-0.001445770263671875,1,0.301361083984375,0.05013664283324033,1.189075772079639,0
3,681,-0.0200042724609375,1,4.070281982421875,1.292526721954207e-05,1.0785852984189988,0
3,682,-0.019008636474609375,1,0.3471374213695526,0.09933328926563263,1.1510666470527648,0
3,683,-0.01265716552734375,1,3.028869390487671,0.0006667107343673734,1.1140816127061843,0
3,684,-0.03791046142578125,1,4.138946533203125,0.0999864161014557,1.0374006898403167,0
3,685,-0.044384002685546875,1,4.608154296875,9.313225746154785e-06,1.0190685361623764,0
3,686,-0.01877593994140625,1,0.55694580078125,0.0999957114458084,1.14730937564373,0
3,687,0.033596038818359375,1,4.76837158203125,0.015743035078048702,1.1711949245929718,0
3,688,0.049404144287109375,1,5.908965587615967,0.08425693511962892,1.1772586994171141,0
3,689,0.037014007568359375,1,1.6555784940719604,1.1920928952302567e-08,1.2409164447784422,0
3,690,-0.004489898681640625,1,1.8005369901657104,0.06280905604362488,1.1524971005916596,0
3,691,-0.01290130615234375,1,1.4152525663375854,0.06280453503131866,1.143380154967308,0
3,692,-0.028118133544921875,1,3.841399908065796,0.09920176565647126,1.0629676641225816,0
3,693,-0.052276611328125,1,7.328032970428467,0.09920628666877747,0.9449178664684296,0
3,694,-0.10726547241210938,1,9.89532470703125,2.384185791154403e-08,0.7875625600814818,0
3,695,-0.07725906372070312,1,9.380340576171875,0.0999999761581421,0.8538750619888306,0
3,696,-0.0986785888671875,1,8.617401123046875,0.0,0.8302947998046875,0
3,697,-0.06747055053710938,1,5.104064464569092,1.341104507446289e-06,0.9629775559902191,0
3,698,-0.0274810791015625,1,1.4839171171188354,0.09999865889549256,1.1113595530986784,0
3,699,-0.01033782958984375,1,1.190185546875,0.08932220339775086,1.1519477417469024,0
3,700,-0.0221405029296875,1,2.803802251815796,0.08922924399375917,1.0960737793445585,0
3,701,-0.0023040771484375,1,2.117156982421875,9.326934814453403e-05,1.1530449752807617,0
3,702,0.014598846435546875,1,0.2479553073644638,0.00018622875213623186,1.224231137573719,0
3,703,-0.0138092041015625,1,1.6670225858688354,0.0007795810699462863,1.1390099568367003,0
3,704,-0.0171661376953125,1,2.05230712890625,0.0007719844579696655,1.1245907026529312,0
3,705,-0.029628753662109375,1,3.887176275253296,0.09997112154960633,1.059000122308731,0
3,706,-0.051544189453125,1,5.168914318084717,0.09997849762439728,0.9895341948270797,0
3,707,-0.023815155029296875,1,0.148773193359375,0.09999977946281434,1.1453942348957062,0
3,708,0.0146484375,1,1.9950865507125854,0.1,1.1853951439857482,0
3,709,0.032276153564453125,1,4.7149658203125,0.0009523332118988037,1.1702148973941802,0
3,710,0.06941604614257812,1,8.625030517578125,0.027741266787052157,1.1652218312621117,0
3,711,0.105621337890625,1,14.148711204528809,0.02869359999895096,1.1271207076907157,0
3,712,0.17374038696289062,1,13.694762229919434,0.09999906420707703,1.2695855667591094,0
3,713,0.1051177978515625,1,10.089873313903809,0.09999906420707703,1.2044381668567656,0
3,714,0.06479644775390625,1,3.551482915878296,0.0,1.2585632371902467,0
3,715,0.00420379638671875,1,1.8539427518844604,0.0032006859779357896,1.1712007102966309,0
3,716,-0.051815032958984375,1,7.686614513397217,0.0035999476909637437,0.9424936459064484,0
3,717,-0.056118011474609375,1,4.50897216796875,0.058996221423149114,0.9952246848344802,0
3,718,-0.054656982421875,1,6.141662120819092,0.03420241475105286,0.966484696149826,0
3,719,-0.07309722900390625,1,9.654998779296875,0.04508855901658535,0.8589020240455866,0
3,720,-0.10648727416992188,1,11.077879905700684,0.053650889173150064,0.7633218179792165,0
3,721,-0.099853515625,1,8.625030517578125,0.098690864443779,0.8238447238206863,0
3,722,-0.0737152099609375,1,5.134582042694092,0.07365943640470506,0.9469315617680549,0
3,723,-0.06078338623046875,1,8.36944580078125,0.07370875030755997,0.908095961511135,0
3,724,-0.08158493041992188,1,7.232665538787842,0.0005763828754425035,0.8921537730693817,0
3,725,-0.047183990478515625,1,1.5106199979782104,0.00045542120933532437,1.0754014022350311,0
3,726,-0.018310546875,1,0.0,0.010694608092308044,1.1629511219263076,0
3,727,0.00202178955078125,1,2.02178955078125,0.08864713609218597,1.16006190264225,0
3,728,0.03403472900390625,1,4.06646728515625,0.0005370706319808988,1.1867186294794083,0
3,729,0.046207427978515625,1,4.093170166015625,1.9073486327847444e-07,1.2105514450073243,0
3,730,0.04447174072265625,1,4.734039306640625,4.526972770688142e-06,1.1942625142335892,0
3,731,0.08358001708984375,1,13.217925071716309,0.06930948346853257,1.10002915340662,0
3,732,0.1775665283203125,1,21.038053512573242,0.06927167922258377,1.1316011192202569,0
3,733,0.23954391479492188,1,21.297452926635742,0.0007997721433639499,1.2531067801713947,0
3,734,0.17383575439453125,1,17.52471923828125,0.004459932446479797,1.1969987267255782,0
3,735,0.15765380859375,1,14.556883811950684,0.046311295032501226,1.2223174891471862,0
3,736,0.15929794311523438,1,16.757965087890625,0.051111826300621034,1.1813921114206314,0
3,737,-0.11591720581054688,1,9.174346923828125,0.09949846267700196,0.7806987113952636,0
3,738,-0.0872650146484375,1,9.761810302734375,0.0,0.8302337646484375,0
3,739,-0.10401153564453125,1,8.670806884765625,0.1,0.814560791015625,0
3,740,-0.06721115112304688,1,5.073546886444092,1.3768672943101357e-06,0.9641067049503326,0
3,741,-0.020050048828125,1,0.0457763634622097,0.09626103937625885,1.1551339334994553,0
3,742,0.059032440185546875,1,10.051726341247559,0.003708523511886594,1.116882012605667,0
3,743,0.13535690307617188,1,15.800475120544434,2.250969409942072e-05,1.1547034033536911,0
3,744,0.17084884643554688,1,21.327970504760742,0.09994822442531587,1.1111403537988662,0
3,745,-0.14687728881835938,1,20.881650924682617,0.0002628684043884319,0.4886018891334533,0
3,746,-0.23447418212890625,1,21.965024948120117,0.09973692595958711,0.2877616597414016,0
3,747,-0.20781707763671875,1,19.474029541015625,0.09969795644283296,0.3908973356485366,0
3,748,-0.15243148803710938,1,14.797209739685059,0.00030204355716705045,0.5991807473897933,0
3,749,-0.16034698486328125,1,15.144347190856934,0.019588717818260194,0.5756355377435683,0
3,750,-0.09075546264648438,1,3.593444585800171,0.08041123449802398,0.9434037336111069,0
3,751,-0.00167083740234375,1,1.9569395780563354,0.02098037600517273,1.1566803185939787,0
3,752,0.03748321533203125,1,5.760192394256592,0.02097817063331604,1.158923455953598,0
3,753,0.09129714965820312,1,12.130736351013184,0.09999765753746033,1.1359796659946442,0
3,754,0.14406204223632812,1,12.973784446716309,8.940696716308594e-08,1.2286483919620514,0
3,755,0.13219070434570312,1,13.351439476013184,0.0512436923570931,1.1953028714768588,0
3,756,0.13082504272460938,1,15.476225852966309,0.04853823212906719,1.1501840391047298,0
3,757,0.16978836059570312,1,18.192291259765625,0.08316377997398378,1.1724043447971344,0
3,758,0.193756103515625,1,16.490936279296875,0.016618144512176518,1.2570287556648254,0
3,759,0.12347030639648438,1,8.785247802734375,0.09999161064624787,1.2672359923124312,0
3,760,-0.05666351318359375,1,7.156371593475342,0.0001125633716583252,0.9435410392284393,0
3,761,-0.07532501220703125,1,6.679534435272217,0.0892464190721512,0.9121894301176071,0
3,762,-0.05875396728515625,1,5.146026134490967,0.08936736583709717,0.9759968481063842,0
3,763,-0.0339202880859375,1,1.9454954862594604,0.008420094847679138,1.0929127103090286,0
3,764,-0.000232696533203125,1,1.4305113554000854,0.008419907093048094,1.17058758354187,0
3,765,0.02474212646484375,1,3.135680913925171,3.5762786863846596e-08,1.1867706332206727,0
3,766,-0.0014495849609375,1,3.124236822128296,0.0006942212581634508,1.1345883247852324,0
3,767,-0.020458221435546875,1,0.606536865234375,0.00029942095279693326,1.1469408429861068,0
3,768,0.002899169921875,1,0.9117125868797302,0.03889321610331536,1.1860083594620228,0
3,769,-0.00867462158203125,1,3.047942876815796,0.03988701030611992,1.1200964188873765,0
3,770,-0.04592132568359375,1,4.550933837890625,0.06548989564180374,1.014519076049328,0
3,771,-0.029354095458984375,1,1.4495848417282104,0.06548990160226822,1.1096805161833763,0
3,772,0.01522064208984375,1,4.2266845703125,6.8545341493087e-08,1.1459075900316238,0
3,773,0.06615447998046875,1,6.847381114959717,0.09974161982536317,1.1913716728687287,0
3,774,0.0731048583984375,1,7.541656017303467,0.060635588318109515,1.1929511729180813,0
3,775,0.06283950805664062,1,5.092620372772217,0.03910603150725365,1.2222623673975468,0
3,776,0.0531005859375,1,5.649566173553467,0.09997816681861878,1.1892107217311858,0
3,777,0.03082275390625,1,3.715514898300171,0.08419000506401061,1.1839676096439362,0
3,778,-0.019161224365234375,1,0.4768371284008026,0.0802882879972458,1.1489292771816255,0
3,779,-0.017032623291015625,1,2.735137701034546,0.0039234787225723225,1.1110750602483748,0
3,780,-0.03429412841796875,1,5.363463878631592,6.496906280462067e-07,1.0241424396038055,0
3,781,-0.041881561279296875,1,1.6365050077438354,6.526708602877518e-07,1.083506751179695,0
3,782,0.013629913330078125,1,3.654479742050171,0.0,1.154170231819153,0
3,783,0.052490234375,1,6.229400157928467,0.1,1.1763924655914306,0
3,784,0.04378509521484375,1,2.563476324081421,0.09993237555027008,1.232303368926048,0
3,785,0.006805419921875,1,0.6599425673484802,0.09992846846580505,1.1964148497581482,0
3,786,-0.031833648681640625,1,4.730224609375,0.09999598562717438,1.0377283710241316,0
3,787,-0.02170562744140625,1,1.13677978515625,0.09999988675117494,1.1298531539440155,0
3,788,0.00640869140625,1,1.6632078886032104,1.4901161193847656e-08,1.1795532244443891,0
3,789,0.0424957275390625,1,6.324767589569092,0.09999997913837433,1.154496104121208,0
3,790,-0.06577301025390625,1,9.4757080078125,0.0007033646106719971,0.8789116847515106,0
3,791,-0.0796051025390625,1,8.026123046875,0.0007016599178314223,0.8802392675876617,0
3,792,-0.095306396484375,1,9.6282958984375,3.3557415008572677e-06,0.8168211548328399,0
3,793,-0.09894561767578125,1,11.993407249450684,0.0005547463893890367,0.7622184298038482,0
3,794,-0.11989593505859375,1,11.547087669372559,0.0005598038434982272,0.7292439843416214,0
3,795,-0.12984085083007812,1,12.195586204528809,0.0991310715675354,0.6924413313865662,0
3,796,-0.10792160034179688,1,11.680602073669434,0.09913094639778137,0.7465795199871063,0
3,797,-0.1069793701171875,1,9.731292724609375,0.0999889463186264,0.7874158474206924,0
3,798,-0.056133270263671875,1,1.4686583280563354,9.781122207647153e-06,1.0583599016666412,0
3,799,0.0328826904296875,1,6.187438488006592,0.09973559379577637,1.1380271873474122,0
3,800,0.08750534057617188,1,12.344359397888184,0.09973673522472382,1.124134023785591,0
3,801,0.14207077026367188,1,15.125273704528809,2.980232241545089e-09,1.1816360663175582,0
3,802,0.18363571166992188,1,17.971038818359375,0.017191311717033385,1.2071629945039748,0
3,803,0.170196533203125,1,15.861510276794434,0.017191311717033385,1.22247520840168,0
3,804,0.11653518676757812,1,10.475157737731934,0.07708953320980072,1.2204836374521255,0
3,805,0.057689666748046875,1,1.6441344022750854,0.07695752680301667,1.2794183443784712,0
3,806,-0.035400390625,1,6.858825206756592,0.09986258745193483,0.9880282111167907,0
3,807,-0.0854949951171875,1,9.43756103515625,0.03346433341503144,0.8389202157258987,0
3,808,-0.10094833374023438,1,12.580870628356934,0.066530242562294,0.7438247102499008,0
3,809,-0.12379837036132812,1,11.566161155700684,0.09997910261154175,0.7170808720588684,0
3,810,-0.10496902465820312,1,7.667541027069092,0.09997704923152924,0.8327120481729507,0
3,811,-0.06969833374023438,1,6.568908214569092,0.016252186894416813,0.9285750807523727,0
3,812,-0.029544830322265625,1,0.1716613620519638,0.08374574184417724,1.1341272824406623,0
3,813,0.026416778564453125,1,4.28009033203125,0.1,1.1632317504882812,0
3,814,0.055938720703125,1,6.435393810272217,0.019585961103439332,1.182386126756668,0
3,815,0.07003021240234375,1,7.305144786834717,0.07333659231662751,1.1910240653753281,0
3,816,0.050342559814453125,1,2.956390142440796,0.09292255342006683,1.2378404146432875,0
3,817,0.01849365234375,1,1.19781494140625,0.1,1.209031005859375,0
3,818,0.013744354248046875,1,1.4228819608688354,0.09999905526638031,1.1950311070680617,0
3,819,0.020946502685546875,1,2.971648931503296,0.09999905526638031,1.1784600645303724,0
3,820,0.028949737548828125,1,2.685546636581421,0.0973567008972168,1.200294274330139,0
3,821,0.034515380859375,1,4.12750244140625,0.0013925194740295396,1.1864250121116637,0
3,822,0.037200927734375,1,4.00543212890625,0.09873676896095276,1.1903437421321867,0
3,823,0.028594970703125,1,1.155853271484375,0.01278587579727173,1.2335614409446716,0
3,824,-0.02283477783203125,1,5.065917491912842,0.012781158089637756,1.0525008481740952,0
3,825,-0.027317047119140625,1,0.2212524265050888,0.09997869431972503,1.1369417094588279,0
3,826,0.004337310791015625,1,0.598907470703125,0.09860900938510894,1.1927521117925644,0
3,827,-0.00322723388671875,1,1.15203857421875,0.001386854052543643,1.1704492865800857,0
3,828,-0.024951934814453125,1,3.517150640487671,0.00022365748882293562,1.0797441712617875,0
3,829,-0.0416717529296875,1,5.424499034881592,0.09972086548805237,1.004177678823471,0
3,830,-0.05815887451171875,1,4.795074462890625,0.09993546605110169,0.9837833430767059,0
3,831,-0.06154632568359375,1,7.366179943084717,9.05692577361783e-06,0.9295833874940872,0
3,832,-0.06628036499023438,1,5.729674816131592,3.597140312194824e-05,0.9528443348407745,0
3,833,-0.03670501708984375,1,2.735137701034546,0.09996288120746613,1.0678886965513228,0
3,834,-0.003448486328125,1,1.7089842557907104,0.017582598328590396,1.158220038294792,0
3,835,-0.00623321533203125,1,3.921508550643921,0.017583745718002322,1.108400048494339,0
3,836,-0.07036209106445312,1,7.762908458709717,0.09998482465744019,0.9000182557106018,0
3,837,-0.056385040283203125,1,4.7149658203125,0.09998482465744019,0.9889312100410461,0
3,838,-0.015979766845703125,1,1.15966796875,0.0998976618051529,1.1408512004613875,0
3,839,0.00600433349609375,1,1.026153564453125,6.662905216216902e-05,1.1914829305410384,0
3,840,-0.01990509033203125,1,2.407073974609375,0.09996429085731506,1.1080497682094574,0
3,841,-0.035125732421875,1,3.875732183456421,0.0,1.0522338914871217,0
3,842,-0.03540802001953125,1,3.864288091659546,3.4981966018678146e-05,1.051896798849106,0
3,843,-0.01696014404296875,1,0.6446837782859802,0.000583371520042418,1.1531627014875412,0
3,844,0.01235198974609375,1,0.7667540907859802,0.0987071067094803,1.2054206134080887,0
3,845,0.024166107177734375,1,3.898620367050171,0.0006745249032974257,1.1703328260183334,0
3,846,0.035366058349609375,1,3.692626714706421,0.0022351533174514784,1.1967901762723923,0
3,847,0.02274322509765625,1,0.4348754584789276,0.09776222407817842,1.2328784520626068,0
3,848,-0.02086639404296875,1,4.039764404296875,0.0999972552061081,1.0734720336198806,0
3,849,-0.010986328125,1,1.7967222929000854,0.09999986290931702,1.1380929033756255,0
3,850,0.019001007080078125,1,1.9073485136032104,0.09998549222946168,1.1958556241989136,0
3,851,0.006717681884765625,1,0.6713866591453552,0.09998549222946168,1.1960082108974457,0
3,852,0.0079803466796875,1,2.26593017578125,1.3470649719238281e-05,1.1706415510177612,0
3,853,0.018039703369140625,1,1.148223876953125,9.727478027340974e-06,1.2131145401000976,0
3,854,4.9591064453125e-05,1,0.8888244032859802,0.09999625682830811,1.1783228437900541,0
3,855,0.002712249755859375,1,1.4991759061813354,0.07816298007965089,1.172314462184906,0
3,856,0.001979827880859375,1,1.7242430448532104,0.021835896372795108,1.1686013590097426,0
3,857,-0.005584716796875,1,1.4915465116500854,0.0002654314041137737,1.1589890189170837,0
3,858,0.00075531005859375,1,1.4648436307907104,0.00026643574237823764,1.172203090071678,0
3,859,-0.025478363037109375,1,3.078460454940796,0.09351320564746857,1.0837335366010665,0
3,860,-0.06525039672851562,1,10.089873313903809,0.09349772632122041,0.8639618312120437,0
3,861,-0.09650039672851562,1,6.034850597381592,0.09998394548892975,0.8823028367757797,0
3,862,-0.061065673828125,1,7.820128917694092,4.5597553253312606e-07,0.9214660557508468,0
3,863,-0.06838607788085938,1,5.313872814178467,0.1,0.9529503879547119,0
3,864,-0.03851318359375,1,2.826690435409546,0.1,1.062439824104309,0
3,865,-0.028369903564453125,1,2.662658452987671,0.09999996423721313,1.0860070252418517,0
3,866,-0.022480010986328125,1,2.3193359375,4.1723251346936774e-08,1.1086532576084136,0
3,867,-0.01373291015625,1,0.4119872748851776,0.09999845325946807,1.1602944960594177,0
3,868,-0.024658203125,1,4.520416259765625,0.08995550870895386,1.0566770482063292,0
3,869,-0.021091461181640625,1,0.3509521186351776,0.08995659053325654,1.147199771642685,0
3,870,0.019344329833984375,1,3.330230474472046,1.1596083641055022e-05,1.1720835863351822,0
3,871,0.02384185791015625,1,0.8583068251609802,0.018516716361045835,1.229776910662651,0
3,872,-0.00702667236328125,1,1.6517637968063354,0.018528115749359128,1.1521702547073362,0
3,873,-0.0108184814453125,1,0.6561278700828552,0.09999940991401673,1.1612405033111572,0
3,874,-0.002777099609375,1,0.0953674241900444,1.2159347534193565e-06,1.192538403660059,0
3,875,0.006656646728515625,1,1.2779234647750854,1.2218952178955078e-06,1.1877547752857207,0
3,876,0.00677490234375,1,0.0457763634622097,0.0,1.2126342774182557,0
3,877,0.000286102294921875,1,0.1220703050494194,0.1,1.1941307984888554,0
3,878,0.01058197021484375,1,1.8081663846969604,0.08582802414894104,1.1815674917697905,0
3,879,0.00286865234375,1,1.16729736328125,0.0858173280954361,1.1789586642980574,0
3,880,0.001285552978515625,1,1.5411375761032104,0.09840199947357178,1.167812274456024,0
3,881,0.007869720458984375,1,0.7362365126609802,0.09841263592243195,1.1970782052278517,0
3,882,-0.0070648193359375,1,0.4615783393383026,0.09815496802330018,1.172712595820427,0
3,883,0.00858306884765625,1,2.162933349609375,0.09815502762794495,1.1699812695980072,0
3,884,0.024127960205078125,1,2.1820068359375,1.7881393435392745e-08,1.2046157829761506,0
3,885,0.0009765625,1,2.033233642578125,2.823173999785822e-05,1.1612873228788376,0
3,886,-0.01674652099609375,1,1.041412353515625,2.824962139129361e-05,1.1456775809526443,0
3,887,0.019054412841796875,1,4.795074462890625,0.1,1.1382073364257812,0
3,888,0.06515884399414062,1,5.996703624725342,0.09642632007598878,1.2065265626907349,0
3,889,0.0287933349609375,1,0.125885009765625,0.09587836265563965,1.251233835220337,0
3,890,0.02004241943359375,1,4.0740966796875,0.0005478829145431491,1.1585809899568558,0
3,891,0.055477142333984375,1,6.454467296600342,0.09999991059303284,1.1778649423122405,0
3,892,0.06847381591796875,1,6.988524913787842,0.09999998509883881,1.1931771341562272,0
3,893,0.061248779296875,1,5.294799327850342,0.09917150735855103,1.212634711742401,0
3,894,0.04853057861328125,1,5.580901622772217,0.04768904699012637,1.1835355628915132,0
3,895,0.06443405151367188,1,6.046294689178467,0.04797552181407809,1.2060231883712114,0
3,896,0.050006866455078125,1,4.016876220703125,0.011485549807548519,1.2192167865037917,0
3,897,-0.002899169921875,1,3.902435064315796,0.012027069926261902,1.1156718760728837,0
3,898,-0.056148529052734375,1,6.488799571990967,0.09974560141563416,0.9539371263980865,0
3,899,-0.07768630981445312,1,8.686065673828125,0.06490660160779954,0.8683098028302192,0
3,900,-0.09678268432617188,1,10.318755149841309,0.06512042135000229,0.79745471149683,0
3,901,-0.08495330810546875,1,6.725310802459717,0.07452141493558884,0.8926063111424446,0
3,902,-0.040065765380859375,1,1.8768309354782104,0.025438503921031953,1.0813143103718756,0
3,903,-0.010753631591796875,1,0.7057189345359802,0.09995119273662567,1.1603803104162216,0
3,904,-0.00933837890625,1,1.18255615234375,4.877746105193953e-05,1.1576701680421828,0
3,905,-0.01226806640625,1,1.4762877225875854,2.9802322387695312e-08,1.1459381115436553,0
3,906,-0.007274627685546875,1,0.133514404296875,0.09999826550483704,1.1787805259227753,0
3,907,0.020404815673828125,1,3.795623540878296,0.09999826252460481,1.1608972300291063,0
3,908,0.041820526123046875,1,3.154754400253296,0.011305093765258789,1.2200937604904176,0
3,909,0.024501800537109375,1,2.41851806640625,0.08869443237781524,1.197085462450981,0
3,910,0.0137939453125,1,0.3623962104320526,0.026273003220558165,1.2192890462875368,0
3,911,-0.0046539306640625,1,0.8850097060203552,0.07372567057609558,1.170042917728424,0
3,912,-0.011066436767578125,1,1.4648436307907104,2.2858381271348427e-06,1.1485701624155042,0
3,913,-0.016147613525390625,1,1.3694761991500854,0.00026418566703796664,1.1403046815395355,0
3,914,-0.02165985107421875,1,2.861022710800171,0.00026732683181762695,1.0994491505622863,0
3,915,-0.025974273681640625,1,2.231597900390625,0.1,1.0994194946289062,0
3,916,-0.02838897705078125,1,4.0130615234375,0.0,1.0629608154296875,0
3,917,-0.037815093994140625,1,2.46429443359375,5.364418029923934e-08,1.0750839211940766,0
3,918,-0.035717010498046875,1,4.6539306640625,0.09999994635581971,1.0314873678684233,0
3,919,-0.02767181396484375,1,1.4801024198532104,0.09998704195022584,1.111054841995239,0
3,920,-0.020244598388671875,1,3.280639410018921,1.2940168380735917e-05,1.0938974974155427,0
3,921,-0.05467987060546875,1,6.263732433319092,4.954040050506037e-05,0.9653636285066605,0
3,922,-0.0479583740234375,1,3.288268804550171,4.955828189849576e-05,1.0383158935308456,0
3,923,-0.020816802978515625,1,0.8697509169578552,0.0009012579917907701,1.1409353253841399,0
3,924,0.005504608154296875,1,1.6746519804000854,0.0009012579917907701,1.1774801263809203,0
3,925,0.013355255126953125,1,0.8354186415672302,3.9637088775773544e-07,1.2100021215677261,0
3,926,0.01309967041015625,1,1.7967222929000854,4.458427429195055e-06,1.1902647166252136,0
3,927,0.040821075439453125,1,6.855010509490967,0.09999336898326874,1.140542205929756,0
3,928,0.08108139038085938,1,6.935119152069092,0.0999982237815857,1.2194604687690735,0
3,929,0.0546112060546875,1,4.1961669921875,0.1,1.221299072265625,0
3,930,0.041172027587890625,1,3.578185796737671,9.06288623810092e-06,1.2107799767255785,0
3,931,0.0417022705078125,1,5.378722667694092,0.014989641308784482,1.1752305020093918,0
3,932,0.058010101318359375,1,5.985259532928467,0.017410023510456087,1.1956186110377311,0
3,933,0.04378509521484375,1,2.906799077987671,0.03240868896245956,1.2281378613114355,0
3,934,0.025897979736328125,1,2.525329351425171,0.028380298614501955,1.2001541604995727,0
3,935,0.00542449951171875,1,1.190185546875,0.02838033735752106,1.1859100745916367,0
3,936,-0.02777099609375,1,3.864288091659546,0.1,1.0631722459793091,0
3,937,-0.038848876953125,1,3.696441411972046,0.042469349503517155,1.0466746438741685,0
3,938,-0.040225982666015625,1,4.302978515625,0.041343414783477785,1.0318347277641295,0
3,939,-0.018421173095703125,1,0.3738403022289276,0.000932627916336061,1.155643542647362,0
3,940,0.024730682373046875,1,3.932952642440796,0.00021620392799377025,1.1707936637401581,0
3,941,0.08630752563476562,1,14.312743186950684,0.09959048628807068,1.0823765680789947,0
3,942,0.16402435302734375,1,16.689300537109375,0.09999994635581971,1.190262697458267,0
3,943,0.20388412475585938,1,20.347593307495117,0.09997687935829164,1.1968173081874849,0
3,944,0.197357177734375,1,15.480040550231934,2.3069977760317717e-05,1.2851126216650008,0
3,945,0.13201522827148438,1,13.999938011169434,0.1,1.18003169631958,0
3,946,0.13513565063476562,1,13.092040061950684,0.0,1.2084305000305176,0
3,947,-0.027191162109375,1,10.059355735778809,2.980232241545089e-09,0.9444305609464645,0
3,948,-0.08132553100585938,1,6.607055187225342,5.9157609939575195e-05,0.9052054679393768,0
3,949,-0.024982452392578125,1,0.8735656142234802,9.986758232119475e-06,1.1325633834600448,0
3,950,0.049320220947265625,1,7.900237560272217,0.0012123376131057753,1.1405871971845627,0
3,951,0.1132965087890625,1,13.759612083435059,0.0012581557035446153,1.151350449681282,0
3,952,-0.121368408203125,1,15.727995872497559,0.0028758615255355807,0.6425882316827773,0
3,953,-0.1562957763671875,1,15.308379173278809,0.09608947634696961,0.57739728474617,0
3,954,-0.14542007446289062,1,13.797759056091309,0.09896869361400605,0.6292459222078323,0
3,955,-0.12694549560546875,1,11.741637229919434,0.0021395564079284696,0.7111906819343566,0
3,956,-0.14136505126953125,1,16.269683837890625,0.02489991635084152,0.5908802240490912,0
3,957,-0.14167404174804688,1,11.863707542419434,0.0630922630429268,0.6768540751338005,0
3,958,-0.10234832763671875,1,11.238097190856934,0.09013170897960664,0.7669361325502395,0
3,959,-0.08963775634765625,1,6.511687755584717,0.031081570684909826,0.8892474693655967,0
3,960,-0.06743240356445312,1,6.599425792694092,0.031081597506999972,0.9319034131169319,0
3,961,-0.06319427490234375,1,5.947112560272217,0.1,0.9506691989898681,0
3,962,-0.02912139892578125,1,0.8735656142234802,0.09999994933605194,1.1202858918905259,0
3,963,0.007495880126953125,1,1.3618468046188354,0.0188317209482193,1.1870015553236006,0
3,964,-0.000926971435546875,1,1.4572142362594604,0.0185328483581543,1.1682604584693908,0
3,965,-0.00086212158203125,1,1.3351439237594604,0.09951029419898988,1.1675924665927886,0
3,966,0.01352691650390625,1,0.7743834853172302,0.09980164468288422,1.2075740975141525,0
3,967,0.00055694580078125,1,0.4844665229320526,7.5519084930461555e-06,1.1914242590665818,0
3,968,-0.010997772216796875,1,1.7890928983688354,2.086162566999894e-08,1.1422225967645645,0
3,969,-0.020153045654296875,1,2.02178955078125,1.935958862304965e-05,1.1192573432922364,0
3,970,-0.01922607421875,1,1.8119810819625854,1.935958862304965e-05,1.1253074555397033,0
3,971,-0.0176544189453125,1,1.4152525663375854,0.0,1.1363861107826232,0
3,972,-0.00485992431640625,1,0.2136230319738388,0.1,1.1820076907277106,0
3,973,0.0036773681640625,1,0.2212524265050888,0.0999997615814209,1.1989296973347663,0
3,974,0.005123138427734375,1,0.7820128798484802,0.09999975860118866,1.1906060289144516,0
3,975,0.00092315673828125,1,0.54931640625,6.374716758725252e-06,1.190859730362892,0
3,976,-0.00244140625,1,0.3623962104320526,0.0013883382081985446,1.1878137297630311,0
3,977,-0.000667572021484375,1,0.7667540907859802,0.0986052840948105,1.1793855627775192,0
3,978,-0.002613067626953125,1,0.58746337890625,0.0,1.1830245971679687,0
3,979,0.02447509765625,1,4.467010498046875,0.09601736664772034,1.1557692906856536,0
3,980,0.0570831298828125,1,5.214690685272217,0.002446445822715762,1.209774588227272,0
3,981,0.03226470947265625,1,1.4572142362594604,0.0015361428260803195,1.23532368850708,0
3,982,-0.00128936767578125,1,1.2359619140625,4.470348358154297e-08,1.172702024579048,0
3,983,-0.01308441162109375,1,1.190185546875,0.0,1.1500274658203125,0
3,984,-0.003009796142578125,1,0.4615783393383026,0.0976265549659729,1.1808437787294388,0
3,985,0.0380401611328125,1,6.580352306365967,0.09762654304504395,1.140568214416504,0
3,986,0.12353134155273438,1,16.8609619140625,0.09890781342983246,1.1058871322870254,0
3,987,0.17631149291992188,1,17.436981201171875,0.09890057742595673,1.1999273387193679,0
3,988,0.21030044555664062,1,24.032590866088867,7.247924804686112e-06,1.139948783874512,0
3,989,0.2418365478515625,1,23.632047653198242,0.04328054562211037,1.209300920814276,0
3,990,0.20293045043945312,1,21.545408248901367,0.0432805247604847,1.1732215149104597,0
3,991,0.09170150756835938,1,19.947052001953125,8.940696717696373e-09,0.9844619747400284,0
3,992,-0.13523101806640625,1,7.884978771209717,0.09147464334964753,0.7681794027090072,0
3,993,-0.04911041259765625,1,4.184722900390625,0.09147042334079743,1.0144258998632432,0
3,994,-0.019084930419921875,1,0.3623962104320526,0.0985470473766327,1.1506403330564499,0
3,995,0.03028106689453125,1,5.039214611053467,0.0014486491680145222,1.1597198956012726,0
3,996,0.042362213134765625,1,4.062652587890625,0.09999828338623047,1.1994714431762694,0
3,997,0.034137725830078125,1,2.971648931503296,1.6629695892347862e-06,1.2088424065113066,0
3,998,0.053150177001953125,1,6.935119152069092,5.960464476151284e-09,1.1675979707241058,0
3,999,0.07305908203125,1,7.263183116912842,1.4019012451176038e-05,1.200853940963745,0
3,1000,0.0237274169921875,1,4.482269287109375,0.0002066701650619493,1.157801181435585,0
3,1001,-0.04730224609375,1,5.535125255584717,0.0006494283676147447,0.9946670255661011,0
3,1002,-0.059326171875,1,4.90570068359375,0.09585954546928406,0.9793992607593536,0
3,1003,-0.048252105712890625,1,5.805968761444092,0.06693847328424454,0.9846988744139671,0
3,1004,-0.062015533447265625,1,6.431579113006592,0.07020741552114487,0.9445290542244911,0
3,1005,-0.049129486083984375,1,2.285003662109375,0.09999861121177674,1.0520410101413726,0
3,1006,-0.00942230224609375,1,0.0762939453125,0.1,1.1756295166015625,0
3,1007,0.0178070068359375,1,3.646850347518921,0.1,1.1586770067214966,0
3,1008,0.038494110107421875,1,2.651214361190796,0.1,1.2199639329910277,0
3,1009,-0.0192413330078125,1,5.783080577850342,0.025990170240402222,1.044816115617752,0
3,1010,-0.07544708251953125,1,8.4075927734375,0.025972071290016174,0.8799150966405868,0
3,1011,-0.06338882446289062,1,5.653380870819092,0.0999818742275238,0.956155458688736,0
3,1012,-0.046932220458984375,1,4.21142578125,2.6822090146150224e-08,1.0219070423841476,0
3,1013,-0.04608154296875,1,5.199431896209717,2.128779888153215e-05,1.0038474246263505,0
3,1014,-0.049957275390625,1,3.604888677597046,0.008711692690849301,1.0276392079591752,0
3,1015,-0.011806488037109375,1,0.58746337890625,0.09126701951026917,1.1609870755672453,0
3,1016,0.010471343994140625,1,0.7553099989891052,5.960464476151284e-09,1.2058364877700805,0
3,1017,0.024868011474609375,1,4.497528076171875,0.0002862125635147081,1.1597740129232406,0
3,1018,0.02889251708984375,1,0.1029968187212944,0.09971374869346619,1.251736547857523,0
3,1019,-0.009387969970703125,1,1.4610289335250854,0.09646005928516388,1.1481450790166854,0
3,1020,-0.01306915283203125,1,0.9651183485984802,0.0035398989915847792,1.1544177314043045,0
3,1021,-0.011394500732421875,1,1.232147216796875,0.09999871253967285,1.1485681056976318,0
3,1022,-0.022129058837890625,1,3.025054693222046,1.2785196304293533e-06,1.0952407373189925,0
3,1023,-0.042388916015625,1,6.046294689178467,9.030103683485557e-07,0.9942962380647659,0
3,1024,-0.06850814819335938,1,7.160186290740967,0.05532052852213383,0.9175671566575765,0
3,1025,-0.0625457763671875,1,3.997802495956421,0.05532143153250218,0.9927395400851965,0
3,1026,-0.0246429443359375,1,1.3504027128219604,0.09961655139923097,1.1197213950157165,0
3,1027,-0.021312713623046875,1,3.437041997909546,0.0003500252962112399,1.088619731783867,0
3,1028,-0.042057037353515625,1,4.589080810546875,0.00013007521629333774,1.0240991060733795,0
3,1029,-0.021076202392578125,1,1.056671142578125,0.00016346275806427418,1.1367076338529587,0
3,1030,0.0461273193359375,1,7.255553722381592,0.0999999523162842,1.1431435661315918,0
3,1031,0.08355712890625,1,10.601042747497559,0.09999981820583345,1.1510934101343155,0
3,1032,0.10456085205078125,1,9.735107421875,0.09999983012676239,1.210419562458992,0
3,1033,0.08797073364257812,1,8.037567138671875,0.1,1.2111901245117187,0
3,1034,0.03863525390625,1,0.4196166694164276,2.5036931037905608e-05,1.26887717294693,0
3,1035,-0.01171112060546875,1,0.1792907565832138,0.0999749630689621,1.1689929451346397,0
3,1036,0.00110626220703125,1,0.2441406100988388,0.1,1.1933297122120856,0
3,1037,0.0161895751953125,1,3.067016363143921,0.1,1.1670388231277464,0
3,1038,0.02463531494140625,1,0.8277892470359802,0.008785682916641238,1.2323634176254272,0
3,1039,0.001377105712890625,1,0.2326965183019638,0.008785682916641238,1.1977488537430763,0
3,1040,-0.0185089111328125,1,3.452300786972046,1.37090682986174e-07,1.0939361565113068,0
3,1041,-0.07485198974609375,1,9.738922119140625,0.0002725213766097967,0.8555066772699356,0
3,1042,-0.094818115234375,1,8.754730224609375,0.00027265846729278287,0.8352582587003707,0
3,1043,-0.08888626098632812,1,9.0484619140625,8.940696717696373e-09,0.8412582393884659,0
3,1044,-0.10004806518554688,1,10.730742454528809,0.09999926984310151,0.781289049744606,0
3,1045,-0.105133056640625,1,12.336730003356934,0.00028736889362335205,0.7429877918958664,0
3,1046,-0.13385391235351562,1,11.665343284606934,0.09971168339252473,0.694996842265129,0
3,1047,-0.08027267456054688,1,6.511687755584717,2.2053718567310865e-07,0.9092208869457244,0
3,1048,-0.04256439208984375,1,2.03704833984375,0.007403856515884398,1.073834094762802,0
3,1049,0.003108978271484375,1,2.105712890625,0.09255273640155792,1.1604015892744064,0
3,1050,0.0389556884765625,1,5.981444835662842,0.09385706782341004,1.1545281975269317,0
3,1051,0.07371902465820312,1,8.18634033203125,0.03300015702843666,1.1823912363946438,0
3,1052,0.097503662109375,1,9.258270263671875,0.06090029105544091,1.2074059073030947,0
3,1053,0.08141708374023438,1,8.75091552734375,0.09999653398990632,1.1838159955739975,0
3,1054,0.1072998046875,1,12.989043235778809,3.0964612960857063e-06,1.1548186208009719,0
3,1055,0.1444854736328125,1,15.163420677185059,5.3021311759951506e-05,1.1857004128694535,0
3,1056,0.180511474609375,1,17.4102783203125,0.07771212160587311,1.209708897948265,0
3,1057,0.12616348266601562,1,10.784148216247559,0.02223450839519501,1.2357546206712722,0
3,1058,0.09252166748046875,1,8.90350341796875,0.0008480131626129178,1.206939346075058,0
3,1059,0.069091796875,1,4.82177734375,0.0020639121532440158,1.2416654903888702,0
3,1060,0.047145843505859375,1,3.593444585800171,0.007708287239074706,1.2221144638061525,0
3,1061,0.00623321533203125,1,1.4686583280563354,0.08937954902648926,1.179518082141876,0
3,1062,-0.027362823486328125,1,3.429412603378296,0.0015068918466567965,1.0766258252859116,0
3,1063,-0.03951263427734375,1,4.261016845703125,0.0015070676803588812,1.0356941118240357,0
3,1064,-0.045970916748046875,1,5.775451183319092,2.980232241545089e-09,0.9925491427183151,0
3,1065,-0.07930755615234375,1,8.419036865234375,0.004958218336105345,0.8728058216571808,0
3,1066,-0.09458160400390625,1,10.108946800231934,0.09504171907901765,0.8048561872243881,0
3,1067,-0.08308792114257812,1,6.553649425506592,0.09979934990406036,0.8987591952085494,0
3,1068,-0.05014801025390625,1,3.906249761581421,0.00020064711570740024,1.021570958375931,0
3,1069,-0.027004241943359375,1,1.8005369901657104,0.1,1.105980776309967,0
3,1070,-0.03241729736328125,1,4.6234130859375,0.09999944865703583,1.038697165608406,0
3,1071,-0.054355621337890625,1,5.882262706756592,0.09999944865703583,0.9696435252428054,0
3,1072,-0.06270217895507812,1,7.816314220428467,0.09882914125919343,0.9143161920309066,0
3,1073,-0.08585357666015625,1,7.411956310272217,0.0011466324329376248,0.8800078551769256,0
3,1074,-0.042201995849609375,1,2.31170654296875,0.02241593897342682,1.0684652398824692,0
3,1075,0.00751495361328125,1,2.880096197128296,0.07742430865764618,1.1543310109376905,0
3,1076,0.0406341552734375,1,4.75311279296875,0.0998642534017563,1.1822114845514298,0
3,1077,0.043972015380859375,1,4.863739013671875,0.09999957382678987,1.1866692675352095,0
3,1078,0.028217315673828125,1,0.12969970703125,7.867813110393196e-07,1.2538406057357787,0
3,1079,0.0030975341796875,1,0.8163451552391052,0.0004369765520095825,1.1898506861925124,0
3,1080,0.01110076904296875,1,1.5106199979782104,0.013881123065948485,1.1914338932037352,0
3,1081,0.00905609130859375,1,0.12969970703125,0.03424614276736975,1.2141483427658677,0
3,1082,0.005794525146484375,1,1.2359619140625,0.04605619814246893,1.18502756408602,0
3,1083,0.0129241943359375,1,1.22833251953125,0.0025090366601943984,1.2011813768148423,0
3,1084,0.00316619873046875,1,0.4730224311351776,0.0,1.196871948838234,0
3,1085,-0.00138092041015625,1,0.28228759765625,0.0030306190252304063,1.1914711824655533,0
3,1086,-0.001865386962890625,1,0.6637572646141052,0.003029569983482361,1.1828728979825973,0
3,1087,-0.015438079833984375,1,2.559661626815796,0.020705571770668032,1.1171023849248884,0
3,1088,-0.014797210693359375,1,0.2899169921875,0.02069885432720184,1.1637792845964432,0
3,1089,0.018436431884765625,1,2.948760747909546,0.09998818635940551,1.173898121356964,0
3,1090,0.025493621826171875,1,2.002716064453125,0.09562923014163971,1.2071077531576155,0
3,1091,0.00891876220703125,1,0.0038146970327943563,0.09563327729701997,1.213935899381526,0
3,1092,-0.0034637451171875,1,0.5035400390625,0.0,1.183001708984375,0
3,1093,0.002574920654296875,1,0.9498595595359802,0.0,1.186152650117874,0
3,1094,-0.00292205810546875,1,1.4305113554000854,0.09862784147262574,1.1616005430221557,0
3,1095,-0.021381378173828125,1,3.021239995956421,0.013525348901748661,1.0962714297771452,0
3,1096,-0.038265228271484375,1,4.383087158203125,0.013074946403503422,1.0352848024368286,0
3,1097,-0.058773040771484375,1,7.045745372772217,0.0018225610256195068,0.9414661085605621,0
3,1098,-0.0646514892578125,1,5.714416027069092,1.4901161193847656e-08,0.9564087003469467,0
3,1099,-0.0461578369140625,1,3.734588384628296,0.0022279322147369385,1.0329034411907196,0
3,1100,-0.044826507568359375,1,5.237578868865967,0.09777205288410187,1.0016845253705977,0
3,1101,-0.0318450927734375,1,1.8882750272750854,0.003506407141685486,1.0984040576219558,0
3,1102,0.0,1,1.3236998319625854,0.0035064011812210097,1.1733857473134994,0
3,1103,0.054782867431640625,1,8.884429931640625,7.632374763491545e-06,1.131876830935478,0
3,1104,0.12028121948242188,1,14.133452415466309,0.09992756545543671,1.1538962880373,0
3,1105,0.11925506591796875,1,12.050627708435059,0.09993433058261872,1.1935002044439316,0
3,1106,0.1266021728515625,1,13.801573753356934,0.09998709261417389,1.1731733869314194,0
3,1107,0.13072586059570312,1,9.372711181640625,0.0004049628973007216,1.2739812990427017,0
3,1108,0.07112503051757812,1,6.927489757537842,0.00041698813438415666,1.203683586359024,0
3,1109,0.038585662841796875,1,0.9040831923484802,0.0999995619058609,1.2550896793603896,0
3,1110,-0.013671875,1,2.43377685546875,4.142522811861893e-07,1.1239806963205337,0
3,1111,-0.028484344482421875,1,3.627776861190796,4.142522811861893e-07,1.070475757241249,0
3,1112,-0.0358734130859375,1,3.345489263534546,0.09999957084655763,1.0573434057235718,0
3,1113,-0.0373382568359375,1,4.238128662109375,0.09999528825283051,1.0365611015558243,0
3,1114,-0.07590484619140625,1,9.494781494140625,0.09881466329097749,0.8543420912027359,0
3,1115,-0.09833526611328125,1,9.674072265625,0.0987594872713089,0.8058976429700851,0
3,1116,-0.08829116821289062,1,8.045196533203125,0.09994011223316193,0.8585161284208297,0
3,1117,-0.063446044921875,1,4.9285888671875,0.0,0.9745361328125,0
3,1118,-0.03054046630859375,1,1.12152099609375,0.09999988079071045,1.112488652229309,0
3,1119,-0.001178741455078125,1,0.553131103515625,1.013278961153885e-07,1.1865798909664154,0
3,1120,0.01751708984375,1,2.658843755722046,2.1296739578242907e-05,1.1818564527034758,0
3,1121,0.015899658203125,1,0.4959106147289276,0.09997868537902832,1.2178819566965104,0
3,1122,-0.006072998046875,1,1.3885496854782104,0.09999787509441377,1.156083095192909,0
3,1123,0.011890411376953125,1,3.562927007675171,2.1219253540025185e-06,1.1525221977233888,0
3,1124,0.0056304931640625,1,2.44903564453125,0.09967160522937775,1.1582934092283248,0
3,1125,-9.5367431640625e-05,1,2.635955572128296,0.00032813847064971924,1.1470770281553266,0
3,1126,-0.007442474365234375,1,5.268096446990967,0.04685268625617028,1.077879014879465,0
3,1127,-0.0294342041015625,1,0.8010863661766052,0.04684430286288262,1.1232360923588276,0
3,1128,-0.0164031982421875,1,3.227233648300171,0.09974731802940369,1.0986590378284455,0
3,1129,-0.00824737548828125,1,1.4038084745407104,0.06195694133639336,1.1529508018791674,0
3,1130,0.00458526611328125,1,1.5335081815719604,0.006965937465429305,1.178221731096506,0
3,1131,-0.051937103271484375,1,7.316588878631592,0.03083307594060898,0.948560692846775,0
3,1132,-0.04180145263671875,1,1.026153564453125,0.0002095133066177396,1.0958656429052351,0
3,1133,-0.02272796630859375,1,3.852843999862671,0.09979048669338227,1.073495567917824,0
3,1134,-0.03414154052734375,1,2.746581792831421,0.0999942034482956,1.0727855149507521,0
3,1135,-0.016185760498046875,1,0.7247924208641052,5.784630775454436e-06,1.153132399201393,0
3,1136,-0.009037017822265625,1,1.3885496854782104,6.952881813050704e-06,1.1541546925306319,0
3,1137,-0.0037078857421875,1,0.9346007704734802,8.645653724673186e-06,1.1738918672800063,0
3,1138,0.042102813720703125,1,6.855010509490967,0.09095988869667054,1.1434670217037202,0
3,1139,0.06534957885742188,1,7.148742198944092,0.012113797664642337,1.1872397618293762,0
3,1140,0.054759979248046875,1,2.708434820175171,0.004913336038589476,1.2551547286510465,0
3,1141,0.02750396728515625,1,3.093719244003296,0.0739483654499054,1.1901756150722502,0
3,1142,0.03545379638671875,1,4.608154296875,0.0006063312292099027,1.1787202535867691,0
3,1143,0.034069061279296875,1,1.8157957792282104,0.07677599489688873,1.228751167178154,0
3,1144,-0.004405975341796875,1,2.1514892578125,0.07737981975078582,1.1450630713701249,0
3,1145,-0.028537750244140625,1,3.196716070175171,2.5063753128079513e-06,1.078990077853203,0
3,1146,-0.028289794921875,1,3.025054693222046,0.0006047219038009671,1.0828951274156569,0
3,1147,-0.02298736572265625,1,1.132965087890625,0.09937946498394012,1.1273907881975174,0
3,1148,-0.01219940185546875,1,1.6822813749313354,8.526444435122404e-06,1.1419552277326583,0
3,1149,-0.0389556884765625,1,5.359649181365967,0.09999271035194397,1.010895931005478,0
3,1150,-0.052463531494140625,1,5.943297863006592,0.09967264831066132,0.9722200738191604,0
3,1151,-0.07174301147460938,1,8.453369140625,0.09966109097003938,0.8834601505994796,0
3,1152,-0.07348251342773438,1,4.306793212890625,0.09998843967914582,0.9628995712995528,0
3,1153,-0.023967742919921875,1,1.5411375761032104,0.07739228308200836,1.1181460713148117,0
3,1154,-0.00839996337890625,1,0.5340576171875,0.048228733241558075,1.1705897715687752,0
3,1155,-0.0091400146484375,1,1.4343260526657104,0.07082620114088059,1.1502004016041754,0
3,1156,-0.016323089599609375,1,1.6517637968063354,0.0012324273586273235,1.1342692477703094,0
3,1157,-0.00911712646484375,1,0.0495910607278347,0.0012350648641586345,1.1807245232611894,0
3,1158,0.010219573974609375,1,1.9645689725875854,1.9341707229614258e-05,1.1811469948291777,0
3,1159,0.003814697265625,1,1.6899107694625854,0.09997304677963258,1.1698322572708129,0
3,1160,-0.03812408447265625,1,4.5623779296875,0.03833123967051506,1.030971022874117,0
3,1161,-0.0226593017578125,1,0.5340576171875,0.037292482703924185,1.1425085448324679,0
3,1162,-0.003307342529296875,1,0.9307860732078552,0.09896124303340913,1.1708111437559128,0
3,1163,-0.030261993408203125,1,4.428863525390625,0.0,1.0508987426757812,0
3,1164,-0.029998779296875,1,1.4839171171188354,0.0,1.1103240990638732,0
3,1165,0.019012451171875,1,5.043029308319092,0.0999226450920105,1.1331674103736877,0
3,1166,0.051815032958984375,1,4.108428955078125,0.053212104737758635,1.2193330026268958,0
3,1167,0.049449920654296875,1,5.306243419647217,0.04670954495668412,1.190906591117382,0
3,1168,0.049976348876953125,1,5.619048595428467,9.864568710285515e-07,1.187571686387062,0
3,1169,0.06282806396484375,1,5.756377696990967,8.940696717696373e-09,1.2105285736322402,0
3,1170,0.014774322509765625,1,2.285003662109375,0.09999998211860657,1.1798485724925993,0
3,1171,-0.03151702880859375,1,3.276824712753296,2.8222799301133583e-06,1.0714293352365494,0
3,1172,-0.041240692138671875,1,4.81414794921875,0.09999715983867646,1.0172357703447341,0
3,1173,-0.019725799560546875,1,0.6408690810203552,0.09980674982070924,1.1437387492656708,0
3,1174,0.02631378173828125,1,3.932952642440796,0.09089026749134065,1.170332899928093,0
3,1175,0.053745269775390625,1,6.385802745819092,0.007401788234710695,1.179478413105011,0
3,1176,0.041591644287109375,1,2.868652105331421,0.09846300184726717,1.2218717263936996,0
3,1177,0.015636444091796875,1,0.60272216796875,0.09997769296169282,1.215219337105751,0
3,1178,-0.00830078125,1,1.9683836698532104,0.09999993741512299,1.1400307666063307,0
3,1179,-0.02323150634765625,1,2.43377685546875,0.09999994039535523,1.1008614525794982,0
3,1180,-0.001689910888671875,1,1.8234251737594604,0.0,1.160151674747467,0
3,1181,0.020786285400390625,1,1.5182493925094604,0.0999950259923935,1.2072077819108962,0
3,1182,-0.0177154541015625,1,4.69207763671875,0.0999950259923935,1.0667277380228042,0
3,1183,-0.0380096435546875,1,3.334045171737671,0.059288795292377475,1.0549282576441765,0
3,1184,-0.042388916015625,1,5.592345714569092,0.04071120470762253,1.0017468054890633,0
3,1185,-0.07551193237304688,1,7.675170421600342,0.06464169025421143,0.892887059211731,0
3,1186,-0.060306549072265625,1,5.683898448944092,0.06463815867900849,0.9631234065294265,0
3,1187,-0.025615692138671875,1,0.4234313666820526,0.00522456467151642,1.1400910058021545,0
3,1188,-0.00160980224609375,1,1.8310545682907104,0.09477188885211946,1.1563684285879134,0
3,1189,-0.02877044677734375,1,4.12750244140625,5.960464476151284e-09,1.0599090573787688,0
3,1190,-0.02269744873046875,1,0.14495849609375,8.940696717696373e-09,1.1517059322595595,0
3,1191,0.016521453857421875,1,2.38037109375,0.097195503115654,1.1815476657152175,0
3,1192,0.029621124267578125,1,2.769469976425171,0.09327084720134735,1.2001220151185987,0
3,1193,0.0202484130859375,1,1.7700194120407104,0.09579826295375823,1.2012645074129105,0
3,1194,0.010906219482421875,1,0.3585815131664276,0.09972287714481354,1.2106518936157227,0
3,1195,0.00183868408203125,1,0.1182556077837944,0.09999995827674867,1.1973122576773167,0
3,1196,0.018524169921875,1,2.880096197128296,0.1,1.175446415901184,0
3,1197,0.007106781005859375,1,0.8163451552391052,2.980232241545089e-09,1.1978866587877273,0
3,1198,-0.00522613525390625,1,0.03051757626235485,0.09999996423721313,1.1849373793974518,0
3,1199,0.009670257568359375,1,1.6899107694625854,1.358985900874743e-06,1.1855422453880309,0
3,1200,0.0268707275390625,1,4.001617431640625,0.0008718699216842679,1.173674231648445,0
3,1201,0.053867340087890625,1,5.413054943084717,0.0008644610643386841,1.1994390028715134,0
3,1202,0.056873321533203125,1,5.809783458709717,0.0881822258234024,1.1940236848592758,0
3,1203,0.05741119384765625,1,5.611419200897217,0.011808961629867554,1.2021216452121735,0
3,1204,0.028354644775390625,1,0.9689330458641052,0.09999953210353851,1.2333306473493575,0
3,1205,0.0146026611328125,1,2.899169683456421,4.5597553253312606e-07,1.171221910357475,0
3,1206,0.001026153564453125,1,3.421783208847046,1.1324882507462997e-07,1.1336166384220123,0
3,1207,-0.04711151123046875,1,5.287169933319092,0.09995006322860718,0.9960355763435363,0
3,1208,-0.0222320556640625,1,0.12969970703125,4.4831633567811446e-05,1.1529401012659073,0
3,1209,0.028476715087890625,1,4.726409912109375,0.09999490380287171,1.158425435781479,0
3,1210,0.045589447021484375,1,2.849578619003296,0.09796176850795746,1.2302688509225843,0
3,1211,0.002513885498046875,1,1.8043516874313354,0.00141889452934265,1.1688839814662932,0
3,1212,-0.038234710693359375,1,4.38690185546875,0.004487425088882446,1.0356130445003509,0
3,1213,-0.042293548583984375,1,3.932952642440796,0.005039173364639285,1.0365522830486298,0
3,1214,-0.038402557373046875,1,3.776550054550171,0.09993249177932739,1.0436665844917299,0
3,1215,-0.05808258056640625,1,8.79669189453125,2.980232241545089e-09,0.9079010008573531,0
3,1216,-0.09466934204101562,1,7.411956310272217,0.03403829634189606,0.8610606578588486,0
3,1217,-0.054813385009765625,1,3.929137945175171,0.06592104434967042,1.0091536293029786,0
3,1218,-0.04653167724609375,1,6.488799571990967,4.0638446807864104e-05,0.9771590285301208,0
3,1219,-0.07149124145507812,1,7.305144786834717,0.0003639519214630113,0.9109000632762908,0
3,1220,-0.061187744140625,1,3.650665044784546,0.0002982914447784424,1.004599279165268,0
3,1221,-0.010570526123046875,1,0.7438659071922302,6.566047668456892e-05,1.1639790031909942,0
3,1222,0.00643157958984375,1,0.3662109076976776,2.980232241545089e-09,1.2055389409065247,0
3,1223,0.003108978271484375,1,1.12152099609375,0.09999875724315643,1.1797875863313674,0
3,1224,0.004161834716796875,1,0.7247924208641052,0.09999826848506928,1.1898278902769088,0
3,1225,0.0172576904296875,1,4.02069091796875,0.057000750303268434,1.1518215324878691,0
3,1226,-0.000629425048828125,1,4.009246826171875,0.05297159850597382,1.1164373494386672,0
3,1227,-0.0452880859375,1,4.314422607421875,0.004029607772827147,1.0229741916656494,0
3,1228,-0.0365447998046875,1,3.086089849472046,0.030023528635501864,1.0639876622557638,0
3,1229,-0.01273345947265625,1,0.2326965183019638,0.06997375935316086,1.1670802003145218,0
3,1230,0.004055023193359375,1,0.31280517578125,0.09929562211036683,1.197882117986679,0
3,1231,-0.01454925537109375,1,2.971648931503296,0.08494858145713807,1.1080705673694609,0
3,1232,-0.03661346435546875,1,4.772186279296875,0.014349642395973208,1.030755360007286,0
3,1233,-0.0475921630859375,1,4.44793701171875,0.09999992549419404,1.0118569365739822,0
3,1234,-0.026226043701171875,1,0.7476806044578552,4.2915344238003694e-07,1.1325942833423615,0
3,1235,0.01705169677734375,1,3.292083501815796,0.09991109669208528,1.1642652796506883,0
3,1236,0.020412445068359375,1,1.0986328125,8.847415447234969e-05,1.2188486949205397,0
3,1237,0.0159454345703125,1,2.620696783065796,0.0,1.179476933479309,0
3,1238,0.033061981201171875,1,3.009795904159546,0.0999999910593033,1.2019280446767806,0
3,1239,0.017730712890625,1,1.03759765625,0.09999781548976899,1.2107095600366593,0
3,1240,-0.00341796875,1,1.4610289335250854,0.08654027283191681,1.1604818729162216,0
3,1241,-0.027698516845703125,1,3.223418951034546,0.08654244840145112,1.076672889351845,0
3,1242,-0.01752471923828125,1,0.7057189345359802,0.013903194665908815,1.1502800550460814,0
3,1243,0.001483917236328125,1,0.560760498046875,0.013903194665908815,1.1911964967250823,0
3,1244,0.01020050048828125,1,1.171112060546875,0.0013094127178192166,1.1969263832569121,0
3,1245,-0.009124755859375,1,2.761840581893921,0.0009847402572631878,1.1264742870330808,0
3,1246,-0.03920745849609375,1,5.443572521209717,0.000315096974372861,1.0127010287046432,0
3,1247,-0.055644989013671875,1,5.233764171600342,0.09999042451381684,0.9800351215600968,0
3,1248,-0.0470123291015625,1,3.368377447128296,0.09999538064002991,1.034607977628708,0
3,1249,-0.023609161376953125,1,2.079010009765625,4.413723945620451e-06,1.1112013005018233,0
3,1250,-0.0015106201171875,1,1.6975401639938354,0.000437042117118841,1.1630104748010635,0
3,1251,0.018039703369140625,1,1.6174315214157104,0.0004372477531433133,1.2037132863998412,0
3,1252,0.01580810546875,1,1.5678404569625854,0.09976021349430085,1.1962689932584762,0
3,1253,0.018955230712890625,1,2.166748046875,0.00023893117904662947,1.1945659432411193,0
3,1254,0.057903289794921875,1,8.869171142578125,0.09999824464321137,1.1344232269525527,0
3,1255,0.037200927734375,1,1.3122557401657104,9.000301361070107e-07,1.2481567046642303,0
3,1256,-0.020259857177734375,1,1.8234251737594604,0.09999999403953552,1.1190117824077606,0
3,1257,0.00835418701171875,1,3.120422124862671,0.09975198805332185,1.1503098520040511,0
3,1258,0.034912109375,1,3.421783208847046,0.08313936293125153,1.1980629800558091,0
3,1259,0.031993865966796875,1,2.990722417831421,0.016546583175659185,1.2035114202499388,0
3,1260,0.039485931396484375,1,4.78363037109375,0.07351009398698807,1.1803588516116141,0
3,1261,0.02622222900390625,1,0.57220458984375,0.04034020602703095,1.2393867579698563,0
3,1262,-0.003986358642578125,1,0.9155272841453552,0.03322774618864059,1.172387627184391,0
3,1263,-0.011875152587890625,1,1.5869139432907104,0.09980241656303407,1.1405193192958831,0
3,1264,-0.03075408935546875,1,4.581451416015625,0.0998106062412262,1.042870368719101,0
3,1265,-0.0400238037109375,1,2.799987554550171,0.0,1.0639526414871214,0
3,1266,-0.025653839111328125,1,2.28118896484375,0.018201148509979247,1.1023404965400696,0
3,1267,-0.008148193359375,1,0.31280517578125,0.018201103806495665,1.176719465613365,0
3,1268,-0.0018157958984375,1,1.22833251953125,0.0003788083791732774,1.171786605477333,0
3,1269,-0.01690673828125,1,1.4648436307907104,0.09961214363574983,1.1329051650762556,0
3,1270,-0.003643035888671875,1,0.518798828125,9.387135505675714e-05,1.182334196805954,0
3,1271,0.001220703125,1,0.6980895400047302,8.354783058166226e-05,1.188476273536682,0
3,1272,-0.026012420654296875,1,4.35638427734375,0.09973654747009278,1.0568580112457275,0
3,1273,-0.0687103271484375,1,7.579802989959717,0.0005264192819595323,0.9109622291326522,0
3,1274,-0.06522369384765625,1,6.717681407928467,0.0007363885641097981,0.9351695286035537,0
3,1275,-0.040889739990234375,1,0.7362365126609802,3.36647033691434e-05,1.1034944431781768,0
3,1276,-0.029323577880859375,1,5.260467052459717,0.09999950528144837,1.0321435229778289,0
3,1277,-0.019435882568359375,1,1.3504027128219604,7.629394531208367e-07,1.134120150089264,0
3,1278,0.00899505615234375,1,0.148773193359375,0.09999558329582214,1.2110148251056672,0
3,1279,-0.009151458740234375,1,1.5106199979782104,0.09999634921550751,1.1474848285913466,0
3,1280,0.004611968994140625,1,2.28118896484375,1.4901161193847656e-08,1.1636001580953597,0
3,1281,0.02787017822265625,1,3.505706548690796,4.7561526298520174e-05,1.1856243230104446,0
3,1282,0.0259552001953125,1,1.4305113554000854,4.6786665916440096e-05,1.2232983018159866,0
3,1283,0.015655517578125,1,1.8386839628219604,0.09999921023845673,1.1905373874902725,0
3,1284,0.04522705078125,1,7.755279064178467,0.0,1.1353485202789306,0
3,1285,0.0886993408203125,1,8.93402099609375,4.172325133999788e-08,1.1987182600498199,0
3,1286,0.08597946166992188,1,6.599425792694092,0.0615666225552559,1.2375077425837517,0
3,1287,0.05306243896484375,1,4.306793212890625,0.052318628132343295,1.2178962685465813,0
3,1288,0.04239654541015625,1,5.199431896209717,0.09071378111839296,1.1771759016513823,0
3,1289,0.05348968505859375,1,5.290984630584717,0.09996151626110078,1.1971612168550492,0
3,1290,0.055816650390625,1,4.848480224609375,0.09998107850551605,1.2106644531488417,0
3,1291,0.030025482177734375,1,1.3923643827438354,0.02534431666135788,1.2311899040341376,0
3,1292,0.00061798095703125,1,0.8468627333641052,0.015945576131343845,1.1836608842015266,0
3,1293,-0.01959228515625,1,2.796172857284546,0.0015335530042648315,1.1048306304216384,0
3,1294,-0.058368682861328125,1,7.644652843475342,0.09211619198322296,0.9266849297285079,0
3,1295,-0.07067108154296875,1,7.648467540740967,5.480647087094392e-06,0.9056882668733597,0
3,1296,-0.052776336669921875,1,1.8463133573532104,0.09999451637268067,1.0535212788581847,0
3,1297,-0.00928497314453125,1,0.545501708984375,0.09999423325061799,1.1665202502012253,0
3,1298,0.000522613525390625,1,0.4959106147289276,5.725026130672106e-06,1.1911267857551575,0
3,1299,0.006671905517578125,1,0.9002684950828552,0.001895731687545775,1.1952626118659972,0
3,1300,0.017353057861328125,1,2.422332763671875,0.0018957465887069688,1.1861836305856703,0
3,1301,0.0254974365234375,1,2.532958745956421,2.384185791154403e-08,1.2003356971740722,0
3,1302,0.001888275146484375,1,1.8615721464157104,0.05593463890254498,1.1643077218085527,0
3,1303,-0.001972198486328125,1,1.5640257596969604,0.033563111349940306,1.163432563379407,0
3,1304,0.03496551513671875,1,4.14276123046875,0.06401895582675934,1.184515047430992,0
3,1305,0.022125244140625,1,0.8201598525047302,0.02025379240512848,1.2270371395349502,0
3,1306,-0.021472930908203125,1,4.69970703125,0.03385945856571198,1.0617056192159653,0
3,1307,-0.049358367919921875,1,4.24957275390625,0.099993234872818,1.0122920796871184,0
3,1308,-0.046924591064453125,1,4.535675048828125,0.004278498888015743,1.0152661769390106,0
3,1309,-0.04638671875,1,5.630492687225342,0.005807608366012573,0.9943844044208526,0
3,1310,-0.05914306640625,1,4.89044189453125,0.010089021921157834,0.9835014684200286,0
3,1311,-0.02429962158203125,1,0.3280639350414276,0.0,1.144839478135109,0
3,1312,-0.013973236083984375,1,2.201080322265625,0.00398331880569458,1.127872588634491,0
3,1313,0.006649017333984375,1,3.093719244003296,0.003981247544288635,1.1512643998861312,0
3,1314,0.035976409912109375,1,3.051757574081421,0.08865357339382172,1.2073715254068373,0
3,1315,0.007427215576171875,1,1.6174315214157104,0.08865564465522767,1.1789595749378203,0
3,1316,-0.019176483154296875,1,2.239227294921875,8.285045623793175e-07,1.116862454652786,0
3,1317,-0.0284271240234375,1,3.452300786972046,0.09999916255474091,1.0700997697114945,0
3,1318,-0.033397674560546875,1,2.35748291015625,0.09999979734420777,1.0820550007820129,0
3,1319,0.02741241455078125,1,6.275176525115967,1.9073486327847444e-07,1.1293212909698487,0
3,1320,0.03125,1,1.220703125,4.351139068561882e-07,1.2380859200954437,0
3,1321,0.014797210693359375,1,2.101898193359375,0.0004001408815383911,1.1875404518842696,0
3,1322,-0.003559112548828125,1,2.609252691268921,0.09959919452667237,1.1367127532958983,0
3,1323,-0.01038360595703125,1,0.7057189345359802,0.09999945461750032,1.1611184312105178,0
3,1324,0.007480621337890625,1,0.4920959174633026,0.09998560249805452,1.201119900226593,0
3,1325,0.00859832763671875,1,1.21307373046875,0.09998591840267182,1.1889357439279555,0
3,1326,0.02022552490234375,1,3.093719244003296,3.5762786863846596e-08,1.17857666349411,0
3,1327,0.027225494384765625,1,1.9607542753219604,0.09999996125698091,1.2112359048128127,0
3,1328,-0.003108978271484375,1,2.498626708984375,0.047912940755486494,1.1418929916471243,0
3,1329,-0.028255462646484375,1,2.368927001953125,0.04633655585348607,1.0942570724338292,0
3,1330,-0.032047271728515625,1,4.299163818359375,0.09842361509799957,1.0459852355718613,0
3,1331,-0.040485382080078125,1,3.353118658065796,5.617737770080566e-06,1.0519666379690171,0
3,1332,-0.013675689697265625,1,0.7286071181297302,5.50150871277133e-06,1.1580762581825255,0
3,1333,-0.001804351806640625,1,1.3122557401657104,0.09985650181770325,1.1661519215106964,0
3,1334,-0.0335540771484375,1,5.115508556365967,8.089542388916432e-05,1.0305784387588501,0
3,1335,-0.06428146362304688,1,5.954741954803467,0.09993751347064972,0.9483447331190109,0
3,1336,-0.025299072265625,1,0.0038146970327943563,0.09994767010211945,1.1453276547240094,0
3,1337,0.00370025634765625,1,0.4005431830883026,5.205869674682062e-05,1.1993875666856766,0
3,1338,-0.01209259033203125,1,1.5258787870407104,1.9663572311395816e-05,1.1452964570522308,0
3,1339,-0.00043487548828125,1,1.3198851346969604,0.0995587408542633,1.1687501966953278,0
3,1340,0.016132354736328125,1,1.3618468046188354,0.09946110546588899,1.201049329161644,0
3,1341,0.015819549560546875,1,1.9302366971969604,0.00033941268920898576,1.193020788669586,0
3,1342,0.017642974853515625,1,1.4495848417282104,0.09953423142433167,1.2023128836154937,0
3,1343,0.00786590576171875,1,0.1831054538488388,0.0968611478805542,1.2081952565312384,0
3,1344,0.011577606201171875,1,2.44140625,0.002689847350120546,1.174219493508339,0
3,1345,0.040744781494140625,1,4.550933837890625,0.09946772754192353,1.1864921771287917,0
3,1346,0.031871795654296875,1,1.8501280546188354,0.010620701313018795,1.2263162021636962,0
3,1347,-0.017108917236328125,1,4.60052490234375,0.010712495446205138,1.0733431676626204,0
3,1348,-0.03154754638671875,1,1.3999937772750854,0.09999971985816956,1.104905042886734,0
3,1349,-0.000865936279296875,1,0.7781981825828552,0.09059777855873108,1.1790802526473998,0
3,1350,0.0077056884765625,1,0.61798095703125,0.0094013512134552,1.2026757037639617,0
3,1351,-0.010929107666015625,1,2.555846929550171,8.285045623793175e-07,1.1270248129367826,0
3,1352,-0.014553070068359375,1,0.2479553073644638,0.09999997317790986,1.1619347547888754,0
3,1353,-0.015598297119140625,1,2.891540288925171,0.0698798641562462,1.1081774054169653,0
3,1354,-0.036426544189453125,1,4.05120849609375,0.024625326693058017,1.0451377286314965,0
3,1355,-0.030712127685546875,1,2.758025884628296,0.0938492387533188,1.0796612573862074,0
3,1356,-0.027034759521484375,1,2.391815185546875,0.00118261873722076,1.0980468724966048,0
3,1357,-0.023769378662109375,1,2.849578619003296,0.0018385767936706515,1.0953961272239683,0
3,1358,-0.012889862060546875,1,0.507354736328125,0.0,1.1640731811523437,0
3,1359,0.00643157958984375,1,0.007629394065588713,0.07659598588943482,1.2096467318627984,0
3,1360,0.00501251220703125,1,1.018524169921875,0.023346370458602907,1.1887206861972808,0
3,1361,0.005954742431640625,1,0.2593994140625,5.7643651962278886e-05,1.2067191908359527,0
3,1362,0.00930023193359375,1,1.6326903104782104,0.09993971884250641,1.181949068903923,0
3,1363,0.048648834228515625,1,7.541656017303467,6.028115749358992e-05,1.1464621368646621,0
3,1364,0.0700225830078125,1,7.511138439178467,0.0,1.1898223972320556,0
3,1365,0.06328201293945312,1,3.974914312362671,4.470348358154297e-08,1.2470657378435135,0
3,1366,0.028858184814453125,1,2.162933349609375,0.09999980032444,1.210457710623741,0
3,1367,0.014446258544921875,1,0.9155272841453552,0.0851427972316742,1.2071762595176696,0
3,1368,0.007488250732421875,1,0.8354186415672302,0.08514294624328614,1.1948624107837675,0
3,1369,0.00861358642578125,1,0.7209777235984802,5.960464476151284e-09,1.2028076181411742,0
3,1370,0.018421173095703125,1,2.819061040878296,1.3968348503111405e-05,1.1804605666399,0
3,1371,0.02739715576171875,1,3.067016363143921,9.750127792358676e-05,1.193450084209442,0
3,1372,0.0455780029296875,1,5.256652355194092,0.00011129677295684814,1.1860185068845748,0
3,1373,0.045078277587890625,1,3.654479742050171,5.960464476151284e-09,1.2170669600963593,0
3,1374,0.056529998779296875,1,7.492064952850342,0.09999649822711945,1.1592188385725022,0
3,1375,0.07983779907226562,1,8.04901123046875,0.0999966710805893,1.1946955066919327,0
3,1376,0.06808853149414062,1,5.657195568084717,0.0010370343923568753,1.2229916702508925,0
3,1377,0.04041290283203125,1,2.777099370956421,0.0010352045297622667,1.2252424100637433,0
3,1378,-0.0015716552734375,1,2.590179204940796,0.011748933792114252,1.1445831480026243,0
3,1379,-0.02294158935546875,1,0.9689330458641052,0.08823812603950501,1.1312086353302002,0
3,1380,-0.019611358642578125,1,3.143310308456421,0.0001744985580444322,1.0979040966033937,0
3,1381,-0.0361480712890625,1,4.5623779296875,0.0001843154430389432,1.0364489262104033,0
3,1382,-0.05017852783203125,1,4.3182373046875,1.2874603271470497e-06,1.0132781467437744,0
3,1383,-0.0377655029296875,1,3.311156988143921,0.1,1.0542458543777466,0
3,1384,-0.015766143798828125,1,0.0419616661965847,6.437301635769943e-07,1.1676284533292054,0
3,1385,-0.005046844482421875,1,1.0528564453125,0.0256212055683136,1.1678243339061736,0
3,1386,-0.01338958740234375,1,1.4877318143844604,0.07430362105369567,1.1404940440654754,0
3,1387,-0.01113128662109375,1,0.7514953017234802,7.031261920929094e-05,1.1627047082185744,0
3,1388,-0.00550079345703125,1,0.4272460639476776,0.0995857208967209,1.1764700629711151,0
3,1389,-0.013874053955078125,1,2.23541259765625,0.0004088014364242512,1.1275272880792617,0
3,1390,-0.0093231201171875,1,0.3547668159008026,0.09997224509716035,1.1702595336437225,0
3,1391,-0.01184844970703125,1,2.727508306503296,0.09997054636478425,1.11775411260128,0
3,1392,-0.03501129150390625,1,4.650115966796875,0.09976828694343567,1.0329843661785125,0
3,1393,-0.040920257568359375,1,2.414703369140625,0.09546966850757599,1.0660466307401657,0
3,1394,-0.00547027587890625,1,0.9002684950828552,0.004301577806472778,1.1708820152282715,0
3,1395,-0.00849151611328125,1,2.803802251815796,0.0027999371290206923,1.1268289252519605,0
3,1396,-0.024127960205078125,1,1.2054443359375,0.09719997346401216,1.1237471939325332,0
3,1397,-0.01581573486328125,1,2.140045166015625,0.0999981850385666,1.1215676995515822,0
3,1398,-0.03141021728515625,1,3.887176275253296,3.617107868195135e-05,1.0594345930814744,0
3,1399,-0.007720947265625,1,2.079010009765625,0.09996210336685181,1.1389794211387634,0
3,1400,0.03813934326171875,1,4.84466552734375,1.1092424392698808e-05,1.1793849322795869,0
3,1401,0.05005645751953125,1,4.940032958984375,0.09998888671398164,1.1973127003908157,0
3,1402,0.020236968994140625,1,0.537872314453125,0.0559925738722086,1.2274767887443303,0
3,1403,-0.022106170654296875,1,3.246307134628296,0.05599259473383427,1.088621812209487,0
3,1404,-0.017208099365234375,1,0.2098083347082138,0.09999999403953552,1.1573876348137855,0
3,1405,0.019588470458984375,1,3.597259283065796,0.09999994337558747,1.1632317575216293,0
3,1406,0.026599884033203125,1,2.109527587890625,0.0038165569305419964,1.210856554031372,0
3,1407,0.02468109130859375,1,3.215789556503296,0.09618235230445862,1.1811990973949433,0
3,1408,0.003284454345703125,1,3.070831060409546,0.08920136094093323,1.1415842330455779,0
3,1409,-0.043140411376953125,1,4.87518310546875,0.08920240104198457,1.0126474190950394,0
3,1410,-0.053436279296875,1,6.755828380584717,0.09999989569187165,0.9540108779668808,0
3,1411,-0.0763092041015625,1,8.228302001953125,0.0005598515272140503,0.8827931576967238,0
3,1412,-0.07879257202148438,1,5.786895275115967,0.09943826794624329,0.9226994197368621,0
3,1413,-0.018505096435546875,1,1.064300537109375,0.0011724799871444674,1.141656897187233,0
3,1414,0.03154754638671875,1,4.138946533203125,0.00048464536666870117,1.1802967762947083,0
3,1415,0.018131256103515625,1,1.064300537109375,0.09930944740772248,1.2110041235685347,0
3,1416,-0.034244537353515625,1,4.207611083984375,0.09997436702251435,1.0433597289323806,0
3,1417,-0.028522491455078125,1,2.079010009765625,0.09994861185550691,1.097376872420311,0
3,1418,0.00222015380859375,1,2.170562744140625,0.09997330307960511,1.1570301206111908,0
3,1419,0.005847930908203125,1,1.09100341796875,0.09999945759773254,1.185875815153122,0
3,1420,-0.032947540283203125,1,4.924774169921875,0.09995550513267518,1.0316112158298492,0
3,1421,-0.03090667724609375,1,1.194000244140625,0.09995319843292236,1.110308512687683,0
3,1422,0.020862579345703125,1,4.638671875,0.09259175062179566,1.1452480511665344,0
3,1423,0.0313568115234375,1,2.0294189453125,0.007405400276184082,1.2218290281295776,0
3,1424,-0.0224456787109375,1,5.741118907928467,0.09787569642066957,1.036371236562729,0
3,1425,-0.0438995361328125,1,2.635955572128296,0.0009230613708496108,13.059444893836975,0
5,2,0.0,1,5.100249767303467,0.05,1.0959950046539306,0
5,3,-0.051975250244140625,1,6.031035900115967,0.1,0.9714287815093994,0
5,4,-0.0550689697265625,1,4.2266845703125,0.00019776523113250455,1.0053204585313797,0
5,5,-0.03632354736328125,1,4.718780517578125,0.08877956569194795,1.029426112294197,0
5,6,-0.05987548828125,1,7.308959484100342,0.08897503912448884,0.9305108321905136,0
5,7,-0.05945587158203125,1,2.353668212890625,2.291798591610994e-06,1.0340148009061814,0
5,8,-0.012035369873046875,1,3.067016363143921,0.1,1.1105889329910277,0
5,9,-0.017681121826171875,1,1.4991759061813354,0.09999999403953552,1.130654238462448,0
5,10,0.006381988525390625,1,2.788543462753296,5.960464476151284e-09,1.1569931075572966,0
5,11,-0.05919647216796875,1,6.900786876678467,0.09999999403953552,0.9395913183689117,0
5,12,-0.057254791259765625,1,2.063751220703125,0.09999999403953552,1.0402153933048248,0
5,13,-0.016979217529296875,1,3.719329595565796,1.68323516845717e-05,1.091654299736023,0
5,14,-0.044284820556640625,1,3.273010015487671,0.0036422640085220295,1.0458244680166244,0
5,15,-0.011600494384765625,1,0.8354186415672302,0.09634056985378267,1.1562370156049728,0
5,16,0.0451507568359375,1,7.446288585662842,0.09999966621398926,1.1373757553100585,0
5,17,0.051784515380859375,1,1.3313292264938354,0.09583264589309692,1.273109140396118,0
5,18,0.000789642333984375,1,3.437041997909546,0.004167354106903075,1.1326717505455017,0
5,19,0.049579620361328125,1,3.181457281112671,6.765127181992958e-07,1.2355300680398942,0
5,20,0.022472381591796875,1,3.234863042831421,0.09999804496765138,1.1762475805282593,0
5,21,0.034954071044921875,1,2.559661626815796,0.09999340772628784,1.214715173244476,0
5,22,0.018192291259765625,1,1.7929075956344604,0.0022293984889984117,1.200437254667282,0
5,23,0.0054779052734375,1,1.7013548612594604,0.09768510758876801,1.173021309018135,0
5,24,-0.048610687255859375,1,6.389617443084717,0.0002735584974288968,0.9749753342866897,0
5,25,-0.06782913208007812,1,8.129119873046875,0.00031525194644928256,0.9017467283010482,0
5,26,-0.07658767700195312,1,4.64630126953125,0.0997068226337433,0.949910347700119,0
5,27,-0.037586212158203125,1,5.077361583709717,0.041180507838726045,1.0216331236958502,0
5,28,-0.13823699951171875,1,27.648923873901367,0.0186746820807457,0.36980053621530534,0
5,29,-0.457672119140625,1,62.04604721069336,0.07723943591117859,-0.9593547599315643,0
5,30,-0.8796920776367188,1,93.9369125366211,1.0675191879271073e-05,-2.4381228330135345,0
5,31,-0.8678970336914062,1,92.73528289794922,0.05208334252238274,-2.392583059042692,0
5,32,-0.8904762268066406,1,89.26009368896484,0.05209360048174858,-2.3682380714118483,0
5,33,-0.9365272521972656,1,78.50265502929688,0.007677835226058957,-2.843414718389511,0
5,34,-0.6458969116210938,0,66.94793701171875,0.007678252458572385,-2.6310596935749055,0
5,34,0.0,1,66.94793701171875,0.007678252458572385,-0.13926587033271795,1
5,35,-0.5685005187988281,0,45.570369720458984,0.09999994933605194,-2.052408429980278,0
5,35,-0.1282332316189354,1,45.570369720458984,0.09999994933605194,0.028126144379507338,1
5,36,-0.26337432861328125,0,1.0223388671875,0.09987305700778962,-0.5511903568506241,0
5,36,-0.04367280031257792,1,1.0223388671875,0.09987305700778962,1.0882126997507826,1
5,37,0.14788818359375,0,27.580259323120117,0.09987151920795442,-0.2598236800432205,0
5,37,0.8009366124349881,1,27.580259323120117,0.09987151920795442,2.246273177639256,1
5,38,0.5219802856445312,0,68.56918334960938,1.5407800674424599e-06,-0.3274231573343277,0
5,38,-0.21206022401353408,1,68.56918334960938,1.5407800674424599e-06,-0.5955041766504584,1
5,39,0.8752098083496094,1,101.25731658935547,5.1921606063841386e-05,0.9252712080478671,0
5,40,1.154266357421875,1,126.88826751708984,0.09994400143623353,0.9667696044445041,0
5,41,1.331756591796875,1,135.26535034179688,0.0926581710577011,1.1544998499155046,0
5,42,1.3759193420410156,1,140.51055908203125,0.007186219096183777,1.141340053677559,0
5,43,0.7116622924804688,1,138.8092041015625,0.0987380862236023,-0.1568090205192564,0
5,44,-1.3355865478515625,1,128.204345703125,0.07328666448593141,-4.038191476345062,0
5,45,-1.1866531372070312,1,109.8060531616211,0.025602954626083377,-3.3704514558315273,0
5,46,-0.9593963623046875,1,83.26720428466797,0.0999149888753891,-2.3881334098577502,0
5,47,-0.5087776184082031,1,15.190123558044434,0.0030137926340103177,-0.12147825968265537,0
5,48,0.3756980895996094,1,86.17400360107422,0.003095394372940069,0.22779229140281687,0
5,49,1.3859329223632812,1,179.5768585205078,3.1024217605549187e-06,0.3803285502195358,0
5,50,2.2504844665527344,1,212.8982391357422,3.069639205946495e-07,1.4430041381120677,0
5,51,-1.31707763671875,1,222.35487365722656,7.764101028442244e-05,-5.881255852222442,0
5,52,-2.2347793579101562,1,223.33143615722656,0.008344703912734987,-8.336521227121354,0
5,53,-2.1485671997070312,0,204.6890106201172,0.008422335982322691,-8.391251505255699,0
5,53,0.1191061433830356,1,204.6890106201172,0.008422335982322691,-2.655904819075565,1
5,54,-1.8745613098144531,0,171.73765563964844,0.09992137551307678,-7.187872587442397,0
5,54,-0.1621353161890866,1,171.73765563964844,0.09992137551307678,-2.5630206001916656,1
5,55,-1.4873809814453125,0,128.28445434570312,0.0001138448715209961,-5.540455603599549,0
5,55,0.6066019640728868,1,128.28445434570312,0.0001138448715209961,-0.15248971256314955,1
5,56,-0.9469223022460938,0,86.31514739990234,0.0914437085390091,-3.6238053008317945,0
5,56,0.9967348498269004,1,86.31514739990234,0.0914437085390091,1.4635090033141938,1
5,57,-0.6032791137695312,0,37.60528564453125,0.03002219945192337,-1.9598648284077644,0
5,57,-0.09343648066400334,1,37.60528564453125,0.03002219945192337,0.25982043780329134,1
5,58,-0.13842391967773438,0,4.016876220703125,0.061613740026950845,-0.3596499133706093,0
5,58,0.09488027792620102,1,4.016876220703125,0.061613740026950845,1.3069584818372615,1
5,59,0.20391464233398438,0,31.665800094604492,0.09999976754188539,-0.22948670792579648,0
5,59,0.7169847687325941,1,31.665800094604492,0.09999976754188539,1.996653544871423,1
5,60,0.5998764038085938,0,81.62688446044922,0.045045336708426476,-0.43458669506013403,0
5,60,0.7014458651932074,1,81.62688446044922,0.045045336708426476,0.9685522277090934,1
5,61,0.9760818481445312,0,130.91278076171875,0.0450427170842886,-0.6678936276286841,0
5,61,-0.1690260915730235,1,130.91278076171875,0.0450427170842886,-1.7581095070637935,1
5,62,1.5492095947265625,0,173.22157287597656,0.09995945990085603,-0.37001064646244064,0
5,62,-1.5219664809962623,1,173.22157287597656,0.09995945990085603,-5.312362797908091,1
5,63,2.0492019653320312,0,192.5582733154297,0.0010391473770141602,0.24719689846038803,0
5,63,-0.10636042494207487,1,192.5582733154297,0.0010391473770141602,-2.8639278820878245,1
5,64,1.7578582763671875,1,197.7462615966797,0.0010770648717880263,0.7607482382059089,0
5,65,1.9575767517089844,1,192.3599090576172,0.09910881817340851,1.2639909695386877,0
5,66,1.8504829406738281,1,178.89784240722656,0.0007263779640197809,1.3229799780845632,0
5,67,-1.4342193603515625,1,161.9834747314453,0.09980322420597076,-4.912100344300271,0
5,68,-1.6419029235839844,1,137.6800537109375,3.1948089599609375e-05,-4.837408199310302,0
5,69,-1.0990066528320312,1,107.5630111694336,0.00678690969944,-3.749545005440712,0
5,70,-0.9097633361816406,0,80.3070068359375,0.006786933541297911,-3.4259382864236834,0
5,70,2.8532549723758436,1,80.3070068359375,0.006786933541297911,5.300098330691284,1
5,71,-0.7245521545410156,0,52.764888763427734,1.6689300537109375e-06,-2.504402151107788,0
5,71,1.101066674900835,1,52.764888763427734,1.6689300537109375e-06,2.3468355077759138,1
5,72,-0.14656448364257812,0,29.552457809448242,2.2649765014925993e-07,-0.8841781325340271,0
5,72,0.7639650197226331,1,29.552457809448242,2.2649765014925993e-07,2.1368808741963954,1
5,73,0.7134666442871094,0,121.2043685913086,0.09999809861183168,-1.0011540071964262,0
5,73,-0.030683190157567708,1,121.2043685913086,0.09999809861183168,-1.2894536760857804,1
5,74,1.7244110107421875,1,215.86607360839844,7.441639900206132e-06,0.3315002516508098,0
5,75,2.6598968505859375,1,245.1896514892578,7.447600364682283e-06,1.6160003734827038,0
5,76,-0.17745208740234375,1,233.6349334716797,0.0,-3.827602844238281,0
5,77,-2.2681655883789062,1,224.96412658691406,0.07847547233104707,-8.438752727389335,0
5,78,-2.4162673950195312,0,214.40504455566406,0.021524527668952943,-9.121496662259101,0
5,78,-0.4585837352773723,1,214.40504455566406,0.021524527668952943,-4.006129342774783,1
5,79,-1.7961196899414062,0,182.9452362060547,9.268522262600998e-07,-7.251144141077995,0
5,79,1.90382800785531,1,182.9452362060547,9.268522262600998e-07,1.3487512545154363,1
5,80,-1.5470199584960938,0,127.89534759521484,0.06947349309921265,-5.654725808620452,0
5,80,0.04787939250027051,1,127.89534759521484,0.06947349309921265,-1.2649271066277243,1
5,81,-0.9603424072265625,0,70.07217407226562,0.03052106499671936,-3.3233491384983065,0
5,81,2.275270922852478,1,70.07217407226562,0.03052106499671936,4.347877521659774,1
5,82,-0.4241371154785156,0,12.851714134216309,0.09174773395061493,-1.108978422999382,0
5,82,0.5902463656231163,1,12.851714134216309,0.09174773395061493,2.1197885392038818,1
5,83,0.09852218627929688,0,30.296323776245117,0.005830168724060059,-0.40911530971527094,0
5,83,0.14535654404773624,1,30.296323776245117,0.005830168724060059,0.8845534058216077,1
5,84,0.5635566711425781,0,80.32988739013672,0.014077919721603396,-0.4800475223064423,0
5,84,-0.6247322806626912,1,80.32988739013672,0.014077919721603396,-1.656625425916981,1
5,85,1.0392837524414062,0,121.57820892333984,0.0,-0.35299667358398423,0
5,85,-0.169064523411258,1,121.57820892333984,0.0,-1.5696932252893128,1
5,86,1.5402908325195312,0,155.01785278320312,0.0,-0.019775390625,0
5,86,0.8601720144854781,1,155.01785278320312,0.0,-0.18001302669310615,1
5,87,1.4792976379394531,0,170.35292053222656,0.09997197389602662,-0.4524620137214662,0
5,87,-0.43465379010046234,1,170.35292053222656,0.09997197389602662,-3.0803648698012975,1
5,88,1.7474822998046875,1,178.42481994628906,0.09997197389602662,1.1224693217277517,0
5,89,1.972442626953125,1,179.29075622558594,0.09999994933605194,1.5550701314210884,0
5,90,1.7593307495117188,1,172.42811584472656,0.07908246815204621,1.2669358834028235,0
5,91,-0.7432022094726562,1,161.9186248779297,0.07785347700119019,-3.527891055583954,0
5,92,-1.5010223388671875,1,137.18795776367188,0.09877095818519593,-4.54975467133522,0
5,93,-1.313323974609375,1,105.19026947021484,3.969371318816861e-05,-3.530454926371574,0
5,94,-0.7363929748535156,1,57.05642318725586,1.2522935867308183e-05,-1.413914914369583,0
5,95,-0.10997390747070312,1,38.967132568359375,0.09487210512161257,0.1969146494865417,0
5,96,0.940643310546875,1,137.42446899414062,0.005100724101066587,0.33259321224689503,0
5,97,1.9523773193359375,1,203.49119567871094,6.079673767062088e-07,1.0349307007789608,0
5,98,1.6168098449707031,1,220.84425354003906,5.129873752594133e-05,0.016732567191124426,0
5,99,-2.1986236572265625,1,217.36143493652344,0.09987132847309113,-7.548470866322517,0
5,100,-2.0964927673339844,1,202.0377960205078,0.09992233514785767,-7.6377383484840395,0
5,101,-2.0869140625,0,179.0695037841797,4.808306694031178e-05,-7.7552201240062715,0
5,101,0.5151814435443995,1,179.0695037841797,4.808306694031178e-05,-1.3510291119174722,1
5,102,-1.4441795349121094,0,143.11599731445312,0.06167744696140289,-5.753146113991737,0
5,102,-0.007258972311390721,1,143.11599731445312,0.06167744696140289,-1.6793049887903002,1
5,103,-1.1627845764160156,0,92.83065032958984,0.06148613095283508,-4.184641604661941,0
5,103,0.48323001869912474,1,92.83065032958984,0.06148613095283508,0.3073875855683393,1
5,104,-0.6047782897949219,0,46.26082992553711,0.00015176236629486223,-2.1347792485952377,0
5,104,0.6304800791836698,1,46.26082992553711,0.00015176236629486223,1.5357374893619458,1
5,105,-0.15671920776367188,0,14.633177757263184,0.08303859829902649,-0.6094235146045685,0
5,105,0.25298890194341794,1,14.633177757263184,0.08303859829902649,1.4099927048096113,1
5,106,0.38835906982421875,0,67.29888916015625,0.022594497352838513,-0.570163423448801,0
5,106,-0.22618881993148676,1,67.29888916015625,0.022594497352838513,-0.5992592029602121,1
5,107,0.9576148986816406,0,118.91936492919922,0.03930228725075722,-0.4647295927107333,0
5,107,-0.2806612197934868,1,118.91936492919922,0.03930228725075722,-1.7412818296609882,1
5,108,1.5467262268066406,0,155.28106689453125,0.09340214133262635,-0.015904969930648806,0
5,108,-0.7653824060763128,1,155.28106689453125,0.09340214133262635,-3.4401222356965553,1
5,109,1.6458244323730469,0,170.30714416503906,0.08326816260814668,-0.11782474505901352,0
5,109,-0.2901283643204309,1,170.30714416503906,0.08326816260814668,-2.7897303384459695,1
5,110,1.7582588195800781,1,180.87767028808594,0.010295394062995906,1.0985524176359167,0
5,111,1.8239402770996094,1,182.20518493652344,0.08140062391757966,1.2005208305120458,0
5,112,1.84521484375,1,173.5305633544922,0.01859571635723114,1.419074591755866,0
5,113,-1.4935493469238281,1,159.0423583984375,0.09999170005321503,-4.971945529818535,0
5,114,-1.4993324279785156,1,143.2647705078125,8.2969665527316e-06,-4.663960597991943,0
5,115,-1.2968673706054688,1,116.01256561279297,0.05009000589489006,-4.315989653702593,0
5,116,-1.005828857421875,0,88.98543548583984,0.049909991124877706,-3.7933628242055417,0
5,116,-0.5237973678596575,1,88.98543548583984,0.049909991124877706,-1.6292998450811071,1
5,117,-0.5521583557128906,0,16.754150390625,0.09997429847717286,-1.4433986911773682,0
5,117,-0.056479406513588515,1,16.754150390625,0.09997429847717286,0.747959207221236,1
5,118,0.3777275085449219,0,86.86446380615234,0.023791483044624334,-0.9827859183549882,0
5,118,0.8324661042147738,1,86.86446380615234,0.023791483044624334,1.126691272984716,1
5,119,1.2474746704101562,1,181.65586853027344,0.07616365253925324,0.058785424113273636,0
5,120,2.158946990966797,1,229.84693908691406,0.08317646384239197,0.9176281416416164,0
5,121,1.8679084777832031,1,243.49974060058594,0.016804373264312743,0.06514996862411457,0
5,122,-2.676898956298828,1,240.0626983642578,0.09991996288299561,-9.559048678398133,0
5,123,-2.1012954711914062,0,228.1570281982422,7.446408271789828e-05,-8.765734484910965,0
5,123,-0.4357629574593176,1,228.1570281982422,7.446408271789828e-05,-4.234669457446787,1
5,124,-2.1460533142089844,0,200.2944793701172,2.568960189817948e-06,-8.29799631857872,0
5,124,1.2425577921494835,1,200.2944793701172,2.568960189817948e-06,-0.32077410586178395,1
5,125,-1.9184303283691406,0,149.21951293945312,8.112192153929276e-06,-6.82125124001503,0
5,125,1.485360884326191,1,149.21951293945312,8.112192153929276e-06,1.1863311853756335,1
5,126,-1.1942558288574219,0,94.2268295288086,2.9802322387695312e-08,-4.273048249483108,0
5,126,-0.41332271722656344,1,94.2268295288086,2.9802322387695312e-08,-1.5111820262213917,1
5,127,-0.5883216857910156,0,40.83633041381836,0.09731238186359406,-1.9972624751329422,0
5,127,1.6892189233425867,1,40.83633041381836,0.09731238186359406,3.757818743134263,1
5,128,-0.037670135498046875,0,30.208585739135742,0.0026858150959014893,-0.6796194183826446,0
5,128,-0.21971659476415795,1,30.208585739135742,0.0026858150959014893,0.1562876630851332,1
5,129,0.6367912292480469,0,90.25572967529297,8.046627044677734e-07,-0.5315321671962738,0
5,129,-0.21149096421449798,1,90.25572967529297,8.046627044677734e-07,-1.0280965541213636,1
5,130,1.1803474426269531,0,139.87350463867188,2.5570392608656456e-06,-0.4367753098011017,0
5,130,-0.6604984219571435,1,139.87350463867188,2.5570392608656456e-06,-2.9184670389692946,1
5,131,1.3982505798339844,0,164.7147979736328,1.5044212341309982e-05,-0.4977954015731813,0
5,131,-0.6576344339878517,1,164.7147979736328,1.5044212341309982e-05,-3.409565429216854,1
5,132,1.9057807922363281,0,179.6531524658203,0.000951147079467772,0.21846048927307113,0
5,132,0.3038006748599358,1,179.6531524658203,0.000951147079467772,-1.7854997454797135,1
5,133,1.8383979797363281,1,187.0040740966797,0.0009662419557571397,1.1366758278608313,0
5,134,1.6739540100097656,1,183.9256134033203,0.09999999403953552,0.8653957521915436,0
5,135,1.7834968566894531,1,173.82810974121094,0.09999999403953552,1.2864315187931052,0
5,136,-0.8521385192871094,1,165.0161590576172,1.1324882507462997e-07,-3.8046002242565153,0
5,137,-1.3995399475097656,1,144.58847045898438,8.940696716308594e-08,-4.490849307775497,0
5,138,-1.2786026000976562,1,113.7580795288086,0.09997555315494538,-3.6363658128976817,0
5,139,-0.9191169738769531,1,69.75173950195312,0.0999755710363388,-2.637267760634422,0
5,140,-0.3144416809082031,0,10.726927757263184,5.960464476151284e-09,-0.8434219172000885,0
5,140,-0.032580522094576736,1,10.726927757263184,5.960464476151284e-09,0.9203004004271642,1
5,141,0.8079605102539062,1,132.23648071289062,2.5123357772841026e-06,0.17119130575656907,0
5,142,1.6048202514648438,1,210.66282653808594,0.0007682323455810575,0.19635324287414596,0
5,143,2.5681686401367188,1,239.6049346923828,0.0006348997354507432,1.5442131904363627,0
5,144,-1.8459434509277344,1,242.1340789794922,0.00013582110404968678,-7.334573914289474,0
5,145,-2.1503868103027344,1,235.29432678222656,0.09787971377372742,-8.410575344800948,0
5,146,-2.2662620544433594,0,219.1696014404297,0.0978797495365143,-8.919831327676773,0
5,146,0.03476973038687703,1,219.1696014404297,0.0978797495365143,-3.1177677580162997,1
5,147,-2.1995697021484375,0,178.60792541503906,0.09999991059303284,-7.975297909021378,0
5,147,0.05721123344803658,1,178.60792541503906,0.09999991059303284,-2.2617360378284297,1
5,148,-1.3609962463378906,0,126.22069549560547,0.09998835921287537,-5.250405936956406,0
5,148,2.3097476316448677,1,126.22069549560547,0.09998835921287537,3.2910818190091105,1
5,149,-0.9370155334472656,0,67.54302978515625,0.09983434677124023,-3.228885036468506,0
5,149,0.9783737068224099,1,67.54302978515625,0.09983434677124023,1.8018934440708454,1
5,150,-0.3524436950683594,0,5.966186046600342,0.09331226348876953,-0.8279436016082764,0
5,150,1.1915520754505167,1,5.966186046600342,0.09331226348876953,3.460047939429476,1
5,151,0.3467521667480469,0,63.67873764038086,0.0934658318758011,-0.5838090525865554,0
5,151,1.0369527552324342,1,63.67873764038086,0.0934658318758011,1.9965921243822196,1
5,152,0.9382514953613281,0,117.0844955444336,0.0999965399503708,-0.46918678176403034,0
5,152,0.6888531669806639,1,117.0844955444336,0.0999965399503708,0.23201656147464142,1
5,153,1.3788719177246094,0,152.48489379882812,0.008116456866264346,-0.2922786988019943,0
5,153,0.43195390401513123,1,152.48489379882812,0.008116456866264346,-0.9861147262209504,1
5,154,1.6286087036132812,0,168.94911193847656,0.065908382833004,-0.12440116685628907,0
5,154,1.1088210025288063,1,168.94911193847656,0.065908382833004,0.036023430974761274,1
5,155,1.7436408996582031,0,179.09620666503906,0.0259696826338768,-0.09568112128973023,0
5,155,0.09607323347988483,1,179.09620666503906,0.0259696826338768,-2.190816453646367,1
5,156,1.7843894958496094,1,175.4989471435547,0.0026346921920776326,1.258694661140441,0
5,157,1.7309379577636719,1,172.8439178466797,0.09736273288726807,1.2011030492782584,0
5,158,1.6944198608398438,1,165.6913604736328,0.026850125193595885,1.2739385071992875,0
5,159,-1.1486587524414062,1,156.88705444335938,0.07244283556938172,-4.237956307172775,0
5,160,-1.6272773742675781,1,139.04190063476562,0.04470991380512715,-4.837181157782673,0
5,161,-1.2708816528320312,1,116.72591400146484,0.05231400541961193,-4.278374145910144,0
5,162,-1.0133819580078125,0,87.51677703857422,0.09770573675632477,-3.7810076862573623,0
5,162,-0.0064007301733539634,1,87.51677703857422,0.09770573675632477,-0.5670452305884455,1
5,163,-0.6064300537109375,0,48.057552337646484,2.5197863578796387e-05,-2.1740121620893476,0
5,163,-0.03436507251715426,1,48.057552337646484,2.5197863578796387e-05,0.17011780029821855,1
5,164,-0.14141082763671875,0,22.212980270385742,0.06818797439336777,-0.7298087796568871,0
5,164,2.6149511849989864,1,22.212980270385742,0.06818797439336777,5.982915245614523,1
5,165,0.5683937072753906,0,83.70589447021484,0.06818795651197433,-0.5400579931139947,0
5,165,1.106069459763944,1,83.70589447021484,0.06818795651197433,1.7352935118631123,1
5,166,0.9312477111816406,1,115.37932586669922,0.09992633759975433,0.750911851525307,0
5,167,1.3701667785644531,1,128.96728515625,0.047313806414604184,1.3590953017473222,0
5,168,1.4314804077148438,1,161.15187072753906,0.04708286225795746,0.838040086388588,0
5,169,1.6071205139160156,1,192.56590270996094,0.09421904087066652,0.5591542119979859,0
5,170,-1.9011001586914062,1,199.18821716308594,0.05238902866840363,-6.588060221791268,0
5,171,-1.8969802856445312,1,178.27223205566406,0.008298030123114586,-6.759737133607269,0
5,172,-1.5690383911132812,0,134.72366333007812,0.04921475686132908,-5.834518639102578,0
5,172,0.0814757764791807,1,134.72366333007812,0.04921475686132908,-1.3334903039176542,1
5,173,-1.122894287109375,0,73.02474975585938,0.00034195780754089217,-3.706297247648239,0
5,173,-0.37359211639903833,1,73.02474975585938,0.00034195780754089217,-1.007692906227566,1
5,174,-0.44205474853515625,0,21.881101608276367,1.0654330253601074e-05,-1.3217319554090499,0
5,174,0.9029533705121437,1,21.881101608276367,1.0654330253601074e-05,2.5682842826855503,1
5,175,0.03066253662109375,0,25.417325973510742,0.0008372843265533475,-0.44705493760108944,0
5,175,-0.2249440670572298,1,25.417325973510742,0.0008372843265533475,0.2417318550422634,1
5,176,0.6005516052246094,0,78.33480834960938,0.0008351236581802396,-0.36562636148929595,0
5,176,-0.13013567971142237,1,78.33480834960938,0.0008351236581802396,-0.6270009313613595,1
5,177,0.9926376342773438,0,114.95207977294922,2.16066837310791e-06,-0.31376641333103167,0
5,177,-1.056224953380081,1,114.95207977294922,2.16066837310791e-06,-3.211491588645881,1
5,178,1.318695068359375,1,145.89691162109375,0.1,0.9154519042968752,0
5,179,1.5539131164550781,1,160.32028198242188,0.06830821782350541,1.0986882645487788,0
5,180,1.6195602416992188,1,162.2543182373047,0.008269046247005463,1.1937033568024635,0
5,181,0.12236404418945312,1,158.94317626953125,0.023421847820281984,-1.73507231092453,0
5,182,-1.5539741516113281,1,152.41241455078125,0.09999773800373077,-4.96019650375843,0
5,183,-1.4676513671875,1,141.74652099609375,0.00035332739353179793,-5.170247287392616,0
5,184,-1.3333969116210938,0,125.80870819091797,0.00035470128059387346,-5.18298217511177,0
5,184,-1.07031258850391,1,125.80870819091797,0.00035470128059387346,-3.4568135288774027,1
5,185,-1.1557388305664062,0,107.06328582763672,9.620785713195662e-05,-4.452747225999832,0
5,185,0.8304621639950014,1,107.06328582763672,9.620785713195662e-05,0.7196547631229835,1
5,186,-0.9860000610351562,0,92.96416473388672,0.0013523817062377971,-3.8313375120162965,0
5,186,-0.7271604426786809,1,92.96416473388672,0.0013523817062377971,-2.113658275303346,1
5,187,-0.8208351135253906,0,71.1212158203125,0.09855141043663025,-3.0680365998744965,0
5,187,0.884258363183406,1,71.1212158203125,0.09855141043663025,1.542150353543097,1
5,188,-0.3386650085449219,0,9.521484375,2.980232241545089e-09,-0.8677597047090531,0
5,188,-0.022265536778093065,1,9.521484375,2.980232241545089e-09,0.9650392388246045,1
5,189,0.5922508239746094,0,117.6185531616211,0.09999999701976776,-1.1718694151639937,0
5,189,-0.4518867840743894,1,117.6185531616211,0.09999999701976776,-2.0601446312619913,1
5,190,1.759185791015625,0,219.62355041503906,2.980232241545089e-09,-0.8740994263887403,0
5,190,-1.3916042875717807,1,219.62355041503906,2.980232241545089e-09,-5.975679583563552,1
5,191,2.7704086303710938,1,266.4909362792969,4.470348358154297e-08,1.4109985333681099,0
5,192,2.4580001831054688,1,277.83966064453125,0.00010228157043457031,0.5592030620574944,0
5,193,-1.1320457458496094,1,273.7159729003906,0.0001017540693283095,-6.538415019869804,0
5,194,-2.877635955810547,1,248.6228790283203,0.09999477267265319,-10.131729283094407,0
5,195,-2.3203468322753906,0,218.42955017089844,4.652142524722014e-06,-9.009284854054451,0
5,195,1.1722179665925694,1,218.42955017089844,4.652142524722014e-06,-0.8241552563185305,1
5,196,-1.789031982421875,0,180.8852996826172,0.09999403059482576,-7.199769719719886,0
5,196,0.6087579260266907,1,180.8852996826172,0.09999403059482576,-1.2041899028227554,1
5,197,-1.5302925109863281,0,127.68553924560547,0.09999403059482576,-5.618295568108558,0
5,197,1.4808024410310736,1,127.68553924560547,0.09999403059482576,1.6038943359262452,1
5,198,-1.0455398559570312,0,68.29452514648438,0.099924236536026,-3.4609671843051912,0
5,198,0.5120961114800906,1,68.29452514648438,0.099924236536026,0.8543047505690529,1
5,199,-0.4172706604003906,0,30.754087448120117,0.0018295675516128568,-1.4496962524652481,0
5,199,1.2192652136643787,1,30.754087448120117,0.0018295675516128568,3.0233754956642906,1
5,200,-0.042903900146484375,0,24.120328903198242,0.0019021272659301772,-0.5682904634475707,0
5,200,-0.06114334973929658,1,24.120328903198242,0.0019021272659301772,0.5952306373668048,1
5,201,0.538238525390625,0,75.775146484375,0.0681541845202446,-0.4417520462870598,0
5,201,-0.5637010381541074,1,75.775146484375,0.0681541845202446,-1.4456311733765248,1
5,202,1.0032997131347656,0,122.8675765991211,0.0681573823094368,-0.45347840100526793,0
5,202,-0.9755198908259572,1,122.8675765991211,0.0681573823094368,-3.2111176089267137,1
5,203,1.6181716918945312,0,165.8134307861328,5.960464476151284e-09,-0.07992523217201249,0
5,203,0.5791489825070144,1,165.8134307861328,5.960464476151284e-09,-0.957970650947046,1
5,204,1.57794189453125,0,179.6188201904297,0.0,-0.4364926147460939,0
5,204,0.02882030277788772,1,179.6188201904297,0.0,-2.3347357982528187,1
5,205,1.845306396484375,0,191.47108459472656,0.09999588131904602,-0.14280873417854326,0
5,205,0.27891492468646106,1,191.47108459472656,0.09999588131904602,-2.075591677774371,1
5,206,1.9416084289550781,1,193.8705291748047,4.115700721736559e-06,1.2058061097860329,0
5,207,1.9024391174316406,1,187.6144256591797,0.005530938506126404,1.2523684841394416,0
5,208,1.2958793640136719,1,170.8335723876953,0.09446585774421692,0.37130864596366886,0
5,209,-1.6066970825195312,1,154.63638305664062,3.200769424435701e-06,-5.106121954202652,0
5,210,-1.5593414306640625,1,127.84575653076172,0.1,-4.479597991943359,0
5,211,-1.0299072265625,1,104.59136199951172,0.09999978244304658,-3.555641684412956,0
5,212,-0.9013671875,0,77.30484008789062,7.748603821078337e-08,-3.348831179857254,0
5,212,1.1477834885293063,1,77.30484008789062,7.748603821078337e-08,1.9494701722013588,1
5,213,-0.6520233154296875,0,43.388362884521484,0.09616391062736512,-2.1756604449748993,0
5,213,0.3972488235134364,1,43.388362884521484,0.09616391062736512,1.1228838329113486,1
5,214,-0.134613037109375,0,16.4031982421875,0.09616352021694183,-0.6011365798711776,0
5,214,0.29183734686736074,1,16.4031982421875,0.09616352021694183,1.451764188082294,1
5,215,0.671905517578125,0,98.40392303466797,0.09999890923500061,-0.6282673819065094,0
5,215,-0.5630382441165622,1,98.40392303466797,0.09999890923500061,-1.898154905295884,1
5,216,1.2622756958007812,1,143.6920166015625,0.09638105928897858,0.8468558171987536,0
5,217,1.4007949829101562,1,163.2346954345703,0.0036179214715957655,0.7367513402700424,0
5,218,1.8102989196777344,1,161.04505920410156,4.351139068561882e-07,1.5996966378688804,0
5,219,0.4271202087402344,1,150.27999877929688,0.0004875659942626953,-0.951379060745239,0
5,220,-1.4722023010253906,1,146.80099487304688,0.06927789151668548,-4.683195615172386,0
5,221,-1.252197265625,1,129.21142578125,0.03023451864719391,-3.8898324276208878,0
5,222,-1.2232437133789062,1,94.9134750366211,0.0937761515378952,-3.7485079735517504,0
5,223,-0.7840232849121094,0,65.72723388671875,0.0937761515378952,-2.8863422936201095,0
5,223,1.4488137527400085,1,65.72723388671875,0.0937761515378952,2.7793317816841263,1
5,224,-0.46965789794921875,0,41.25594711303711,0.1,-1.7684347381591796,0
5,224,0.9825762658541777,1,41.25594711303711,0.1,2.3360335894476134,1
5,225,-0.21997451782226562,0,1.4457701444625854,0.0011520653963088962,-0.46891052114963533,0
5,225,1.1141897769665263,1,1.4457701444625854,0.0011520653963088962,3.399418068427949,1
5,226,0.2568550109863281,0,42.808528900146484,0.051500025577843195,-0.3445205570533872,0
5,226,-3.3540306219554523,1,42.808528900146484,0.051500025577843195,-6.366291822936948,1
5,227,3.4051170349121094,1,0.0,0.046761998347938066,8.008363589890301,0
5,228,0.0,1,0.0,0.0005851686000823975,1.1999765932559967,0
5,229,0.1410369873046875,1,0.0,0.09082371890544892,1.478441025853157,0
5,230,0.7263565063476562,1,147.430419921875,0.09003466665744782,-0.2994967724084852,0
5,231,1.4130630493164062,1,149.44839477539062,0.0006855428218841553,1.037130781412125,0
5,232,-1.4602699279785156,1,142.55905151367188,0.09988139569759369,-4.575716142058372,0
5,233,-1.4976654052734375,1,130.8441162109375,1.4352798461916838e-05,-4.412213708877563,0
5,234,-1.1271858215332031,1,121.24633026123047,0.029634201526641847,-4.0804836163520815,0
5,235,-1.1543769836425781,0,84.24376678466797,0.027241584658622746,-3.9947189663648603,0
5,235,4.848688876472515,1,84.24376678466797,0.027241584658622746,9.211412753865325,1
5,236,-0.4956207275390625,0,26.615140914916992,0.006002444028854373,-1.5237843711376189,0
5,236,0.7976436157439721,1,26.615140914916992,0.006002444028854373,2.2627443154284506,1
5,237,0.10773849487304688,0,37.143707275390625,0.09144547283649446,-0.5310549746751785,0
5,237,0.4529504587532074,1,37.143707275390625,0.09144547283649446,1.3593689530851427,1
5,238,0.6109733581542969,0,78.9794921875,0.00010216534137726108,-0.35764721405506134,0
5,238,0.061571609750750156,1,78.9794921875,0.00010216534137726108,-0.2564507108621548,1
5,239,0.9147377014160156,1,123.55040740966797,0.01999026238918305,0.5576676441431049,0
5,240,1.6254997253417969,1,164.35240173339844,0.02004756331443787,1.1631495134830474,0
5,241,1.7420921325683594,1,179.68748474121094,2.980232241545089e-09,1.0904345701932898,0
5,242,-0.2273101806640625,1,172.6341094970703,2.980232241545089e-09,-2.7073025513887408,0
5,243,-1.474639892578125,1,156.07070922851562,8.761882781954666e-07,-4.870694004774093,0
5,244,-1.58642578125,1,135.23483276367188,0.09487583041191103,-5.281343250989914,0
5,245,-1.2033157348632812,0,105.66710662841797,0.0051162123680114704,-4.520178250789642,0
5,245,0.6925023275805557,1,105.66710662841797,0.0051162123680114704,0.47145787409803197,1
5,246,-0.8216018676757812,0,81.11190032958984,0.0031464278697967488,-3.265567599058151,0
5,246,1.2392798475206916,1,81.11190032958984,0.0031464278697967488,2.056195831334795,1
5,247,-0.6923255920410156,0,45.05538558959961,0.04072130545973778,-2.2873877480924127,0
5,247,0.40712532461468953,1,45.05538558959961,0.04072130545973778,1.1115140852189975,1
5,248,-0.2639198303222656,0,11.596678733825684,0.04387481436133385,-0.7615282278954982,0
5,248,0.554170866634621,1,11.596678733825684,0.04387481436133385,2.074653166018275,1
5,249,0.06864166259765625,0,25.760648727416992,8.02278518676619e-06,-0.37792997026443476,0
5,249,-0.4305983750531155,1,25.760648727416992,8.02278518676619e-06,-0.1764100455659783,1
5,250,0.5555763244628906,0,70.99151611328125,0.00015056431293487826,-0.30868369591236117,0
5,250,-0.8554303392817246,1,70.99151611328125,0.00015056431293487826,-1.9306970234015914,1
5,251,0.8988609313964844,0,104.53795623779297,0.00019974410533905168,-0.29304525172710405,0
5,251,-0.5269765892092977,1,104.53795623779297,0.00019974410533905168,-1.9447202929386682,1
5,252,1.1812477111816406,1,128.13568115234375,0.09964166879653931,0.9957961325645448,0
5,253,1.2224578857421875,1,141.53289794921875,0.0,0.8142578125000002,0
5,254,1.6079559326171875,1,149.35302734375,1.65402889251709e-05,1.428850656747818,0
5,255,1.4685401916503906,1,142.55142211914062,0.048811846319586044,1.2840994670651855,0
5,256,-1.135284423828125,1,128.70407104492188,0.048828344885259875,-3.6466034023500975,0
5,257,-1.1783027648925781,1,108.15047454833984,4.172325133999788e-08,-3.3196150224208827,0
5,258,-1.0430488586425781,1,83.82796478271484,0.0004383951425552396,-2.5626745487451554,0
5,259,-0.6110267639160156,1,36.716461181640625,0.00043834149837494035,-0.7564002851247787,0
5,260,0.0168914794921875,1,40.89736557006836,0.09999986588954926,0.41183565294742575,0
5,261,1.0601158142089844,1,143.3868408203125,1.6301870346055458e-06,0.45249474680423757,0
5,262,1.7558708190917969,1,193.7217559814453,0.004797577857971191,0.8371146154403678,0
5,263,0.3793983459472656,1,192.4209442138672,0.004799282550811766,-1.889814163684845,0
5,264,-1.665374755859375,1,179.75233459472656,0.09362283945083619,-5.7295411171913155,0
5,265,-1.8430252075195312,1,155.38406372070312,0.006377151608467101,-6.193986775517464,0
5,266,-1.3205337524414062,0,108.16191864013672,0.0,-4.804305877685547,0
5,266,0.12212476782678294,1,108.16191864013672,0.0,-0.7189888371491684,1
5,267,-0.7576255798339844,0,47.59597396850586,2.980232241545089e-09,-2.467170639157295,0
5,267,0.3648769618310226,1,47.59597396850586,2.980232241545089e-09,0.9778344441727188,1
5,268,-0.1435699462890625,0,14.389037132263184,0.09822337627410889,-0.578849570274353,0
5,268,0.6905971157235484,1,14.389037132263184,0.09822337627410889,2.289484553750869,1
5,269,0.346466064453125,0,56.59103012084961,0.0017721623182296795,-0.4389593600034713,0
5,269,0.8289321932700844,1,56.59103012084961,0.0017721623182296795,1.7259728976304476,1
5,270,0.73876953125,0,85.05248260498047,0.0818114072084427,-0.22678304588794718,0
5,270,-0.7744390590226615,1,85.05248260498047,0.0818114072084427,-2.0532002264332703,1
5,271,1.0260505676269531,1,120.3346176147461,0.0036686360836029053,0.8452620375156406,0
5,272,1.3457565307617188,1,143.19992065429688,0.08548450469970703,1.024095268249512,0
5,273,1.4887809753417969,1,152.313232421875,0.1,1.127297302246094,0
5,274,1.5515022277832031,1,157.81402587890625,0.09999969303607942,1.1427239502668383,0
5,275,-1.4979705810546875,1,151.69525146484375,6.3687562942491005e-06,-4.829846446156502,0
5,276,-1.2867622375488281,1,134.28497314453125,0.09999331831932068,-4.063223670721054,0
5,277,-1.2553291320800781,1,122.2114486694336,5.960464476151284e-09,-4.3548872377872465,0
5,278,-1.2641410827636719,0,106.6932601928711,0.09491578936576844,-4.665944000959397,0
5,278,0.4754963139909165,1,106.6932601928711,0.09491578936576844,0.013330792549780746,1
5,279,-0.8755683898925781,0,89.61104583740234,0.005084210634231569,-3.5435610649585723,0
5,279,-0.17876754604592549,1,89.61104583740234,0.005084210634231569,-0.9499593772652672,1
5,280,-0.60809326171875,0,20.992277145385742,0.0019913375377655015,-1.6361117198467254,0
5,280,1.0475546089717653,1,20.992277145385742,0.0019913375377655015,2.8751840215343054,1
5,281,0.30339813232421875,0,72.09014892578125,0.0474004389718175,-0.8369027314260602,0
5,281,-1.2048423007003066,1,72.09014892578125,0.0474004389718175,-2.653383597475111,1
5,282,1.3943710327148438,0,172.62648010253906,0.050603842549026015,-0.665811690323055,0
5,282,-1.6694073880693878,1,172.62648010253906,0.050603842549026015,-5.593368531891518,1
5,283,1.8088912963867188,1,217.69712829589844,4.243850708005037e-06,0.46383985710144,0
5,284,2.3029937744140625,1,237.2360076904297,0.09999711513519288,1.0572675104141231,0
5,285,-0.33689117431640625,1,229.06492614746094,0.09969729781150818,-4.0590687634944915,0
5,286,-2.4182701110839844,1,212.7494659423828,0.00022932589054108082,-8.491538714051247,0
5,287,-1.9693603515625,0,181.61009216308594,0.09992937147617341,-7.574919721245766,0
5,287,0.0909495930196087,1,181.61009216308594,0.09992937147617341,-2.2542998320815486,1
5,288,-1.5800971984863281,0,137.61520385742188,0.0007885009050369249,-5.912530014157295,0
5,288,0.06602593286783076,1,137.61520385742188,0.0007885009050369249,-1.4202837514489774,1
5,289,-1.0086669921875,0,90.9309310913086,0.0007848322391509968,-3.835983999490738,0
5,289,0.2421163313584529,1,90.9309310913086,0.0007848322391509968,-0.134417352398832,1
5,290,-0.5707054138183594,0,26.321409225463867,0.09978623688220978,-1.6718304616212845,0
5,290,1.599952866221578,1,26.321409225463867,0.09978623688220978,3.869486098458591,1
5,291,0.14301300048828125,0,45.00197982788086,0.00021009445190429965,-0.6140219993591309,0
5,291,0.6304035217616644,1,45.00197982788086,0.00021009445190429965,1.5607590431876357,1
5,292,0.6594886779785156,0,94.5320053100586,0.004697161912918094,-0.5718506367206574,0
5,292,-0.1953879369608913,1,94.5320053100586,0.004697161912918094,-1.0816038665994714,1
5,293,1.18621826171875,0,137.05825805664062,0.09530283808708191,-0.37254075121879576,0
5,293,0.19139798258521523,1,137.05825805664062,0.09530283808708191,-1.1621813094858653,1
5,294,1.5282211303710938,0,163.65049743652344,0.0007087111473083468,-0.21659603643417374,0
5,294,0.6609440219616189,1,163.65049743652344,0.0007087111473083468,-0.7511502532531231,1
5,295,1.8585357666015625,1,169.9943389892578,0.0006990194320678697,1.5171567926406853,0
5,296,1.5426063537597656,1,172.8591766357422,0.0637725219130516,0.8254782739281654,0
5,297,1.7206573486328125,1,171.70713806152344,0.021090973913669583,1.2063282970786087,0
5,298,-1.1602401733398438,1,160.31265258789062,0.08487298488616943,-4.330128317832947,0
5,299,-1.6133193969726562,1,133.37326049804688,0.09457670152187347,-4.697887071967124,0
5,300,-1.0867729187011719,1,111.49214935302734,0.005423095822334287,-3.8036057482957837,0
5,301,-1.0074234008789062,0,93.74617767333984,0.0209398090839386,-3.890607947587967,0
5,301,1.9741038205366337,1,93.74617767333984,0.0209398090839386,3.2724464952431123,1
5,302,-0.9228096008300781,0,75.27542114257812,0.020938414335250854,-3.3519651610851287,0
5,302,-0.42634802395727434,1,75.27542114257812,0.020938414335250854,-1.1590420073395213,1
5,303,-0.59185791015625,0,44.36111068725586,0.09999860525131227,-2.07493797826767,0
5,303,0.6087543459505014,1,44.36111068725586,0.09999860525131227,1.5262865339458334,1
5,304,-0.07875823974609375,0,25.844572067260742,0.1,-0.6784079208374023,0
5,304,-0.06340237510436708,1,25.844572067260742,0.1,0.552303808446051,1
5,305,0.8048210144042969,0,130.29861450195312,4.562735557558928e-06,-0.9963304437398911,0
5,305,0.2471782647379399,1,130.29861450195312,4.562735557558928e-06,-0.9116159430726049,1
5,306,1.80902099609375,1,218.9102020263672,0.09996945559978485,0.4358391734361644,0
5,307,2.597797393798828,1,236.4730682373047,1.7210841178894043e-05,1.6661327344179149,0
5,308,0.6930274963378906,1,226.2344207763672,0.09999122023582459,-1.942633071660995,0
5,309,-1.9878921508789062,1,216.6366424560547,0.0999960482120514,-7.112516992807388,0
5,310,-2.082439422607422,1,200.9048309326172,3.942847251893478e-06,-7.5829756215810775,0
5,311,-2.0565414428710938,0,173.93492126464844,0.00020392835140228133,-7.591789468169212,0
5,311,0.9224476727432602,1,173.93492126464844,0.00020392835140228133,-0.4338112369405044,1
5,312,-1.3550071716308594,0,125.89644622802734,0.00019590854644774974,-5.227951104164124,0
5,312,1.585042185259816,1,125.89644622802734,0.00019590854644774974,1.8521476096172276,1
5,313,-0.9246597290039062,0,65.87982177734375,8.016824722290039e-06,-3.1669162142276766,0
5,313,1.7052870724428288,1,65.87982177734375,8.016824722290039e-06,3.292977388665793,1
5,314,-0.3147735595703125,0,3.513335943222046,0.09725253582000733,-0.7037039394378662,0
5,314,-0.3735680855799757,1,3.513335943222046,0.09725253582000733,0.3787070085428074,1
5,315,0.3899497985839844,0,69.52285766601562,0.06765663623809814,-0.6132638216018677,0
5,315,0.37453926420673156,1,69.52285766601562,0.06765663623809814,0.5559151096436269,1
5,316,0.8845443725585938,0,120.37276458740234,0.07040407955646515,-0.6411827098131179,0
5,316,-0.5041918083831263,1,120.37276458740234,0.07040407955646515,-2.2186550716965576,1
5,317,1.3986167907714844,0,151.0772705078125,0.09999998211860657,-0.2283118278980255,0
5,317,0.6595153945117502,1,151.0772705078125,0.09999998211860657,-0.5065146204174936,1
5,318,1.5638504028320312,0,157.96279907226562,0.1,-0.035555175781250004,0
5,318,0.5851985907177806,1,157.96279907226562,0.1,-0.7928588000097512,1
5,319,1.7946586608886719,1,169.66246032714844,0.1,1.3920681152343741,0
5,320,1.7533836364746094,1,178.9626922607422,0.09966595470905304,1.123526789546012,0
5,321,1.6093254089355469,1,177.84498596191406,0.0034783989191055284,0.8616119626760483,0
5,322,-1.4630355834960938,1,169.1093292236328,0.0038014411926269517,-5.108409809112549,0
5,323,-1.7422714233398438,1,147.69363403320312,0.09998899400234224,-5.2424150871038435,0
5,324,-1.2110671997070312,1,123.4626693725586,0.09999999701976776,-4.2953877867460255,0
5,325,-1.07373046875,0,93.63555145263672,2.9206275940080184e-07,-4.020171978235244,0
5,325,1.5609170679492905,1,93.63555145263672,2.9206275940080184e-07,2.4491230951633365,1
5,326,-0.7998275756835938,0,71.30050659179688,0.00016470551490783275,-3.025671871423721,0
5,326,0.8292016082942553,1,71.30050659179688,0.00016470551490783275,1.4323864965319768,1
5,327,-0.6696395874023438,0,52.398677825927734,0.0877445250749588,-2.3907625123262406,0
5,327,0.9377913041932615,1,52.398677825927734,0.0877445250749588,2.02409927086497,1
5,328,-0.3672943115234375,0,29.384611129760742,0.08790952265262604,-1.3257972265481948,0
5,328,0.6715983187770647,1,29.384611129760742,0.08790952265262604,1.9519880340528097,1
5,329,0.07852554321289062,0,46.26845932006836,0.0,-0.768318099975586,0
5,329,-0.5328452261231931,1,46.26845932006836,0.0,-0.7910596386477534,1
5,330,0.88153076171875,0,123.1880111694336,3.1888484954695206e-07,-0.7006987127065657,0
5,330,-1.2792561716785045,1,123.1880111694336,3.1888484954695206e-07,-3.8222725795010746,1
5,331,1.5668601989746094,1,179.8515167236328,0.09994487464427948,0.7326922684907914,0
5,332,1.9547004699707031,1,203.78111267089844,5.476176738739014e-05,1.0337764960527416,0
5,333,2.0104637145996094,1,194.7555389404297,4.470348358154297e-08,1.3258166486024847,0
5,334,0.037261962890625,1,187.7212371826172,0.09898267984390259,-2.4838601250648504,0
5,335,-1.6063804626464844,1,168.41505432128906,0.09898264408111573,-5.385021317481995,0
5,336,-1.626068115234375,1,128.76129150390625,0.00024012923240662037,-5.227371665716172,0
5,337,-1.0260887145996094,0,80.21926879882812,0.09975982904434205,-3.660553198337555,0
5,337,1.5429551061485114,1,80.21926879882812,0.09975982904434205,2.6775344431586867,1
5,338,-0.5261802673339844,0,30.609128952026367,0.09999429285526276,-1.6685428854227067,0
5,338,1.0113747485475955,1,30.609128952026367,0.09999429285526276,2.606567146340453,1
5,339,0.00756072998046875,0,26.954648971557617,0.09586817026138306,-0.5278062462806701,0
5,339,-0.3069293102860584,1,26.954648971557617,0.09586817026138306,0.0432136731862755,1
5,340,0.5438041687011719,0,74.60784912109375,0.08191160559654237,-0.40782510924339294,0
5,340,1.2883932682584884,1,74.60784912109375,0.08191160559654237,2.2813530898712404,1
5,341,0.96807861328125,1,115.16951751708984,0.013962265849113469,0.8322083855867389,0
5,342,1.3064689636230469,1,140.40756225585938,0.00034776031970977506,1.0047727717161181,0
5,343,1.478668212890625,1,152.22549438476562,0.09965074956417085,1.1088405081033708,0
5,344,1.3810844421386719,1,153.30123901367188,0.00012154877185821533,0.8961392420530321,0
5,345,-1.576904296875,1,144.98138427734375,0.00011713206768036027,-4.853440964579582,0
5,346,-1.359100341796875,1,127.16292572021484,5.906820297239823e-06,-4.0614594342708585,0
5,347,-1.05792236328125,1,110.0349349975586,0.09940095841884614,-3.7205194648504256,0
5,348,-0.995941162109375,0,91.41158294677734,0.03666319996118546,-3.821580511152744,0
5,348,0.8594520035109809,1,91.41158294677734,0.03666319996118546,1.0892058200879677,1
5,349,-0.8889694213867188,0,72.21603393554688,0.055540515482425695,-3.224481142103672,0
5,349,0.199390580435022,1,72.21603393554688,0.055540515482425695,0.15223886153980942,1
5,350,-0.53643798828125,0,33.51593017578125,0.0071970492601394626,-1.7434824620485305,0
5,350,0.5278651060206698,1,33.51593017578125,0.0071970492601394626,1.5851237265553093,1
5,351,0.13141632080078125,0,56.29348373413086,0.09999979734420777,-0.8670370249748229,0
5,351,0.010910857856281098,1,56.29348373413086,0.09999979734420777,0.09195204913617672,1
5,352,1.1291694641113281,0,158.54263305664062,0.0007253795862197862,-0.912542748093605,0
5,352,-1.8767836821713004,1,158.54263305664062,0.0007253795862197862,-5.724449040658862,1
5,353,2.1537742614746094,1,218.00611877441406,0.0992746114730835,1.1434551630020138,0
5,354,1.9806022644042969,1,217.48350524902344,0.08515228033065797,0.8081283326148982,0
5,355,0.21571731567382812,1,202.8922882080078,0.014844909310340881,-2.427004929184913,0
5,356,-2.0865516662597656,1,178.4171905517578,0.09037495851516725,-6.545062141895294,0
5,357,-1.4297752380371094,1,140.60211181640625,0.0042027264833450345,-5.071760821461678,0
5,358,-1.1275405883789062,0,87.0246810913086,0.0054195046424865695,-3.995791578769684,0
5,358,0.3520553884884663,1,87.0246810913086,0.0054195046424865695,0.16340037496506135,1
5,359,-0.550262451171875,0,18.524169921875,0.09999982118606568,-1.4750082936286926,0
5,359,1.223375866648965,1,18.524169921875,0.09999982118606568,3.272268342012987,1
5,360,0.13578033447265625,0,38.2232666015625,0.09995485544204713,-0.4969028573036194,0
5,360,0.38553476843846113,1,38.2232666015625,0.09995485544204713,1.2026060106279906,1
5,361,0.5601348876953125,0,81.53914642333984,0.09897727966308595,-0.5144722442626954,0
5,361,-0.005970533572941861,1,81.53914642333984,0.09897727966308595,-0.44668308679920415,1
5,362,1.0328216552734375,1,119.47249603271484,0.0990222454071045,0.8722325000762943,0
5,363,1.4466705322265625,1,137.8326416015625,0.05558223128318787,1.3344649431705478,0
5,364,1.2935028076171875,1,148.49090576171875,0.055564779043197635,0.8149649088382722,0
5,365,1.5158271789550781,1,154.00314331054688,0.09827061593532563,1.147660667061806,0
5,366,-1.4377403259277344,1,151.26419067382812,0.09828751087188722,-4.7046959657669065,0
5,367,-1.6061325073242188,1,141.21246337890625,0.09949910640716553,-4.840494246482849,0
5,368,-1.222412109375,1,131.36672973632812,0.0004987150430679349,-4.472178762078285,0
5,369,-1.2288436889648438,0,115.13899993896484,1.6182661056463044e-06,-4.760467441439628,0
5,369,0.48807168944031787,1,115.13899993896484,1.6182661056463044e-06,-0.12663668462930505,1
5,370,-1.051116943359375,0,96.97722625732422,0.012951490283012387,-4.042296471476555,0
5,370,-0.8103992642672395,1,96.97722625732422,0.012951490283012387,-2.360861113292284,1
5,371,-0.8334197998046875,0,69.17953491210938,0.01272149384021759,-3.050939157605171,0
5,371,0.3544961788076719,1,69.17953491210938,0.01272149384021759,0.5248927996195478,1
5,372,-0.381805419921875,0,5.710601329803467,0.09966971874237061,-0.8818096551895142,0
5,372,0.14371064347332663,1,5.710601329803467,0.09966971874237061,1.3692224716008892,1
5,373,0.3870048522949219,0,78.19747924804688,0.07520993649959565,-0.7929482778310776,0
5,373,-0.13481002311321078,1,78.19747924804688,0.07520993649959565,-0.6365780286473429,1
5,374,1.2012557983398438,0,152.68707275390625,0.02373035550117493,-0.6521790726184845,0
5,374,-1.3166029044191205,1,152.68707275390625,0.02373035550117493,-4.487896478136413,1
5,375,2.0945167541503906,1,220.23390197753906,0.08915421962738038,0.9807892999649044,0
5,376,2.0986862182617188,1,236.78587341308594,0.00976901352405548,0.6612642077207561,0
5,377,1.7256965637207031,1,226.59300231933594,0.09987970292568207,0.11553789293765979,0
5,378,-2.1607131958007812,1,207.80943298339844,2.950429916381836e-06,-7.277615169286728,0
5,379,-2.3590240478515625,1,187.3550262451172,4.470348358154297e-08,-7.865148622393608,0
5,380,-1.5390472412109375,0,156.707763671875,1.3455748558044434e-05,-6.212250294089317,0
5,380,-1.2013866315782522,1,156.707763671875,1.3455748558044434e-05,-4.336929074823947,1
5,381,-1.2151374816894531,0,116.58858489990234,1.2639164924624358e-05,-4.76204716694355,0
5,381,2.0570596011141973,1,116.58858489990234,1.2639164924624358e-05,2.98234699866375,1
5,382,-0.9024085998535156,0,67.98171997070312,0.09990228712558746,-3.168447690606117,0
5,382,-0.0634036877688402,1,67.98171997070312,0.09990228712558746,-0.29043786643676645,1
5,383,-0.38356781005859375,0,3.074645757675171,0.06255484223365784,-0.8311307289600373,0
5,383,0.1810907402755788,1,3.074645757675171,0.06255484223365784,1.4981863717083077,1
5,384,0.2684516906738281,0,55.831905364990234,0.037372052669525146,-0.5812296080589294,0
5,384,-0.15989818612042228,1,55.831905364990234,0.037372052669525146,-0.23792936164743023,1
5,385,0.8790054321289062,0,113.60167694091797,0.007518437504768369,-0.5143234120607375,0
5,385,-0.5022057867848702,1,113.60167694091797,0.007518437504768369,-2.0767458498882903,1
5,386,1.510711669921875,0,153.4881591796875,0.09215811789035798,-0.05202616846561432,0
5,386,-0.27440457445322863,1,153.4881591796875,0.09215811789035798,-2.4222586572158216,1
5,387,1.4834823608398438,1,172.40904235839844,0.09967688322067261,0.7147967991828919,0
5,388,1.7831382751464844,1,182.0182647705078,5.930662155193001e-07,1.1259112311601631,0
5,389,2.0292701721191406,1,186.06565856933594,0.09835927188396454,1.533292801976203,0
5,390,0.16242218017578125,1,180.36268615722656,0.0016400903463363661,-2.0824749664068225,0
5,391,-1.7260704040527344,1,165.3251495361328,0.09973846971988679,-5.562633337616921,0
5,392,-1.7152633666992188,1,148.68545532226562,0.0002615004777908325,-5.804246299862862,0
5,393,-1.2400321960449219,0,127.44139862060547,0.09999996721744538,-5.03289236319065,0
5,393,-1.1592238503641639,1,127.44139862060547,0.09999996721744538,-3.6712756718291346,1
5,394,-1.2262725830078125,0,98.38484954833984,0.034917613863945006,-4.421638861536979,0
5,394,1.1562830153654673,1,98.38484954833984,0.034917613863945006,1.54347233520958,1
5,395,-0.7231826782226562,0,48.019405364990234,0.012146416306495668,-2.4072393203973768,0
5,395,0.9356359982503548,1,48.019405364990234,0.012146416306495668,2.1103980325486456,1
5,396,-0.21710968017578125,0,1.2969969511032104,0.07722876369953156,-0.46324844992160796,0
5,396,0.28014459717920914,1,1.2969969511032104,0.07722876369953156,1.7312601047883729,1
5,397,0.37035369873046875,0,81.4247055053711,0.09999936521053315,-0.8917866872549057,0
5,397,-0.6546831838889702,1,81.4247055053711,0.09999936521053315,-1.7418604524937837,1
5,398,1.4378929138183594,0,166.91969299316406,6.198883056654503e-07,-0.4626080570220949,0
5,398,0.1345976640888864,1,166.91969299316406,6.198883056654503e-07,-1.869198556481041,1
5,399,1.8219032287597656,1,184.3986358642578,0.0922797739505768,1.152142549276351,0
5,400,1.858673095703125,1,186.82859802246094,0.007720208168029784,1.1804654226303093,0
5,401,2.002410888671875,1,175.94908142089844,0.08450023531913758,1.682460139513015,0
5,402,-1.1688804626464844,1,167.44993591308594,0.084500253200531,-4.490139653682709,0
5,403,-1.515472412109375,1,133.80050659179688,0.09999958276748658,-4.510954939365387,0
5,404,-1.1102142333984375,1,69.9005126953125,1.400709152207802e-07,-2.4184387263059612,0
5,405,-0.3594245910644531,1,16.704559326171875,9.173154830934005e-06,0.14705926442146297,0
5,406,0.12096786499023438,1,36.36932373046875,0.02645400017499924,0.7134910953640937,0
5,407,0.6167449951171875,1,80.79146575927734,0.07353626936674118,0.8147192242741585,0
5,408,1.1219406127929688,1,119.81963348388672,0.09999997913837433,1.0434885567426684,0
5,409,1.2088966369628906,1,144.59228515625,0.00021344721317291537,0.7259390329122545,0
5,410,0.8358039855957031,1,159.68704223632812,6.954669952392856e-05,-0.32213565540313704,0
5,411,-1.6122703552246094,1,160.8352508544922,0.00014392137527465682,-5.241251484394074,0
5,412,-1.7216796875,1,152.15682983398438,5.992352962493758e-05,-5.286498368620872,0
5,413,-1.3149871826171875,1,140.78521728515625,0.09994007647037506,-4.849676313996316,0
5,414,-1.4321250915527344,0,120.49864959716797,0.0999904751777649,-5.278222794055939,0
5,414,0.7838766826979295,1,120.49864959716797,0.0999904751777649,0.3537807544453894,1
5,415,-1.1063041687011719,0,103.38591766357422,0.09890179336071014,-4.284282762408257,0
5,415,-0.5889612401077358,1,103.38591766357422,0.09890179336071014,-2.049596905221384,1
5,416,-0.8438949584960938,0,85.26229095458984,0.0010831683874130277,-3.393079062819481,0
5,416,-0.3826834531725396,1,85.26229095458984,0.0010831683874130277,-1.2706560521723727,1
5,417,-0.6710090637207031,0,32.11212158203125,0.09999448657035828,-1.9882603385448456,0
5,417,0.47519072532190876,1,32.11212158203125,0.09999448657035828,1.5041392395403783,1
5,418,0.15514373779296875,0,57.17849349975586,0.07762586176395417,-0.8363874288797378,0
5,418,-0.05930781744812208,1,57.17849349975586,0.07762586176395417,-0.06529053936191949,1
5,419,1.0066604614257812,0,134.429931640625,0.07762586176395417,-0.6783827444314957,0
5,419,1.8060349914489109,1,134.429931640625,0.07762586176395417,2.120366315614763,1
5,420,1.4369544982910156,0,175.46461486816406,0.06206730902194977,-0.6378659931421281,0
5,420,-0.8519364938534011,1,175.46461486816406,0.06206730902194977,-4.0156479774309615,1
5,421,1.95281982421875,1,170.1621856689453,0.014416444301605226,1.7018192772865286,0
5,422,1.7071800231933594,1,173.8509979248047,0.07648319005966187,1.1342807602882377,0
5,423,1.58184814453125,1,176.70057678222656,0.013247841596603395,0.8291548397541046,0
5,424,0.5562705993652344,1,160.7932891845703,0.01324838399887085,-0.9038545203208923,0
5,425,-1.4284095764160156,1,126.10625457763672,0.09999997913837433,-4.1829442435503,0
5,426,-1.01629638671875,1,80.89827728271484,0.02828092873096466,-2.4516895562410355,0
5,427,-0.5935707092285156,1,43.33114242553711,0.04933368861675263,-0.8557376145124437,0
5,428,-0.2035980224609375,1,0.8888244032859802,0.0776146173477173,0.7719228823184966,0
5,429,0.26258087158203125,1,47.31368637084961,0.09999992847442628,0.7748880186080934,0
5,430,0.6178016662597656,1,84.7358627319336,0.08377375006675722,0.7375351278781892,0
5,431,1.1500511169433594,1,119.54878997802734,0.08059895932674409,1.1059024759531024,0
5,432,1.338226318359375,1,144.30618286132812,0.09001525640487672,0.9867283692359926,0
5,433,-0.4551239013671875,1,154.92630004882812,0.08956460654735565,-2.8123563879728315,0
5,434,-1.4012565612792969,1,155.33065795898438,0.036206132173538214,-4.710574527025223,0
5,435,-1.4954414367675781,1,142.44842529296875,0.06016806960105896,-5.242258102178574,0
5,436,-1.4633636474609375,0,125.83922576904297,0.09998835921287537,-5.447511344671249,0
5,436,-1.0594995081084093,1,125.83922576904297,0.09998835921287537,-3.4397830659661928,1
5,437,-1.0638542175292969,0,112.01094818115234,0.09998854696750642,-4.371926940560341,0
5,437,-0.77567073865049,1,112.01094818115234,0.09998854696750642,-2.595559982802727,1
5,438,-0.8591384887695312,0,55.252071380615234,0.09999987781047821,-2.827318400263786,0
5,438,0.38362694507721784,1,55.252071380615234,0.09999987781047821,0.8582124674297121,1
5,439,-0.16308975219726562,0,16.361236572265625,0.04187671765685082,-0.6550793045461177,0
5,439,1.153515236307335,1,16.361236572265625,0.04187671765685082,3.178130672463084,1
5,440,0.7330398559570312,0,112.0490951538086,0.057960478216409685,-0.7772206102907656,0
5,440,-1.0423289736690649,1,112.0490951538086,0.057960478216409685,-3.1279582695429577,1
5,441,1.2762832641601562,0,159.34371948242188,0.0001230508089065524,-0.6343127833604812,0
5,441,-0.9551951026505066,1,159.34371948242188,0.0001230508089065524,-3.897269516981807,1
5,442,1.9648056030273438,1,192.62693786621094,0.00012108385562896451,1.2770676053762426,0
5,443,1.9332504272460938,1,189.22804260253906,0.099839186668396,1.2779464349746696,0
5,444,1.2258758544921875,1,175.4379119873047,1.1473894119262695e-06,0.1429934233427048,0
5,445,-1.6881790161132812,1,164.98182678222656,1.1384487152085732e-06,-5.475994613409043,0
5,446,-1.5046195983886719,1,133.75473022460938,0.00012085735797882219,-4.484338635563851,0
5,447,-1.1120376586914062,1,92.78105926513672,0.09987913370132447,-3.4836916680336,0
5,448,-0.6803932189941406,0,47.63412094116211,0.09999962747097016,-2.317468841910362,0
5,448,2.636828409847503,1,47.63412094116211,0.09999962747097016,5.516974415772925,1
5,449,-0.2349853515625,0,4.57763671875,0.09715939164161683,-0.5654098131656646,0
5,449,0.26991901964644427,1,4.57763671875,0.09715939164161683,1.644398929252224,1
5,450,0.1815185546875,0,36.0260009765625,0.018995484709739687,-0.3582427295446396,0
5,450,-0.16953731692118623,1,36.0260009765625,0.018995484709739687,0.1396455272379879,1
5,451,0.6183052062988281,1,70.93429565429688,0.02183572053909302,1.0170510706901552,0
5,452,0.7690696716308594,1,95.71456146240234,0.06478214710950853,0.8212568281292917,0
5,453,1.0774307250976562,1,116.3978500366211,0.06478214710950853,1.0243131635785105,0
5,454,1.2287635803222656,1,126.56783294677734,0.0,1.1261705017089847,0
5,455,1.3383064270019531,1,140.1824951171875,0.0007034003734588609,1.072934815645218,0
5,456,-0.655120849609375,1,138.17214965820312,0.09929659962654114,-2.877656556367874,0
5,457,-1.3283233642578125,1,127.96019744873047,2.980232241545089e-09,-4.015850677609444,0
5,458,-1.3084793090820312,1,110.64147186279297,2.980232241545089e-09,-3.6297880555391306,0
5,459,-1.0035400390625,1,91.70149993896484,0.07635583579540253,-3.2441643103361133,0
5,460,-0.6475677490234375,0,52.92129135131836,0.011834086477756502,-2.3540346885323524,0
5,460,0.9408942317980191,1,52.92129135131836,0.011834086477756502,2.022889273110561,1
5,461,-0.08071136474609375,0,38.4368896484375,0.059880359470844274,-0.9325557368397712,0
5,461,-0.2515209020089699,1,38.4368896484375,0.059880359470844274,-0.07417481136552367,1
5,462,0.7598495483398438,1,101.43279266357422,0.09493541419506074,0.687245826840401,0
5,463,1.2147140502929688,1,163.51698303222656,0.000423195958137515,0.35907151210308075,0
5,464,2.0292434692382812,1,192.4552764892578,0.0,1.4093814086914054,0
5,465,0.6482620239257812,1,205.6045379638672,0.09859218895435334,-1.619510398983955,0
5,466,-2.074565887451172,1,207.0121612548828,0.09826765358448028,-7.093305706143378,0
5,467,-1.8097763061523438,1,194.67543029785156,8.964240550994595e-05,-6.91306480395794,0
5,468,-1.7883148193359375,0,162.85704040527344,0.09958582222461701,-6.837753879666328,0
5,468,-0.28376842390926527,1,162.85704040527344,0.09958582222461701,-2.628661088812984,1
5,469,-1.5088348388671875,0,114.28832244873047,0.001706755161285399,-5.303504396915436,0
5,469,0.9543874963029992,1,114.28832244873047,0.001706755161285399,0.822940273424938,1
5,470,-0.8432426452636719,0,78.22418212890625,0.0920487403869629,-3.2546508827209473,0
5,470,-0.15124362357916965,1,78.22418212890625,0.0920487403869629,-0.6706528393519429,1
5,471,-0.4653472900390625,0,14.549254417419434,0.08849055767059327,-1.2252192907333375,0
5,471,0.5271712524542664,1,14.549254417419434,0.08849055767059327,1.9598177942533206,1
5,472,0.2940788269042969,0,60.256954193115234,0.005257779359817506,-0.6171917412281036,0
5,472,-0.7038541157778511,1,60.256954193115234,0.005257779359817506,-1.4130576265923995,1
5,473,0.7868194580078125,0,106.93358612060547,0.09289162158966066,-0.5687484712600707,0
5,473,-0.8398074033656258,1,106.93358612060547,0.09289162158966066,-2.622002194006947,1
5,474,1.2770118713378906,0,142.96722412109375,0.08690261840820312,-0.3087968444824219,0
5,474,-1.6494065361444399,1,142.96722412109375,0.08690261840820312,-4.961633659447083,1
5,475,1.7265586853027344,0,166.44667053222656,0.09400383532047271,0.12042380654811843,0
5,475,-0.12652187804149406,1,166.44667053222656,0.09400383532047271,-2.385737320140339,1
5,476,1.5608253479003906,1,178.2913055419922,0.09999999701976776,0.7518245850801468,0
5,477,1.9962539672851562,1,182.81553649902344,0.1,1.5321972045898429,0
5,478,1.2288093566894531,1,180.3054656982422,0.09999999403953552,0.0475093996524811,0
5,479,-1.7613143920898438,1,171.8559112548828,0.09999974966049195,-5.7637469992637635,0
5,480,-1.4506416320800781,1,150.8026123046875,0.09999841749668123,-4.721335446953773,0
5,481,-1.4840240478515625,1,121.92534637451172,0.01402293741703034,-4.807115940690041,0
5,482,-1.0835342407226562,0,97.5837631225586,0.08545420765876771,-4.122161912202835,0
5,482,0.7900200734375389,1,97.5837631225586,0.08545420765876771,0.8249467161175553,1
5,483,-0.7850494384765625,0,79.56695556640625,0.09808223843574525,-3.16536127781868,0
5,483,0.15636879874318765,1,79.56695556640625,0.09808223843574525,-0.08252480337917954,1
5,484,-0.6349334716796875,0,47.332759857177734,0.0006584316492080702,-2.2165484777688977,0
5,484,0.8206003229154746,1,47.332759857177734,0.0006584316492080702,1.8945191114214264,1
5,485,-0.16788101196289062,0,14.209746360778809,0.09500288665294648,-0.6237570666074752,0
5,485,-0.5823186448732187,1,14.209746360778809,0.09500288665294648,-0.2526323324281315,1
5,486,0.6703681945800781,0,102.21862030029297,0.0029381930828094524,-0.7037535445690154,0
5,486,-0.6071484420024618,1,102.21862030029297,0.0029381930828094524,-2.058786817734095,1
5,487,1.30718994140625,0,179.9087371826172,0.0025267779827117948,-0.9838959319591524,0
5,487,-1.9377144391669319,1,179.9087371826172,0.0025267779827117948,-6.2737046931055165,1
5,488,2.0599822998046875,1,218.00611877441406,0.002520525455474855,0.9597414031028744,0
5,489,2.43499755859375,1,220.01646423339844,0.09967993795871735,1.665678635001182,0
5,490,0.20611190795898438,1,214.84754943847656,0.09968396425247192,-2.688714531421661,0
5,491,-1.888397216796875,1,205.18492126464844,0.09999352991580963,-6.684492600083351,0
5,492,-1.933258056640625,1,181.52235412597656,0.1,-6.900963195800781,0
5,493,-1.7342796325683594,0,134.59396362304688,2.9802322387695312e-08,-6.160438538789749,0
5,493,-0.9794523938941992,1,134.59396362304688,2.9802322387695312e-08,-3.450784061441429,1
5,494,-1.0495796203613281,0,80.13916015625,2.9802322387695312e-08,-3.7019424450397493,0
5,494,0.24164401243827882,1,80.13916015625,2.9802322387695312e-08,0.08050482055946492,1
5,495,-0.45699310302734375,0,26.935575485229492,0.0001999467611312894,-1.4527057136297226,0
5,495,0.6771939971311127,1,26.935575485229492,0.0001999467611312894,2.015668486687191,1
5,496,0.07839584350585938,0,38.2843017578125,0.0001999467611312894,-0.6089023460149765,0
5,496,-0.44461965050174257,1,38.2843017578125,0.0001999467611312894,-0.45493333403018044,1
5,497,0.7970428466796875,0,98.25133514404297,0.1,-0.37494100952148446,0
5,497,-0.509515030218374,1,98.25133514404297,0.1,-1.7880567633176074,1
5,498,1.0744285583496094,0,134.765625,0.09433456361293793,-0.5502287658452988,0
5,498,-3.0839277953341764,0,134.765625,0.09433456361293793,-8.86694147321287,1
5,499,5.322971343994141,1,3990.970458984375,0.0022886067628860446,-15.0,0
5,500,0.18112564086914062,1,0.0,0.09204595685005189,1.5585694434642792,0
5,501,0.0,1,0.0,0.0998857170343399,1.1960045713186263,0
5,502,-0.058315277099609375,1,174.1447296142578,0.01033401191234589,-2.3999385069608694,0
5,503,-1.8074836730957031,1,155.10940551757812,0.0104301929473877,-5.5175726642608645,0
5,504,-1.431610107421875,1,132.91549682617188,1.8101930618283357e-05,-4.321530875444412,0
5,505,-1.1019668579101562,1,114.48668670654297,0.09999951124191285,-3.897667430400848,0
5,506,-0.9704971313476562,0,79.42581176757812,0.003354227542877203,-3.52964466714859,0
5,506,5.36447733769716,1,79.42581176757812,0.003354227542877203,10.340304270941042,1
5,507,-0.6131706237792969,0,36.26251220703125,0.09014900326728821,-1.9551974518299102,0
5,507,-0.10554348921586154,1,36.26251220703125,0.09014900326728821,0.26005681729696034,1
5,508,-0.24544906616210938,0,23.647306442260742,0.09171336591243745,-0.9675127958059311,0
5,508,0.7072754798856664,1,23.647306442260742,0.09171336591243745,2.1379362962896207,1
5,509,-0.21111679077148438,0,15.712737083435059,0.09182951152324677,-0.7401615036725998,0
5,509,1.3375977708493139,1,15.712737083435059,0.09182951152324677,3.557267619568997,1
5,510,0.21588134765625,0,67.63839721679688,0.09359702169895173,-0.9247491298913956,0
5,510,-0.03195155461170884,1,67.63839721679688,0.09359702169895173,-0.2204149344273133,1
5,511,1.3237037658691406,0,158.22219848632812,0.09875016510486603,-0.5209864445924759,0
5,511,0.3683683375651725,1,158.22219848632812,0.09875016510486603,-1.231657301200412,1
5,512,1.6474876403808594,1,198.7533416748047,0.0987730085849762,0.515957526922226,0
5,513,2.1358985900878906,1,224.06004333496094,0.1,0.9865963134765621,0
5,514,1.1105880737304688,1,234.81748962402344,0.0005425959825515747,-1.2751953488588328,0
5,515,-2.5210037231445312,1,220.26060485839844,0.0005181968212127699,-8.84724027132988,0
5,516,-1.9908943176269531,0,178.7376251220703,0.09997409284114839,-7.560540101408958,0
5,516,-1.0943503878173644,1,178.7376251220703,0.09997409284114839,-4.567452241789781,1
5,517,-1.3951683044433594,0,135.98251342773438,0.00014764964580535334,-5.509992783427238,0
5,517,0.7860825024503484,1,135.98251342773438,0.00014764964580535334,0.052508830360177235,1
5,518,-1.0834312438964844,0,84.78926849365234,0.00014830827713012418,-3.8626537899971005,0
5,518,0.4642699485323192,1,84.78926849365234,0.00014830827713012418,0.4327485948605064,1
5,519,-0.5457267761230469,0,28.640745162963867,0.09630645215511323,-1.6681207135915757,0
5,519,0.798445313501027,1,28.640745162963867,0.09630645215511323,2.2202234656565722,1
5,520,0.08366012573242188,0,38.7115478515625,0.0963062882423401,-0.6107629570960998,0
5,520,-0.06331895812641619,1,38.7115478515625,0.0963062882423401,0.295278875186224,1
5,521,0.5904808044433594,0,85.52169036865234,0.011355024576187131,-0.5299263994693757,0
5,521,-0.5162376945147855,1,85.52169036865234,0.011355024576187131,-1.5433633973856655,1
5,522,1.0776252746582031,0,124.5918197631836,0.011325654387474057,-0.33703887212276445,0
5,522,-0.3925164454832242,1,124.5918197631836,0.011325654387474057,-2.077322312405619,1
5,523,1.5630340576171875,1,155.09796142578125,0.09996502697467805,1.220110285639763,0
5,524,1.4969940185546875,1,174.79322814941406,0.09984380006790161,0.6941297221183778,0
5,525,1.8082275390625,1,184.00953674316406,0.09977798759937287,1.1322732237577429,0
5,526,1.0304946899414062,1,177.6084747314453,5.218386650088225e-06,-0.29118032348155976,0
5,527,-1.5520706176757812,1,168.20143127441406,0.09554806351661682,-5.271991783380509,0
5,528,-1.5869483947753906,1,149.60098266601562,0.0043854653835296645,-5.566091861486435,0
5,529,-1.4965744018554688,0,124.54985809326172,1.2874603271470497e-06,-5.484146017074584,0
5,529,1.7011908435492629,1,124.54985809326172,1.2874603271470497e-06,2.1113844737348777,1
5,530,-1.1231613159179688,0,102.53524017333984,0.0789822280406952,-4.300186724424362,0
5,530,1.7198952632107165,1,102.53524017333984,0.0789822280406952,2.585926433833008,1
5,531,-0.8993682861328125,0,79.57077026367188,0.07856381535530091,-3.3932945301532746,0
5,531,-0.23436186288441263,1,79.57077026367188,0.07856381535530091,-0.8632816836564748,1
5,532,-0.6577415466308594,0,54.37850570678711,0.09957732260227203,-2.407036300301552,0
5,532,-0.1285651666089933,1,54.37850570678711,0.09957732260227203,-0.14868354025781966,1
5,533,-0.3112945556640625,0,9.8724365234375,0.0999957263469696,-0.8240376708507537,0
5,533,-0.13715635659897174,1,9.8724365234375,0.0999957263469696,0.7242387272794277,1
5,534,0.22370529174804688,0,56.037899017333984,5.960464476151284e-09,-0.6733473970890045,0
5,534,0.26574858068548934,1,56.037899017333984,5.960464476151284e-09,0.6107391807858806,1
5,535,1.0906257629394531,0,159.43527221679688,0.09995311796665192,-1.0114520431756973,0
5,535,-1.5032875014656923,1,159.43527221679688,0.09995311796665192,-4.999278571985988,1
5,536,2.2495574951171875,1,232.1891632080078,0.0944170355796814,1.0515550446510311,0
5,537,2.4477195739746094,1,249.43540954589844,0.04409536791499705,1.1049671423146497,0
5,538,2.0049896240234375,1,236.11830139160156,0.04440640879329295,0.4858369638631116,0
5,539,-2.4514312744140625,1,211.8339385986328,0.005214181542396543,-7.939749888062478,0
5,540,-1.9817237854003906,1,186.50816345214844,0.00630500018596649,-7.093863039851189,0
5,541,-1.7633018493652344,0,136.02447509765625,0.09367618560791016,-6.25084024810791,0
5,541,1.6404124139575273,1,136.02447509765625,0.09367618560791016,1.7565882785376135,1
5,542,-0.9828071594238281,0,88.29878997802734,7.951259613038497e-06,-3.7315904364585877,0
5,542,0.8921972528789652,1,88.29878997802734,7.951259613038497e-06,1.2184183881469992,1
5,543,-0.5978813171386719,0,37.174224853515625,0.1,-1.9432471313476563,0
5,543,1.1699987530749922,1,37.174224853515625,0.1,2.792513009079672,1
5,544,-0.021785736083984375,0,27.770994186401367,0.0003774493932724027,-0.5990064538717269,0
5,544,-0.4925105007868922,1,27.770994186401367,0.0003774493932724027,-0.3404559832775426,1
5,545,0.6205177307128906,0,88.34456634521484,0.0996225506067276,-0.5298407675027849,0
5,545,-0.8686002256459275,1,88.34456634521484,0.0996225506067276,-2.308076680220421,1
5,546,1.1303520202636719,0,130.19180297851562,0.09999975860118866,-0.34713200938701627,0
5,546,-0.4071492001103678,1,130.19180297851562,0.09999975860118866,-2.2221344501350955,1
5,547,1.4559783935546875,1,155.93719482421875,0.0011062324047088623,0.9931686413288118,0
5,548,1.6480941772460938,1,170.4482879638672,0.014192110300064086,1.0866549108028412,0
5,549,1.564544677734375,1,175.6553497314453,0.08470131456851959,0.812594308257103,0
5,550,1.0284843444824219,1,172.47007751464844,0.06999115347862245,-0.1952325074672699,0
5,551,-1.6589584350585938,1,159.15298461914062,0.06993058919906617,-5.303773786067962,0
5,552,-1.3345603942871094,1,138.61465454101562,0.09992668032646179,-4.245410946607589,0
5,553,-1.27911376953125,1,120.92589569091797,0.08110393285751342,-4.37998961019516,0
5,554,-1.1603050231933594,0,89.83992767333984,0.07950874269008637,-4.120588949561119,0
5,554,0.04803012448635968,1,89.83992767333984,0.07950874269008637,-0.5039186542016811,1
5,555,-0.7312774658203125,0,76.96533203125,0.09839215576648713,-3.0057972584962847,0
5,555,1.1287613051225875,1,76.96533203125,0.09839215576648713,1.9142802833895158,1
5,556,-0.6071090698242188,0,41.76711654663086,0.09998066425323487,-2.053559697151184,0
5,556,0.7252474070757984,1,41.76711654663086,0.09998066425323487,1.8111532566488504,1
5,557,-0.22624588012695312,0,5.241393566131592,0.09552598893642425,-0.561140671133995,0
5,557,-0.03222382342809027,1,5.241393566131592,0.09552598893642425,1.0269034422637306,1
5,558,0.18410110473632812,0,39.26849365234375,0.004363673925399783,-0.4173422105312347,0
5,558,0.5954797131263732,1,39.26849365234375,0.004363673925399783,1.6054150062488555,1
5,559,0.6081275939941406,0,91.69005584716797,0.09885761737823487,-0.6215002336502076,0
5,559,-0.9081701781944744,1,91.69005584716797,0.09885761737823487,-2.4540957780274377,1
5,560,1.2344703674316406,0,150.10833740234375,0.0005005806684494005,-0.5332460364103317,0
5,560,-0.13497538601137649,1,150.10833740234375,0.0005005806684494005,-2.072137543296366,1
5,561,1.999664306640625,1,207.09226989746094,0.0005315870046615628,1.0574619518518444,0
5,562,2.132720947265625,1,211.36473083496094,0.09998005628585815,1.2341480755805965,0
5,563,0.6667366027832031,1,212.3069610595703,0.09999926984310151,-1.7166659864187237,0
5,564,-2.0530738830566406,1,196.09449768066406,0.09998594820499421,-6.832037157654763,0
5,565,-1.9684257507324219,1,163.2003631591797,0.0999838024377823,-6.604858116745949,0
5,566,-1.2696151733398438,0,121.48665618896484,4.023313522338867e-07,-4.968963486552238,0
5,566,1.0096071708476444,1,121.48665618896484,4.023313522338867e-07,0.7894812018227382,1
5,567,-0.9201278686523438,0,66.38717651367188,1.7374753952040245e-06,-3.167999337077141,0
5,567,1.1878477383842423,1,66.38717651367188,1.7374753952040245e-06,2.2479518769960314,1
5,568,-0.32309722900390625,0,2.37274169921875,5.960464476151284e-09,-0.6936492922306061,0
5,568,-0.04835522972407347,1,2.37274169921875,5.960464476151284e-09,1.0558347063290594,1
5,569,0.3802986145019531,0,64.14413452148438,4.9734115600587325e-05,-0.5222874507904053,0
5,569,0.8099582433181496,1,64.14413452148438,4.9734115600587325e-05,1.537031806841988,1
5,570,0.7952041625976562,0,105.8692855834961,0.09796831607818604,-0.5308961191177367,0
5,570,-1.1569895302327282,1,105.8692855834961,0.09796831607818604,-3.2352835047785056,1
5,571,1.3421707153320312,1,131.39724731445312,0.0019199043512344374,1.2563196882009509,0
5,572,1.4330520629882812,1,153.14483642578125,6.201863288879395e-05,1.003204916715622,0
5,573,1.6238822937011719,1,168.5447540283203,0.09942480325698853,1.072892514705658,0
5,574,1.4571266174316406,1,168.5561981201172,0.09941215217113496,0.7391527863740921,0
5,575,-1.6610336303710938,1,163.60472106933594,0.09994533956050874,-5.398159495711327,0
5,576,-1.5689620971679688,1,150.18463134765625,4.19735908508273e-05,-4.941618500232696,0
5,577,-1.2948226928710938,1,139.32037353515625,0.09999704658985138,-4.780052738308907,0
5,578,-1.4452133178710938,0,124.54222869873047,2.8967857360825966e-06,-5.3812713255882265,0
5,578,0.8995160463446226,1,124.54222869873047,2.8967857360825966e-06,0.5081874028432066,1
5,579,-1.1200141906738281,0,100.36467742919922,1.30385160446167e-05,-4.247322451472282,0
5,579,-0.44125199337879906,1,100.36467742919922,1.30385160446167e-05,-1.6897980568822242,1
5,580,-0.7862319946289062,0,77.09121704101562,0.0057120382785797105,-3.1145168116092683,0
5,580,0.695526232350268,1,77.09121704101562,0.0057120382785797105,1.0489996423490804,1
5,581,-0.450408935546875,0,1.2550352811813354,0.00572512447834015,-0.9261475816965103,0
5,581,-0.36361565523546346,1,1.2550352811813354,0.00572512447834015,0.44743897892631274,1
5,582,0.5886878967285156,0,110.8894271850586,0.1,-1.0444127502441405,0
5,582,-1.1069685284540896,1,110.8894271850586,0.1,-3.2357256006093507,1
5,583,1.4434890747070312,0,196.7735137939453,0.09936295747756958,-1.0524666447639468,0
5,583,0.10681126631152438,1,196.7735137939453,0.09936295747756958,-2.5258222615549606,1
5,584,2.522747039794922,1,247.4593963623047,0.09936295747756958,1.2923316340446467,0
5,585,2.520751953125,1,251.12913513183594,0.09999999701976776,1.2149212037324901,0
5,586,0.3139076232910156,1,233.86000061035156,2.980232241545089e-09,-2.8493847657442086,0
5,587,-2.0003433227539062,1,212.6579132080078,0.0,-7.653844909667969,0
5,588,-2.152484893798828,0,180.8128204345703,0.02071352601051331,-7.922054737329483,0
5,588,1.1041836526847106,1,180.8128204345703,0.02071352601051331,-0.2087176443624055,1
5,589,-1.5905113220214844,0,139.91546630859375,0.020700064301490788,-5.980159972786903,0
5,589,0.7325229256269239,1,139.91546630859375,0.020700064301490788,-0.13409147749008668,1
5,590,-1.0276565551757812,0,92.35762786865234,0.09998653829097748,-3.9064651292562482,0
5,590,-0.01358464493579703,1,92.35762786865234,0.09998653829097748,-0.6783213087762802,1
5,591,-0.68402099609375,0,38.29193115234375,0.09999556243419648,-2.137880437731743,0
5,591,1.4648257606672246,1,38.29193115234375,0.09999556243419648,3.3598130757902065,1
5,592,-0.08426666259765625,0,16.399383544921875,0.004079321026802064,-0.4966841689348221,0
5,592,0.9476522408156143,1,16.399383544921875,0.004079321026802064,2.767153637891719,1
5,593,0.5358772277832031,0,84.97237396240234,0.058335490524768836,-0.6300264433026315,0
5,593,-0.79692925097131,1,84.97237396240234,0.058335490524768836,-2.0956394008116574,1
5,594,1.1205520629882812,0,129.87899780273438,0.062419246137142184,-0.3589725999236107,0
5,594,0.18810220073990536,1,129.87899780273438,0.062419246137142184,-1.0238723244203625,1
5,595,1.4558448791503906,0,156.0516357421875,0.003012910485267639,-0.20946347296237947,0
5,595,-0.519347275366016,1,156.0516357421875,0.003012910485267639,-2.9598477819951925,1
5,596,1.6496047973632812,1,170.59706115722656,0.09674087762832642,1.0833987364768982,0
5,597,1.7562942504882812,1,178.7528839111328,0.00022620260715484203,1.1375217746496191,0
5,598,1.7861442565917969,1,176.98667907714844,0.09995487332344055,1.2285567367076866,0
5,599,-1.1715621948242188,1,174.4346466064453,0.09997484982013703,-4.63581631577015,0
5,600,-1.6693382263183594,1,158.85543823242188,0.09997602701187135,-5.3197842583656305,0
5,601,-1.3252677917480469,1,137.27569580078125,0.09991685748100282,-4.800046173810959,0
5,602,-1.2420310974121094,0,114.17769622802734,0.09673535525798799,-4.771485533595085,0
5,602,0.18847429654199743,1,114.17769622802734,0.09673535525798799,-0.7104747456868714,1
5,603,-0.9919891357421875,0,85.57891082763672,0.09679453074932098,-3.699428269267082,0
5,603,-0.165395510902556,1,85.57891082763672,0.09679453074932098,-0.8462410195878194,1
5,604,-0.6015548706054688,0,23.235319137573242,1.4901161193847656e-08,-1.6678161245584489,0
5,604,0.898948314671344,1,23.235319137573242,1.4901161193847656e-08,2.533190245995177,1
5,605,0.21912384033203125,0,67.23785400390625,0.09953898787498475,-0.9104909589290618,0
5,605,-0.5947295899209024,1,67.23785400390625,0.09953898787498475,-1.3381978194349293,1
5,606,1.348602294921875,0,164.94749450683594,0.09953899681568146,-0.6057268601655962,0
5,606,-0.7682483990233919,1,164.94749450683594,0.09953899681568146,-3.6394282480561304,1
5,607,1.6350669860839844,1,186.6226043701172,7.271766662569901e-07,0.7376818556785584,0
5,608,1.8814659118652344,1,188.2896270751953,0.0008507460355758681,1.1971052523851387,0
5,609,2.0527381896972656,1,185.0051727294922,0.006900593638420105,1.6050969010591498,0
5,610,-1.2846488952636719,1,169.96763610839844,0.007729703187942506,-4.768959700822831,0
5,611,-1.5834121704101562,1,148.9105224609375,0.09995646476745607,-4.949033048629761,0
5,612,-1.448486328125,1,115.45943450927734,7.782280445099016e-05,-4.606164459347725,0
5,613,-0.8935165405273438,0,66.10107421875,9.899437427520613e-05,-3.1090585252046585,0
5,613,1.9880443425080543,1,66.10107421875,9.899437427520613e-05,3.854063240866137,1
5,614,-0.3428840637207031,0,8.06427001953125,0.00043117702007293424,-0.8470707749128341,0
5,614,0.4711828517785648,1,8.06427001953125,0.00043117702007293424,1.9810630560857019,1
5,615,0.24840164184570312,0,51.09786605834961,0.00042494535446166437,-0.5251710352897644,0
5,615,-0.7356421961974533,1,51.09786605834961,0.00042494535446166437,-1.2932587113760772,1
5,616,0.7777290344238281,1,97.1412582397461,0.017620211839675902,0.8119280955791475,0
5,617,1.0345954895019531,1,127.92967987060547,0.017626443505287172,0.7098923238515857,0
5,618,1.39508056640625,1,146.881103515625,1.1920928952302567e-08,1.052539062023163,0
5,619,1.6693878173828125,1,154.25491333007812,0.0971609115600586,1.4497909317016604,0
5,620,-0.41013336181640625,1,161.01072692871094,0.09716087877750397,-2.8443676973581318,0
5,621,-1.4278640747070312,1,154.89959716796875,8.864700794219971e-05,-4.753723638653755,0
5,622,-1.4792098999023438,1,141.97921752929688,0.0996356338262558,-5.201989575743675,0
5,623,-1.309661865234375,0,120.4414291381836,0.09526409804821015,-5.03196287715435,0
5,623,0.42224411727801936,1,120.4414291381836,0.09526409804821015,-0.36815091212956125,1
5,624,-0.9607086181640625,0,51.25808334350586,0.09553343355655672,-2.9504002405405045,0
5,624,2.0642667629573097,1,51.25808334350586,0.09553343355655672,4.29955052170224,1
5,625,-0.011875152587890625,0,42.533870697021484,0.09999178349971771,-0.8784273904561997,0
5,625,-0.8576169428997176,1,42.533870697021484,0.09999178349971771,-1.3699109710798536,1
5,626,1.1260108947753906,0,149.84512329101562,0.07098138630390168,-0.7477199317216873,0
5,626,1.13647008147138,1,149.84512329101562,0.07098138630390168,0.4731984416702915,1
5,627,1.8155250549316406,1,200.34788513183594,0.0709832638502121,0.8212530766725535,0
5,628,2.1284027099609375,1,219.39085388183594,0.09859992563724518,1.065044345259666,0
5,629,0.061397552490234375,1,211.12059020996094,0.0013454079627990695,-2.8996705155372613,0
5,630,-2.0221214294433594,1,194.24436950683594,7.364153861995348e-06,-6.7291305435895925,0
5,631,-1.8188934326171875,1,170.9709014892578,0.09993795156478882,-6.461202413082123,0
5,632,-1.3789939880371094,0,137.3291015625,1.5380978584285387e-05,-5.504570622563362,0
5,632,2.5316477016138705,1,137.3291015625,1.5380978584285387e-05,3.516712756738597,1
5,633,-1.1199493408203125,0,89.4813461303711,0.07230186015367508,-4.032417678654194,0
5,633,1.2607021910936709,1,89.4813461303711,0.07230186015367508,1.928885385173773,1
5,634,-0.64373779296875,0,32.440185546875,0.026882134377956394,-1.9373545822501184,0
5,634,0.2211511501072536,1,32.440185546875,0.026882134377956394,0.9924233039018892,1
5,635,-0.0631561279296875,0,12.916563987731934,0.0007151335477828952,-0.38467214095592495,0
5,635,-0.22727128862189971,1,12.916563987731934,0.0007151335477828952,0.4870975376596506,1
5,636,0.7069435119628906,0,0.0,0.09728755950927735,1.40999552154541,0
5,636,0.6681512508800296,1,0.0,0.09728755950927735,2.5324109993796884,1
5,637,0.702239990234375,0,111.85454559326172,0.0779726654291153,-0.8357298380136489,0
5,637,-1.1296429332736935,1,111.85454559326172,0.0779726654291153,-3.2994956850297856,1
5,638,1.1516494750976562,0,139.36614990234375,0.018237168341875075,-0.4847535345852375,0
5,638,-0.8028220545041478,1,139.36614990234375,0.018237168341875075,-3.1936965937888453,1
5,639,1.5013656616210938,1,157.60040283203125,0.007282903417944909,1.050431950464845,0
5,640,1.6475982666015625,1,170.84120178222656,0.016841535642743113,1.077698836132884,0
5,641,1.9012832641601562,1,172.2183074951172,0.014431907236576082,1.5576231021285047,0
5,642,-0.5470619201660156,1,166.5916290283203,0.019081476330757144,-3.2267196799516684,0
5,643,-1.6079597473144531,1,155.76171875,0.0015721425414085381,-5.131216755330563,0
5,644,-1.6329116821289062,1,142.48275756835938,0.0008901625871658297,-5.515514122128487,0
5,645,-1.2228279113769531,0,130.4473876953125,0.0007085129618644714,-5.0546319171786305,0
5,645,1.2136894265123743,1,130.4473876953125,0.0007085129618644714,1.0184027586000242,1
5,646,-1.1823997497558594,0,106.09435272216797,0.001350237429141997,-4.486740563452243,0
5,646,1.805067842468624,1,106.09435272216797,0.001350237429141997,2.6881946209967222,1
5,647,-1.0005950927734375,0,79.21981811523438,0.0016293197870254524,-3.5856517206430434,0
5,647,1.342577612530647,1,79.21981811523438,0.0016293197870254524,2.300693689965126,1
5,648,-0.5753326416015625,0,37.570953369140625,0.0144813671708107,-1.90266360527277,0
5,648,1.457785480724958,1,37.570953369140625,0.0144813671708107,3.363572639380271,1
5,649,-0.03551483154296875,0,26.470182418823242,0.035665506869554525,-0.6018599317371844,0
5,649,0.022482404539424294,1,26.470182418823242,0.035665506869554525,0.7141345404276016,1
5,650,0.7078628540039062,0,109.6534652709961,0.05680260434746742,-0.7796157015860079,0
5,650,-1.5664641350023203,1,109.6534652709961,0.05680260434746742,-4.128269679598461,1
5,651,1.6556968688964844,0,180.0308074951172,0.058813147246837616,-0.29157493799924866,0
5,651,1.234494375790895,1,180.0308074951172,0.058813147246837616,0.06602007578957286,1
5,652,1.7374725341796875,1,198.1582489013672,0.02377060800790787,0.710829266011714,0
5,653,2.1798744201660156,1,195.59095764160156,0.082163205742836,1.6446431592702857,0
5,654,1.9287948608398438,1,190.52503967285156,0.07152439355850221,1.2442279524803153,0
5,655,-1.6666374206542969,1,176.10548400878906,0.05365246832370758,-5.657530620217324,0
5,656,-1.4739265441894531,1,152.65655517578125,0.04814199805259704,-4.8029098718166345,0
5,657,-1.4856719970703125,1,120.32317352294922,0.02699031829833985,-4.778887077331543,0
5,658,-0.8705368041992188,0,55.419918060302734,0.018156617879867557,-2.850198234319687,0
5,658,0.4732329469485137,1,55.419918060302734,0.018156617879867557,1.0373412679757783,1
5,659,-0.19135284423828125,0,5.329131603240967,0.04687348902225495,-0.491163260102272,0
5,659,-0.25321456878884874,1,5.329131603240967,0.04687348902225495,0.5851132907965929,1
5,660,0.387298583984375,0,65.60134887695312,0.0028402134776115452,-0.537543418109417,0
5,660,-0.9534125942074994,1,65.60134887695312,0.0028402134776115452,-2.0189657744931653,1
5,661,1.0545425415039062,1,119.09102630615234,0.005773259699344634,0.9270336264967921,0
5,662,1.3788223266601562,1,150.60806274414062,0.002240805327892304,0.9453937662243845,0
5,663,1.45135498046875,1,168.65919494628906,0.004620361328125001,0.7293412475585938,0
5,664,1.2930679321289062,1,169.0788116455078,0.0029695123434066786,0.40444085085392,0
5,665,-1.8272018432617188,1,164.02052307128906,0.0022043809294700623,-5.734902323186398,0
5,666,-1.7551689147949219,1,154.78897094726562,0.0013588473200798028,-6.00617160242796,0
5,667,-1.2950668334960938,0,134.08660888671875,0.006906575709581374,-5.272142107754946,0
5,667,-0.1347446058619184,1,134.08660888671875,0.006906575709581374,-1.751497652486595,1
5,668,-1.195068359375,0,107.39897918701172,0.0030246853828430178,-4.538237289905548,0
5,668,0.03935214259951181,1,107.39897918701172,0.0030246853828430178,-0.8693962859565244,1
5,669,-0.8389511108398438,0,62.51144027709961,0.002830650657415389,-2.928244253247976,0
5,669,0.5305188301458159,1,62.51144027709961,0.002830650657415389,1.0106956287233433,1
5,670,-0.2858543395996094,0,5.123137950897217,0.015611300617456437,-0.6747958902418614,0
5,670,0.024817667059423343,1,5.123137950897217,0.015611300617456437,1.146548123076204,1
5,671,0.3369140625,0,67.66510009765625,0.04311499372124672,-0.6811984767019749,0
5,671,-0.4217634256600391,1,67.66510009765625,0.04311499372124672,-0.9985534530220531,1
5,672,1.0313720703125,0,130.39398193359375,0.013350448012351992,-0.5456695159673691,0
5,672,0.017487941195689416,1,130.39398193359375,0.013350448012351992,-1.3734377742009902,1
5,673,1.5597267150878906,1,174.6940460205078,0.020864325761795043,0.8247379367351532,0
5,674,1.8385238647460938,1,185.79100036621094,0.017138764262199402,1.16054217159748,0
5,675,1.9849472045898438,1,173.43519592285156,0.011770592629909515,1.700719667017459,0
5,676,-0.3686408996582031,1,162.84559631347656,0.021600378304719926,-2.7950577407181267,0
5,677,-1.3783836364746094,1,143.92471313476562,0.006725554005242884,-4.435530557804741,0
5,678,-1.2452964782714844,1,105.43059539794922,0.025506048486568036,-3.4002251064414155,0
5,679,-0.8003120422363281,1,58.23134994506836,0.037732046097517014,-1.5667603652179238,0
5,680,-0.2802581787109375,1,3.540038824081421,0.0012830816209316257,0.5686315428316593,0
5,681,0.2781715393066406,1,52.001949310302734,0.01425309767946601,0.7157339685000482,0
5,682,0.7805366516113281,1,99.02571868896484,0.013290153350681068,0.7800273233093322,0
5,683,1.3116264343261719,1,133.07571411132812,0.009308682382106782,1.161366239130497,0
5,684,1.2620582580566406,1,143.86749267578125,0.023695783317089082,0.8458188312649728,0
5,685,0.6926002502441406,1,155.13992309570312,0.027405881369486455,-0.5186941966805605,0
5,686,-1.5595970153808594,1,154.14047241210938,0.04470453909598291,-5.003791660567745,0
5,687,-1.6557998657226562,1,147.63259887695312,0.008083215355873107,-5.06457503759861,0
5,688,-1.2440071105957031,1,128.6163330078125,0.044430340826511386,-4.462118094980717,0
5,689,-1.1459541320800781,0,103.0616683959961,0.026853041350841524,-4.3542157537341115,0
5,689,1.4708879373844113,1,103.0616683959961,0.026853041350841524,2.0794683851948674,1
5,690,-0.9590950012207031,0,73.89450073242188,0.06913081407546998,-3.3988452496528625,0
5,690,2.1870772873404434,1,73.89450073242188,0.06913081407546998,4.09349932746943,1
5,691,-0.3942108154296875,0,14.320372581481934,0.0011824995279312092,-1.0748763824701308,0
5,691,2.040943836627875,1,14.320372581481934,0.0011824995279312092,4.995432921644992,1
5,692,0.3044090270996094,0,70.23239135742188,0.01595793962478638,-0.7964680905342102,0
5,692,-1.035873508721231,1,70.23239135742188,0.01595793962478638,-2.277033162175891,1
5,693,1.1439781188964844,0,149.79171752929688,0.04985226392745972,-0.7098722033500672,0
5,693,0.1753924836888956,1,149.79171752929688,0.04985226392745972,-1.4470434737652447,1
5,694,1.7663993835449219,1,191.9822540283203,0.008550298213958737,0.8928116745948783,0
5,695,2.217731475830078,1,206.02796936035156,0.06521859019994736,1.5122948208451268,0
5,696,1.8212318420410156,1,196.99476623535156,0.03597576916217804,0.901129328608512,0
5,697,-1.6886405944824219,1,185.27220153808594,0.0288913831114769,-5.883880875051022,0
5,698,-1.92449951171875,1,164.8063507080078,0.03872561007738114,-6.546675062000752,0
5,699,-1.4851570129394531,0,133.86154174804688,0.01861116234213114,-5.648289307333529,0
5,699,1.8020937739408183,1,133.86154174804688,0.01861116234213114,2.126212266427013,1
5,700,-1.0319404602050781,0,98.53743743896484,0.021343035064637663,-4.035483390592039,0
5,700,0.5401617185731808,1,98.53743743896484,0.021343035064637663,0.3087209669644794,1
5,701,-0.7713470458984375,0,59.890743255615234,0.00385490506887436,-2.7406631531119348,0
5,701,0.7694639181996052,1,59.890743255615234,0.00385490506887436,1.5409587750841511,1
5,702,-0.360748291015625,0,8.23211669921875,0.0626041829586029,-0.8886430833339691,0
5,702,-0.04316684703906759,1,8.23211669921875,0.0626041829586029,0.9465198046191456,1
5,703,0.15909576416015625,0,38.604736328125,0.05869572386145592,-0.45625102719664573,0
5,703,0.6817495623855834,1,38.604736328125,0.05869572386145592,1.7890565692542086,1
5,704,0.6595802307128906,0,88.68407440185547,0.038969204574823384,-0.45607979479432115,0
5,704,0.7092906173667117,1,88.68407440185547,0.038969204574823384,0.8433409785133212,1
5,705,1.1109886169433594,0,127.8877182006836,0.09768298566341402,-0.33968444955348953,0
5,705,0.3275388327141897,1,127.8877182006836,0.09768298566341402,-0.7065840180118287,1
5,706,1.43609619140625,1,155.38787841796875,0.09747646152973176,0.9605357559919359,0
5,707,1.8100166320800781,1,169.8379364013672,0.00023601949214935303,1.4232650953531256,0
5,708,1.5407257080078125,1,171.1234893798828,0.09381003379821778,0.8552292270660401,0
5,709,-0.42151641845703125,1,175.1174774169922,0.005556166172027588,-3.1456046319007878,0
5,710,-1.707427978515625,1,163.8145294189453,0.0005192607641220093,-5.4911673158407215,0
5,711,-1.6747817993164062,1,142.26531982421875,0.08896276354789734,-5.598428505659104,0
5,712,-1.1871490478515625,0,123.62288665771484,0.010942965745925903,-4.847193547487259,0
5,712,-0.8840940117265177,1,123.62288665771484,0.010942965745925903,-3.041083475237169,1
5,713,-1.1825027465820312,0,92.57125091552734,0.046440337970852855,-4.218288124993443,0
5,713,1.687843994487892,1,92.57125091552734,0.046440337970852855,2.7224053571464033,1
5,714,-0.6596908569335938,0,56.648250579833984,0.04188891462981701,-2.45402228204906,0
5,714,0.31051242968096204,1,56.648250579833984,0.04188891462981701,0.686384291180052,1
5,715,-0.275390625,0,4.364013671875,0.0027303576469421414,-0.6381707377433777,0
5,715,-0.06595953785431874,1,4.364013671875,0.0027303576469421414,0.9806914365479847,1
5,716,0.5507583618164062,0,100.51726531982422,0.07198991477489472,-0.9117081793546675,0
5,716,-1.190716880734314,1,100.51726531982422,0.07198991477489472,-3.194658664456108,1
5,717,1.4543418884277344,0,177.41773986816406,0.010107457637786869,-0.6400753188133241,0
5,717,0.01315951480739841,1,177.41773986816406,0.010107457637786869,-2.3224400660539963,1
5,718,1.8187370300292969,1,218.1815948486328,0.06599280834197999,0.47120245075225786,0
5,719,2.442363739013672,1,216.84645080566406,0.07970040440559387,1.7446104457378384,0
5,720,0.8853607177734375,1,204.5402374267578,0.037070222571492194,-1.1215661218911406,0
5,721,-1.9625930786132812,1,188.87709045410156,0.005050560645759106,-6.502929988734425,0
5,722,-1.7647285461425781,1,165.2946319580078,0.04395920168608427,-6.237108099512756,0
5,723,-1.50006103515625,0,137.13455200195312,0.010501715540885921,-5.743233178973198,0
5,723,0.45660680036090184,1,137.13455200195312,0.010501715540885921,-0.6298975079388941,1
5,724,-1.0854072570800781,0,81.83287811279297,0.08075248897075654,-3.810702175974846,0
5,724,1.9211058313884806,1,81.83287811279297,0.08075248897075654,3.402324000962271,1
5,725,-0.4618110656738281,0,26.958463668823242,0.03622959032654762,-1.464240588337183,0
5,725,1.107526606162125,1,26.958463668823242,0.03622959032654762,2.874434755334723,1
5,726,0.11214065551757812,0,41.671749114990234,0.04849060103297234,-0.6110932953059673,0
5,726,-0.03327773204061657,1,41.671749114990234,0.04849060103297234,0.2980699295776432,1
5,727,0.7538261413574219,0,101.6731185913086,0.005083248019218445,-0.5260134190320968,0
5,727,2.2780302431013766,1,101.6731185913086,0.005083248019218445,3.722394784455812,1
5,728,1.2417755126953125,0,138.91220092773438,0.015975868701934817,-0.2953320279121399,0
5,728,1.1535041792204552,1,138.91220092773438,0.015975868701934817,0.7281253051381458,1
5,729,1.5065116882324219,1,157.8826904296875,0.019519317895174026,1.054588795155287,0
5,730,1.4927253723144531,1,172.27552795410156,0.04067065492272377,0.7383133593499661,0
5,731,1.9137039184570312,1,172.2488250732422,0.0010103583335876465,1.5823909211158744,0
5,732,-0.8178367614746094,1,171.0433807373047,0.061557124555110934,-3.859003422677517,0
5,733,-1.6786994934082031,1,164.5736541748047,0.03198931962251663,-5.450151643097401,0
5,734,-1.5296554565429688,1,140.14053344726562,0.004614213109016413,-5.262306150555611,0
5,735,-1.3850364685058594,0,115.9706039428711,0.08136204481124878,-5.09273949766159,0
5,735,-0.8677702697969636,1,115.9706039428711,0.08136204481124878,-2.8582071002437988,1
5,736,-0.9500770568847656,0,97.0954818725586,0.027707988023757936,-3.8431720707416535,0
5,736,-0.10935995660361186,1,97.0954818725586,0.027707988023757936,-0.9617378701793461,1
5,737,-0.77655029296875,0,57.617183685302734,0.003261924535036086,-2.705574736624956,0
5,737,-0.13582688690783584,1,57.617183685302734,0.003261924535036086,-0.2241279245031278,1
5,738,-0.293304443359375,0,0.7705687880516052,0.004273822158575058,-0.6021912153661252,0
5,738,-0.14596850118083893,1,0.7705687880516052,0.004273822158575058,0.8924806689909469,1
5,739,0.4077606201171875,0,75.27542114257812,0.024699936807155612,-0.6909751800894737,0
5,739,-0.9551618246213422,1,75.27542114257812,0.024699936807155612,-2.216820069566533,1
5,740,1.0881805419921875,0,132.53021240234375,0.00622140169143677,-0.47449202013015745,0
5,740,0.1491235243064324,1,132.53021240234375,0.00622140169143677,-1.1526060555016677,1
5,741,1.5010032653808594,1,160.41946411132812,0.003116095066070558,0.9934926047325136,0
5,742,1.7402381896972656,1,184.8716583251953,0.046664430201053625,0.981176635682582,0
5,743,1.9259033203125,1,196.6628875732422,0.026150332391262056,1.117502875864505,0
5,744,0.3427581787109375,1,184.54359436035156,0.025767129659652714,-1.8063862149715424,0
5,745,-1.7727203369140625,1,171.7033233642578,0.008955737948417669,-5.779865370631218,0
5,746,-1.5945396423339844,1,147.78900146484375,0.00018853843212127824,-5.5448668555021285,0
5,747,-1.2710800170898438,0,108.6006088256836,0.030148865841329097,-4.715378165327013,0
5,747,-0.3552520758925368,1,108.6006088256836,0.030148865841329097,-1.6837222829323986,1
5,748,-0.8416099548339844,0,64.1326904296875,0.032871811650693424,-2.9671885907277464,0
5,748,0.01643804305102492,1,64.1326904296875,0.032871811650693424,-0.051092594957727944,1
5,749,-0.34790802001953125,0,17.39501953125,0.0051288396120071425,-1.0439215842485428,0
5,749,0.631084354430115,1,17.39501953125,0.0051288396120071425,2.1140631646507497,1
5,750,0.16286087036132812,0,41.938777923583984,0.07970385849475861,-0.5162419720888138,0
5,750,0.057056634685395125,1,41.938777923583984,0.07970385849475861,0.4721495565593201,1
5,751,0.6970100402832031,0,90.95381927490234,0.035473388433456425,-0.42647524046897894,0
5,751,-0.058171925012992176,1,90.95381927490234,0.035473388433456425,-0.7368391710613696,1
5,752,1.0818061828613281,1,119.04143524169922,0.03608004003763199,0.981340459287167,0
5,753,1.3246078491210938,1,142.96722412109375,0.011132261157035828,0.9894259253740313,0
5,754,1.5443191528320312,1,162.8036346435547,0.02709876000881195,1.0314816623926162,0
5,755,1.6922340393066406,1,172.8591766357422,0.049825988709926605,1.1252915063500404,0
5,756,-1.3260993957519531,1,170.41395568847656,0.022939676791429522,-4.861395492345095,0
5,757,-1.6395454406738281,1,157.4554443359375,0.02339609190821648,-5.229135611742735,0
5,758,-1.5072288513183594,1,146.575927734375,0.05211591124534607,-5.348060893774033,0
5,759,-1.5168685913085938,0,129.42886352539062,0.06388222724199295,-5.624869742214679,0
5,759,1.0619354274951434,1,129.42886352539062,0.06388222724199295,0.7327382953927947,1
5,760,-1.0555953979492188,0,106.52922821044922,0.009343816339969634,-4.2421491127610205,0
5,760,1.1075434256851509,1,106.52922821044922,0.009343816339969634,1.284128534507719,1
5,761,-0.7677803039550781,0,44.403072357177734,0.04671295583248139,-2.4254905732870102,0
5,761,1.4093257594460056,1,44.403072357177734,0.04671295583248139,3.1287215535151573,1
5,762,0.103485107421875,0,58.66622543334961,0.03811533749103546,-0.9678789073228835,0
5,762,0.38830206891289976,1,58.66622543334961,0.03811533749103546,0.8017550156591662,1
5,763,0.9476585388183594,0,141.24679565429688,0.00944979637861252,-0.9299968273043633,0
5,763,-0.3112945646976186,1,141.24679565429688,0.00944979637861252,-2.247903034336319,1
5,764,1.7185020446777344,0,189.0220489501953,0.04798608273267746,-0.34535633295774476,0
5,764,1.231493139789528,1,189.0220489501953,0.04798608273267746,-0.11937414273415753,1
5,765,2.2251205444335938,1,210.42250061035156,0.007398961484432219,1.4414951182007785,0
5,766,1.89691162109375,1,208.6562957763672,0.01942638903856278,0.8199202710986133,0
5,767,0.03784942626953125,1,197.9446258544922,0.04739097617566586,-2.6850893035978083,0
5,768,-2.0758209228515625,1,180.3817596435547,0.0330729965120554,-6.560599958434701,0
5,769,-1.630340576171875,1,146.55303955078125,0.005622890591621403,-5.5919668589830405,0
5,770,-1.1102714538574219,0,103.44695281982422,0.07557851076126099,-4.292505104541778,0
5,770,1.7383259159950626,1,103.44695281982422,0.07557851076126099,2.6046896351631896,1
5,771,-0.7828407287597656,0,43.27773666381836,0.07866932451725006,-2.4343829637765886,0
5,771,0.48521277934850815,1,43.27773666381836,0.07866932451725006,1.3017240524399594,1
5,772,0.53778076171875,0,0.0,0.08153586387634278,1.0723000888824463,0
5,772,3.092467087620868,1,0.0,0.08153586387634278,7.381672740686682,1
5,773,0.0,0,0.0,0.004695138335227972,-0.00018780553340911889,0
5,773,0.1544970512159125,1,0.0,0.004695138335227972,1.508806296898416,1
5,774,0.4876976013183594,0,106.73522186279297,0.010416743159294133,-1.1597259043455121,0
5,774,0.2679161099065581,1,106.73522186279297,0.010416743159294133,-0.3992888871691146,1
5,775,1.4002723693847656,1,140.79666137695312,0.027578407898545265,1.1835083749145272,0
5,776,1.3419151306152344,1,154.1900634765625,0.014152792468667031,0.7994628800004723,0
5,777,1.6100120544433594,1,167.6101531982422,0.019680878892540932,1.0670338097661733,0
5,778,0.5589523315429688,1,170.73057556152344,0.04832466579973698,-1.0986398347765207,0
5,779,-1.6483802795410156,1,158.14208984375,0.007023102045059203,-5.259883280038833,0
5,780,-1.5236625671386719,1,148.26202392578125,0.005766335129737857,-5.412796266198159,0
5,781,-1.3788642883300781,0,127.7656478881836,0.0013845682144165011,-5.3130969171524045,0
5,781,2.5576950468319595,1,127.7656478881836,0.0013845682144165011,3.76002175317167,1
5,782,-1.1209793090820312,0,98.52599334716797,0.053463540971279144,-4.214617026746273,0
5,782,2.339112256557641,1,98.52599334716797,0.053463540971279144,3.905566104533071,1
5,783,-0.7527313232421875,0,71.94900512695312,0.019564257748425008,-2.9452253193333746,0
5,783,0.17847594203618655,1,71.94900512695312,0.019564257748425008,0.11718921122337356,1
5,784,-0.5547866821289062,0,30.693052291870117,0.04697353821247817,-1.725313351623714,0
5,784,1.3488905174311583,1,30.693052291870117,0.04697353821247817,3.2820410474964152,1
5,785,0.042224884033203125,0,35.747528076171875,0.0588376097381115,-0.6328542978465557,0
5,785,-0.6256229758741298,1,35.747528076171875,0.0588376097381115,-0.7685500176612217,1
5,786,0.8222274780273438,0,121.15096282958984,0.05194580778479577,-0.780642132848501,0
5,786,0.20896153731042233,1,121.15096282958984,0.05194580778479577,-0.8071740142823437,1
5,787,1.4154205322265625,0,183.50218200683594,0.07162730693817139,-0.8420676679611208,0
5,787,-1.9584664874045075,1,183.50218200683594,0.07162730693817139,-6.389841707223261,1
5,788,2.007732391357422,1,206.9320526123047,0.06517399847507477,1.0742167705297465,0
5,789,2.0682640075683594,1,204.7691192626953,0.007693189382553103,1.24083790230751,0
5,790,0.3928794860839844,1,189.8422088623047,0.0584408849477768,-1.813422840476036,0
5,791,-1.6386528015136719,1,175.96815490722656,0.054187312722206116,-5.598836193680763,0
5,792,-1.590667724609375,1,141.2200927734375,0.021058635413646696,-5.406579650104046,0
5,793,-1.2893257141113281,0,97.70201873779297,0.017618339648470285,-4.533396536564454,0
5,793,0.7286993384990481,1,97.70201873779297,0.017618339648470285,0.7026535686562981,1
5,794,-0.6802940368652344,0,41.89681625366211,0.021803425857797265,-2.199396535838023,0
5,794,1.4958839765537206,1,41.89681625366211,0.021803425857797265,3.352959490999887,1
5,795,-0.10464859008789062,0,12.718199729919434,0.06698793172836304,-0.4663406920433044,0
5,795,0.003361184193309441,1,12.718199729919434,0.06698793172836304,0.9496788565190957,1
5,796,0.4754676818847656,0,66.18881225585938,0.042671550810337064,-0.37454774338006974,0
5,796,-0.5798477684964425,1,66.18881225585938,0.042671550810337064,-1.285178644142486,1
5,797,0.899749755859375,1,108.34883880615234,0.012674985826015474,0.8320157361626628,0
5,798,1.1311416625976562,1,138.4429931640625,0.028495270013809207,0.6922836511135103,0
5,799,1.5008506774902344,1,157.74154663085938,0.02995681166648865,1.045672149896622,0
5,800,1.6340866088867188,1,167.3850860595703,0.03366421461105347,1.1191249279975892,0
5,801,-0.7457656860351562,1,167.0951690673828,0.04917212780565024,-3.6354016385301953,0
5,802,-1.4762649536132812,1,161.0336151123047,0.01240325067192316,-4.973698339499534,0
5,803,-1.5222969055175781,1,143.19992065429688,0.004404328763484955,-5.308768397271633,0
5,804,-1.4527626037597656,0,123.69536590576172,0.008332206308841707,-5.379765813887119,0
5,804,1.1101353589798393,1,123.69536590576172,0.008332206308841707,0.9460301115920908,1
5,805,-1.0133247375488281,0,102.8633041381836,0.06779529303312302,-4.0866273695826525,0
5,805,-0.6618820192537811,1,102.8633041381836,0.06779529303312302,-2.1837419329925587,1
5,806,-0.8233985900878906,0,61.790462493896484,0.0038691431283950847,-2.882761195778847,0
5,806,1.1872611346993978,1,61.790462493896484,0.0038691431283950847,2.33855825379573,1
5,807,-0.2455902099609375,0,12.653349876403809,0.0012463212013244587,-0.7442972702980042,0
5,807,0.25106836810027744,1,12.653349876403809,0.0012463212013244587,1.4490198858244259,1
5,808,0.6817817687988281,0,102.7717514038086,0.020246979594230656,-0.6926813696622847,0
5,808,-0.8133887090759231,1,102.7717514038086,0.020246979594230656,-2.483022325411787,1
5,809,1.2771453857421875,0,172.47389221191406,0.06869682669639587,-0.8979349458217623,0
5,809,0.33536255540731474,1,172.47389221191406,0.06869682669639587,-1.5815006064915076,1
5,810,1.9205970764160156,1,198.1162872314453,0.09485841989517213,1.0750740714073173,0
5,811,2.1889877319335938,1,198.0666961669922,0.09248816668987275,1.612942013859748,0
5,812,1.7620735168457031,1,193.83238220214844,0.024092614650726322,0.8465356850624076,0
5,813,-1.8945426940917969,1,185.92832946777344,0.012779395282268527,-6.308163153350353,0
5,814,-1.7450981140136719,1,162.1208038330078,0.039580909907817846,-6.1341955410838125,0
5,815,-1.4110603332519531,0,121.3722152709961,0.01777061074972153,-5.250275796353817,0
5,815,1.1357959560878044,1,121.3722152709961,0.01777061074972153,1.0434367823256983,1
5,816,-0.9661865234375,0,76.11846923828125,0.015916512906551366,-3.455379092156887,0
5,816,0.9287796918606261,1,76.11846923828125,0.015916512906551366,1.5345533384393655,1
5,817,-0.5317611694335938,0,35.144805908203125,0.028432960808277133,-1.7675557754635811,0
5,817,2.5137603355827807,1,35.144805908203125,0.028432960808277133,5.523487234569167,1
5,818,-0.08295822143554688,0,17.314910888671875,0.04359242469072342,-0.5139583576321601,0
5,818,0.36809643039129725,1,17.314910888671875,0.04359242469072342,1.5881509460215282,1
5,819,0.4008598327636719,0,66.86019897460938,0.09111227691173554,-0.5391288050413132,0
5,819,-0.750969417229193,1,66.86019897460938,0.09111227691173554,-1.642787305027043,1
5,820,0.9384994506835938,0,115.21147918701172,0.0012355715036392184,-0.4272801052331923,0
5,820,0.5809397982130449,1,115.21147918701172,0.0012355715036392184,0.05760058982571011,1
5,821,1.3175163269042969,1,141.632080078125,0.037688010931015016,1.0008835318088534,0
5,822,1.6570701599121094,1,157.12356567382812,0.0402834564447403,1.3700576680898668,0
5,823,1.47979736328125,1,170.59706115722656,0.03149102926254273,0.7463938622474671,0
5,824,-0.06499481201171875,1,175.4569854736328,0.027246478199958808,-2.4402191926240926,0
5,825,-1.8924560546875,1,167.4728240966797,0.02598534226417542,-5.935408004999161,0
5,826,-1.4512863159179688,1,155.91049194335938,0.014910846948623657,-5.42137890458107,0
5,827,-1.4403228759765625,0,132.4310302734375,0.0606642484664917,-5.531692927360535,0
5,827,2.140568220973158,1,132.4310302734375,0.0606642484664917,2.8300892665389057,1
5,828,-1.1697807312011719,0,104.06493377685547,0.007216256856918332,-4.4211487882137295,0
5,828,-0.5509211183202609,1,104.06493377685547,0.007216256856918332,-1.9834295624519078,1
5,829,-0.94140625,0,69.75173950195312,0.005303746461868292,-3.2780594398975373,0
5,829,0.8930010260871555,1,69.75173950195312,0.005303746461868292,1.5907551122767738,1
5,830,-0.2209320068359375,0,24.738309860229492,0.07884558141231537,-0.9397840341329574,0
5,830,-0.07172139195520089,1,24.738309860229492,0.07884558141231537,0.5586371956285158,1
5,831,0.8035163879394531,0,123.5084457397461,0.08098908960819245,-0.8663757025003431,0
5,831,-0.07973212778858851,1,123.5084457397461,0.08098908960819245,-1.4328727339564264,1
5,832,1.7207984924316406,0,209.03013610839844,0.09011925458908082,-0.7426105074882504,0
5,832,0.007248158075164213,1,209.03013610839844,0.09011925458908082,-2.969711176201203,1
5,833,2.2558326721191406,1,229.76683044433594,0.09688993692398071,1.1124531378746028,0
5,834,2.2709617614746094,1,222.4845733642578,0.09952038228511811,1.2882512403726574,0
5,835,-0.24843215942382812,1,215.4502716064453,0.03528785258531571,-3.607281265079975,0
5,836,-2.1222381591796875,1,209.3734588623047,0.008950655162334443,-7.832303521811962,0
5,837,-1.9540519714355469,0,180.81663513183594,0.010878722369670867,-7.524871794402599,0
5,837,1.5245089652895771,1,180.81663513183594,0.010878722369670867,0.6322500790476487,1
5,838,-1.564697265625,0,135.02120971679688,0.036986978352069856,-5.83129820472002,0
5,838,0.8912631106048892,1,135.02120971679688,0.036986978352069856,0.2806225477397582,1
5,839,-1.0350227355957031,0,76.78604125976562,0.04780833907425404,-3.607678629949689,0
5,839,1.376978297680047,1,76.78604125976562,0.04780833907425404,2.416323436601812,1
5,840,-0.49843597412109375,0,30.139921188354492,0.017967650666832924,-1.6003890780359507,0
5,840,0.1187864820221165,1,30.139921188354492,0.017967650666832924,0.8340558342504698,1
5,841,-0.0592193603515625,0,13.385771751403809,0.04422176331281662,-0.38792302626371383,0
5,841,0.6018824136706442,1,13.385771751403809,0.04422176331281662,2.1342805217807,1
5,842,0.33477020263671875,0,48.294063568115234,0.019873327016830446,-0.29713579916954047,0
5,842,-0.09145786968672809,1,48.294063568115234,0.019873327016830446,0.050408056183565836,1
5,843,0.6812248229980469,0,84.25902557373047,0.0011860579252243042,-0.3227783077955247,0
5,843,-0.05850980169424247,1,84.25902557373047,0.0011860579252243042,-0.6022475571801034,1
5,844,0.9246025085449219,0,117.58422088623047,0.05971824526786804,-0.5048681304454802,0
5,844,0.9549643601501359,1,117.58422088623047,0.05971824526786804,0.755855572764948,1
5,845,1.3603706359863281,0,151.3214111328125,0.017280094511806964,-0.306378154464066,0
5,845,-0.6377517542002735,1,151.3214111328125,0.017280094511806964,-3.102622934837269,1
5,846,1.7938270568847656,1,169.46791076660156,0.03715458083897829,1.39680971520394,0
5,847,1.727203369140625,1,174.0074005126953,0.014556610584259035,1.1736764636039725,0
5,848,1.5509529113769531,1,170.0401153564453,0.03522601574659348,0.8996944749951363,0
5,849,-1.6419143676757812,1,156.7230224609375,0.026754836738109588,-5.219359378039837,0
5,850,-1.4802665710449219,1,140.47622680664062,0.039110098406672476,-4.571622082158923,0
5,851,-1.1861000061035156,1,124.85503387451172,0.0401713352650404,-4.270907543107867,0
5,852,-1.24591064453125,0,103.30962371826172,0.03220969140529633,-4.559302151083946,0
5,852,1.677088276193217,1,103.30962371826172,0.03220969140529633,2.4866956903649884,1
5,853,-0.9206581115722656,0,82.9048080444336,0.00018245428800582782,-3.4994196822047234,0
5,853,0.03646724275483848,1,82.9048080444336,0.00018245428800582782,-0.38516897355051527,1
5,854,-0.6625022888183594,0,66.558837890625,0.055856429040431976,-2.658415592610836,0
5,854,-0.017818941541939637,1,66.558837890625,0.055856429040431976,-0.1690488980579966,1
5,855,-0.5046882629394531,0,33.809661865234375,0.09478711485862733,-1.689361247777939,0
5,855,1.6203473155241,1,33.809661865234375,0.09478711485862733,3.7607099091491674,1
5,856,0.08681869506835938,0,51.460262298583984,0.025679109990596777,-0.8565950202345848,0
5,856,-0.7793572267153053,1,51.460262298583984,0.025679109990596777,-1.388946863801914,1
5,857,1.0096855163574219,0,140.0909423828125,0.022370974719524386,-0.7833426539301872,0
5,857,-1.5230227242660987,1,140.0909423828125,0.022370974719524386,-4.648759135177229,1
5,858,1.6084976196289062,0,207.8018035888672,0.030649791657924655,-0.940266824185848,0
5,858,-1.3366236334917616,1,207.8018035888672,0.030649791657924655,-5.630509330427183,1
5,859,2.511615753173828,1,235.75209045410156,0.010061922296881676,1.5077872203737492,0
5,860,2.318798065185547,1,225.2464141845703,0.04443503133952618,1.3308904454261061,0
5,861,-1.6012687683105469,1,214.19142150878906,0.02317447066307068,-6.287292945623397,0
5,862,-2.059417724609375,1,199.02037048339844,0.04597660750150681,-7.501081923186779,0
5,863,-1.9680938720703125,0,157.61184692382812,0.03934285938739777,-7.089998396992684,0
5,863,0.7601670485969549,1,157.61184692382812,0.03934285938739777,-0.43347655565814835,1
5,864,-1.1918716430664062,0,111.41585540771484,0.0008992880582809441,-4.612096365809441,0
5,864,1.1799777980967079,1,111.41585540771484,0.0008992880582809441,1.331602516516788,1
5,865,-0.8254241943359375,0,58.624263763427734,0.04240346848964692,-2.8250298026800156,0
5,865,1.465511969572617,1,58.624263763427734,0.04240346848964692,2.956842525137094,1
5,866,-0.3426017761230469,0,16.338348388671875,0.03877028375864029,-1.0135213313698768,0
5,866,0.13376514679753626,1,16.338348388671875,0.03877028375864029,1.1392125144712895,1
5,867,0.055377960205078125,0,22.060392379760742,0.03239706009626389,-0.33174780958890915,0
5,867,1.0558479214494483,1,22.060392379760742,0.03239706009626389,2.8691921128998312,1
5,868,0.378692626953125,0,59.013362884521484,0.059003569185733795,-0.42524214655160897,0
5,868,-0.523664873442371,1,59.013362884521484,0.059003569185733795,-1.029957147342601,1
5,869,0.8189773559570312,0,101.40227508544922,0.07936647534370422,-0.3932654488086699,0
5,869,-0.9681632346333373,1,101.40227508544922,0.07936647534370422,-2.7675466299894067,1
5,870,1.1972312927246094,0,132.965087890625,0.06132038831710816,-0.2672919878959656,0
5,870,0.44929039972827667,1,132.965087890625,0.06132038831710816,-0.5631737738886308,1
5,871,1.59222412109375,1,152.56118774414062,0.005342087149620055,1.333010803818703,0
5,872,1.4280815124511719,1,163.11643981933594,0.02140791863203049,0.7929779117703438,0
5,873,1.6787033081054688,1,172.0962371826172,0.03336602300405503,1.1141472316384315,0
5,874,0.16248703002929688,1,168.16709899902344,0.08656069934368135,-1.8418303478956224,0
5,875,-1.6103668212890625,1,154.09469604492188,0.013693299889564518,-5.103175295472145,0
5,876,-1.3298568725585938,1,143.280029296875,0.01939074248075485,-4.926089960753918,0
5,877,-1.4503059387207031,0,120.42235565185547,0.004198344051837921,-5.309226924240589,0
5,877,-0.744151916375202,1,120.42235565185547,0.004198344051837921,-2.6969188795495866,1
5,878,-1.0716896057128906,0,96.34398651123047,0.017442686855793,-4.070956649124622,0
5,878,1.781276378720392,1,96.34398651123047,0.017442686855793,2.8349753197419423,1
5,879,-0.8197097778320312,0,70.07980346679688,0.021529661118984224,-3.041876811444759,0
5,879,0.16074184066692254,1,70.07980346679688,0.021529661118984224,0.11902642555314817,1
5,880,-0.4246330261230469,0,25.798795700073242,0.03806702047586441,-1.366764647066593,0
5,880,1.0022155309966294,1,25.798795700073242,0.03806702047586441,2.6869324671727597,1
5,881,0.22986221313476562,0,66.58554077148438,0.01826953887939453,-0.8727171707153321,0
5,881,-1.0455580736333232,1,66.58554077148438,0.01826953887939453,-2.2235577442515093,1
5,882,1.1415367126464844,0,150.53939819335938,0.04197690933942795,-0.7293936149477959,0
5,882,-1.761676291313158,1,150.53939819335938,0.04197690933942795,-5.3358196228670804,1
5,883,1.8284873962402344,1,204.51734924316406,0.0028874039649963365,0.7665123114585872,0
5,884,2.175739288330078,1,223.6099090576172,0.02400124669075012,1.078320345640182,0
5,885,2.154521942138672,1,219.65406799316406,0.009316623210906982,1.1155898594856257,0
5,886,-2.0922203063964844,1,198.69993591308594,0.010145851969718934,-6.958845165133477,0
5,887,-1.8601303100585938,1,175.70494079589844,0.06233111321926117,-6.636852680563927,0
5,888,-1.5429763793945312,0,134.39178466796875,0.005920056998729703,-5.774025254428387,0
5,888,-0.4944076418099428,1,134.39178466796875,0.005920056998729703,-2.4768877792592097,1
5,889,-1.0537223815917969,0,80.8448715209961,0.015131254494190213,-3.7249474437832832,0
5,889,0.33299424019556767,1,80.8448715209961,0.015131254494190213,0.24848579979144594,1
5,890,-0.5077781677246094,0,38.04779052734375,0.0023314058780670166,-1.7766054022312163,0
5,890,1.9273013409236839,1,38.04779052734375,0.0023314058780670166,4.2935536150653695,1
5,891,-0.10207366943359375,0,15.468596458435059,0.03949093660339713,-0.5150989055000246,0
5,891,1.2641415864341283,1,15.468596458435059,0.03949093660339713,3.41733160623542,1
5,892,0.380523681640625,0,64.23187255859375,0.009368846472352744,-0.5239648417495191,0
5,892,0.09230131182145129,1,64.23187255859375,0.009368846472352744,0.09959041861213343,1
5,893,0.8712196350097656,0,103.1379623413086,0.059097527712583545,-0.3226838779151438,0
5,893,0.05135463728509393,1,103.1379623413086,0.059097527712583545,-0.7624138733644873,1
5,894,1.3251914978027344,1,133.82720947265625,0.017207822203636168,1.1731504932641985,0
5,895,1.4372711181640625,1,149.932861328125,0.01484960913658142,1.075291025400162,0
5,896,1.4145431518554688,1,163.11643981933594,0.07008884102106094,0.7639539536833764,0
5,897,1.6636009216308594,1,167.4117889404297,0.07005165964365005,1.176163998067379,0
5,898,-1.6158905029296875,1,163.68482971191406,0.0013910233974456787,-5.3055332410335545,0
5,899,-1.40484619140625,1,148.3306884765625,0.07951225638389588,-4.579486642599106,0
5,900,-1.3674545288085938,1,127.3078842163086,0.0011553794145584134,-4.681112957119942,0
5,901,-1.2410850524902344,0,100.1167221069336,0.06881201565265656,-4.487257027745247,0
5,901,1.9080063011429402,1,100.1167221069336,0.06881201565265656,3.010925679521102,1
5,902,-0.8175849914550781,0,65.77301025390625,0.053734512627124795,-2.952779568493366,0
5,902,0.9551493865632281,1,65.77301025390625,0.053734512627124795,1.7926891875432465,1
5,903,-0.4166603088378906,0,30.330656051635742,0.05731699019670487,-1.4422264183163642,0
5,903,0.11675578103324113,1,30.330656051635742,0.05731699019670487,0.8246057614258993,1
5,904,-0.059093475341796875,0,15.983580589294434,0.05940662473440171,-0.44023482745885845,0
5,904,-0.13684066766422376,1,15.983580589294434,0.05940662473440171,0.6042707878962877,1
5,905,0.4309120178222656,0,65.56320190429688,0.009326402097940447,-0.4498130585253239,0
5,905,-0.023847799982995355,1,65.56320190429688,0.009326402097940447,-0.15933269413584586,1
5,906,0.9719429016113281,0,123.2948226928711,0.05753740146756172,-0.5243121466934679,0
5,906,0.05501755225830607,1,123.2948226928711,0.05753740146756172,-1.158162845399512,1
5,907,1.4650917053222656,1,161.9987335205078,0.08767546713352203,0.8867017215490341,0
5,908,1.6790771484375,1,168.4646453857422,0.03701166436076164,1.1873809225857257,0
5,909,1.6493606567382812,1,160.6864776611328,0.016324596852064135,1.2843387763798237,0
5,910,0.1031341552734375,1,151.56173706054688,0.040720605850219735,-1.6265952548980713,0
5,911,-1.4048805236816406,1,129.63485717773438,0.06267201006412507,-4.204965071320534,0
5,912,-1.1838340759277344,1,109.88616180419922,0.05826097577810288,-3.367721826970577,0
5,913,-0.9463844299316406,1,80.8906478881836,0.04832558780908584,-2.3125148411393166,0
5,914,-0.613311767578125,1,44.92568588256836,0.047533480823040014,-1.527038592040539,0
5,915,-0.1607513427734375,0,9.429931640625,0.007315181195735931,-0.5103939256072044,0
5,915,0.8634672587742429,1,9.429931640625,0.007315181195735931,2.7380432774881567,1
5,916,0.3154296875,1,54.382320404052734,0.013109958171844485,0.7426885685920718,0
5,917,0.7562484741210938,1,91.30858612060547,0.0032915949821472196,0.8861935620307924,0
5,918,1.0672035217285156,1,118.5951156616211,0.062299758195877075,0.9600127398967746,0
5,919,1.4160041809082031,1,135.09368896484375,0.020315205305814744,1.3293219743072988,0
5,920,1.2699050903320312,1,145.904541015625,0.005946407467126847,0.8214815040528776,0
5,921,-1.0428314208984375,1,144.79446411132812,0.013082967698574068,-3.7820754427313803,0
5,922,-1.3963165283203125,1,134.70458984375,0.07471087872982025,-4.289713288664817,0
5,923,-1.358642578125,1,112.4305648803711,0.06653273105621338,-3.76855776309967,0
5,924,-0.9160385131835938,1,93.59740447998047,0.03847852349281311,-3.1055642569065096,0
5,925,-0.8174209594726562,0,71.807861328125,0.0032441988587379456,-3.071128913462162,0
5,925,1.585213100810904,1,71.807861328125,0.0032441988587379456,2.9341392071049586,1
5,926,-0.5978507995605469,0,37.9486083984375,0.0593102589249611,-1.9570461774468422,0
5,926,0.27524197214008694,1,37.9486083984375,0.0593102589249611,0.9891393659544256,1
5,927,-0.12483978271484375,0,7.713317394256592,0.025568450242280966,-0.40496865132451054,0
5,927,-0.12853481000738753,1,7.713317394256592,0.025568450242280966,0.7876412940904018,1
5,928,0.4424858093261719,0,78.73153686523438,0.031632793694734575,-0.6909244304001332,0
5,928,-0.9098026239633654,1,78.73153686523438,0.031632793694734575,-2.1955012969792076,1
5,929,1.2257652282714844,1,132.720947265625,0.0919278234243393,0.9934343982934953,0
5,930,1.5867576599121094,1,180.0002899169922,0.0029454410076141385,0.7733917038440704,0
5,931,1.6890716552734375,1,188.41551208496094,0.005329403281211849,0.8096198927164078,0
5,932,1.1662101745605469,1,187.3740997314453,0.06568069756031036,-0.2176888734102249,0
5,933,-2.0210304260253906,1,179.6531524658203,0.023780927062034607,-6.436075138449669,0
5,934,-1.5068550109863281,1,155.11322021484375,0.00033828020095825334,-5.51598795747757,0
5,935,-1.3466148376464844,0,116.43599700927734,0.023459598422050476,-5.022887999415397,0
5,935,1.0293846044338295,1,116.43599700927734,0.023459598422050476,0.9291108847452304,1
5,936,-0.930938720703125,0,73.43673706054688,0.03167654238641262,-3.331879244312644,0
5,936,-0.1319029594769603,1,73.43673706054688,0.03167654238641262,-0.5338077218603147,1
5,937,-0.5158805847167969,0,24.642942428588867,0.03797495625913143,-1.5261390162557362,0
5,937,0.4437236962063835,1,24.642942428588867,0.03797495625913143,1.5930695455906247,1
5,938,-0.0033111572265625,0,19.561767578125,0.02454812079668045,-0.3988395908474922,0
5,938,1.6483355786476608,1,19.561767578125,0.02454812079668045,4.104453880900954,1
5,939,0.4520263671875,0,66.16973876953125,0.009235064685344697,-0.4197114436030388,0
5,939,0.06384625735007887,1,66.16973876953125,0.009235064685344697,0.003928336722118912,1
5,940,0.9845771789550781,0,107.26927947998047,0.031907370686531066,-0.17750752651691423,0
5,940,-0.5976086421349578,1,107.26927947998047,0.031907370686531066,-2.141879168696986,1
5,941,1.0941925048828125,1,131.90460205078125,0.0046816825866699205,0.7501057014465334,0
5,942,1.4196701049804688,1,149.15847778320312,0.0866595983505249,1.0527042703628542,0
5,943,1.7174491882324219,1,161.3540496826172,0.08645802736282349,1.4043590617179862,0
5,944,0.537384033203125,1,167.7055206298828,0.035510028898715976,-1.080762747347355,0
5,945,-1.6541099548339844,1,161.35023498535156,0.021004952490329742,-5.336064807474614,0
5,946,-1.5301322937011719,1,145.27511596679688,0.030394018162041906,-5.366982667464764,0
5,947,-1.4328994750976562,0,115.98204803466797,0.0015723711811006069,-5.185502805735916,0
5,947,0.9002057759699653,1,115.98204803466797,0.0015723711811006069,0.6807076963993276,1
5,948,-1.01495361328125,0,90.26335906982422,0.004895937815308571,-3.8353702454715966,0
5,948,0.00882073776917025,1,90.26335906982422,0.004895937815308571,-0.5878215433707563,1
5,949,-0.61383056640625,0,47.49679183959961,0.017086727172136308,-2.1782804386913774,0
5,949,0.7272472048057779,1,47.49679183959961,0.017086727172136308,1.7038751037326783,1
5,950,-0.006183624267578125,0,45.84884262084961,0.025643372535705568,-0.9303698358535767,0
5,950,-0.4799730106892568,1,45.84884262084961,0.025643372535705568,-0.6779486086969341,1
5,951,0.8053169250488281,0,122.8523178100586,0.010582309961318969,-0.8468357985019682,0
5,951,-1.087750650994714,1,122.8523178100586,0.010582309961318969,-3.432970950589052,1
5,952,1.7620468139648438,1,186.23731994628906,0.037989966571331024,0.9978276303410522,0
5,953,1.9545211791992188,1,196.8345489501953,0.03513207286596298,1.170946096479892,0
5,954,1.7646102905273438,1,194.93101501464844,0.008058387786149979,0.8302779452502719,0
5,955,-1.1993637084960938,1,182.7010955810547,0.01600538529455662,-4.853389544025064,0
5,956,-1.7227592468261719,1,162.7158966064453,0.012795669212937354,-5.500348252549768,0
5,957,-1.5093994140625,1,141.30783081054688,0.03617106527090073,-5.246402286946774,0
5,958,-1.1968917846679688,0,99.37285614013672,0.02442993372678757,-4.382217889487743,0
5,958,1.829706509121273,1,99.37285614013672,0.02442993372678757,2.8709786980907395,1
5,959,-0.7216873168945312,0,49.842830657958984,0.03422057926654816,-2.4416000701189042,0
5,959,0.36569852125261804,1,49.842830657958984,0.03422057926654816,0.9331716061753946,1
5,960,-0.25391387939453125,0,6.820678234100342,0.03570073395967484,-0.6456693528294564,0
5,960,1.2154746462463493,1,6.820678234100342,0.03570073395967484,3.4931076984523046,1
5,961,0.15195846557617188,0,32.44781494140625,0.04781355410814285,-0.346951909840107,0
5,961,1.3385689523171962,1,32.44781494140625,0.04781355410814285,3.2262690636419418,1
5,962,0.58355712890625,0,80.22689819335938,0.03992682485841215,-0.439020779049024,0
5,962,-0.2878037202673056,1,80.22689819335938,0.03992682485841215,-0.9817424773961353,1
5,963,0.98175048828125,0,109.54283905029297,0.027506349375471473,-0.2284560584183781,0
5,963,0.4019064014660998,1,109.54283905029297,0.027506349375471473,-0.18814423204867833,1
5,964,1.0872650146484375,1,129.4097900390625,0.04760158807039261,0.7844301649928095,0
5,965,1.5802116394042969,1,156.6314697265625,0.0038176268339157084,1.2276411792039874,0
5,966,1.6303482055664062,1,165.40525817871094,0.02411700636148453,1.1516265673041344,0
5,967,0.3988838195800781,1,165.29844665527344,0.022193634510040288,-1.3090890393257142,0
5,968,-1.4608230590820312,1,159.23309326171875,0.005878499150276186,-4.9065431233644485,0
5,969,-1.524444580078125,1,146.2249755859375,0.06212215125560761,-5.375873557925225,0
5,970,-1.4878005981445312,0,125.2784652709961,0.027344829589128497,-5.482264294892549,0
5,970,-0.9124357408550452,1,125.2784652709961,0.027344829589128497,-3.131534580313577,1
5,971,-1.2190017700195312,0,98.26659393310547,0.022732485085725784,-4.404244718104601,0
5,971,-0.03617177098061575,1,98.26659393310547,0.022732485085725784,-0.83858472002677,1
5,972,-0.6890449523925781,0,58.68148422241211,0.06072563529014588,-2.5541486146450043,0
5,972,1.137818325543094,1,58.68148422241211,0.06072563529014588,2.29957794122634,1
5,973,-0.17197418212890625,0,20.709989547729492,0.012820401787757875,-0.7586609712839126,0
5,973,0.43661571933376564,1,20.709989547729492,0.012820401787757875,1.6585188316414314,1
5,974,0.7755470275878906,0,109.1804428100586,0.0730931729078293,-0.6354385279417036,0
5,974,0.4341927655597857,1,109.1804428100586,0.0730931729078293,-0.11814705199791332,1
5,975,1.2388458251953125,0,156.524658203125,0.027988196164369584,-0.6539210415184498,0
5,975,0.8899527106820813,1,156.524658203125,0.027988196164369584,-0.1517072705449121,1
5,976,1.6610755920410156,1,168.4341278076172,0.004409536044113338,1.153292246487923,0
5,977,1.7061805725097656,1,171.9779815673828,0.03399178676772863,1.171441842201165,0
5,978,1.5450859069824219,1,170.8793487548828,0.0718874990940094,0.8697093389034272,0
5,979,-1.1641693115234375,1,164.81398010253906,0.04710749238729477,-4.426502524793149,0
5,980,-1.5191917419433594,1,137.03155517578125,0.02776793986558914,-4.580125304996967,0
5,981,-1.3664321899414062,1,94.35652923583984,0.06140654087066651,-3.4224512262344358,0
5,982,-0.6487922668457031,1,54.47005844116211,0.0646324098110199,-1.7895709989070891,0
5,983,-0.29758453369140625,0,10.005950927734375,0.048590275645256045,-0.7972316969633102,0
5,983,0.988873700756038,1,10.005950927734375,0.048590275645256045,2.9756847719315784,1
5,984,0.16948699951171875,0,39.119720458984375,0.05299558937549591,-0.44554023373126983,0
5,984,-0.4692610202954981,1,39.119720458984375,0.05299558937549591,-0.5230362733457036,1
5,985,0.6480674743652344,1,84.59471893310547,0.09018543958663941,0.8006331524848939,0
5,986,1.0082054138183594,1,111.12593841552734,0.08612330853939057,0.9904471269845966,0
5,987,1.2164459228515625,1,129.20761108398438,0.03546234555542469,1.0473211302012206,0
5,988,1.2283287048339844,1,141.92962646484375,0.018709998205304147,0.8173164804428817,0
5,989,0.3455467224121094,1,150.55465698242188,0.005404531955718994,-1.1202158761024474,0
5,990,-1.5008697509765625,1,148.21243286132812,0.005484414100646977,-4.766207535743713,0
5,991,-1.4283256530761719,1,137.40158081054688,0.00019952058792113703,-4.404690903186798,0
5,992,-1.2751007080078125,1,118.4730453491211,0.056806497275829315,-4.32193458288908,0
5,993,-1.0696144104003906,0,97.51891326904297,0.07116023153066636,-4.092453495442867,0
5,993,0.05051193798639986,1,97.51891326904297,0.07116023153066636,-0.6522007986692865,1
5,994,-0.8287162780761719,0,70.1751708984375,0.054917127639055256,-3.063132659226656,0
5,994,0.5268795781973594,1,70.1751708984375,0.054917127639055256,0.8480590533204068,1
5,995,-0.3465385437011719,0,0.4882812201976776,0.011564266681671143,-0.7033052824735642,0
5,995,-0.17603320834309955,1,0.4882812201976776,0.011564266681671143,0.8377053882425805,1
5,996,0.42691802978515625,0,77.06832885742188,0.02159445211291313,-0.6883942956626415,0
5,996,-0.5502644592771446,1,77.06832885742188,0.02159445211291313,-1.4427592737872432,1
5,997,1.2012481689453125,0,154.327392578125,0.06360893249511719,-0.6865958709716797,0
5,997,-1.558993581972672,1,154.327392578125,0.06360893249511719,-5.007079372807648,1
5,998,1.5592269897460938,1,181.90382385253906,0.08929336071014404,0.6768057680130005,0
5,999,1.8798484802246094,1,191.56263732910156,0.03034197762608528,1.1272305347621432,0
5,1000,1.9159774780273438,1,192.91685485839844,0.014836419001221658,1.173024402126669,0
5,1001,-1.8483047485351562,1,175.65916442871094,0.007446296140551568,-6.010090637490154,0
5,1002,-1.4469680786132812,1,147.52197265625,0.020100337266921998,-4.645179623842239,0
5,1003,-1.292816162109375,1,114.61638641357422,0.029982472956180572,-4.279159351408482,0
5,1004,-0.9637069702148438,0,61.752315521240234,0.04318240433931351,-3.1641875470280647,0
5,1004,0.9387220589007157,1,61.752315521240234,0.04318240433931351,1.8406705112030544,1
5,1005,-0.3375587463378906,0,11.775969505310059,0.00397435426712036,-0.9107958569526672,0
5,1005,-0.0115014811235028,1,11.775969505310059,0.00397435426712036,0.9413186734761084,1
5,1006,0.18934249877929688,0,44.40688705444336,0.010752068459987638,-0.509882826268673,0
5,1006,-0.53570913870346,1,44.40688705444336,0.010752068459987638,-0.7599861012341869,1
5,1007,0.7126083374023438,0,91.0987777709961,0.01716720201075077,-0.3974455686956645,0
5,1007,0.5050752905108808,1,91.0987777709961,0.01716720201075077,0.3874883375214099,1
5,1008,0.9923591613769531,1,124.5765609741211,0.017967242375016214,0.692468413576484,0
5,1009,1.5319747924804688,1,148.94485473632812,0.04482948333024979,1.2832593109011652,0
5,1010,1.3981361389160156,1,159.51919555664062,0.010509240627288821,0.8054679970741274,0
5,1011,0.6818618774414062,1,171.08152770996094,0.04218967780470848,-0.8595943864285945,0
5,1012,-1.883880615234375,1,168.35020446777344,0.008694245666265489,-5.93511308965087,0
5,1013,-1.5814857482910156,1,147.81951904296875,0.024947716295719145,-5.520359786093235,0
5,1014,-1.3535499572753906,0,125.31661224365234,0.03716246262192726,-5.214918657928705,0
5,1014,1.0960940772996253,1,125.31661224365234,0.03716246262192726,0.8843694112213268,1
5,1015,-1.000335693359375,0,98.9265365600586,0.013591984659433363,-3.979745797306299,0
5,1015,0.4824258684633449,1,98.9265365600586,0.013591984659433363,0.18577732633914068,1
5,1016,-0.9163589477539062,0,71.72393798828125,0.06796389520168306,-3.269915211081505,0
5,1016,-0.38401955562373047,1,71.72393798828125,0.06796389520168306,-1.0052364268211533,1
5,1017,-0.4719810485839844,0,24.074552536010742,0.02894876599311829,-1.4266110985279084,0
5,1017,1.6732971511974029,1,24.074552536010742,0.02894876599311829,4.063945301034867,1
5,1018,0.16678237915039062,0,52.566524505615234,0.03230219781398773,-0.7190578197240829,0
5,1018,0.3377168585712482,1,52.566524505615234,0.03230219781398773,0.8228111391176325,1
5,1019,0.9978065490722656,0,137.89749145507812,0.01459672274067998,-0.7629205998666585,0
5,1019,-1.369735996850757,1,137.89749145507812,0.01459672274067998,-4.298005691712704,1
5,1020,1.5146293640136719,0,188.4116973876953,0.017224831599742172,-0.7396642129905523,0
5,1020,1.0033112362684165,1,188.4116973876953,0.017224831599742172,-0.562300468481063,1
5,1021,2.2438621520996094,1,211.2197723388672,0.06442290246486664,1.46075194132328,0
5,1022,1.9058494567871094,1,210.3042449951172,0.0011763691902160686,0.8055669589042659,0
5,1023,-0.31598663330078125,1,198.6350860595703,0.024855017662048343,-3.405669188499451,0
5,1024,-2.058307647705078,1,176.34962463378906,0.07228890359401703,-6.446499344229698,0
5,1025,-1.5870819091796875,1,142.7459716796875,0.012071117758750916,-5.429566096663476,0
5,1026,-1.0937652587890625,0,103.6262435913086,0.026388616114854817,-4.261110934048891,0
5,1026,-0.5093280414289652,1,103.6262435913086,0.026388616114854817,-1.8922364993286962,1
5,1027,-0.8353729248046875,0,52.61611557006836,0.011898094415664673,-2.7235440847873686,0
5,1027,1.9062615952840076,1,52.61611557006836,0.011898094415664673,3.959724955390021,1
5,1028,-0.287322998046875,0,10.280608177185059,0.044450994580984116,-0.7820361994206905,0
5,1028,0.7862784438999526,1,10.280608177185059,0.044450994580984116,2.565166684472965,1
5,1029,0.131072998046875,0,31.890867233276367,0.028571143746376038,-0.3768141943216323,0
5,1029,-0.1118555723422574,1,31.890867233276367,0.028571143746376038,0.3373286649001028,1
5,1030,0.6048812866210938,0,84.71297454833984,0.003168675303459167,-0.48462366473674784,0
5,1030,0.26174157430492784,1,84.71297454833984,0.003168675303459167,0.02909691063092053,1
5,1031,0.9579811096191406,0,121.91771697998047,0.03209458142518998,-0.5236759036183356,0
5,1031,1.2348471431398096,1,121.91771697998047,0.03209458142518998,1.2300561634230025,1
5,1032,1.5017890930175781,1,145.35903930664062,0.025418598949909214,1.2953806559443475,0
5,1033,1.3591575622558594,1,154.6630859375,0.027836845815181734,0.8239399319291116,0
5,1034,1.5985145568847656,1,165.21070861816406,0.03542353063821793,1.0913980001807213,0
5,1035,0.11405563354492188,1,165.20689392089844,0.008677244186401367,-1.8763737010955812,0
5,1036,-1.7688446044921875,1,156.43310546875,0.03204190507531166,-5.467632994562387,0
5,1037,-1.3355636596679688,1,140.87677001953125,0.028837550431489944,-4.889816221743822,0
5,1038,-1.3046875,0,122.38692474365234,0.06180674880743027,-5.059585764825344,0
5,1038,0.1887444435344392,1,122.38692474365234,0.06180674880743027,-0.8727218777564656,1
5,1039,-1.0508995056152344,0,87.1620101928711,0.0843482255935669,-3.848413144111633,0
5,1039,2.92187391004056,1,87.1620101928711,0.0843482255935669,5.297133687199954,1
5,1040,-0.5705299377441406,0,17.57049560546875,0.03839675299823284,-1.4940056577175855,0
5,1040,2.1950892593389213,1,17.57049560546875,0.03839675299823284,5.237232736448537,1
5,1041,0.18495559692382812,0,51.85317611694336,0.04378361813724041,-0.6689036732167005,0
5,1041,0.5861223496961898,1,51.85317611694336,0.04378361813724041,1.3334298323280231,1
5,1042,1.0730705261230469,0,135.52093505859375,0.03782478272914887,-0.5657906402349472,0
5,1042,-0.4845648988434448,1,135.52093505859375,0.03782478272914887,-2.48106149016793,1
5,1043,1.5593719482421875,1,165.4739227294922,0.03785344064235687,1.007751304268837,0
5,1044,1.6975555419921875,1,170.82212829589844,0.02131048440933228,1.177816098690033,0
5,1045,1.5527496337890625,1,174.1714324951172,0.04161226078867913,0.8204061272442341,0
5,1046,-0.4003715515136719,1,164.9551239013672,0.03650184646248818,-2.9013056549131875,0
5,1047,-1.5310935974121094,1,141.81137084960938,0.002174639701843263,-4.69850159740448,0
5,1048,-1.1383895874023438,1,113.49105072021484,0.06421182453632354,-3.349168662190437,0
5,1049,-0.9090194702148438,1,69.89669799804688,0.06559682488441468,-2.6185967733860016,0
5,1050,-0.4380226135253906,0,13.980864524841309,0.07111945450305938,-1.1585072957277298,0
5,1050,1.6647547418045718,1,13.980864524841309,0.07111945450305938,4.2470474149321955,1
5,1051,0.12250518798828125,0,36.060333251953125,0.018044182658195494,-0.47691805636882784,0
5,1051,-0.454479114609704,1,36.060333251953125,0.018044182658195494,-0.43088666156479843,1
5,1052,0.6411514282226562,1,86.6889877319336,0.06085602045059205,0.746088860988617,0
5,1053,1.1816368103027344,1,120.92208099365234,0.08190273642539977,1.1415558912754062,0
5,1054,1.310150146484375,1,137.53509521484375,0.09320603609085083,1.0658701472282412,0
5,1055,1.3045883178710938,1,150.98190307617188,0.01525718569755554,0.7889282867908479,0
5,1056,-0.4995841979980469,1,152.92739868164062,0.07244312763214111,-2.8606140947341916,0
5,1057,-1.5097236633300781,1,148.84567260742188,0.05206402093172074,-4.798443339645862,0
5,1058,-1.3845672607421875,1,127.6283187866211,0.028967903554439546,-4.722859613358975,0
5,1059,-1.0464668273925781,0,107.60497283935547,0.012325531244277956,-4.245526132822037,0
5,1059,-0.6843590349135766,1,107.60497283935547,0.012325531244277956,-2.3213105478640332,1
5,1060,-0.9654045104980469,0,88.09661102294922,0.04922660887241364,-3.6947103058099744,0
5,1060,-0.7407935428313621,1,88.09661102294922,0.04922660887241364,-2.045488370476605,1
5,1061,-0.8149795532226562,0,61.22207260131836,0.002503010630607601,-2.854500678896904,0
5,1061,0.5498618813713492,1,61.22207260131836,0.002503010630607601,1.0751821902911072,1
5,1062,-0.203277587890625,0,20.05767822265625,0.08464999496936798,-0.8110947400331497,0
5,1062,0.17767032567240904,1,20.05767822265625,0.08464999496936798,1.1508010870929184,1
5,1063,0.6050262451171875,0,89.53475189208984,0.002216610312461856,-0.5807312120199204,0
5,1063,1.9471867775245002,1,89.53475189208984,0.002216610312461856,3.3035898527947043,1
5,1064,1.1686744689941406,0,164.67665100097656,0.03337360545992851,-0.9575190262496474,0
5,1064,-1.7363760933201817,1,164.67665100097656,0.03337360545992851,-5.567620150878292,1
5,1065,1.968841552734375,1,216.8807830810547,0.03595147654414177,0.7986293847858902,0
5,1066,2.4018211364746094,1,209.38490295410156,0.05767126381397248,1.813637363314628,0
5,1067,-0.06988525390625,1,197.13209533691406,0.001560421288013458,-2.8824748314023023,0
5,1068,-1.8688316345214844,1,177.2422637939453,0.008090497553348543,-6.082832164824009,0
5,1069,-1.6089515686035156,1,145.70236206054688,0.04173937439918518,-5.533619953393936,0
5,1070,-1.2435188293457031,0,105.7014389038086,0.06632295250892639,-4.603719354867935,0
5,1070,0.866489746338388,1,105.7014389038086,0.06632295250892639,0.8162977965002475,1
5,1071,-0.91754150390625,0,66.22314453125,0.047758576087653645,-3.161456241481006,0
5,1071,0.22833847477132707,1,66.22314453125,0.047758576087653645,0.3303037158741482,1
5,1072,-0.4129180908203125,0,28.629301071166992,0.0028833081945776945,-1.398537535391748,0
5,1072,0.7967705172162596,1,28.629301071166992,0.0028833081945776945,2.2208396806813964,1
5,1073,-0.05489349365234375,0,13.679503440856934,0.006226655747741462,-0.3836261223517358,0
5,1073,0.1547860807914887,1,13.679503440856934,0.006226655747741462,1.235733026535929,1
5,1074,0.4723014831542969,0,69.29779052734375,0.042544455360621215,-0.4430546224527061,0
5,1074,-0.512542282147443,1,69.29779052734375,0.042544455360621215,-1.212742153056186,1
5,1075,0.8302536010742188,0,109.26436614990234,0.024053685367107395,-0.5257422682642935,0
5,1075,0.1137904059827477,1,109.26436614990234,0.024053685367107395,-0.7586686584472356,1
5,1076,1.2390251159667969,1,132.51876831054688,0.002453422546386721,1.0275767288208009,0
5,1077,1.4003334045410156,1,145.95794677734375,0.027834958583116534,1.0803944751918317,0
5,1078,1.706512451171875,1,163.89845275878906,0.03131592646241188,1.3338032101094714,0
5,1079,1.2837409973144531,1,171.6270294189453,0.07332136929035188,0.3320085514783859,0
5,1080,-1.7024269104003906,1,167.40797424316406,0.01124171018600464,-5.553462974071503,0
5,1081,-1.5909652709960938,1,150.60806274414062,0.036210018396377566,-4.995540197610855,0
5,1082,-1.49658203125,1,122.92098236083984,0.03478181660175324,-4.852974982380867,0
5,1083,-0.9846725463867188,0,98.6518783569336,0.01831713318824768,-3.9431153452396392,0
5,1083,-0.24288972427169142,1,98.6518783569336,0.01831713318824768,-1.2595497010095849,1
5,1084,-0.8386726379394531,0,71.80404663085938,0.05119818598031998,-3.1154741359353064,0
5,1084,-0.484595317165585,1,71.80404663085938,0.05119818598031998,-1.2073194943875705,1
5,1085,-0.5981712341308594,0,39.287567138671875,0.013006095588207249,-1.9826140548586846,0
5,1085,0.719385883886595,1,39.287567138671875,0.013006095588207249,1.8525001811762243,1
5,1086,-0.07880020141601562,0,21.427152633666992,0.0022286117076873724,-0.5862325999736786,0
5,1086,0.8662788336706129,1,21.427152633666992,0.0022286117076873724,2.5039254701995786,1
5,1087,0.5440673828125,0,93.4486312866211,0.08603622317314148,-0.7842793090343476,0
5,1087,-0.8899387819494322,1,93.4486312866211,0.08603622317314148,-2.452291638558212,1
5,1088,1.3398818969726562,0,166.3474884033203,0.09871723949909211,-0.6511346637010575,0
5,1088,-2.0541102263830737,1,166.3474884033203,0.09871723949909211,-6.239118910412518,1
5,1089,2.0570716857910156,1,194.74790954589844,0.09212334156036378,1.4155002470016471,0
5,1090,1.7748908996582031,1,197.93699645996094,0.0904627799987793,0.7874233589172355,0
5,1091,1.4301109313964844,1,192.78334045410156,0.03535171523690224,0.20314098510146142,0
5,1092,-1.8791313171386719,1,184.0782012939453,0.06030651554465294,-6.242238920778036,0
5,1093,-1.8643264770507812,1,153.38516235351562,0.09362756609916686,-6.200101303815842,0
5,1094,-1.3224067687988281,0,114.38750457763672,0.009817901253700252,-4.932956345200538,0
5,1094,0.055131874257490665,1,114.38750457763672,0.009817901253700252,-0.977879059087901,1
5,1095,-0.8193740844726562,0,71.40350341796875,0.005022534728050233,-3.0670191386938095,0
5,1095,0.4375015802648008,1,71.40350341796875,0.005022534728050233,0.6467321907811048,1
5,1096,-0.489227294921875,0,32.558441162109375,0.06803572773933411,-1.632344842195511,0
5,1096,0.3996074787228352,1,32.558441162109375,0.06803572773933411,1.3453247050939097,1
5,1097,-0.11058425903320312,0,9.349822998046875,0.07045733630657197,-0.4109832714796066,0
5,1097,0.10350481275214918,1,9.349822998046875,0.07045733630657197,1.217194872091098,1
5,1098,0.2655906677246094,0,45.74203109741211,0.07772533893585205,-0.38676830005645757,0
5,1098,-0.20178043657332978,1,45.74203109741211,0.07772533893585205,-0.12151050865233591,1
5,1099,0.66632080078125,0,83.90044403076172,0.042444346100091936,-0.3470650528967381,0
5,1099,0.163050984244002,1,83.90044403076172,0.042444346100091936,-0.1536046859712342,1
5,1100,1.1527671813964844,1,121.66594696044922,0.03714769706130028,1.0707295157015326,0
5,1101,1.3404769897460938,1,141.80374145507812,0.04646472679451108,1.0430205613188448,0
5,1102,1.3413619995117188,1,154.42276000976562,0.0232175980694592,0.7933400949053468,0
5,1103,1.7411155700683594,1,160.0494384765625,0.022806093469262125,1.4803301268666975,0
5,1104,-1.1315460205078125,1,161.4951934814453,0.04164415858685971,-4.294661676988006,0
5,1105,-1.4298515319824219,1,155.83038330078125,0.0017431944608688327,-4.776380457758903,0
5,1106,-1.592376708984375,1,132.95745849609375,0.02982543408870697,-5.245095605254174,0
5,1107,-1.2443695068359375,0,118.89266204833984,0.0007984101772308353,-4.866624191045761,0
5,1107,-0.28338731951502893,1,118.89266204833984,0.0007984101772308353,-1.744659816403944,1
5,1108,-1.072235107421875,0,96.24861907958984,0.03187558054924011,-4.0707176196575166,0
5,1108,0.08078600583855433,1,96.24861907958984,0.03187558054924011,-0.5646753931366579,1
5,1109,-0.714813232421875,0,48.362728118896484,0.0008321970701217693,-2.3969143151044845,0
5,1109,0.9114702936695451,1,48.362728118896484,0.0008321970701217693,2.055652737078356,1
5,1110,-0.25423431396484375,0,8.880615234375,0.018306434154510498,-0.6868131899833679,0
5,1110,-0.10721613687869791,1,8.880615234375,0.018306434154510498,0.8072231641889237,1
5,1111,0.3616371154785156,0,79.26559448242188,0.0654425710439682,-0.864655361533165,0
5,1111,-0.3772855158131776,1,79.26559448242188,0.0654425710439682,-1.1425006241165514,1
5,1112,1.1662559509277344,0,141.20101928710938,0.08198298513889313,-0.49478780329227445,0
5,1112,-1.0979678300397993,1,141.20101928710938,0.08198298513889313,-3.8232353652273416,1
5,1113,1.4724273681640625,1,179.9430694580078,0.06548739671707154,0.543373851299286,0
5,1114,2.0976943969726562,1,194.0688934326172,0.03167007640004158,1.5127441222369662,0
5,1115,1.9604835510253906,1,196.9985809326172,0.03438209369778633,1.1796201996505251,0
5,1116,-0.5003509521484375,1,189.37681579589844,0.06714228987693786,-3.590923911809922,0
5,1117,-1.9172210693359375,1,158.18023681640625,0.05362494587898255,-5.800191872835159,0
5,1118,-1.4299392700195312,1,131.60324096679688,0.00024611130356788635,-4.891953203827143,0
5,1119,-1.144561767578125,0,99.6436996459961,0.06037882342934609,-4.284412681013346,0
5,1119,-0.03683053346673404,1,99.6436996459961,0.06037882342934609,-0.868950212790564,1
5,1120,-0.7234458923339844,0,64.2242431640625,0.06142159998416901,-2.7338335119485855,0
5,1120,-0.316509707030562,1,64.2242431640625,0.06142159998416901,-0.7199611413417408,1
5,1121,-0.480255126953125,0,28.255460739135742,0.03813356459140778,-1.5271448112726211,0
5,1121,0.1436608615821342,1,28.255460739135742,0.03813356459140778,0.9206871657978972,1
5,1122,-0.14905548095703125,0,5.275725841522217,0.028156828880310063,-0.40475175189971924,0
5,1122,0.49776257181299854,1,5.275725841522217,0.028156828880310063,2.0888843536403403,1
5,1123,0.11330032348632812,0,29.197690963745117,0.050345456600189215,-0.35936699056625365,0
5,1123,0.5402672147584724,1,29.197690963745117,0.050345456600189215,1.6945667919780352,1
5,1124,0.6274452209472656,0,81.7298812866211,0.07248030304908754,-0.3826063959598542,0
5,1124,-0.03214181884309397,1,81.7298812866211,0.07248030304908754,-0.5017804755405735,1
5,1125,1.0415534973144531,0,120.26213836669922,0.003962849080562589,-0.3222942866683005,0
5,1125,-1.1276790932386334,1,120.26213836669922,0.003962849080562589,-3.4607594677744733,1
5,1126,1.3477630615234375,1,144.52743530273438,0.06493932157754899,1.0023798441290857,0
5,1127,1.5527458190917969,1,163.19273376464844,0.00251729190349579,1.041536271214485,0
5,1128,1.6856536865234375,1,171.21885681152344,0.022498300671577456,1.1460303047895433,0
5,1129,-0.5089988708496094,1,168.1136932373047,0.06431446671485902,-3.182844185113907,0
5,1130,-1.4440536499023438,1,152.72140502929688,0.014033398032188421,-4.743096736311912,0
5,1131,-1.419281005859375,1,133.56781005859375,0.009682464599609374,-4.9103055114746095,0
5,1132,-1.2241058349609375,0,113.09050750732422,0.03914082795381546,-4.711587453186512,0
5,1132,0.37384654318521626,1,113.09050750732422,0.03914082795381546,-0.31568269689420414,1
5,1133,-0.9961204528808594,0,87.67699432373047,0.020060162246227264,-3.746583198726177,0
5,1133,-0.1388789859088888,1,87.67699432373047,0.020060162246227264,-0.8321002647822362,1
5,1134,-0.6036834716796875,0,31.131742477416992,0.04806158244609833,-1.8319242562055587,0
5,1134,1.8251007591730186,1,31.131742477416992,0.04806158244609833,4.225644205499853,1
5,1135,0.06884384155273438,0,39.562225341796875,0.011117517948150635,-0.6540015244483948,0
5,1135,-0.2771811721777624,1,39.562225341796875,0.011117517948150635,-0.14605155190938834,1
5,1136,0.972442626953125,0,131.927490234375,0.015393263101577761,-0.6942802813053132,0
5,1136,0.4167757932034277,1,131.927490234375,0.015393263101577761,-0.6056139488047075,1
5,1137,1.3889617919921875,1,164.9589385986328,0.00617896616458893,0.6784976533651352,0
5,1138,1.9540786743164062,1,187.7822723388672,0.021460610628128055,1.3516534774303428,0
5,1139,1.9266624450683594,1,194.3282928466797,0.005589100718498233,1.166535469174384,0
5,1140,-0.9603767395019531,1,189.6324005126953,0.057636465132236483,-4.5157069478631024,0
5,1141,-1.60595703125,1,166.98072814941406,0.025420240312814715,-5.352545435100795,0
5,1142,-1.4729576110839844,1,129.57000732421875,0.02671906128525734,-4.938384131103755,0
5,1143,-1.1510543823242188,0,83.58000946044922,0.06658720374107362,-3.9763724420070647,0
5,1143,1.469583423216676,1,83.58000946044922,0.06658720374107362,2.464903169074725,1
5,1144,-0.5576553344726562,0,44.65865707397461,0.009561902284622194,-2.0088662865161897,0
5,1144,0.5422719717115925,1,44.65865707397461,0.009561902284622194,1.3909883258523081,1
5,1145,-0.24150466918945312,0,8.6212158203125,0.07148214578628541,-0.6582929406166077,0
5,1145,0.7304402519851507,1,8.6212158203125,0.07148214578628541,2.4855969017326003,1
5,1146,0.20381927490234375,0,44.44503402709961,0.03032448319718242,-0.482475110065192,0
5,1146,0.6196189761800994,1,44.44503402709961,0.03032448319718242,1.5491242924903197,1
5,1147,0.6847496032714844,0,85.90697479248047,0.038609444815665486,-0.3501846670992673,0
5,1147,-0.4653512367717738,1,85.90697479248047,0.038609444815665486,-1.4503863471857839,1
5,1148,0.9375801086425781,1,118.37767791748047,0.010020124912261966,0.7072058539390567,0
5,1149,1.448394775390625,1,139.54544067382812,0.028072712122229858,1.3047578288197985,0
5,1150,1.5069618225097656,1,160.14862060546875,0.029881342948647218,1.0097559791922106,0
5,1151,1.4696388244628906,1,163.34532165527344,0.05285253822803497,0.8702571142911911,0
5,1152,-1.1687126159667969,1,158.85543823242188,0.05027869939804078,-4.316545144557953,0
5,1153,-1.5359115600585938,1,148.651123046875,0.05440372526645661,-4.847021730065346,0
5,1154,-1.5441207885742188,1,133.12149047851562,0.03443882018327713,-5.152048939526082,0
5,1155,-1.1155471801757812,0,116.08885955810547,0.043935312330722814,-4.5546289640069,0
5,1155,-0.40214267026888706,1,116.08885955810547,0.043935312330722814,-1.9278199441931123,1
5,1156,-1.0477142333984375,0,95.51238250732422,0.056432573497295385,-4.007933419883251,0
5,1156,-0.275074687497181,1,95.51238250732422,0.056432573497295385,-1.2626543280807383,1
5,1157,-0.8687553405761719,0,63.407894134521484,0.011788730323314667,-3.006140113055706,0
5,1157,0.1753274481986722,1,63.407894134521484,0.011788730323314667,0.28202546449398214,1
5,1158,-0.3160858154296875,0,8.518218994140625,0.058120453357696535,-0.8048608288764953,0
5,1158,0.6939185604068214,1,8.518218994140625,0.058120453357696535,2.4151479227965225,1
5,1159,0.3394508361816406,0,72.7691650390625,0.0007174313068389893,-0.7765103256702424,0
5,1159,-0.4018836285187035,1,72.7691650390625,0.0007174313068389893,-1.0591792550709307,1
5,1160,1.3063163757324219,0,154.68597412109375,0.01686430051922798,-0.48176130297780034,0
5,1160,-0.7342666041933441,1,154.68597412109375,0.01686430051922798,-3.362927262829332,1
5,1161,1.61737060546875,1,196.1021270751953,0.05134023651480675,0.5106450599730015,0
5,1162,2.0376853942871094,1,203.9108123779297,0.01391445994377136,1.1965979626178738,0
5,1163,2.2112960815429688,1,198.41001892089844,0.023011473938822746,1.653471325710415,0
5,1164,-1.3121223449707031,1,186.17247009277344,0.03737340979278088,-5.149189028188586,0
5,1165,-1.5870399475097656,1,167.6139678955078,0.058665166795253756,-5.328705859601498,0
5,1166,-1.6385536193847656,1,131.23321533203125,0.05266567915678025,-5.303878172576428,0
5,1167,-1.0650749206542969,0,85.24703216552734,0.01767222434282303,-3.8357973735928534,0
5,1167,2.191059895890085,1,85.24703216552734,0.01767222434282303,3.8764722594959093,1
5,1168,-0.5607070922851562,0,44.395442962646484,0.019524179399013523,-2.0101040109992026,0
5,1168,0.43531392789108025,1,44.395442962646484,0.019524179399013523,1.1819380293532706,1
5,1169,-0.23375320434570312,0,7.545470714569092,0.010659414529800418,-0.6188421995639801,0
5,1169,1.1241022183410792,1,7.545470714569092,0.010659414529800418,3.2968686458095844,1
5,1170,0.156005859375,0,32.90557861328125,0.01784895732998848,-0.34681381180882453,0
5,1170,-0.38009223796404257,1,32.90557861328125,0.01784895732998848,-0.21901000648690971,1
5,1171,0.5652008056640625,0,76.01165771484375,0.029010028392076496,-0.39099194410443305,0
5,1171,-0.41550120438186156,1,76.01165771484375,0.029010028392076496,-1.1523959641962813,1
5,1172,0.8518028259277344,0,108.40987396240234,0.016989726945757868,-0.4652714164704083,0
5,1172,-0.030512092835905946,1,108.40987396240234,0.016989726945757868,-1.029901253997689,1
5,1173,1.2229690551757812,1,132.16018676757812,0.00675499476492405,1.0024641752094032,0
5,1174,1.5770378112792969,1,152.46200561523438,0.02872101962566376,1.3036866694688798,0
5,1175,1.6009292602539062,1,165.1420440673828,0.04663377702236176,1.097152288079262,0
5,1176,-0.21050262451171875,1,166.49244689941406,0.0011606954038143168,-2.5509006148278717,0
5,1177,-1.4651565551757812,1,158.83255004882812,0.0005086503922939294,-4.906984457343817,0
5,1178,-1.6207389831542969,1,135.62774658203125,0.033623224496841436,-5.355377826929093,0
5,1179,-1.2209129333496094,0,111.03057098388672,0.061782576143741615,-4.664908589422702,0
5,1179,1.1587296943857766,1,111.03057098388672,0.061782576143741615,1.2943766660480693,1
5,1180,-0.8811073303222656,0,87.23067474365234,0.02024499922990799,-3.5076379554867745,0
5,1180,-0.20720956619791053,1,87.23067474365234,0.02024499922990799,-0.9598424272380643,1
5,1181,-0.66204833984375,0,45.50551986694336,0.011453900486230852,-2.2346652330458165,0
5,1181,1.4281448132641188,1,45.50551986694336,0.011453900486230852,3.1457210731699212,1
5,1182,-0.07942962646484375,0,29.426572799682617,0.01687404587864876,-0.7480656707584857,0
5,1182,0.511697088295378,1,29.426572799682617,0.01687404587864876,1.6341877587619578,1
5,1183,0.7189521789550781,0,105.85021209716797,0.03197531402111054,-0.6803788965940474,0
5,1183,-0.4425436239115257,1,105.85021209716797,0.03197531402111054,-1.803370502327255,1
5,1184,1.3652229309082031,1,157.32192993164062,0.03371060490608216,0.7826588389873507,0
5,1185,1.7093238830566406,1,177.96705627441406,0.027260211110115055,1.0582162321805946,0
5,1186,1.79156494140625,1,177.6504364013672,0.07493423521518708,1.227123785376548,0
5,1187,0.9955558776855469,1,171.9322052001953,0.04290682431310416,-0.24924862160533665,0
5,1188,-1.628692626953125,1,153.32794189453125,0.031799424253404145,-5.125216068767011,0
5,1189,-1.3950614929199219,1,127.66646575927734,0.031854684464633465,-4.144726488403975,0
5,1190,-1.1623725891113281,1,84.72441864013672,0.02834118735045195,-3.420367198519409,0
5,1191,-0.6099357604980469,0,41.97311019897461,0.0017215803265571601,-2.059402588188648,0
5,1191,0.2502227231131826,1,41.97311019897461,0.0017215803265571601,0.8609143790338109,1
5,1192,-0.191070556640625,0,1.056671142578125,0.043321980535984045,-0.4050074153542519,0
5,1192,-0.04664078093186674,1,1.056671142578125,0.043321980535984045,1.0838521360632647,1
5,1193,0.19446182250976562,0,40.466304779052734,0.05142644941806794,-0.4224595085382462,0
5,1193,-0.5859227556417181,1,40.466304779052734,0.05142644941806794,-0.7832286648412138,1
5,1194,0.7255973815917969,1,86.20452117919922,0.06537556052207946,0.9244893171787263,0
5,1195,1.0264015197753906,1,113.7885971069336,0.021280852705240248,0.9761798633039,0
5,1196,1.2268104553222656,1,128.13186645507812,0.011086536943912506,1.0905401200652125,0
5,1197,1.3571624755859375,1,141.78848266601562,0.020441212505102162,1.0777376493513586,0
5,1198,-0.0168609619140625,1,157.79495239257812,0.010280993580818173,-1.9900322114229203,0
5,1199,-1.5774459838867188,1,154.76226806640625,0.053558851778507235,-5.052279683172703,0
5,1200,-1.3271865844726562,1,140.47622680664062,0.026852329820394517,-4.8649717982709415,0
5,1201,-1.4218254089355469,0,119.93025970458984,0.0029964841902256015,-5.242375871330499,0
5,1201,-0.1898096253372401,1,119.93025970458984,0.0029964841902256015,-1.578344304133886,1
5,1202,-1.0065078735351562,0,105.86165618896484,0.01435467302799225,-4.130823057770729,0
5,1202,1.7935608860589412,1,105.86165618896484,0.01435467302799225,2.669314461417465,1
5,1203,-1.0194816589355469,0,79.91790771484375,0.040233494341373445,-3.6389308119416235,0
5,1203,0.9658199594282308,1,79.91790771484375,0.040233494341373445,1.531672424785932,1
5,1204,-0.43247222900390625,0,7.427215099334717,0.04415697008371353,-1.0152550387978554,0
5,1204,0.46817651126121973,1,7.427215099334717,0.04415697008371353,1.9860424417323967,1
5,1205,0.34212493896484375,0,75.74462890625,0.019754526019096375,-0.8314328812360764,0
5,1205,-1.265947484852724,1,75.74462890625,0.019754526019096375,-2.8475777288712116,1
5,1206,1.3968734741210938,0,167.78562927246094,0.05334274768829346,-0.5640993471145631,0
5,1206,-1.3923901580318159,1,167.78562927246094,0.05334274768829346,-4.9426266114203825,1
5,1207,1.8519363403320312,1,190.55174255371094,0.06264910399913788,1.0903318654298773,0
5,1208,1.9350357055664062,1,194.6487274169922,0.08982580900192261,1.173503830432891,0
5,1209,1.9266510009765625,1,189.72776794433594,0.016771732270717626,1.2580757737755768,0
5,1210,-1.6589851379394531,1,179.93544006347656,0.06677254587411881,-5.719349978983403,0
5,1211,-1.6901702880859375,1,158.51593017578125,0.0821059674024582,-5.353943418383598,0
5,1212,-1.4027061462402344,1,123.96239471435547,0.07749565243721009,-4.687760012865067,0
5,1213,-0.9936676025390625,0,78.33099365234375,0.02173559218645096,-3.5548245018124582,0
5,1213,0.9612392003491124,1,78.33099365234375,0.02173559218645096,1.554989103963892,1
5,1214,-0.5292816162109375,0,32.81402587890625,0.02427915781736374,-1.7158149163126946,0
5,1214,-0.06960847651885871,1,32.81402587890625,0.02427915781736374,0.403531363071463,1
5,1215,-0.14855575561523438,0,5.592345714569092,0.07170603275299073,-0.4118266668319702,0
5,1215,-0.07010393038180496,1,5.592345714569092,0.07170603275299073,0.9450769836348886,1
5,1216,0.14593505859375,0,30.403135299682617,0.054585945606231694,-0.3183760266304016,0
5,1216,-0.11902464060646878,1,30.403135299682617,0.054585945606231694,0.3517045749691608,1
5,1217,0.4522552490234375,0,66.85638427734375,0.02920665703713894,-0.43378545378148553,0
5,1217,0.571426214707131,1,66.85638427734375,0.02920665703713894,1.0045564775859015,1
5,1218,0.8773536682128906,0,104.7859115600586,0.026818657293915752,-0.3420836410671471,0
5,1218,-1.1733368039969108,1,104.7859115600586,0.026818657293915752,-3.2434645854867497,1
5,1219,1.3210258483886719,1,129.91714477539062,0.011640396714210507,1.243243185400963,0
5,1220,1.4098587036132812,1,149.71542358398438,0.04676215574145317,1.023538449317217,0
5,1221,1.5602951049804688,1,159.42001342773438,0.0441988430917263,1.1304219876825812,0
5,1222,-0.11046600341796875,1,161.56385803222656,0.00647483766078949,-2.2524681609869006,0
5,1223,-1.611480712890625,1,160.25543212890625,0.0192346066236496,-5.228839452624321,0
5,1224,-1.3593826293945312,1,141.03317260742188,0.012891314923763275,-4.939944363534451,0
5,1225,-1.3845901489257812,0,113.6054916381836,0.01156483441591263,-5.041752723991871,0
5,1225,0.37407667657614496,1,113.6054916381836,0.01156483441591263,-0.32441907298801814,1
5,1226,-0.9708442687988281,0,82.87810516357422,0.002237364649772644,-3.5993401354551313,0
5,1226,0.0809599104948191,1,82.87810516357422,0.002237364649772644,-0.2957317768678372,1
5,1227,-0.6257133483886719,0,59.79537582397461,0.07468154728412629,-2.450321475148201,0
5,1227,0.405485125249065,1,59.79537582397461,0.07468154728412629,0.812075472127273,1
5,1228,-0.3370704650878906,0,5.218505382537842,0.017016476392745977,-0.7791916968822479,0
5,1228,0.6536748082114698,1,5.218505382537842,0.017016476392745977,2.402298849716473,1
5,1229,0.26255035400390625,0,50.582881927490234,0.07537167370319367,-0.48957179749011986,0
5,1229,-0.6773821719846396,1,50.582881927490234,0.07537167370319367,-1.1694368494672116,1
5,1230,0.9247055053710938,0,113.05236053466797,0.06130922436714173,-0.4140885689258574,0
5,1230,-1.052029087040701,1,113.05236053466797,0.06130922436714173,-3.167557753749447,1
5,1231,1.1751747131347656,1,140.63262939453125,0.024641680717468264,0.7367111711502077,0
5,1232,1.4999237060546875,1,156.65817260742188,0.02009520083665848,1.0658801519274714,0
5,1233,1.5450439453125,1,148.3306884765625,0.01476307064294815,1.3228835982680323,0
5,1234,1.5886459350585938,1,143.97430419921875,0.008084264397621159,1.4974824155569078,0
5,1235,-0.9077606201171875,1,125.16783905029297,0.032145605981349946,-3.120163845479488,0
5,1236,-1.0819625854492188,1,92.90694427490234,0.004218000918626786,-2.82223277643323,0
5,1237,-0.7813873291015625,1,68.20297241210938,0.01849445626139641,-1.7275738846957684,0
5,1238,-0.5224685668945312,1,36.830902099609375,0.02935057692229748,-0.5827291988581419,0
5,1239,-0.16324615478515625,1,1.5525816679000854,0.0288605984300375,0.8413016331344841,0
5,1240,0.3007774353027344,1,49.865718841552734,0.00979586392641068,0.8038486592173578,0
5,1241,0.6785392761230469,1,79.91790771484375,0.04523919522762299,0.956910830140114,0
5,1242,0.856658935546875,1,87.43285369873047,0.00010021701455116203,1.1646567884385586,0
5,1243,0.9263534545898438,1,97.5685043334961,0.05517917945981026,1.0991296553313734,0
5,1244,0.736083984375,1,92.5025863647461,0.0034886598587036133,0.8219766950607301,0
5,1245,-0.8085441589355469,1,88.27971649169922,0.06302010416984559,-2.185203451871872,0
5,1246,-0.8954277038574219,1,73.74191284179688,0.05209827423095703,-2.0677775955200195,0
5,1247,-0.6490249633789062,1,57.739253997802734,0.06420837044715882,-1.2554033415317536,0
5,1248,-0.4811134338378906,1,40.126800537109375,0.06912723779678345,-0.5675279679298402,0
5,1249,-0.3157196044921875,1,25.096891403198242,0.03373043090105057,0.06527374571561813,0
5,1250,-0.05152130126953125,1,13.736723899841309,0.03242569416761398,0.8209258916974067,0
5,1251,0.46949005126953125,1,66.69235229492188,0.055947956442832944,0.8028951383829118,0
5,1252,0.70245361328125,1,82.86284637451172,0.003387930989265441,0.9475147818326951,0
5,1253,0.9274826049804688,1,83.42742156982422,0.05248879194259644,1.3843172268867494,0
5,1254,0.8451271057128906,1,85.92986297607422,0.014532442390918731,1.1710756542086602,0
5,1255,-0.15974807739257812,1,93.3875961303711,0.03193125352263451,-0.9885253275334837,0
5,1256,-0.8129196166992188,1,85.55602264404297,0.03759728744626045,-2.1384635777771472,0
5,1257,-0.8169937133789062,1,63.278194427490234,0.005686038732528688,-1.699778756856918,0
5,1258,-0.5547409057617188,1,50.53329086303711,0.07165949046611786,-0.9230140084028243,0
5,1259,-0.3994140625,1,30.067441940307617,0.014672918617725371,-0.20076388055086136,0
5,1260,-0.171112060546875,1,10.269164085388184,0.06232588142156601,0.6498995619416237,0
5,1261,0.04491424560546875,1,18.413543701171875,0.020679162442684175,0.9207304506897925,0
5,1262,0.3818168640136719,1,47.28316879272461,0.022236140072345735,1.017080906569958,0
5,1263,0.534820556640625,1,68.99261474609375,0.06060412079095841,0.8873646535277369,0
5,1264,0.7791938781738281,1,83.70970916748047,0.06449178308248521,1.0816139016747475,0
5,1265,0.8831558227539062,1,91.57561492919922,0.061378592252731325,1.132344203233719,0
5,1266,0.40494537353515625,1,90.06880950927734,0.020501837134361267,0.20769448339939128,0
5,1267,-0.8642578125,1,83.0421371459961,0.021837630867958067,-2.1902318731546404,0
5,1268,-0.8706474304199219,1,76.4312744140625,0.020527657866477967,-2.0707414554357526,0
5,1269,-0.7040634155273438,1,64.56756591796875,0.003554749488830569,-1.4996203393936158,0
5,1270,-0.5735435485839844,1,51.53274154663086,0.002257990837097164,-0.9778322477340698,0
5,1271,-0.29387664794921875,1,13.530730247497559,0.06113211661577225,0.3391868144869804,0
5,1272,0.19646453857421875,1,45.20034408569336,0.03026099130511284,0.6877117557823658,0
5,1273,0.6143074035644531,1,85.0868148803711,0.011491123959422112,0.7264188645631076,0
5,1274,0.9877281188964844,1,106.10961151123047,0.03892285861074924,1.0517070932239296,0
5,1275,1.0965614318847656,1,110.8741683959961,0.04470341205596924,1.173851359367371,0
5,1276,0.10231781005859375,1,113.03328704833984,0.04210360050201416,-0.8577142648696898,0
5,1277,-1.0016326904296875,1,108.98970794677734,0.04550653845071793,-2.98487980133295,0
5,1278,-1.0122451782226562,1,92.88787078857422,0.05166405886411667,-2.684314334571362,0
5,1279,-0.7880020141601562,1,65.5059814453125,0.05049257427453995,-1.6881433601975442,0
5,1280,-0.517425537109375,1,31.501768112182617,0.055803368985652926,-0.4671185712218285,0
5,1281,-0.16941070556640625,1,9.731292724609375,0.014927661418914794,0.6659556279182434,0
5,1282,0.13258743286132812,1,38.242340087890625,0.016777904331684114,0.6996569477915764,0
5,1283,0.7373123168945312,1,88.71459197998047,0.030194623768329622,0.8991250092387201,0
5,1284,0.9531593322753906,1,118.1983871459961,0.03145922422409057,0.7410925526618961,0
5,1285,1.3007698059082031,1,138.31710815429688,0.001620200276374821,1.035132640719414,0
5,1286,0.3950538635253906,1,153.0609130859375,0.07975365817546845,-1.0743006809949873,0
5,1287,-1.5744094848632812,1,160.02273559570312,0.0488905817270279,-5.151229304909706,0
5,1288,-1.565826416015625,1,151.2298583984375,0.06232819557189942,-5.5587431278228765,0
5,1289,-1.5483894348144531,0,131.1187744140625,0.06113592237234115,-5.72159979480505,0
5,1289,-0.24165908668300773,1,131.1187744140625,0.06113592237234115,-1.9081390985421591,1
5,1290,-1.2020072937011719,0,111.26326751708984,0.0370304673910141,-4.630761156439781,0
5,1290,-0.2668568051327469,1,111.26326751708984,0.0370304673910141,-1.5604601793029311,1
5,1291,-0.9070816040039062,0,92.32329559326172,0.015000857412815097,-3.6612291541695594,0
5,1291,1.6651486671977835,1,92.32329559326172,0.015000857412815097,2.6832313882338203,1
5,1292,-0.6412162780761719,0,32.09686279296875,0.03488352107815445,-1.925765152854845,0
5,1292,0.02036570190745124,1,32.09686279296875,0.03488352107815445,0.5973988071124012,1
5,1293,0.23891830444335938,0,71.136474609375,0.03149244976229966,-0.9461525812912732,0
5,1293,-0.008388206057283298,1,71.136474609375,0.03149244976229966,-0.24076560229255864,1
5,1294,1.2427101135253906,0,165.59217834472656,0.003452509641647339,-0.826561440229416,0
5,1294,-1.097249450853532,1,165.59217834472656,0.003452509641647339,-4.306480568987261,1
5,1295,1.6818008422851562,1,195.5680694580078,0.006995737552642822,0.6519604659080506,0
5,1296,2.022502899169922,1,206.8290557861328,0.07766089737415315,1.105318246722221,0
5,1297,2.2781753540039062,1,205.3794708251953,0.04264262053184212,1.6470555866826322,0
5,1298,-0.7833023071289062,1,195.0187530517578,0.005069228308275342,-4.2671824444253,0
5,1299,-1.8405189514160156,1,173.7899627685547,0.04059366248548031,-5.9584609047025445,0
5,1300,-1.7085647583007812,1,138.21029663085938,0.018288177251815797,-5.582066976308823,0
5,1301,-1.12548828125,0,90.0306625366211,0.01802334925159812,-4.052310747202486,0
5,1301,1.0308762154823725,1,90.0306625366211,0.01802334925159812,1.4604182462622592,1
5,1302,-0.5666007995605469,0,40.87447738647461,0.027563564572483303,-1.9517936894334853,0
5,1302,0.911898657544711,1,40.87447738647461,0.027563564572483303,2.2052052247770306,1
5,1303,-0.17273712158203125,0,1.7089842557907104,0.05290811955928802,-0.3817702530622482,0
5,1303,-0.005352175958002192,1,1.7089842557907104,0.05290811955928802,1.1529996381858099,1
5,1304,0.18083953857421875,0,30.372617721557617,0.006767968833446502,-0.24604399603605268,0
5,1304,-0.24242094177235884,1,30.372617721557617,0.006767968833446502,0.1074350432707921,1
5,1305,0.4443206787109375,0,55.221553802490234,0.005043932050466538,-0.21599147590994827,0
5,1305,0.24853869045129073,1,55.221553802490234,0.005043932050466538,0.5924445475707584,1
5,1306,0.71624755859375,0,85.45684051513672,0.004970289021730422,-0.27684050467610366,0
5,1306,-0.7053125482788545,1,85.45684051513672,0.004970289021730422,-1.9199607184213128,1
5,1307,1.0129241943359375,1,113.3003158569336,0.01553877890110016,0.9592205203771594,0
5,1308,1.2941665649414062,1,142.3797607421875,0.011517700552940373,0.9402772070169451,0
5,1309,1.5237579345703125,1,158.24127197265625,0.07996643483638764,1.0794917722940447,0
5,1310,1.4413642883300781,1,165.0962677001953,0.030412315577268603,0.7795867300331593,0
5,1311,-1.6140823364257812,1,156.2042236328125,0.020864885300397873,-5.153083740919828,0
5,1312,-1.3378105163574219,1,142.16232299804688,0.07053241431713105,-4.3216887892484666,0
5,1313,-1.326812744140625,1,125.08773040771484,0.06213664263486862,-4.557865562140941,0
5,1314,-1.2395210266113281,0,101.5357894897461,0.015974619053304197,-4.51039682777971,0
5,1314,0.5946329571974474,1,101.5357894897461,0.015974619053304197,0.357911139837841,1
5,1315,-0.8971099853515625,0,80.33370208740234,0.045126113854348664,-3.4026990570053455,0
5,1315,0.940447572367674,1,80.33370208740234,0.045126113854348664,1.4724160584331272,1
5,1316,-0.6362380981445312,0,63.32015609741211,0.0934962809085846,-2.542619169473648,0
5,1316,0.664647744993573,1,63.32015609741211,0.0934962809085846,1.2591525168025608,1
5,1317,0.12100982666015625,0,98.1025619506836,0.06814626604318619,-1.7227574363350868,0
5,1317,0.409402026960457,1,98.1025619506836,0.06814626604318619,0.054026964265514815,1
5,1318,0.0,0,0.0,0.007580278813838957,-0.0003032111525535583,0
5,1318,-0.07153363359915232,1,0.0,0.007580278813838957,1.0566295216491417,1
5,1319,0.10543441772460938,0,0.0,0.0630614072084427,0.20834637916088103,0
5,1319,-0.21670500582900587,1,0.0,0.0630614072084427,0.7640675320536505,1
5,1320,1.3639869689941406,0,155.91049194335938,0.028247481584548952,-0.3913658001422882,0
5,1320,-1.626366508170804,1,155.91049194335938,0.028247481584548952,-5.172072754472177,1
5,1321,1.7179603576660156,1,182.7010955810547,0.036872977018356325,0.9804238846302024,0
5,1322,2.0734519958496094,1,190.1359405517578,0.005026823282241827,1.543984107732772,0
5,1323,1.6455268859863281,1,184.76866149902344,0.06339380741119385,0.7931447896957398,0
5,1324,-1.7599945068359375,1,167.26683044433594,0.03092314787209034,-5.666562548473478,0
5,1325,-1.3881340026855469,1,142.87567138671875,0.04130166880786419,-4.435433499857783,0
5,1326,-1.3382720947265625,1,102.35213470458984,0.0018274694681167589,-4.123659982323646,0
5,1327,-0.7234382629394531,0,62.164302825927734,0.06289872825145722,-2.6926785315275192,0
5,1327,0.501231096516463,1,62.164302825927734,0.06289872825145722,0.9566601873843134,1
5,1328,-0.4092674255371094,0,25.184629440307617,0.013635364174842837,-1.3227728544473647,0
5,1328,0.4136015306414862,1,25.184629440307617,0.013635364174842837,1.5229650579098266,1
5,1329,-0.10215377807617188,0,0.3929137885570526,0.06649982929229736,-0.2148258250951767,0
5,1329,0.37557593242971166,1,0.3929137885570526,0.06649982929229736,1.9406335959165906,1
5,1330,0.18037033081054688,0,30.906675338745117,0.002729392051696776,-0.2575020208358764,0
5,1330,1.6466553404501312,1,30.906675338745117,0.002729392051696776,3.8750679984432925,1
5,1331,0.43814849853515625,0,63.842769622802734,0.06866584420204164,-0.40330502915382377,0
5,1331,-0.6785540670392578,1,63.842769622802734,0.06866584420204164,-1.436710160302652,1
5,1332,0.8457984924316406,1,102.43224334716797,0.017925000935792926,0.8422351178824905,0
5,1333,1.3085746765136719,1,129.79507446289062,0.03125875666737556,1.2199975135028365,0
5,1334,1.3984413146972656,1,147.13668823242188,0.03544759005308151,1.0527309611439706,0
5,1335,1.3690528869628906,1,155.08651733398438,0.0459418922662735,0.834537751555443,0
5,1336,-1.1354560852050781,1,158.76388549804688,0.023748823255300526,-4.247139833301306,0
5,1337,-1.5473060607910156,1,149.60098266601562,0.01528341844677925,-4.887243111640215,0
5,1338,-1.2765312194824219,1,135.08224487304688,0.010515333712100984,-4.655127949774266,0
5,1339,-1.2311172485351562,0,112.28942108154297,0.026860117167234424,-4.709097323387861,0
5,1339,-0.4312170768831223,1,112.28942108154297,0.026860117167234424,-1.9092969800837931,1
5,1340,-1.0645866394042969,0,83.64867401123047,0.023805057257413866,-3.8030989613234993,0
5,1340,1.8796186407400768,1,83.64867401123047,0.023805057257413866,3.2853115989652473,1
5,1341,-0.6891822814941406,0,57.029720306396484,0.025945128500461583,-2.5199967742562293,0
5,1341,0.7399350046887889,1,57.029720306396484,0.025945128500461583,1.53823779810963,1
5,1342,-0.19752120971679688,0,13.202666282653809,0.087794229388237,-0.6626075142621994,0
5,1342,0.7941860976164818,1,13.202666282653809,0.087794229388237,2.520807100404358,1
5,1343,0.6338920593261719,0,90.77452850341797,0.023537619411945345,-0.5486479561924935,0
5,1343,-0.9423341833840269,1,90.77452850341797,0.023537619411945345,-2.5011004416128912,1
5,1344,1.2878150939941406,0,159.32464599609375,0.0001845329999923713,-0.6108701132535934,0
5,1344,0.31511435720390324,1,159.32464599609375,0.0001845329999923713,-1.356271586834068,1
5,1345,1.5353927612304688,1,171.9741668701172,0.020193819701671605,0.8304944322705269,0
5,1346,1.7187843322753906,1,172.2068634033203,0.08535356819629669,1.1900172537565223,0
5,1347,1.7146148681640625,1,171.11585998535156,0.0697226881980896,1.2041236290931694,0
5,1348,-0.5817718505859375,1,164.76820373535156,0.0001542001962661771,-3.2589139438867574,0
5,1349,-1.5350379943847656,1,141.08657836914062,0.04481146633625031,-4.693600014805794,0
5,1350,-1.2036323547363281,1,100.95977020263672,0.025132304430007933,-3.2274654057025907,0
5,1351,-0.8447227478027344,1,57.74306869506836,0.0010748267173767145,-2.2443498625755307,0
5,1352,-0.3390235900878906,0,21.354673385620117,0.07074508368968964,-1.107970451235771,0
5,1352,2.9522963286221824,1,21.354673385620117,0.07074508368968964,6.674669386184374,1
5,1353,-0.00424957275390625,0,16.4794921875,0.037992653995752336,-0.3396086954176426,0
5,1353,0.10543206335891853,1,16.4794921875,0.037992653995752336,1.079754576808007,1
5,1354,0.41595458984375,1,55.320735931396484,0.013233959674835205,0.9249651026725771,0
5,1355,0.7728157043457031,1,95.36742401123047,0.033354281634092334,0.8369487572014332,0
5,1356,1.0901870727539062,1,117.07686614990234,0.05464023798704147,1.0366512129902843,0
5,1357,1.1244583129882812,1,130.93185424804688,0.06407471150159837,0.8277165525555612,0
5,1358,1.376953125,1,143.39065551757812,0.08928683400154114,1.082521666288376,0
5,1359,-1.0635871887207031,1,148.75411987304688,0.02276672273874283,-3.9031674438118933,0
5,1360,-1.4538192749023438,1,140.93399047851562,0.050458551943302156,-4.528336701452732,0
5,1361,-1.1959190368652344,1,125.53404998779297,0.01865874230861664,-4.303265423178673,0
5,1362,-1.1417274475097656,0,104.5722885131836,0.013284128904342656,-4.375432030439376,0
5,1362,-0.31105398131007433,1,104.5722885131836,0.013284128904342656,-1.5140850980399942,1
5,1363,-0.9588890075683594,0,70.74737548828125,0.07559629678726196,-3.335749376773834,0
5,1363,-0.2032080347523788,1,70.74737548828125,0.07559629678726196,-0.6243874311418731,1
5,1364,-0.3722496032714844,0,6.053924083709717,0.05877154320478439,-0.8679285499453544,0
5,1364,0.24022529668082626,1,6.053924083709717,0.05877154320478439,1.557021249959267,1
5,1365,0.3674125671386719,0,71.8536376953125,0.03404532968997955,-0.7036094328165055,0
5,1365,0.6486659332194833,1,71.8536376953125,0.03404532968997955,1.0588972993451176,1
5,1366,1.0445404052734375,0,126.9721908569336,0.02247366700321436,-0.4512619532719253,0
5,1366,-1.3153437964311792,1,126.9721908569336,0.02247366700321436,-3.9710303566811582,1
5,1367,1.4398727416992188,1,154.16336059570312,0.04293215516954661,0.9947609852775933,0
5,1368,1.4349632263183594,1,161.75840759277344,0.041427765227854255,0.8331011901721358,0
5,1369,1.7804603576660156,1,160.9763946533203,0.05036595556885004,1.5393781840428702,0
5,1370,-0.7860221862792969,1,154.35409545898438,0.05073082931339741,-3.461155514910817,0
5,1371,-1.2996978759765625,1,134.53292846679688,0.01281142942607403,-4.090566778466106,0
5,1372,-1.1903228759765625,1,105.68999481201172,0.048557286709547044,-3.296387939661741,0
5,1373,-0.9229583740234375,1,64.1021728515625,0.005882576107978821,-2.528195508122444,0
5,1374,-0.4352607727050781,0,27.565000534057617,0.03427736088633537,-1.423192650526762,0
5,1374,1.6357060769831548,1,27.565000534057617,0.03427736088633537,3.918741048849704,1
5,1375,-0.10552978515625,0,0.2136230319738388,0.005260612815618515,-0.21554245546460152,0
5,1375,0.6565340203726393,1,0.2136230319738388,0.005260612815618515,2.5085851555931775,1
5,1376,0.1712646484375,1,31.822202682495117,0.00957542806863785,0.9057022261023522,0
5,1377,0.5019569396972656,1,54.64553451538086,0.020806880295276643,1.1101709138751032,0
5,1378,0.6543159484863281,1,90.20613861083984,0.0892750084400177,0.7009381244182588,0
5,1379,1.0711555480957031,1,118.06868743896484,0.04962311424314976,0.9789524228423837,0
5,1380,1.2946434020996094,1,139.09530639648438,0.03362566791474819,1.0060356495529414,0
5,1381,1.4143142700195312,1,152.58026123046875,0.0066671669483184814,0.976756628751755,0
5,1382,-1.682952880859375,1,150.71487426757812,0.06747126579284668,-5.182902097702026,0
5,1383,-1.4560470581054688,1,140.62881469726562,0.004986286163330078,-4.524869861602783,0
5,1384,-1.3226814270019531,1,124.72151947021484,0.05343554615974427,-4.541930665254593,0
5,1385,-1.0400810241699219,0,83.97673797607422,0.07174376845359803,-3.762566558599472,0
5,1385,-0.31057158510199656,1,83.97673797607422,0.07174376845359803,-1.1035476804636215,1
5,1386,-0.4512939453125,0,10.066985130310059,0.031205729767680167,-1.1051758224219084,0
5,1386,0.2769052392959779,1,10.066985130310059,0.031205729767680167,1.5512225467950476,1
5,1387,0.3281288146972656,0,66.619873046875,0.03879668526351453,-0.6776916989535093,0
5,1387,0.40736923002901904,1,66.619873046875,0.03879668526351453,0.6807891317099977,1
5,1388,0.9792633056640625,1,119.57549285888672,0.005991157889366147,0.7667771078348163,0
5,1389,1.3297843933105469,1,139.54544067382812,0.07921022772789002,1.065491564035416,0
5,1390,1.4218330383300781,1,142.50946044921875,0.02620912678539753,1.1924285026043655,0
5,1391,1.4567756652832031,1,148.77700805664062,0.0378891933709383,1.1364956016987564,0
5,1392,-0.5403404235839844,1,143.83697509765625,0.022409120202064516,-2.758316713929176,0
5,1393,-1.33880615234375,1,123.9967269897461,0.0026637852191925063,-3.9576533958911893,0
5,1394,-1.0909194946289062,1,96.2715072631836,0.0031778901815414443,-2.907396250128746,0
5,1395,-0.8042488098144531,1,67.67654418945312,0.028699195384979247,-1.7631764712333677,0
5,1396,-0.4827728271484375,1,42.56820297241211,0.09247921109199525,-0.6206088821887971,0
5,1397,-0.2634544372558594,1,7.465362071990967,0.016883537173271183,0.523108542561531,0
5,1398,0.08856582641601562,1,23.803709030151367,0.008307003974914549,0.9007251920700073,0
5,1399,0.40483856201171875,1,53.48586654663086,0.0574010968208313,0.9376637492179873,0
5,1400,0.712493896484375,1,87.70369720458984,0.06226921677589417,0.8684230802059174,0
5,1401,1.1585311889648438,1,118.26323699951172,0.03920088941231371,1.1502296023629608,0
5,1402,1.2689666748046875,1,131.91986083984375,0.0030006640590727334,1.0994161062501373,0
5,1403,1.3182907104492188,1,143.98956298828125,0.017435216903686525,0.9560927524566653,0
5,1404,-1.6006317138671875,1,144.561767578125,0.030122962594032285,-4.893703697800636,0
5,1405,-1.2739295959472656,1,138.19503784179688,0.06820243000984191,-4.114488045930862,0
5,1406,-1.3070449829101562,1,123.6305160522461,0.07031448185443878,-4.489512866139412,0
5,1407,-1.0937461853027344,0,96.2104721069336,0.012925654649734504,-4.11221883893013,0
5,1407,0.622287141839081,1,96.2104721069336,0.012925654649734504,0.5198478153535008,1
5,1408,-0.7417716979980469,0,71.83837890625,0.06923489570617676,-2.9230803699493406,0
5,1408,0.40425943971673917,1,71.83837890625,0.06923489570617676,0.5689819054802314,1
5,1409,-0.6261444091796875,0,44.96383285522461,0.009431540966033939,-2.1519427371025084,0
5,1409,0.9645774023630693,1,44.96383285522461,0.009431540966033939,2.2295008859830054,1
5,1410,-0.14656829833984375,0,14.541625022888184,0.008137476444244385,-0.584294596195221,0
5,1410,-0.04802788430640703,1,14.541625022888184,0.008137476444244385,0.8127862318716524,1
5,1411,0.3692817687988281,0,59.890743255615234,0.05351452231407165,-0.4613919084072112,0
5,1411,-0.4481407340110408,1,59.890743255615234,0.05351452231407165,-0.8962369140269492,1
5,1412,1.0203399658203125,0,122.83324432373047,0.04686456918716431,-0.4178595376014708,0
5,1412,-0.6426960370372186,1,122.83324432373047,0.04686456918716431,-2.543931543316533,1
5,1413,1.4426841735839844,1,157.39822387695312,0.0004236578941345208,0.937386923313141,0
5,1414,1.5075569152832031,1,174.19813537597656,0.07396089136600495,0.7281926873922349,0
5,1415,1.7769622802734375,1,178.74143981933594,0.07031099796295166,1.1762833242416373,0
5,1416,-0.5200843811035156,1,172.2068634033203,0.03711517974734306,-3.2857906374633314,0
5,1417,-1.6136512756347656,1,150.48980712890625,0.006669000536203385,-5.037365453869104,0
5,1418,-1.3344917297363281,1,118.6256332397461,0.013389335200190543,-4.442031697675586,0
5,1419,-0.9839019775390625,0,81.55821990966797,0.01926562823355198,-3.5997389784008265,0
5,1419,-0.4970967595408169,1,81.55821990966797,0.01926562823355198,-1.4261285424043353,1
5,1420,-0.6242790222167969,0,47.584529876708984,0.0026364922523498518,-2.2003541016578674,0
5,1420,0.24590762930665733,1,47.584529876708984,0.0026364922523498518,0.7400192013890411,1
5,1421,-0.3097343444824219,0,18.18084716796875,0.039457826316356664,-0.984663945376873,0
5,1421,0.9147699594734888,1,18.18084716796875,0.039457826316356664,2.6643446625349485,1
5,1422,-0.0341949462890625,0,8.045196533203125,0.04868581593036652,-0.23124125587940217,0
5,1422,0.7420019776647138,1,8.045196533203125,0.04868581593036652,2.5211525920281503,1
5,1423,0.18308258056640625,0,25.295255661010742,0.06224829256534577,-0.14222988379001614,0
5,1423,0.7038007372518322,1,25.295255661010742,0.06224829256534577,2.099206429580836,1
5,1424,0.41202545166015625,0,55.96541976928711,0.06830642223358155,-0.29798974895477287,0
5,1424,1.0568032944534238,1,55.96541976928711,0.06830642223358155,2.1915659366317626,1
5,1425,0.7644500732421875,1,93.18541717529297,0.07225943505764008,0.8623014255762101,0
5,1426,1.11749267578125,1,125.66374969482422,0.0013394951820373535,0.9216567778587345,0
5,1427,1.38360595703125,1,146.89254760742188,0.0564869374036789,1.0271014844179156,0
5,1428,1.3655815124511719,1,154.10995483398438,0.01050688624382019,0.8485436527729037,0
5,1429,0.0913543701171875,1,156.36825561523438,0.00045939981937408517,-1.7446747480630875,0
5,1430,-1.5408554077148438,1,151.06201171875,0.07430555522441865,-4.905923272013664,0
5,1431,-1.3055915832519531,1,139.50347900390625,0.07166180163621902,-4.20411921864748,0
5,1432,-1.2977790832519531,1,121.21581268310547,0.05481873899698257,-4.422067169725895,0
5,1433,-1.1799354553222656,0,94.76851654052734,0.07177419066429139,-4.2581122090816494,0
5,1433,-0.4563444236084919,1,94.76851654052734,0.07177419066429139,-1.6109301456541025,1
5,1434,-0.7083892822265625,0,64.84603881835938,0.014955809712409972,-2.714297573208809,0
5,1434,-0.12593051031107905,1,64.84603881835938,0.014955809712409972,-0.349380029377842,1
5,1435,-0.31552886962890625,0,3.681182622909546,0.015536746382713316,-0.705302861571312,0
5,1435,0.6496924898866041,1,3.681182622909546,0.015536746382713316,2.4251398574597087,1
5,1436,0.45621490478515625,0,79.95986938476562,0.08429185450077056,-0.6901392523050308,0
5,1436,-0.3845393645485231,1,79.95986938476562,0.08429185450077056,-1.1716477909723897,1
5,1437,1.228851318359375,0,132.32421875,0.05011301040649414,-0.19078625869750976,0
5,1437,0.1141440318540532,1,132.32421875,0.05011301040649414,-1.2202008317081534,1
5,1438,1.3353500366210938,1,159.92355346679688,0.001315819472074509,0.6721763711273672,0
5,1439,1.6692962646484375,1,169.2428436279297,0.02452521696686745,1.1527546480596065,0
5,1440,1.860504150390625,1,168.4341278076172,0.03263233629986644,1.5510204511769108,0
5,1441,-0.4616127014160156,1,166.90443420410156,0.0003415983170270919,-3.061327750846744,0
5,1442,-1.4069442749023438,1,144.744873046875,0.04331550737842917,-4.510518631037325,0
5,1443,-1.2382621765136719,1,104.43114471435547,0.09188277125358582,-3.368822558164596,0
5,1444,-0.8872222900390625,1,62.095638275146484,0.027677097916603093,-2.4174644294977186,0
5,1445,-0.4518165588378906,0,32.6690673828125,0.024301627278327947,-1.5579865304231644,0
5,1445,1.9254755526287042,1,32.6690673828125,0.024301627278327947,4.396597692510024,1
5,1446,-0.15212249755859375,0,3.742217779159546,0.015380734205245977,-0.37970458006858826,0
5,1446,0.15690268188718903,1,3.742217779159546,0.015380734205245977,1.4383457788229774,1
5,1447,0.12937545776367188,0,26.336668014526367,0.019474396109581,-0.2687614206075668,0
5,1447,0.034034515024195855,1,26.336668014526367,0.019474396109581,0.7405566939134811,1
5,1448,0.5074501037597656,1,63.796993255615234,0.0027781903743743924,0.9388492147922518,0
5,1449,0.8444976806640625,1,100.97884368896484,0.0040836542844772325,0.8692551413774493,0
5,1450,1.0271759033203125,1,122.84468841552734,0.07030749917030335,0.7946457383632664,0
5,1451,1.437042236328125,1,135.24627685546875,0.05835858583450318,1.366824592113495,0
5,1452,1.1730995178222656,1,132.5225830078125,0.013494959473609926,0.8952075771093371,0
5,1453,-1.3389472961425781,1,135.99014282226562,0.06486422419548035,-4.200292017698287,0
5,1454,-1.3583030700683594,1,134.58251953125,0.017065930366516116,-4.2089391679763795,0
5,1455,-1.2820777893066406,1,121.48284149169922,3.954768180847168e-05,-4.393813990354539,0
5,1456,-1.1155204772949219,0,102.99681854248047,0.05767397582530976,-4.293284284472465,0
5,1456,0.4554251739074431,1,102.99681854248047,0.05767397582530976,0.04860701793226472,1
5,1457,-0.6093292236328125,0,18.0511474609375,0.011504745483398436,-1.580141586303711,0
5,1457,0.13170489087221426,1,18.0511474609375,0.011504745483398436,1.1019266427063426,1
5,1458,0.3434791564941406,0,75.50811767578125,0.00952706038951874,-0.8235851229429245,0
5,1458,0.00407273331134661,1,75.50811767578125,0.00952706038951874,-0.3023979693085126,1
5,1459,0.9672279357910156,1,128.25393676757812,0.04067409215494991,0.567750172544271,0
5,1460,1.4598503112792969,1,156.49032592773438,0.04597853301092983,0.9880549626834693,0
5,1461,1.7825393676757812,1,163.74205017089844,0.06550152450799943,1.487617670953273,0
5,1462,1.0065574645996094,1,162.4984588623047,0.016231397166848186,-0.03750350393354891,0
5,1463,-1.5730361938476562,1,151.67236328125,0.03720128349959851,-4.981007704660296,0
5,1464,-1.3805313110351562,1,123.9509506225586,0.03289540535770357,-4.041397450735793,0
5,1465,-1.0634117126464844,1,92.1211166381836,0.045016751950606705,-3.3710464281346653,0
5,1466,-0.8066673278808594,0,57.823177337646484,0.006068214774131775,-2.770040931105614,0
5,1466,1.1575828214207746,1,57.823177337646484,0.006068214774131775,2.3584593674976544,1
5,1467,-0.3751564025878906,0,20.366666793823242,0.06602884531021119,-1.1602872948646545,0
5,1467,0.7161807254284227,1,20.366666793823242,0.06602884531021119,2.2223869611679725,1
5,1468,-0.0393829345703125,0,7.709502696990967,0.055741989612579354,-0.2351856026649475,0
5,1468,0.12002922952181194,1,7.709502696990967,0.055741989612579354,1.2836387255193014,1
5,1469,0.2503318786621094,0,39.684295654296875,0.07425406277179719,-0.29599231827259065,0
5,1469,0.009925937814877273,1,39.684295654296875,0.07425406277179719,0.4231958000329451,1
5,1470,0.5193977355957031,1,72.58224487304688,0.0789128452539444,0.7839940599203111,0
5,1471,0.8955802917480469,1,102.5581283569336,0.049464565515518186,0.9380194337368015,0
5,1472,1.1495094299316406,1,124.3629379272461,0.028083088994026187,1.0106367777585987,0
5,1473,1.3361320495605469,1,141.08657836914062,0.0010940261185169217,1.0504887706935409,0
5,1474,1.1725044250488281,1,150.05874633789062,0.031266603618860245,0.5425832591950895,0
5,1475,-1.5131721496582031,1,151.72958374023438,0.07176851630210877,-4.863806714773178,0
5,1476,-1.6062507629394531,1,138.86642456054688,0.031486321426928046,-4.791089469946921,0
5,1477,-1.1729698181152344,1,123.26049041748047,0.04644672963768244,-4.213007313765585,0
5,1478,-1.1030693054199219,0,98.27803802490234,0.023910401761531832,-4.172655787408352,0
5,1478,0.5494274294395254,1,98.27803802490234,0.023910401761531832,0.3323376823105427,1
5,1479,-0.831787109375,0,70.78170776367188,0.004610858857631683,-3.079392808377743,0
5,1479,-0.04893319659867501,1,70.78170776367188,0.004610858857631683,-0.31368498282509283,1
5,1480,-0.4665412902832031,0,13.317107200622559,0.041830360889434814,-1.2010979390144347,0
5,1480,0.4503368628436917,1,13.317107200622559,0.041830360889434814,1.832658367239355,1
5,1481,0.19110488891601562,0,50.224300384521484,0.06154637932777405,-0.6247380850315093,0
5,1481,-0.6728502268806125,1,50.224300384521484,0.06154637932777405,-1.1526483166247656,1
5,1482,0.7793502807617188,0,95.42082977294922,0.009931886196136476,-0.3501133093833924,0
5,1482,0.5996338122168865,1,95.42082977294922,0.009931886196136476,0.49045375352694326,1
5,1483,1.2640876770019531,1,130.4168701171875,0.04190978556871414,1.1181615602374078,0
5,1484,1.4550590515136719,1,156.646728515625,0.008738024346530437,0.9768340117409827,0
5,1485,1.4799652099609375,1,169.1551055908203,0.0027417333796620367,0.7767186387702822,0
5,1486,1.6425132751464844,1,168.52186584472656,0.01832023523747921,1.1138564239889384,0
5,1487,-1.6094512939453125,1,152.56118774414062,0.012325084209442137,-5.070619346141815,0
5,1488,-1.5044517517089844,1,122.0130844116211,0.009216929972171783,-4.249533868849277,0
5,1489,-0.9382057189941406,1,89.24864959716797,0.06490925401449203,-2.4639808000922203,0
5,1490,-0.7211875915527344,1,45.37582015991211,0.08397940993309022,-1.7532507627010345,0
5,1491,-0.2654838562011719,0,12.596129417419434,0.019987623393535617,-0.7836898056864738,0
5,1491,1.5329448223522562,1,12.596129417419434,0.019987623393535617,4.013167551420383,1
5,1492,0.0092620849609375,0,11.238097190856934,0.01812838762998581,-0.2069629094004631,0
5,1492,0.09004916074039215,1,11.238097190856934,0.01812838762998581,1.1546112421584462,1
5,1493,0.23787689208984375,1,33.80584716796875,0.007185000181198123,0.9993494408130648,0
5,1494,0.5723419189453125,1,69.732666015625,0.09552084803581239,0.9462096836566927,0
5,1495,0.8715972900390625,1,100.0862045288086,0.009024989604949955,0.9411094899177554,0
5,1496,1.022552490234375,1,124.13024139404297,0.06422997713088989,0.7599309535026554,0
5,1497,1.5044746398925781,1,146.33560180664062,0.06762569546699525,1.2795322158336642,0
5,1498,0.19971847534179688,1,150.1922607421875,0.003993630409240723,-1.4045680093765258,0
5,1499,-1.3471755981445312,1,149.078369140625,0.002014583349227904,-4.4759991624355315,0
5,1500,-1.4303627014160156,1,136.0015869140625,0.019506558775901794,-4.381537403464317,0
5,1501,-1.2591133117675781,1,117.4964828491211,0.04056575149297714,-4.269778910577298,0
5,1502,-1.0337257385253906,0,68.90487670898438,0.026251704990863805,-3.4465990794301034,0
5,1502,1.1255082586853433,1,68.90487670898438,0.026251704990863805,2.0718689149913647,1
5,1503,-0.29569244384765625,0,0.8544921278953552,0.05318390876054764,-0.6106020866036416,0
5,1503,1.575421364132687,1,0.8544921278953552,0.05318390876054764,4.331625529357045,1
5,1504,0.39417266845703125,0,71.52557373046875,0.04759603887796403,-0.6440699792504311,0
5,1504,-0.1295653871766902,1,71.52557373046875,0.04759603887796403,-0.491546090517874,1
5,1505,1.0111274719238281,1,121.84905242919922,0.042863651365041736,0.7835593492090706,0
5,1506,1.5059852600097656,1,144.5770263671875,0.03994424268603325,1.31883222296834,0
5,1507,1.4630813598632812,1,145.63751220703125,0.058169749379158024,1.2110856856107715,0
5,1508,1.2823486328125,1,139.27459716796875,0.03154046684503556,0.9779437035918238,0
5,1509,-0.7329940795898438,1,124.73296356201172,0.03680497854948044,-2.7621196295619006,0
5,1510,-1.0296440124511719,1,105.1978988647461,0.006707000732421878,-2.963514282226562,0
5,1511,-0.8974075317382812,1,75.7598876953125,0.061118644475936894,-2.1124575631618496,0
5,1512,-0.5927696228027344,1,46.081539154052734,0.057518959045410156,-0.90947078704834,0
5,1513,-0.2933464050292969,1,9.571075439453125,0.0694934755563736,0.4191059421300888,0
5,1514,0.055561065673828125,1,18.177032470703125,0.022723826766014102,0.9466725288629532,0
5,1515,0.3833274841308594,1,48.35891342163086,0.0015807345509529103,0.9994134704470636,0
5,1516,0.5954322814941406,1,67.22259521484375,0.0022199779748916636,1.0463238595724107,0
5,1517,0.7839469909667969,1,87.66173553466797,0.038019864261150366,1.0131384766697884,0
5,1518,0.9443702697753906,1,98.24752044677734,0.05925424993038178,1.1214199606180193,0
5,1519,1.0148391723632812,1,103.4736557006836,0.007136344909667969,1.1599197769165042,0
5,1520,-0.8013496398925781,1,106.9221420288086,0.04789952784776688,-2.5430581014752387,0
5,1521,-1.0640220642089844,1,105.13304901123047,0.0006225183606147766,-3.0307300093770024,0
5,1522,-0.9113998413085938,1,97.42354583740234,0.054212599992752075,-2.5734391033649446,0
5,1523,-0.9665870666503906,1,78.41110229492188,0.07175047993659973,-2.3042661983966823,0
5,1524,-0.4845008850097656,1,18.83697509765625,0.0705043375492096,-0.1485614454746247,0
5,1525,0.1165771484375,1,37.6129150390625,0.05657829940319061,0.6786328641176224,0
5,1526,0.7257156372070312,1,86.05956268310547,0.06792844831943512,0.9275228828191758,0
5,1527,1.0168838500976562,1,112.13301849365234,0.06479362696409226,0.9885155852437022,0
5,1528,1.1664695739746094,1,117.5880355834961,0.020582224160898478,1.1803551473128613,0
5,1529,1.0506439208984375,1,115.53954315185547,0.028063240915071223,0.9893744491231631,0
5,1530,-0.7199363708496094,1,118.0457992553711,0.027343060588464144,-2.601882449230179,0
5,1531,-1.1106376647949219,1,102.53524017333984,0.03753094174899161,-3.0734813707265998,0
5,1532,-0.9140892028808594,1,82.29064178466797,0.07139695882797241,-2.276847119808197,0
5,1533,-0.6235313415527344,1,58.02535629272461,0.028813128918409345,-1.2087223341166973,0
5,1534,-0.4255409240722656,1,29.758451461791992,0.02132300063967705,-0.2471037974059582,0
5,1535,-0.14533615112304688,1,1.9493101835250854,0.014538203179836274,0.869759965956211,0
5,1536,0.1393585205078125,1,23.986814498901367,0.014553181827068329,0.9983986237645149,0
5,1537,0.3690299987792969,1,56.46895980834961,0.04594805985689163,0.8068428789973261,0
5,1538,0.7422599792480469,1,87.68843841552734,0.012604053318500522,0.9302470280528069,0
5,1539,1.1309432983398438,1,114.63545989990234,0.018045125901699068,1.168455593645573,0
5,1540,1.1070289611816406,1,128.570556640625,0.01728731915354729,0.8419552967846395,0
5,1541,0.10915374755859375,1,140.38848876953125,0.04648221507668495,-1.391321568876505,0
5,1542,-1.4066925048828125,1,138.34762573242188,0.03385523110628128,-4.381691733658314,0
5,1543,-1.4735298156738281,1,130.3253173828125,0.040762202441692354,-4.355196467101574,0
5,1544,-1.2149238586425781,1,112.80821990966797,0.0022689640522003188,-4.086102874040604,0
5,1545,-0.8874015808105469,0,65.51361083984375,0.025477367267012597,-3.0860944731086493,0
5,1545,0.19953681908423704,1,65.51361083984375,0.025477367267012597,0.2877823266809185,1
5,1546,-0.2779426574707031,0,4.82177734375,0.011835695430636409,-0.6527942896336317,0
5,1546,-0.37902066518186217,1,4.82177734375,0.011835695430636409,0.34504969494405013,1
5,1547,0.4290199279785156,0,72.39151000976562,0.02951480597257614,-0.5909709364771843,0
5,1547,-0.4307153008602498,1,72.39151000976562,0.02951480597257614,-1.110441394154715,1
5,1548,0.8027763366699219,1,97.22518157958984,0.03621344566345215,0.8596005039215089,0
5,1549,1.0435600280761719,1,109.29869842529297,0.011841109208762647,1.1006724432781343,0
5,1550,1.2436180114746094,1,115.33736419677734,0.029019334726035594,1.3793279656246307,0
5,1551,1.0628623962402344,1,120.52535247802734,0.002250385284423829,0.9151277275085452,0
5,1552,1.2639617919921875,1,120.75423431396484,0.06703481674194336,1.3101575050354006,0
5,1553,-1.140045166015625,1,106.62078094482422,0.0551837369799614,-3.2147133004069324,0
5,1554,-0.9172897338867188,1,78.04489135742188,0.04740863591432572,-2.197373640358448,0
5,1555,-0.5731124877929688,1,52.635189056396484,0.009926661849021912,-0.999325823187828,0
5,1556,-0.4364585876464844,1,30.529020309448242,0.03670473098754883,-0.28496577072143553,0
5,1557,-0.18325042724609375,1,7.900237560272217,0.030260381102561955,0.6742839790582656,0
5,1558,0.028408050537109375,1,11.726378440856934,0.026326209306716926,1.0212354838848114,0
5,1559,0.22239303588867188,1,30.605314254760742,0.0011020153760910034,1.0326357060670854,0
5,1560,0.4594535827636719,1,51.29623031616211,0.008885657787323004,1.092627132892609,0
5,1561,0.6134300231933594,1,69.05746459960938,0.009211753308773038,1.0453422842621805,0
5,1562,0.6623001098632812,1,75.85525512695312,0.0018334463238716125,1.0074217793345452,0
5,1563,0.7786216735839844,1,79.48684692382812,0.05112245380878449,1.1654615105390551,0
5,1564,0.20074844360351562,1,89.50423431396484,0.07180693745613098,-0.19146007657051076,0
5,1565,-0.9820442199707031,1,85.68953704833984,0.037255954742431645,-2.4793694190979005,0
5,1566,-0.7249374389648438,1,76.14898681640625,0.054359194636344914,-1.7750289820432663,0
5,1567,-0.6794586181640625,1,60.279842376708984,0.0861260324716568,-1.367959125161171,0
5,1568,-0.5798606872558594,1,47.821041107177734,0.004585790634155276,-0.9163256282806397,0
5,1569,-0.3753013610839844,1,36.373138427734375,0.05304589346051217,-0.2801873264610768,0
5,1570,-0.2968292236328125,1,24.528501510620117,0.025277424603700638,0.11476042553782456,0
5,1571,-0.20307159423828125,1,13.748167991638184,0.0249959260225296,0.5178936146497726,0
5,1572,-0.00368499755859375,1,12.699126243591309,0.08935061991214752,0.9350734552145004,0
5,1573,0.25118255615234375,1,40.130615234375,0.000666007399559021,0.8997261673212054,0
5,1574,0.517181396484375,1,59.097286224365234,0.02449122965335846,1.0514374192953113,0
5,1575,0.6392059326171875,1,66.42532348632812,0.021591275930404663,1.1490417444705965,0
5,1576,0.7874488830566406,1,77.10647583007812,0.06307688355445862,1.2302451741695406,0
5,1577,0.7535591125488281,1,89.32494354248047,0.06743709743022919,0.9179218703508378,0
5,1578,0.9969100952148438,1,88.71077728271484,0.0029587894678115845,1.4194862931966783,0
5,1579,-0.3836479187011719,1,75.72555541992188,0.09361359179019929,-1.0855514894723892,0
5,1580,-0.6157913208007812,1,62.64876937866211,0.05084637254476548,-1.2865918840765953,0
5,1581,-0.5437202453613281,1,47.47390365600586,0.03273938149213791,-0.8382281391024591,0
5,1582,-0.4221954345703125,1,30.914304733276367,0.04839292913675308,-0.2646126809716225,0
5,1583,-0.20221710205078125,1,15.441893577575684,0.059034474194049835,0.4843665453791618,0
5,1584,-0.10696029663085938,1,9.2926025390625,0.05029382631182671,0.7982156029045582,0
5,1585,-0.033832550048828125,1,4.016876220703125,0.02140231356024742,1.0511412829458713,0
5,1586,0.08423233032226562,1,7.648467540740967,0.026634606905281546,1.2144299255535007,0
5,1587,0.09025192260742188,1,12.870787620544434,0.006441239826381208,1.1228304432108998,0
5,1588,0.16860580444335938,1,20.298002243041992,0.005966293625533582,1.1310129122808577,0
5,1589,0.2852439880371094,1,31.204221725463867,0.02188220601528883,1.14552825332433,0
5,1590,0.37017822265625,1,34.3780517578125,0.04500555396080017,1.2509951879978183,0
5,1591,0.36296844482421875,1,45.27663803100586,0.028611188381910325,1.0192596814930441,0
5,1592,0.5081787109375,1,54.695125579833984,0.0032902441918849943,1.1223233005106452,0
5,1593,0.5127449035644531,1,46.035762786865234,0.021111848950386047,1.3039300774335865,0
5,1594,-0.14896392822265625,1,43.525691986083984,0.013788777589797976,0.031006752729415808,0
5,1595,-0.3674736022949219,1,37.90283203125,0.009690314531326294,-0.2933914577960968,0
5,1596,-0.32752227783203125,1,28.045652389526367,0.043809569999575616,-0.017709986254572877,0
5,1597,-0.281890869140625,1,25.474546432495117,0.006817590817809105,0.12645462943613528,0
5,1598,-0.18254852294921875,1,14.392851829528809,0.03962455466389656,0.5454609353244304,0
5,1599,-0.09352874755859375,1,6.839751720428467,0.043026565015316015,0.8744264078736305,0
5,1600,-0.05817413330078125,1,4.657745361328125,0.015464486181735994,0.9898782467246056,0
5,1601,-0.024379730224609375,1,0.1907348483800888,0.03218548558652401,1.1461384231597185,0
5,1602,-0.00806427001953125,1,2.544402837753296,0.04499082304537297,1.1311837702840566,0
5,1603,-0.012905120849609375,1,1.6555784940719604,0.06197694838047028,1.138599110484123,0
5,1604,0.025913238525390625,1,1.8272398710250854,0.009054554998874665,1.2149194974303243,0
5,1605,0.01319122314453125,1,1.01470947265625,0.03685602694749832,1.2046140157580376,0
5,1606,-0.0056304931640625,1,2.079010009765625,0.06821047067642212,1.1444303946495056,0
5,1607,-0.0286865234375,1,3.921508550643921,0.0008322000503540039,1.0641634941101075,0
5,1608,-0.029998779296875,1,2.361297607421875,0.006906378269195556,1.0925002341270447,0
5,1609,0.003864288330078125,1,3.166198492050171,0.07581684291362763,1.1413719331026078,0
5,1610,0.0379486083984375,1,4.428863525390625,0.025907599925994874,1.1862836422920227,0
5,1611,0.06534576416015625,1,7.808684825897217,0.04795874357223511,1.1725994820594787,0
5,1612,0.08158493041992188,1,7.877349376678467,0.027586635854095223,1.2045194078721106,0
5,1613,0.09538650512695312,1,13.793944358825684,0.04651137897744775,1.1130336679182946,0
5,1614,0.18778610229492188,1,19.107818603515625,0.022483059763908384,1.192516510128975,0
5,1615,0.16624832153320312,1,17.120361328125,0.019038286805152894,1.1893278850317002,0
5,1616,0.1687774658203125,1,14.072417259216309,0.06546412557363511,1.2534880214333535,0
5,1617,0.09857177734375,1,5.645751476287842,0.00801302343606949,1.2839080042243003,0
5,1618,0.01880645751953125,1,0.3280639350414276,0.007755582034587861,1.2307414130568506,0
5,1619,-0.035343170166015625,1,6.233214855194092,0.013298280537128448,1.0041174313426018,0
5,1620,-0.057529449462890625,1,2.300262451171875,0.05409495830535889,1.036772053718567,0
5,1621,-0.001941680908203125,1,1.049041748046875,0.07090288847684861,1.1722996876835823,0
5,1622,0.02982330322265625,1,4.75311279296875,0.017010294646024705,1.1639039388000965,0
5,1623,0.046352386474609375,1,3.364562749862671,0.05482263192534447,1.2232206126749516,0
5,1624,0.001857757568359375,1,3.215789556503296,0.06509460508823395,1.1367959398031235,0
5,1625,-0.06414413452148438,1,8.58306884765625,0.042652152478694916,0.8983442679047584,0
5,1626,-0.0832366943359375,1,6.702422618865967,0.05171590000391007,0.8974095229506492,0
5,1627,-0.060306549072265625,1,5.046844005584717,2.6613473892211914e-05,0.9784489572048187,0
5,1628,-0.054508209228515625,1,7.316588878631592,0.05379354953765869,0.9425000619888305,0
5,1629,-0.06829452514648438,1,3.898620367050171,0.011209495365619661,0.984990162551403,0
5,1630,-0.02181243896484375,1,1.129150390625,0.05616733878850937,1.131545420706272,0
5,1631,-0.017192840576171875,1,2.738952398300171,0.058273904025554664,1.1085043147206306,0
5,1632,-0.024932861328125,1,2.410888671875,0.02965231686830521,1.1007304112315177,0
5,1633,-0.01003265380859375,1,0.7553099989891052,0.009088140726089482,1.1644649667739868,0
5,1634,-0.001056671142578125,1,1.6098021268844604,0.0008758634328842191,1.165655580639839,0
5,1635,-0.00054168701171875,1,2.277374267578125,0.06339372098445892,1.1508333917856215,0
5,1636,0.038372039794921875,1,4.253387451171875,0.03954449743032456,1.1900945506691931,0
5,1637,0.01830291748046875,1,1.8424986600875854,0.013273476064205168,1.1992249227166174,0
5,1638,-0.018566131591796875,1,0.6523131728172302,0.03791271150112152,1.1483049649000168,0
5,1639,0.023601531982421875,1,5.168914318084717,0.02648307979106903,1.1427654544115067,0
5,1640,0.04259490966796875,1,2.223968505859375,0.06149403154850006,1.23825068795681,0
5,1641,0.009349822998046875,1,0.31280517578125,0.030053749680519107,1.211241392493248,0
5,1642,0.010700225830078125,1,2.3956298828125,0.014056430384516715,1.1729255967885255,0
5,1643,0.036502838134765625,1,4.486083984375,0.04447925202548504,1.1815048265010117,0
5,1644,0.010669708251953125,1,4.06646728515625,0.003837731480598447,1.1398565615415572,0
5,1645,-0.039829254150390625,1,2.13623046875,0.0009458810091018677,1.0775790470838547,0
5,1646,-0.010364532470703125,1,0.7896422743797302,0.007416397333145142,1.1631814336776733,0
5,1647,-0.00382232666015625,1,0.007629394065588713,0.07979545295238495,1.1890109406802802,0
5,1648,-0.020599365234375,1,4.428863525390625,0.02736009694635868,1.069129595145583,0
5,1649,-0.045459747314453125,1,3.780364751815796,0.0036090325564146044,1.0333288490325214,0
5,1650,-0.0318145751953125,1,2.239227294921875,0.0330986849963665,1.0902623563110827,0
5,1651,0.05707550048828125,1,13.816832542419434,0.08319941759109498,1.03448637342453,0
5,1652,0.21192550659179688,1,26.092527389526367,0.021613903343677524,1.1011359092593196,0
5,1653,0.3076934814453125,1,34.053802490234375,0.01810630150139332,1.133586661025882,0
5,1654,0.3451423645019531,1,33.763885498046875,0.009356485679745674,1.214632759615779,0
5,1655,0.1278076171875,1,42.14858627319336,0.013796184957027436,0.6120916615128517,0
5,1656,-0.45526885986328125,1,37.258148193359375,0.04603081941604614,-0.4575419163703919,0
5,1657,-0.296722412109375,1,29.693601608276367,0.03171682059764862,0.011414470791816702,0
5,1658,-0.2547760009765625,1,22.182462692260742,0.0329905778169632,0.24547912108898157,0
5,1659,-0.16864013671875,1,11.772154808044434,0.05515539944171906,0.6250704144239425,0
5,1660,-0.09049224853515625,1,6.824492931365967,0.029514002799987792,0.8813450841903686,0
5,1661,-0.04079437255859375,1,1.4610289335250854,0.0010640978813171442,1.089148112297058,0
5,1662,0.0206298828125,1,5.538939952850342,0.07188369631767273,1.1276056187152863,0
5,1663,0.1464385986328125,1,21.175382614135742,0.01538758426904678,1.0687540416121484,0
5,1664,0.2942619323730469,1,35.724639892578125,0.0064808748662471775,1.0737718318998815,0
5,1665,0.4051666259765625,1,43.373104095458984,0.02718667760491371,1.141783702939749,0
5,1666,0.47389984130859375,1,50.666805267333984,0.05704475939273834,1.1321817868947985,0
5,1667,-0.4195899963378906,1,60.98556137084961,0.00401792824268341,-0.8590519372224807,0
5,1668,-0.6462936401367188,1,66.7266845703125,0.012866695411503315,-1.4276356394961476,0
5,1669,-0.6880111694335938,1,70.18280029296875,0.033969811908900735,-1.5810371372029186,0
5,1670,-0.5726699829101562,1,55.74416732788086,0.05015676915645599,-1.062229583144188,0
5,1671,-0.43025970458984375,1,23.262022018432617,0.010534220561385157,-0.12618121837079532,0
5,1672,-0.10283279418945312,1,1.3923643827438354,0.04999310113489629,0.9644873999208211,0
5,1673,0.06830978393554688,1,14.461516380310059,0.09165631234645844,1.0437229877710341,0
5,1674,0.24850082397460938,1,34.26361083984375,0.05115758739411831,1.0096831276565792,0
5,1675,0.43386077880859375,1,50.025936126708984,0.02075452618300915,1.0663726540356877,0
5,1676,0.6290817260742188,1,62.68691635131836,0.021068976819515233,1.20358236604929,0
5,1677,0.5564651489257812,1,59.07058334350586,0.0007715135812759386,1.1314877704381945,0
5,1678,0.5179672241210938,1,44.273372650146484,0.07888384759426117,1.3473116413354875,0
5,1679,0.38826751708984375,1,28.503416061401367,0.004365915060043336,1.4062920763492586,0
5,1680,-0.06515884399414062,1,21.709440231323242,0.006800100207328796,0.6352215033769607,0
5,1681,-0.18291854858398438,1,19.672393798828125,0.02688529249280691,0.43963961515575645,0
5,1682,-0.20035171508789062,1,16.78466796875,0.038663229905068874,0.46205668125301597,0
5,1683,-0.09137344360351562,1,1.251220703125,0.015179848670959471,0.9916215047836303,0
5,1684,0.039073944091796875,1,6.595611095428467,0.052677425742149356,1.1441285692453385,0
5,1685,0.07859420776367188,1,10.192870140075684,0.018438281118869783,1.1525934814810752,0
5,1686,0.09395217895507812,1,5.443572521209717,0.026368226110935214,1.2779781784415245,0
5,1687,0.0251312255859375,1,0.4119872748851776,0.0017155349254608168,1.241954084277153,0
5,1688,0.002162933349609375,1,0.8201598525047302,0.02183643952012062,1.1870492120683191,0
5,1689,0.021579742431640625,1,3.520965337753296,0.049096383899450306,1.1707763227522374,0
5,1690,0.03267669677734375,1,2.056121826171875,0.02705911174416542,1.2231485925614833,0
5,1691,0.0233306884765625,1,3.047942876815796,0.028805754333734515,1.1845502892434596,0
5,1692,0.052127838134765625,1,8.533477783203125,0.06853730678558351,1.1308446283340454,0
5,1693,0.11702728271484375,1,14.095305442810059,0.07429994642734528,1.1491764587163924,0
5,1694,0.13710403442382812,1,11.295317649841309,0.0175724595785141,1.2475988174676895,0
5,1695,-0.1027374267578125,1,12.367247581481934,0.0030673623085021966,0.7470575003623963,0
5,1696,-0.13901138305664062,1,15.327452659606934,0.07389056980609894,0.6124725579023361,0
5,1697,-0.12638473510742188,1,8.136749267578125,0.004050737619400023,0.7843335149288178,0
5,1698,-0.04444122314453125,1,1.7089842557907104,0.00040934085845947127,1.0769214949607848,0
5,1699,0.009769439697265625,1,3.196716070175171,0.0215700164437294,1.1547417573332788,0
5,1700,0.06195068359375,1,10.215758323669434,0.005111345648765565,1.1193817468881606,0
5,1701,0.13660812377929688,1,16.0369873046875,0.06197223216295243,1.1499976121783255,0
5,1702,0.1969757080078125,1,18.98193359375,0.032856819033622746,1.21299847137928,0
5,1703,-0.14423751831054688,1,18.45550537109375,0.023685675859451295,0.5414674289226532,0
5,1704,-0.13681793212890625,1,7.598876476287842,0.013689325749874116,0.7738390331864357,0
5,1705,0.00206756591796875,1,6.355285167694092,0.007903654873371125,1.0767132822871208,0
5,1706,0.07332611083984375,1,8.11767578125,0.010438382625579834,1.1838811707496644,0
5,1707,0.076324462890625,1,7.133483409881592,0.0870156615972519,1.206498631119728,0
5,1708,0.10162353515625,1,12.310027122497559,0.014087042212486266,1.1564830461740494,0
5,1709,-0.05037689208984375,1,12.981413841247559,0.01222367882728577,0.8391289918422699,0
5,1710,-0.109832763671875,1,8.87298583984375,0.040762850642204286,0.8012442418336868,0
5,1711,-0.07772064208984375,1,9.174346923828125,0.030124792456626897,0.8598667856454849,0
5,1712,-0.08265304565429688,1,4.962921142578125,0.0761523187160492,0.9323893930912017,0
5,1713,-0.02234649658203125,1,0.598907470703125,0.07035343647003174,1.1405147199630736,0
5,1714,0.001956939697265625,1,0.0457763634622097,0.07103788256645203,1.200156836822629,0
5,1715,0.015544891357421875,1,3.551482915878296,0.08021944165229798,1.156851346731186,0
5,1716,0.0418853759765625,1,4.131317138671875,0.006901609897613528,1.200868344783783,0
5,1717,0.03809356689453125,1,4.390716552734375,0.04598435163497925,1.1865334286689757,0
5,1718,0.07376480102539062,1,11.356352806091309,0.002175658941268921,1.1203155195713044,0
5,1719,0.13794708251953125,1,11.539458274841309,0.05088251829147339,1.2430696988105774,0
5,1720,0.056377410888671875,1,9.235382080078125,0.06731917858123779,1.1253544130325317,0
5,1721,-0.050243377685546875,1,0.03814697265625,0.008899688720703125,1.098394317626953,0
5,1722,0.03076171875,1,4.0435791015625,0.001962146162986761,1.1805733696222305,0
5,1723,0.035037994384765625,1,1.6555784940719604,0.06170652359724045,1.2344961579442024,0
5,1724,-0.01490020751953125,1,4.84466552734375,0.017704041302204137,1.0725981127619744,0
5,1725,-0.05408477783203125,1,2.803802251815796,0.020705939829349523,1.0349261617064474,0
5,1726,-0.01663970947265625,1,1.209259033203125,0.042638947069644925,1.1408298425078391,0
5,1727,0.01720428466796875,1,4.764556884765625,0.03240446001291275,1.1378212532401084,0
5,1728,0.0505218505859375,1,4.222869873046875,0.03260985165834427,1.2152819096446037,0
5,1729,0.01212310791015625,1,1.6670225858688354,0.04421374201774597,1.1891372144222259,0
5,1730,-0.02655792236328125,1,3.616332769393921,0.017916086316108706,1.0738408564329147,0
5,1731,-0.0419464111328125,1,5.382537364959717,0.04988040030002594,1.0064612144231795,0
5,1732,-0.045589447021484375,1,3.353118658065796,0.006019020080566408,1.0415179719924927,0
5,1733,-0.037975311279296875,1,4.734039306640625,0.014279657602310182,1.0287974050045012,0
5,1734,-0.059474945068359375,1,5.741118907928467,0.009453798085451125,0.9658495797812938,0
5,1735,-0.042675018310546875,1,3.780364751815796,0.04488511309027672,1.0372472638189794,0
5,1736,-0.03324127197265625,1,3.219604253768921,0.008104345202445982,1.0688011971712112,0
5,1737,-0.021961212158203125,1,1.110076904296875,0.023168050497770314,1.1329493155777455,0
5,1738,0.00762939453125,1,2.3956298828125,0.002352090179920196,1.1672521077990532,0
5,1739,0.0299072265625,1,3.032684087753296,0.058088799566030504,1.1968372193872927,0
5,1740,0.045429229736328125,1,6.183623790740967,0.006647509336471555,1.166920083284378,0
5,1741,0.047641754150390625,1,3.662109136581421,0.07419655025005341,1.2190734635591507,0
5,1742,0.00347137451171875,1,2.841949224472046,0.07776821553707122,1.1469930359125136,0
5,1743,-0.01976776123046875,1,0.019073486328125,0.00611873269081116,1.1598382585048674,0
5,1744,0.0196075439453125,1,3.299712896347046,0.05793076008558273,1.1709035995602608,0
5,1745,0.036067962646484375,1,4.31060791015625,0.015804557502269743,1.185291584789753,0
5,1746,0.02857208251953125,1,0.1945495456457138,0.03999028876423836,1.2516535625755787,0
5,1747,-0.00679779052734375,1,0.8010863661766052,0.05274528339505196,1.1682728802859783,0
5,1748,0.00412750244140625,1,1.7623900175094604,0.09073647558689119,1.1693777455091476,0
5,1749,0.007877349853515625,1,0.6408690810203552,0.012710186839103702,1.20242891061306,0
5,1750,-0.0241851806640625,1,3.128051519393921,0.07569004297256471,1.086041006565094,0
5,1751,-0.0299530029296875,1,2.563476324081421,0.08957762718200685,1.085241362571716,0
5,1752,-0.019947052001953125,1,1.9989012479782104,0.0009405046701431302,1.1200902508497237,0
5,1753,-0.020904541015625,1,2.38037109375,0.004520133137702942,1.1104026907682418,0
5,1754,-0.013141632080078125,1,0.530242919921875,0.03640478625893593,1.1616556859910487,0
5,1755,0.027801513671875,1,4.627227783203125,0.04925588592886925,1.1610882362425328,0
5,1756,0.0443267822265625,1,3.536224126815796,0.053428717702627186,1.2157919332087042,0
5,1757,0.033599853515625,1,3.513335943222046,0.029016471654176715,1.1957723293006421,0
5,1758,0.023529052734375,1,1.010894775390625,0.03252386115491391,1.2255392555147409,0
5,1759,0.003452301025390625,1,0.1220703050494194,0.03290549479424954,1.203146976158023,0
5,1760,-0.02204132080078125,1,4.66156005859375,0.006503304839134215,1.062426025032997,0
5,1761,-0.040004730224609375,1,2.353668212890625,0.0013901740312576294,1.0728615683317184,0
5,1762,-0.023777008056640625,1,3.032684087753296,0.004867947101593016,1.091597584247589,0
5,1763,-0.01416778564453125,1,0.3433227241039276,0.029047471284866334,1.1636360753774644,0
5,1764,-0.004669189453125,1,2.780914068222046,0.011104022711515428,1.1345991788208483,0
5,1765,-0.02800750732421875,1,1.9683836698532104,0.00334719941020012,1.1044834239780903,0
5,1766,-0.009037017822265625,1,0.2593994140625,0.03287713825702667,1.1754228905439377,0
5,1767,0.00977325439453125,1,2.13623046875,0.08080191910266876,1.1735898226499557,0
5,1768,0.043605804443359375,1,5.622863292694092,0.06008777916431427,1.1723508318662643,0
5,1769,0.06843948364257812,1,7.606505870819092,0.01142901107668877,1.1842916894257067,0
5,1770,0.0527496337890625,1,3.612518072128296,0.02621199116110802,1.2322004264891149,0
5,1771,0.018283843994140625,1,0.7400512099266052,0.026987976580858233,1.2206871447265149,0
5,1772,0.005733489990234375,1,0.6637572646141052,0.05298416838049889,1.1960724679529666,0
5,1773,-0.0032958984375,1,1.4495848417282104,0.006827181577682494,1.1641434190273283,0
5,1774,-0.01324462890625,1,1.071929931640625,0.06407832950353623,1.149509010374546,0
5,1775,-0.004268646240234375,1,0.133514404296875,0.015855137864127757,1.1881582139190285,0
5,1776,0.010311126708984375,1,1.8997191190719604,0.04844181253574789,1.1806901985350995,0
5,1777,0.030368804931640625,1,3.341674566268921,0.08122433125972749,1.1906551452875138,0
5,1778,-0.0026702880859375,1,2.582549810409546,0.017876955866813662,1.1422933493852614,0
5,1779,-0.0186614990234375,1,1.2664793729782104,0.02383105456829071,1.136394172310829,0
5,1780,-0.014423370361328125,1,1.7356871366500854,0.05464609116315842,1.1342536728978156,0
5,1781,-0.02027130126953125,1,2.674102544784546,0.055780611932277686,1.1037441220879554,0
5,1782,-0.050334930419921875,1,6.763457775115967,0.06651439368724824,0.961400407910347,0
5,1783,-0.06397247314453125,1,5.237578868865967,0.07310656607151031,0.9643792136907577,0
5,1784,-0.012603759765625,1,2.468109130859375,0.056622295081615454,1.1231654060482978,0
5,1785,0.040096282958984375,1,3.334045171737671,0.02959297448396683,1.2123279435038568,0
5,1786,0.044719696044921875,1,6.668090343475342,0.06516239047050476,1.1534710896015168,0
5,1787,0.09716415405273438,1,10.196684837341309,0.0334803469479084,1.1890553974807263,0
5,1788,-0.07068634033203125,1,11.135100364685059,0.028847794979810715,0.8347714002430439,0
5,1789,-0.10009002685546875,1,8.33892822265625,0.08523884415626526,0.8296318280696868,0
5,1790,-0.07672882080078125,1,7.930755138397217,0.05620253458619118,0.8856791542470455,0
5,1791,-0.0752716064453125,1,6.767272472381592,0.04794057384133339,0.9121937147080897,0
5,1792,-0.07515716552734375,1,7.438659191131592,0.0009977906942367568,0.9008725734949111,0
5,1793,-0.07781600952148438,1,7.915496349334717,0.009559112787246707,0.885675689458847,0
5,1794,-0.04868316650390625,1,1.4877318143844604,0.01807658672332764,1.0721559672355652,0
5,1795,0.01088714599609375,1,2.964019536972046,0.03033613907173276,1.161280455689877,0
5,1796,0.0443267822265625,1,5.237578868865967,0.013358568679541351,1.183367644328624,0
5,1797,0.0538177490234375,1,5.142211437225342,0.04144154787063599,1.2031336073875427,0
5,1798,0.055477142333984375,1,5.115508556365967,0.00513942390680313,1.2084385365843773,0
5,1799,0.030536651611328125,1,1.4190672636032104,0.004817265272140506,1.2324992673397064,0
5,1800,0.008869171142578125,1,1.6021727323532104,0.028856389224529266,1.1845406320691108,0
5,1801,0.01544189453125,1,0.598907470703125,0.015415963530540464,1.2182890011072158,0
5,1802,0.01973724365234375,1,4.291534423828125,0.05785531401634217,1.1513295862674713,0
5,1803,0.08253860473632812,1,12.138365745544434,0.008289730548858641,1.1219783053398131,0
5,1804,0.13425064086914062,1,12.737273216247559,0.00525562167167664,1.2135455925464629,0
5,1805,0.001773834228515625,1,17.986297607421875,0.00292878150939941,0.8437045650482178,0
5,1806,-0.1833343505859375,1,21.911619186401367,0.043876067735254765,0.3933438723906874,0
5,1807,-0.22698211669921875,1,22.823331832885742,0.03957481291145087,0.28798613742738954,0
5,1808,-0.21755599975585938,1,20.400999069213867,0.04627936705946922,0.35501684442162507,0
5,1809,-0.18781280517578125,1,13.687132835388184,0.021911919862031937,0.5497552561461925,0
5,1810,-0.10875320434570312,1,11.444090843200684,0.03452407494187355,0.7522308114469051,0
5,1811,-0.10669326782226562,1,10.074614524841309,0.014834869652986526,0.7845277790725231,0
5,1812,-0.08627700805664062,1,5.332946300506592,0.008309628069400787,0.9204546727538109,0
5,1813,-0.030872344970703125,1,2.155303955078125,0.035527701303362844,1.0937281229048967,0
5,1814,0.025997161865234375,1,8.1939697265625,0.007127161324024201,1.0878298427462578,0
5,1815,0.15948867797851562,1,19.134521484375,0.03130464889109135,1.1350347403138876,0
5,1816,0.21155548095703125,1,26.924131393432617,0.01896018981933594,1.083869926452637,0
5,1817,0.281280517578125,1,27.500150680541992,0.017136713862419134,1.2118725529909136,0
5,1818,0.2677268981933594,1,26.489255905151367,0.01448939442634583,1.2050891025066377,0
5,1819,0.2728080749511719,1,22.823331832885742,0.025804214179515842,1.2881173446774485,0
5,1820,-0.16357040405273438,1,18.192291259765625,0.056714589893817904,0.5067447831034659,0
5,1821,-0.17173385620117188,1,17.38739013671875,0.07745809555053712,0.5056861610412597,0
5,1822,-0.16953659057617188,1,12.660979270935059,0.05992991775274277,0.6053100367188453,0
5,1823,-0.08579254150390625,1,6.977080821990967,0.05593243688344955,0.8866360030770302,0
5,1824,-0.042919158935546875,1,2.471923828125,0.06936062574386598,1.0619487805366516,0
5,1825,0.013744354248046875,1,5.508422374725342,0.05041333884000779,1.1153037274479867,0
5,1826,0.0691680908203125,1,4.70733642578125,0.06019682735204697,1.241781580030918,0
5,1827,0.055377960205078125,1,7.061004161834717,0.08894609212875366,1.1659779934883117,0
5,1828,0.053676605224609375,1,4.1351318359375,0.037551788985729216,1.2231485021710395,0
5,1829,0.01824951171875,1,0.2288818210363388,0.024313300848007202,1.230948854982853,0
5,1830,-0.008449554443359375,1,0.9078978896141052,0.02798730581998825,1.1638234410881996,0
5,1831,-0.00984954833984375,1,1.3008116483688354,0.04669030159711838,1.152417058289051,0
5,1832,-0.00106048583984375,1,1.6059874296188354,0.030831728875637055,1.1645260105729103,0
5,1833,0.0304718017578125,1,4.02069091796875,0.006177800893783569,1.1802826731204985,0
5,1834,0.0493927001953125,1,5.580901622772217,0.0181464359164238,1.1864415104985238,0
5,1835,0.0403289794921875,1,3.005981206893921,0.031835831701755524,1.2192649015784263,0
5,1836,0.016086578369140625,1,0.518798828125,0.07506344318389893,1.2187946424484253,0
5,1837,0.00362396240234375,1,0.4844665229320526,0.04413527380675078,1.1957931833937765,0
5,1838,6.866455078125e-05,1,0.5645751953125,0.0008904350921511654,1.1888102077916265,0
5,1839,0.014812469482421875,1,3.929137945175171,0.026838995888829233,1.1499686202257873,0
5,1840,0.0502777099609375,1,5.294799327850342,0.051748092472553256,1.192589509665966,0
5,1841,0.06562042236328125,1,7.850646495819092,0.04466914683580399,1.1724411489367486,0
5,1842,0.0756072998046875,1,8.533477783203125,0.0013652414083480842,1.1804904342889786,0
5,1843,0.07673263549804688,1,4.90570068359375,0.06324254721403122,1.2528215554356574,0
5,1844,0.022937774658203125,1,0.156402587890625,0.07672474086284638,1.2396785079240797,0
5,1845,-0.0212554931640625,1,3.829955816268921,0.07193767428398133,1.0780123903751373,0
5,1846,-0.036846160888671875,1,3.757476568222046,0.061906486749649055,1.0486818873882295,0
5,1847,-0.027191162109375,1,1.5983580350875854,0.011630064249038695,1.1131853125095366,0
5,1848,-0.003192901611328125,1,0.6942748427391052,0.007080075144767765,1.179445496916771,0
5,1849,0.00299072265625,1,0.3967284858226776,0.021741051971912388,1.19717723351717,0
5,1850,0.003955841064453125,1,2.02178955078125,0.023113305866718295,1.1665513588786125,0
5,1851,0.02382659912109375,1,1.7700194120407104,0.03529977276921273,1.2108408190906046,0
5,1852,0.01102447509765625,1,0.4768371284008026,0.013873547315597534,1.2119572657346727,0
5,1853,0.01113128662109375,1,2.26593017578125,0.01438048593699932,1.1763687502890825,0
5,1854,0.011020660400390625,1,1.3656615018844604,0.021341934427618982,1.193874413385987,0
5,1855,-0.01393890380859375,1,0.583648681640625,0.019162923842668537,1.1596827017962932,0
5,1856,-0.019855499267578125,1,3.833770513534546,0.010577466338872911,1.083190492540598,0
5,1857,-0.0360107421875,1,3.479003667831421,0.012793463841080668,1.0578867037147284,0
5,1858,-0.019435882568359375,1,0.28228759765625,0.03229774422943592,1.1541905731409787,0
5,1859,0.011669158935546875,1,1.7509459257125854,0.08324019610881805,1.1849897915124892,0
5,1860,0.004474639892578125,1,1.125335693359375,0.040610511973500255,1.1848181454390287,0
5,1861,-0.01375579833984375,1,0.530242919921875,0.0033092800527811054,1.1617511737197637,0
5,1862,-0.01666259765625,1,3.417968511581421,0.004186232388019561,1.0981479851603508,0
5,1863,-0.0448150634765625,1,4.9591064453125,0.03492834568023682,1.0097906103134155,0
5,1864,-0.06977462768554688,1,9.006500244140625,0.060815116763114935,0.8778881350755691,0
5,1865,-0.07959747314453125,1,6.050109386444092,0.06644876599311829,0.9171449153423309,0
5,1866,-0.05632781982421875,1,5.897521495819092,0.009802919626235963,0.9690018136501312,0
5,1867,-0.047397613525390625,1,4.4403076171875,0.07327540516853333,1.0134676043987274,0
5,1868,-0.024883270263671875,1,0.4577636420726776,0.03120604157447815,1.1398299449682237,0
5,1869,-0.003509521484375,1,1.5220640897750854,0.0026835821568965915,1.1624323319494723,0
5,1870,-0.026775360107421875,1,2.777099370956421,0.0379445381462574,1.0893895108401774,0
5,1871,-0.034252166748046875,1,4.871368408203125,0.010827186703681942,1.0336352108716964,0
5,1872,-0.047611236572265625,1,3.864288091659546,0.01137778013944626,1.0270366538167,0
5,1873,-0.034137725830078125,1,3.467559576034546,0.024733265675604344,1.0613840261921288,0
5,1874,-0.046405792236328125,1,5.130767345428467,0.04829748664051294,1.0026411691531538,0
5,1875,-0.0529937744140625,1,6.427764415740967,0.059173782169818875,0.9630902115702629,0
5,1876,-0.05335235595703125,1,3.501891851425171,0.013756801187992097,1.0227071790099145,0
5,1877,-0.009746551513671875,1,1.2969969511032104,0.05888130366802216,1.152211705803871,0
5,1878,0.021114349365234375,1,2.28118896484375,0.020933464914560322,1.1957675808370114,0
5,1879,0.021514892578125,1,2.46429443359375,0.014536333084106446,1.1931624431610106,0
5,1880,0.019947052001953125,1,1.3198851346969604,0.040762912482023246,1.211865884810686,0
5,1881,0.028682708740234375,1,4.726409912109375,0.011336326599121094,1.1623837661743164,0
5,1882,0.056354522705078125,1,5.878448009490967,0.022916039824485784,1.1942234436273576,0
5,1883,0.045318603515625,1,4.016876220703125,0.014706845581531526,1.2097114087939262,0
5,1884,0.018711090087890625,1,0.286102294921875,0.013544435799121858,1.2311583568453788,0
5,1885,-0.008365631103515625,1,0.02670287899672985,0.022882531583309176,1.1818193789497018,0
5,1886,0.00145721435546875,1,0.072479248046875,0.014458297193050387,1.200886511862278,0
5,1887,-0.01686859130859375,1,4.009246826171875,0.05528370141983033,1.0838665328025818,0
5,1888,-0.04434967041015625,1,3.482818365097046,0.0030106008052825928,1.0415238678455354,0
5,1889,-0.022708892822265625,1,1.3694761991500854,0.07031203210353852,1.1243802090883255,0
5,1890,-0.0408935546875,1,7.312774181365967,0.06713335067033768,0.9692720729708671,0
5,1891,-0.079925537109375,1,9.368896484375,0.014669691026210786,0.8521842084527015,0
5,1892,-0.074981689453125,1,4.69970703125,0.028928455710411072,0.9548853422403335,0
5,1893,-0.026050567626953125,1,1.178741455078125,0.046240887045860296,1.1224744001626967,0
5,1894,0.00775909423828125,1,2.803802251815796,0.06278713345527649,1.1569306581020353,0
5,1895,0.030078887939453125,1,1.9035338163375854,0.01322860717773438,1.221557955265045,0
5,1896,-0.0106658935546875,1,4.283905029296875,0.014651048183441165,1.0924040703773499,0
5,1897,-0.07957077026367188,1,10.887145042419434,0.0022248178720474243,0.8230265659093856,0
5,1898,-0.0964202880859375,1,6.168365001678467,0.005357101559638977,0.8835778397321701,0
5,1899,-0.031322479248046875,1,0.9155272841453552,0.0848165363073349,1.1156518343687056,0
5,1900,0.01386260986328125,1,3.303527593612671,0.012584540247917178,1.1611512862443925,0
5,1901,0.0446624755859375,1,6.114959239959717,0.0772035986185074,1.1639376224279403,0
5,1902,0.0452728271484375,1,1.5830992460250854,0.0042049080133438055,1.2587154730558394,0
5,1903,0.00848388671875,1,1.6708372831344604,0.013374692201614378,1.1830160400867462,0
5,1904,0.02681732177734375,1,3.406524419784546,0.07509944438934327,1.182500177383423,0
5,1905,0.01395416259765625,1,0.8087157607078552,0.04039799142628909,1.2101180903241038,0
5,1906,-0.03560638427734375,1,5.584716320037842,0.0067404786124825485,1.0168232859000563,0
5,1907,-0.00870513916015625,1,6.622313976287842,0.028532544896006585,1.0490021403580905,0
5,1908,0.11598587036132812,1,14.411925315856934,0.05842962712049485,1.1413960493206978,0
5,1909,0.16126251220703125,1,16.97540283203125,0.0018252611160278348,1.1829439573287963,0
5,1910,0.15793609619140625,1,14.179228782653809,0.013157445192337032,1.2317613189220429,0
5,1911,0.13788604736328125,1,13.946532249450684,0.025234623253345488,1.195832064807415,0
5,1912,0.1457672119140625,1,12.382506370544434,0.03936848640441895,1.2423095569610596,0
5,1913,0.09607696533203125,1,9.22393798828125,0.05418966561555863,1.2055075842738152,0
5,1914,0.09078598022460938,1,9.49859619140625,0.017899073660373688,1.1908840736746789,0
5,1915,-0.015537261962890625,1,6.397246837615967,0.0005324557423591614,1.040959241092205,0
5,1916,-0.05816650390625,1,5.809783458709717,0.06837949454784394,0.9647361432313919,0
5,1917,-0.03913116455078125,1,1.8196104764938354,0.038206856697797775,1.0838171871006488,0
5,1918,0.00894927978515625,1,3.074645757675171,0.03424311652779579,1.1550359197556972,0
5,1919,0.0608062744140625,1,8.556365966796875,0.057703101634979256,1.1481771054267882,0
5,1920,0.0455322265625,1,14.522551536560059,0.04799222648143769,0.9986937333345413,0
5,1921,-0.16039276123046875,1,12.817381858825684,0.003750738501548768,0.6227168108224869,0
5,1922,-0.10348892211914062,1,8.30078125,0.01752212047576904,0.826305645942688,0
5,1923,-0.07598876953125,1,9.372711181640625,0.0019779622554779025,0.8604891188144683,0
5,1924,-0.106658935546875,1,11.768340110778809,0.015647368133068086,0.7506894319653511,0
5,1925,-0.11443328857421875,1,7.995604991912842,0.045185615122318265,0.8094138984084129,0
5,1926,-0.056201934814453125,1,3.864288091659546,0.05957944989204407,1.0079271905422211,0
5,1927,-0.007411956787109375,1,1.9569395780563354,0.0044345021247863825,1.145859914779663,0
5,1928,0.019550323486328125,1,0.03051757626235485,0.022379826009273532,1.2375951024070382,0
5,1929,-0.0183563232421875,1,2.384185791015625,0.0287425234913826,1.1144539367556572,0
5,1930,-0.026660919189453125,1,2.765655279159546,0.047841261699795724,1.089451405569911,0
5,1931,-0.027973175048828125,1,2.792358160018921,0.03939204029738903,1.0866308050900697,0
5,1932,-0.0263824462890625,1,2.468109130859375,0.064302459359169,1.0953008264303208,0
5,1933,-0.037136077880859375,1,5.126952648162842,0.04909395873546601,1.0212250329256058,0
5,1934,-0.0356292724609375,1,2.101898193359375,0.00541476756334305,1.0864869005084037,0
5,1935,-0.014789581298828125,1,1.7051695585250854,0.04980598241090775,1.1343252069354057,0
5,1936,-0.006885528564453125,1,0.58746337890625,0.020413357019424438,1.1736631410121918,0
5,1937,0.017795562744140625,1,2.593993902206421,0.0497857891023159,1.1817198158800601,0
5,1938,0.00627899169921875,1,1.7471312284469604,0.02112610712647438,1.1767703145444393,0
5,1939,-0.02344512939453125,1,1.3809202909469604,0.007565319538116457,1.1251887226104735,0
5,1940,0.0038299560546875,1,2.02178955078125,0.023043689131736756,1.1663023735284805,0
5,1941,0.043392181396484375,1,5.428313732147217,0.047302789986133575,1.1763259765505791,0
5,1942,0.0407562255859375,1,3.021239995956421,0.007328474521636964,1.2207945122718808,0
5,1943,0.012172698974609375,1,0.1068115159869194,0.004629027843475339,1.2220240065157413,0
5,1944,0.002063751220703125,1,1.4419554471969604,0.08629112541675568,1.1718367484807968,0
5,1945,0.020122528076171875,1,1.9149779081344604,0.009716981649398798,1.2015568187236785,0
5,1946,0.0059356689453125,1,1.0833740234375,0.008511185646057132,1.1898634099960326,0
5,1947,-0.034801483154296875,1,5.641936779022217,0.07711979150772096,1.0144735064506532,0
5,1948,-0.06691741943359375,1,5.340575695037842,0.08691386580467225,0.9558770925998687,0
5,1949,-0.036876678466796875,1,2.998351812362671,0.005418813228607176,1.0660628542900084,0
5,1950,-0.014011383056640625,1,0.019073486328125,0.01214425414800644,1.171109993994236,0
5,1951,0.01502227783203125,1,2.704620122909546,0.0024155050516128547,1.175855533003807,0
5,1952,0.033176422119140625,1,2.700805425643921,0.0071909055113792385,1.2120490995049475,0
5,1953,0.0059967041015625,1,1.4953612089157104,0.015356585383415229,1.1814719206094741,0
5,1954,-0.032039642333984375,1,3.982543706893921,0.05205554030835629,1.0541876195818187,0
5,1955,-0.06267929077148438,1,7.526397228240967,0.01961219124495983,0.9233289862424134,0
5,1956,-0.07841873168945312,1,9.42230224609375,0.02932998389005661,0.8535432923436165,0
5,1957,-0.07189178466796875,1,3.707885503768921,0.04422101038508117,0.9802898801732808,0
5,1958,-0.0134124755859375,1,0.4882812201976776,0.015878228424116972,1.1627742952872069,0
5,1959,0.0015106201171875,1,0.545501708984375,0.04777951091527939,1.1902000256180763,0
5,1960,0.017147064208984375,1,3.311156988143921,0.005661317706108095,1.1678445359468461,0
5,1961,0.053073883056640625,1,5.817412853240967,0.03851689747534692,1.188258833149448,0
5,1962,0.059234619140625,1,5.714416027069092,0.040917881811037664,1.2025442024674267,0
5,1963,0.053325653076171875,1,4.985809326171875,0.05061818212270737,1.2049103923439979,0
5,1964,0.05027008056640625,1,6.393432140350342,0.005800919234752656,1.1724394815564154,0
5,1965,0.055202484130859375,1,2.677917242050171,0.02479465901851654,1.2558548370599745,0
5,1966,0.0124664306640625,1,0.507354736328125,0.00981232225894928,1.2143932737112044,0
5,1967,-0.011138916015625,1,2.941131353378296,0.062126058340072635,1.116414498567581,0
5,1968,-0.0383758544921875,1,3.849029302597046,0.07935225963592529,1.0430936145782472,0
5,1969,-0.02398681640625,1,0.0953674241900444,0.08106077313423157,1.1468765877783298,0
5,1970,0.021160125732421875,1,3.810882329940796,0.007723188400268557,1.1657936773300173,0
5,1971,0.01068115234375,1,2.544402837753296,0.018409743905067447,1.1697378581762312,0
5,1972,-0.040435791015625,1,4.31060791015625,0.06889961361885072,1.030160275220871,0
5,1973,-0.02433013916015625,1,0.31280517578125,0.06466159224510193,1.1424971544742584,0
5,1974,-0.003307342529296875,1,1.239776611328125,0.028910119086503983,1.1674333779513835,0
5,1975,-0.01153564453125,1,0.148773193359375,0.016509179025888443,1.173292879909277,0
5,1976,-0.01232147216796875,1,2.738952398300171,0.005841875076293947,1.120344332695007,0
5,1977,-0.0450592041015625,1,5.851745128631592,0.0066616833209991455,0.9925802218914032,0
5,1978,-0.039890289306640625,1,2.3345947265625,0.06248127818107605,1.0710282757282257,0
5,1979,0.00055694580078125,1,1.6326903104782104,0.007607379555702211,1.1681557902097701,0
5,1980,0.02747344970703125,1,3.456115484237671,0.036149128526449206,1.1843786245882513,0
5,1981,0.02890777587890625,1,2.677917242050171,0.032334925979375845,1.2029638098776338,0
5,1982,0.0195159912109375,1,0.9994506239891052,0.0027046114206314073,1.2189347854852675,0
5,1983,-0.009578704833984375,1,2.838134527206421,0.008890002965927124,1.1237242996692656,0
5,1984,-0.021190643310546875,1,0.6332396864891052,0.009150013327598572,1.1445879191160202,0
5,1985,-0.0022735595703125,1,0.4081725776195526,0.0036164075136184692,1.1871447730064393,0
5,1986,-0.0009307861328125,1,0.4768371284008026,0.0052480831742286686,1.1883917618393898,0
5,1987,0.038219451904296875,1,7.263183116912842,0.012919659912586213,1.1306584550738334,0
5,1988,0.0851287841796875,1,8.575439453125,0.06462990641593934,1.1961635830402373,0
5,1989,0.06359100341796875,1,5.371093273162842,0.0302877813577652,1.2185486301183701,0
5,1990,0.028614044189453125,1,0.2136230319738388,0.02261703312397003,1.2520509464144705,0
5,1991,0.008563995361328125,1,2.586364507675171,0.06991410553455353,1.1626041363477706,0
5,1992,0.033756256103515625,1,2.506256103515625,0.0247350350022316,1.2163979887366294,0
5,1993,0.046268463134765625,1,8.3465576171875,0.0008355230093002319,1.1255723530054091,0
5,1994,0.12938690185546875,1,16.902923583984375,0.023053218796849254,1.119793203279376,0
5,1995,0.18529510498046875,1,18.329620361328125,0.04167609550058842,1.2023307589143515,0
5,1996,0.17584228515625,1,16.94488525390625,0.07753426134586335,1.2096854947805404,0
5,1997,0.13373947143554688,1,10.181426048278809,0.07083729207515717,1.2610169302225112,0
5,1998,-0.06085205078125,1,2.994537115097046,0.011636295914649965,1.0179397042989728,0
5,1999,-0.0171661376953125,1,1.5563963651657104,0.03693385161459446,1.1330624432414769,0
5,2000,-0.01361083984375,1,1.3999937772750854,0.01675964705646038,1.1441080588847399,0
5,2001,0.000301361083984375,1,1.8920897245407104,0.055731271207332615,1.1605316768288612,0
5,2002,0.0216827392578125,1,1.3122557401657104,0.07632840275764466,1.2140672276020048,0
5,2003,0.030628204345703125,1,6.114959239959717,0.011363178491592407,1.1385026967525482,0
5,2004,0.010089874267578125,1,6.858825206756592,0.04694749526679516,1.0811253445893525,0
5,2005,-0.08320236206054688,1,10.776518821716309,0.01730652563273907,0.8173726384192704,0
5,2006,-0.110382080078125,1,9.7808837890625,0.013717851042747498,0.7830694500207901,0
5,2007,-0.07656097412109375,1,4.238128662109375,0.06486645042896272,0.9595208204984664,0
5,2008,-0.04247283935546875,1,6.195067882537842,0.03092918619513512,0.9899157961905002,0
5,2009,-0.048954010009765625,1,2.03704833984375,0.005390751780942083,1.061135383112356,0
5,2010,0.00334930419921875,1,1.4190672636032104,0.032661569444462656,1.1770108003485946,0
5,2011,0.02100372314453125,1,3.032684087753296,0.05836621522903442,1.179019115924835,0
5,2012,0.029300689697265625,1,2.315521240234375,0.04725457727909088,1.21040077149868,0
5,2013,0.0189208984375,1,1.7662047147750854,0.06366675794124604,1.1999710322618484,0
5,2014,0.010955810546875,1,0.0534057579934597,0.0055349767208099365,1.2206221068650482,0
5,2015,-0.004100799560546875,1,0.6942748427391052,0.057271632552146914,1.1756220387220382,0
5,2016,-0.025020599365234375,1,4.81414794921875,0.04678968787193299,1.0518042547702788,0
5,2017,-0.07033157348632812,1,6.973266124725342,0.01844087243080139,0.9191338956356048,0
5,2018,-0.060108184814453125,1,6.195067882537842,0.04028454720973969,0.9542708908319473,0
5,2019,-0.03591156005859375,1,0.4348754584789276,0.07269068956375122,1.1165717431306839,0
5,2020,0.008655548095703125,1,0.54931640625,0.01822255849838257,1.205595865726471,0
5,2021,0.004199981689453125,1,0.4997253119945526,0.047117482498288156,1.1965207578390837,0
5,2022,0.00470733642578125,1,0.4997253119945526,0.029861516878008844,1.198225705936551,0
5,2023,-0.000965118408203125,1,0.8811950087547302,0.0421269990503788,1.178760783046484,0
5,2024,-0.026760101318359375,1,3.940582036972046,0.02535424456000328,1.0666539868414402,0
5,2025,-0.045085906982421875,1,5.702971935272217,0.0190482959151268,0.9950068154931068,0
5,2026,-0.03914642333984375,1,1.026153564453125,0.057413084805011755,1.0988875586390494,0
5,2027,0.00812530517578125,1,1.125335693359375,0.004975667595863341,1.1935448697805404,0
5,2028,0.023189544677734375,1,3.540038824081421,0.04157126098871231,1.173915462434292,0
5,2029,0.027355194091796875,1,2.010345458984375,0.04820639938116074,1.2125752230286597,0
5,2030,0.007335662841796875,1,0.2288818210363388,0.06663314998149872,1.207428363263607,0
5,2031,-0.009723663330078125,1,1.15966796875,0.006558898091316226,1.157096958041191,0
5,2032,0.006610870361328125,1,2.723693609237671,0.03466680347919464,1.157361196398735,0
5,2033,0.06279754638671875,1,9.37652587890625,0.03245579153299332,1.1367663435339928,0
5,2034,0.07378005981445312,1,4.0435791015625,0.03702044039964676,1.2652077199816703,0
5,2035,0.03415679931640625,1,4.001617431640625,0.00082729458808899,1.1882481582164763,0
5,2036,0.031322479248046875,1,2.639770269393921,0.0122220903635025,1.2093606694936752,0
5,2037,0.00363922119140625,1,2.05230712890625,0.0037402302026748636,1.1660826905965804,0
5,2038,-0.04300689697265625,1,5.935668468475342,0.058108863234519956,0.9929484821557998,0
5,2039,-0.053043365478515625,1,4.009246826171875,0.037662682682275773,1.0122218252122401,0
5,2040,-0.0319366455078125,1,3.540038824081421,0.023205154389142987,1.0643977263271809,0
5,2041,-0.03440093994140625,1,3.307342290878296,0.07236754000186921,1.0621565726995468,0
5,2042,-0.015716552734375,1,0.9117125868797302,0.026862593740224837,1.1492581390440464,0
5,2043,0.02033233642578125,1,2.445220947265625,0.02999748215079308,1.1905603546202181,0
5,2044,0.025482177734375,1,3.131866216659546,0.05498108118772507,1.18612778788805,0
5,2045,0.01348876953125,1,1.4419554471969604,0.08091225624084473,1.194901939868927,0
5,2046,-0.01534271240234375,1,0.7019042372703552,0.027379371225833896,1.154181315600872,0
5,2047,0.012851715087890625,1,3.120422124862671,0.05550242215394974,1.1610748907923696,0
5,2048,0.021884918212890625,1,0.4882812201976776,0.009060889482498169,1.2336417764425278,0
5,2049,-0.001583099365234375,1,0.2136230319738388,0.006457796692848204,1.1923030287623404,0
5,2050,0.0044097900390625,1,1.155853271484375,0.03361482992768288,1.1843579214513302,0
5,2051,0.0157318115234375,1,2.14385986328125,0.03614059165120125,1.187140802115202,0
5,2052,0.026027679443359375,1,2.399444580078125,0.07657974362373353,1.2010032775402069,0
5,2053,0.022426605224609375,1,2.063751220703125,0.017385736107826236,1.202882756590843,0
5,2054,0.01045989990234375,1,0.0,0.005994911491870879,1.2206800033450127,0
5,2055,-0.00313568115234375,1,0.3471374213695526,0.021341009438037878,1.1859322488904,0
5,2056,-0.00504302978515625,1,0.7438659071922302,0.062741219997406,1.1725269734859465,0
5,2057,-0.034290313720703125,1,6.050109386444092,0.01128150820732117,1.009965924501419,0
5,2058,-0.0484466552734375,1,2.517699956893921,0.038913325220346455,1.0511961573064326,0
5,2059,0.01628875732421875,1,5.256652355194092,0.046095705777406695,1.1256006393134594,0
5,2060,0.054073333740234375,1,4.2266845703125,0.005556800961494447,1.223390704035759,0
5,2061,0.022830963134765625,1,0.6294249892234802,0.021981666982173922,1.2321941598057746,0
5,2062,-0.0012969970703125,1,0.3509521186351776,0.05715910345315933,1.1881005993485452,0
5,2063,-0.001987457275390625,1,0.034332275390625,0.06678110063076019,1.1926671959161759,0
5,2064,-0.0077667236328125,1,1.7509459257125854,0.036270928010344504,1.1479967970997094,0
5,2065,-0.0252532958984375,1,3.620147466659546,0.04238045252859593,1.0753952407687903,0
5,2066,-0.050197601318359375,1,6.370543956756592,0.03739424571394921,0.9706981483995915,0
5,2067,-0.05789947509765625,1,4.161834716796875,0.04229443147778511,0.9992725782096386,0
5,2068,-0.022998809814453125,1,0.518798828125,0.0817977011203766,1.1403544957637786,0
5,2069,-0.007354736328125,1,1.6708372831344604,0.04541320949792862,1.1500572533011435,0
5,2070,-0.03658294677734375,1,5.725860118865967,0.0005897494032979012,1.0122933140918613,0
5,2071,-0.084564208984375,1,8.945465087890625,0.04526499342173338,0.8501516805365681,0
5,2072,-0.06128692626953125,1,4.001617431640625,0.007228317856788631,0.9971046661138534,0
5,2073,0.00225067138671875,1,3.906249761581421,0.038974875584244735,1.1248173525184393,0
5,2074,0.052692413330078125,1,4.82177734375,0.041739094629883775,1.2072797159999609,0
5,2075,0.04785919189453125,1,4.18853759765625,0.01590737402439118,1.2113113368749617,0
5,2076,0.04518890380859375,1,4.917144775390625,0.055145409703254704,1.1898290957212447,0
5,2077,0.0514373779296875,1,5.233764171600342,0.0423100046813488,1.196507072240114,0
5,2078,0.04146575927734375,1,2.922057867050171,0.03590927645564079,1.2230539901554582,0
5,2079,0.00771331787109375,1,1.117706298828125,0.06315295100212098,1.19054639172554,0
5,2080,-0.0074615478515625,1,0.2098083347082138,0.017117741703987124,1.1801960279345511,0
5,2081,0.004840850830078125,1,0.02670287899672985,0.05858912765979767,1.2068040789738297,0
5,2082,-0.006500244140625,1,1.140594482421875,0.004891955852508546,1.163991943836212,0
5,2083,-0.001476287841796875,1,1.117706298828125,0.04079839885234833,1.1730613623857498,0
5,2084,0.031665802001953125,1,4.92095947265625,0.0048705128021538265,1.1647175940386951,0
5,2085,0.030574798583984375,1,0.3776549994945526,0.004095407854765654,1.2534326808638871,0
5,2086,-0.01215362548828125,1,1.9378660917282104,0.029228720255196093,1.1357662783786653,0
5,2087,-0.00421142578125,1,1.4381407499313354,0.006876224279403688,1.162539284467697,0
5,2088,0.03176116943359375,1,3.414153814315796,0.026042474806308745,1.1941975635886193,0
5,2089,0.03632354736328125,1,3.723144292831421,0.019061009585857394,1.1974217684864998,0
5,2090,0.038486480712890625,1,3.944396734237671,0.006408727169036866,1.1978286776542664,0
5,2091,0.034114837646484375,1,2.788543462753296,0.011818344984203578,1.2119860722385345,0
5,2092,0.0101776123046875,1,0.6828307509422302,0.019835363421589137,1.2059051950536668,0
5,2093,-0.024993896484375,1,3.845214605331421,0.007288768887519838,1.0728163641691209,0
5,2094,-0.040821075439453125,1,3.841399908065796,0.014737140107899905,1.0409403653554619,0
5,2095,-0.010829925537109375,1,1.8272398710250854,0.0040750659070909025,1.141632348868996,0
5,2096,0.0265350341796875,1,3.105163335800171,0.04497098587453366,1.1891679622083902,0
5,2097,0.0262298583984375,1,1.3999937772750854,0.01652324348688126,1.223798911511898,0
5,2098,0.007625579833984375,1,0.57220458984375,0.011099936068058012,1.2033630704283713,0
5,2099,-0.008342742919921875,1,2.567291021347046,0.009850791096687316,1.1315746620893476,0
5,2100,-0.034297943115234375,1,3.471374273300171,0.04590216130018235,1.0601405418515206,0
5,2101,-0.027862548828125,1,1.9111632108688354,0.05085485428571701,1.1040174439549446,0
5,2102,-0.002498626708984375,1,1.4305113554000854,0.01374991238117218,1.1658425229787825,0
5,2103,0.0059967041015625,1,1.6479490995407104,0.07612150609493257,1.1759895659685133,0
5,2104,-0.025177001953125,1,2.670287847518921,0.06738440096378326,1.0935448631048201,0
5,2105,-0.022796630859375,1,1.8081663846969604,0.019434775412082668,1.1174660195708275,0
5,2106,-0.018123626708984375,1,2.4261474609375,0.0026761263608932485,1.1151227523088454,0
5,2107,-0.045398712158203125,1,6.042479991912842,0.03007073849439621,0.9871501463055611,0
5,2108,-0.06526947021484375,1,6.393432140350342,0.058592212945222856,0.9392487282454968,0
5,2109,-0.043201446533203125,1,3.074645757675171,0.031543328613042834,1.0508424586355685,0
5,2110,-0.01795196533203125,1,1.3198851346969604,0.020500703155994414,1.1368783385157584,0
5,2111,-0.003910064697265625,1,0.6637572646141052,0.08194168508052826,1.1756270579099655,0
5,2112,0.01602935791015625,1,2.28118896484375,0.05959425419569016,1.18405116635561,0
5,2113,0.01242828369140625,1,0.1182556077837944,0.06566184014081955,1.219864981621504,0
5,2114,0.003726959228515625,1,1.5296934843063354,0.07484129667282105,1.1738663969039915,0
5,2115,0.01708984375,1,1.4610289335250854,0.06200952529907226,1.2024787278175353,0
5,2116,0.00991058349609375,1,0.8010863661766052,0.04936834573745728,1.2018247058391571,0
5,2117,-0.0026092529296875,1,1.4915465116500854,0.02209429666399956,1.1640667920410632,0
5,2118,-0.021305084228515625,1,2.201080322265625,0.041524674743413925,1.1117072381079196,0
5,2119,-0.010456085205078125,1,0.6637572646141052,0.04718707352876664,1.163925201356411,0
5,2120,0.003017425537109375,1,0.60272216796875,0.03657770603895188,1.1925172994732856,0
5,2121,0.001842498779296875,1,1.8539427518844604,0.047206760942935945,1.164717872083187,0
5,2122,0.0350189208984375,1,4.69207763671875,0.009441959857940673,1.1758186106681823,0
5,2123,0.04044342041015625,1,3.829955816268921,0.05437640994787217,1.2021126680970193,0
5,2124,0.043544769287109375,1,4.6234130859375,0.005999711155891416,1.194381288409233,0
5,2125,0.043773651123046875,1,3.852843999862671,0.06433346569538116,1.2079170836210251,0
5,2126,0.046810150146484375,1,5.771636486053467,0.02357940971851349,1.1772443941831587,0
5,2127,0.05255126953125,1,4.26483154296875,0.005686464905738833,1.2195784496068953,0
5,2128,0.025508880615234375,1,1.6059874296188354,0.053219754993915555,1.2167692224383353,0
5,2129,0.005809783935546875,1,0.06866455078125,0.05320047587156296,1.2081182578206062,0
5,2130,-0.00775146484375,1,1.4343260526657104,0.008508718013763426,1.1554702005386353,0
5,2131,-0.02805328369140625,1,4.772186279296875,0.06848109066486359,1.0457104634046555,0
5,2132,-0.056640625,1,5.714416027069092,0.06633608937263488,0.9697769858837127,0
5,2133,-0.06704330444335938,1,8.1329345703125,0.0671976923942566,0.900566792011261,0
5,2134,-0.07412338256835938,1,5.512237071990967,0.08958953320980073,0.9379249120950699,0
5,2135,-0.1356658935546875,1,0.0,0.08011929988861084,0.9254634408950805,0
5,2136,0.0,1,0.0,0.07270286977291107,1.1970918852090835,0
5,2137,-0.006580352783203125,1,0.0,0.07198320925235749,1.1839599660634994,0
5,2138,-0.06316757202148438,1,6.992339611053467,0.05877692699432373,0.9314669866561889,0
5,2139,-0.06171417236328125,1,3.875732183456421,0.027495038323104383,0.9979572100713848,0
5,2140,-0.018543243408203125,1,0.2403259128332138,0.020135739631950856,1.1573015653416514,0
5,2141,-0.0021820068359375,1,0.8506774306297302,0.038308250904083255,1.177090107679367,0
5,2142,-0.003849029541015625,1,0.7209777235984802,0.027157118171453477,1.1767961017191408,0
5,2143,0.018280029296875,1,2.147674560546875,0.056319310516119006,1.1913537949621678,0
5,2144,0.013153076171875,1,0.263214111328125,0.06167630851268768,1.21857481777668,0
5,2145,0.003437042236328125,1,0.9231566786766052,0.026092809438705445,1.1873672385215759,0
5,2146,0.016876220703125,1,2.3193359375,0.08004927039146423,1.1841637518405914,0
5,2147,0.0508270263671875,1,7.228850841522217,0.053393822908401486,1.1549412829875945,0
5,2148,0.053577423095703125,1,3.608703374862671,0.005560962855815888,1.2347583401799203,0
5,2149,0.019626617431640625,1,1.12152099609375,0.011481835134327413,1.2163635415360332,0
5,2150,-0.00865936279296875,1,2.857208013534546,0.039605444483459,1.123952896364033,0
5,2151,-0.0375213623046875,1,3.982543706893921,0.06528432816267014,1.04269502812624,0
5,2152,-0.03594207763671875,1,3.093719244003296,0.011066245287656786,1.0657988100349902,0
5,2153,-0.025302886962890625,1,2.094268798828125,0.05771069750189782,1.1052004221975802,0
5,2154,-0.01636505126953125,1,1.2893675565719604,0.028203134238719944,1.1403544209599494,0
5,2155,-0.018154144287109375,1,2.510070562362671,0.04630566686391831,1.111638073503971,0
5,2156,-0.0200347900390625,1,1.6403197050094604,0.01398789584636688,1.126564509987831,0
5,2157,-0.01251220703125,1,0.9193419814109802,0.0052523225545883165,1.1563786534070968,0
5,2158,-0.00737762451171875,1,0.598907470703125,0.055518680810928346,1.1710458543300628,0
5,2159,0.000782012939453125,1,0.8087157607078552,0.021889987587928775,1.1845141111612318,0
5,2160,0.00301361083984375,1,0.9231566786766052,0.003343814611434938,1.187430335521698,0
5,2161,-0.0165863037109375,1,2.0294189453125,0.004280164837837219,1.1260678070783614,0
5,2162,-0.01068878173828125,1,0.1144409105181694,0.010484200716018681,1.1759142502844333,0
5,2163,0.018238067626953125,1,3.734588384628296,0.046981097757816316,1.1599051236510278,0
5,2164,0.052333831787109375,1,4.917144775390625,0.031176871061325075,1.2050776932239533,0
5,2165,0.040012359619140625,1,2.975463628768921,0.022916384786367417,1.2195987912714479,0
5,2166,0.025501251220703125,1,3.067016363143921,0.02839333936572075,1.1885264416038988,0
5,2167,0.040073394775390625,1,4.215240478515625,0.03204367905855179,1.1945602328181266,0
5,2168,0.01900482177734375,1,0.8201598525047302,0.0021355971693992615,1.2215210226178168,0
5,2169,-0.00946807861328125,1,0.0610351525247097,0.03195405900478363,1.1785649773627518,0
5,2170,0.024379730224609375,1,4.802703857421875,0.007511631399393084,1.1524049180448055,0
5,2171,0.06864547729492188,1,8.2244873046875,0.04772569611668587,1.1708921806514263,0
5,2172,0.08541488647460938,1,8.38470458984375,0.030864645168185236,1.2019010953456164,0
5,2173,0.065826416015625,1,6.179809093475342,0.011757853999733926,1.2075863360017538,0
5,2174,0.0428466796875,1,1.7433165311813354,0.030482147634029393,1.249607742846012,0
5,2175,0.012386322021484375,1,1.3999937772750854,0.029202382266521457,1.1956046732068062,0
5,2176,0.000476837158203125,1,1.5068053007125854,0.03100528866052628,1.1695773567557335,0
5,2177,-0.025142669677734375,1,3.650665044784546,0.007525396347045896,1.0764003438949585,0
5,2178,-0.040508270263671875,1,3.158569097518921,0.014886675775051116,1.055216610491276,0
5,2179,-0.027523040771484375,1,3.147125005722046,0.011896617338061334,1.081535553649068,0
5,2180,-0.0335693359375,1,2.861022710800171,0.026365532353520394,1.0745862526148555,0
5,2181,-0.026676177978515625,1,3.147125005722046,0.07005859762430192,1.0809028000235559,0
5,2182,-0.024662017822265625,1,1.4152525663375854,0.013096600770950317,1.121847048997879,0
5,2183,0.01280975341796875,1,3.822326421737671,0.009921085834503178,1.148776134967804,0
5,2184,0.0328216552734375,1,2.536773443222046,0.07303840517997742,1.211986305475235,0
5,2185,0.0179290771484375,1,1.6441344022750854,0.07177554666996003,1.2001044443845748,0
5,2186,0.008609771728515625,1,0.156402587890625,0.005584254860877998,1.2138681215047835,0
5,2187,-0.023006439208984375,1,4.55474853515625,0.05464814156293869,1.0607062252163886,0
5,2188,-0.06373977661132812,1,7.419585704803467,0.0027169317007064812,0.9240200554132462,0
5,2189,-0.08585739135742188,1,9.60540771484375,0.00947759747505188,0.8357979590892791,0
5,2190,-0.09946823120117188,1,7.713317394256592,0.023839689278975132,0.8458436021413653,0
5,2191,-0.07151031494140625,1,8.701324462890625,0.04214838794432581,0.8812669453416019,0
5,2192,-0.08887863159179688,1,6.740569591522217,0.001735776662826538,0.8873619139194489,0
5,2193,-0.04140472412109375,1,1.7738341093063354,0.05093206167221069,1.0796765871047973,0
5,2194,-0.008754730224609375,1,0.7667540907859802,0.004678267240524291,1.1669683270454405,0
5,2195,-0.000568389892578125,1,0.7095336318016052,0.011647950112819674,1.1842066295742988,0
5,2196,0.01796722412109375,1,2.723693609237671,0.02045710645616055,1.1806422917991874,0
5,2197,0.03420257568359375,1,3.051757574081421,0.00985250286757946,1.2069758997708557,0
5,2198,0.0028839111328125,1,2.727508306503296,0.0539694994688034,1.1490588761568068,0
5,2199,-0.032314300537109375,1,1.7204283475875854,0.08885717689990998,1.097408544898033,0
5,2200,-0.002811431884765625,1,0.52642822265625,0.08473430573940277,1.1804591995477676,0
5,2201,0.00881195068359375,1,1.033782958984375,0.07384924292564393,1.1939942724704742,0
5,2202,0.02007293701171875,1,3.528594732284546,0.06818236708641053,1.1668466846942902,0
5,2203,0.06229400634765625,1,7.526397228240967,0.022371526807546616,1.1731652070581913,0
5,2204,0.044219970703125,1,0.4081725776195526,0.04542645290493966,1.2784594317376614,0
5,2205,-0.032291412353515625,1,5.676269054412842,0.010285261273384097,1.0214803837537765,0
5,2206,-0.060886383056640625,1,7.102965831756592,0.000199285149574277,0.9361599458456039,0
5,2207,-0.06274795532226562,1,3.719329595565796,0.002815824747085572,1.0000048644542694,0
5,2208,-0.0328216552734375,1,3.490447759628296,0.014575281739234922,1.0639647229909897,0
5,2209,-0.044910430908203125,1,4.60052490234375,0.006866037845611572,1.0178939986228943,0
5,2210,-0.01079559326171875,1,1.8959044218063354,0.0844406932592392,1.137113097310066,0
5,2211,0.03533935546875,1,4.90570068359375,0.03925074249855243,1.1709946675656828,0
5,2212,0.0682373046875,1,7.278441905975342,0.03906244546524249,1.1893432734368834,0
5,2213,0.04705047607421875,1,2.555846929550171,0.00841260850429535,1.2426475092172622,0
5,2214,-0.00904083251953125,1,3.650665044784546,0.052074437588453294,1.1068220565617086,0
5,2215,-0.05149078369140625,1,5.496978282928467,0.03176116421818734,0.9858084203898906,0
5,2216,-0.05820465087890625,1,4.917144775390625,0.04906034320592881,0.9832853890061378,0
5,2217,-0.02866363525390625,1,1.3656615018844604,0.019782356917858124,1.1145682051777839,0
5,2218,-0.018524169921875,1,3.841399908065796,0.019347696751356128,1.08534975412488,0
5,2219,-0.038440704345703125,1,1.6822813749313354,0.01989066079258919,1.0886773373782634,0
5,2220,-0.01271820068359375,1,1.7929075956344604,0.003472912311553958,1.138566530227661,0
5,2221,-0.02848052978515625,1,3.990173101425171,0.07817942798137664,1.060108301281929,0
5,2222,-0.028484344482421875,1,0.064849853515625,0.01748256981372833,1.1410350111722947,0
5,2223,0.045196533203125,1,9.84954833984375,0.06174905896186829,1.0909321372509002,0
5,2224,0.14156723022460938,1,16.613006591796875,0.016353371739387515,1.1502201937437058,0
5,2225,0.16817474365234375,1,15.758513450622559,0.06224497556686402,1.2186894192695616,0
5,2226,0.15125656127929688,1,11.959074974060059,0.029568226635456087,1.2621488940119743,0
5,2227,0.09663009643554688,1,9.967803955078125,0.03135295063257217,1.1926499957442283,0
5,2228,0.09397506713867188,1,9.2010498046875,0.02678200975060463,1.2028578577935696,0
5,2229,0.06635284423828125,1,2.040863037109375,0.002090690284967423,1.2918048001229763,0
5,2230,-0.025485992431640625,1,6.927489757537842,0.0148043192923069,1.0098860472142697,0
5,2231,-0.10463714599609375,1,12.409209251403809,0.01734347864985466,0.7418477838337422,0
5,2232,-0.13447952270507812,1,10.932921409606934,0.01496202945709229,0.7117840452194214,0
5,2233,-0.10001754760742188,1,11.802672386169434,0.015222024917602543,0.7633025760650635,0
5,2234,-0.13251113891601562,1,14.759062767028809,0.06479588449001313,0.637204631447792,0
5,2235,-0.15888595581054688,1,16.53289794921875,0.02774116843938828,0.5504604826569557,0
5,2236,-0.18384933471679688,1,20.626066207885742,0.026115144789218905,0.4187354006171226,0
5,2237,-0.22693252563476562,1,19.26422119140625,0.04417878948152065,0.3590833733230829,0
5,2238,-0.16448593139648438,1,13.858794212341309,0.013135666772723199,0.5933268262892961,0
5,2239,-0.1049957275390625,1,10.169981956481934,0.004606368578970432,0.7864246510490774,0
5,2240,-0.095794677734375,1,9.868621826171875,0.006403411366045475,0.8107820715531706,0
5,2241,-0.12249755859375,1,12.557982444763184,0.02946230173110962,0.7026667418479919,0
5,2242,-0.11762619018554688,1,10.387419700622559,0.07478381097316741,0.7540078731775284,0
5,2243,-0.09698486328125,1,9.45281982421875,0.04229073822498322,0.8152822474241256,0
5,2244,-0.06517410278320312,1,3.383636236190796,0.04767817258834839,1.000071942806244,0
5,2245,6.866455078125e-05,1,2.536773443222046,0.018383336067199708,1.1486665267944334,0
5,2246,0.026317596435546875,1,1.8119810819625854,0.028334848582744602,1.2152621772885321,0
5,2247,-0.004619598388671875,1,2.807616949081421,0.043830071389675145,1.1328552613854406,0
5,2248,-0.034038543701171875,1,1.8768309354782104,0.07205991744995117,1.0915038971900939,0
5,2249,0.00992584228515625,1,3.654479742050171,0.039648698270320894,1.1451761417984962,0
5,2250,0.04824066162109375,1,5.111693859100342,0.02668496966362,1.1931800472736358,0
5,2251,0.046291351318359375,1,4.0130615234375,0.01820202358067036,1.2115933912247419,0
5,2252,0.037837982177734375,1,3.753661870956421,0.03226854167878628,1.199311985269189,0
5,2253,0.04196929931640625,1,4.67681884765625,0.018517905473709104,1.1896615054607391,0
5,2254,0.029735565185546875,1,0.9307860732078552,0.03672071844339371,1.2393865801692008,0
5,2255,0.00481414794921875,1,0.7553099989891052,0.021474413573741916,1.1936631193757057,0
5,2256,-0.005634307861328125,1,2.124786376953125,0.009563392400741576,1.1458531210422516,0
5,2257,-0.013355255126953125,1,0.1144409105181694,0.0697199285030365,1.168211874395609,0
5,2258,0.023242950439453125,1,4.180908203125,0.029240667633712292,1.1616981101110577,0
5,2259,0.03813934326171875,1,2.731323003768921,0.007003085501492024,1.2213721030279991,0
5,2260,0.017765045166015625,1,1.15203857421875,0.035615538060665135,1.2110646973252297,0
5,2261,0.03702545166015625,1,6.698607921600342,0.04316101726144553,1.1383523041978478,0
5,2262,0.06718826293945312,1,5.603789806365967,0.04612190183252096,1.2204558536782861,0
5,2263,0.03094482421875,1,0.7934569716453552,0.020091551542282104,1.2452168469429015,0
5,2264,0.0171356201171875,1,3.562927007675171,0.02100164517760277,1.1621726342737675,0
5,2265,0.0433349609375,1,4.45556640625,0.04554029181599617,1.19573698207736,0
5,2266,0.0316925048828125,1,1.7318724393844604,0.009221374988555908,1.2283787059783935,0
5,2267,0.013622283935546875,1,1.4953612089157104,0.08379583954811096,1.193985510110855,0
5,2268,0.009929656982421875,1,0.598907470703125,0.036738831317052245,1.2064116112980992,0
5,2269,-0.004413604736328125,1,1.4877318143844604,0.025516820466145874,1.1603974814210085,0
5,2270,-0.01453399658203125,1,0.7400512099266052,0.028758778050541882,1.1549806315153837,0
5,2271,-0.017620086669921875,1,3.227233648300171,0.03993680886924267,1.098617681339383,0
5,2272,-0.020904541015625,1,0.7171630263328552,0.03004633188247681,1.1426458041667937,0
5,2273,0.010311126708984375,1,2.22015380859375,0.05228514075279236,1.174127771615982,0
5,2274,0.030567169189453125,1,2.815246343612671,0.009442436695098876,1.2044517140388487,0
5,2275,0.01644134521484375,1,0.3662109076976776,0.009580773115158082,1.2251752413511277,0
5,2276,0.019130706787109375,1,4.5928955078125,0.0687602549791336,1.1436530932188034,0
5,2277,0.055797576904296875,1,5.126952648162842,0.015822626650333405,1.2084231957793234,0
5,2278,0.06451034545898438,1,7.244109630584717,0.011263664066791537,1.1836879517436028,0
5,2279,0.0775146484375,1,7.801055431365967,0.04311329275369645,1.1972836565375329,0
5,2280,0.05701446533203125,1,3.391265630722046,0.02618799358606339,1.2451560983061791,0
5,2281,0.035991668701171875,1,4.680633544921875,0.002345788478851314,1.178276834964752,0
5,2282,0.05426025390625,1,5.798339366912842,0.008890175819396974,1.1921981134414672,0
5,2283,0.049816131591796875,1,5.104064464569092,0.0016281306743621826,1.1974858486652373,0
5,2284,0.045360565185546875,1,4.1046142578125,0.0031327843666076674,1.2085035338401795,0
5,2285,0.043872833251953125,1,5.058288097381592,0.0029806584119796767,1.1864606782197953,0
5,2286,0.043262481689453125,1,2.0294189453125,0.07653012871742249,1.2428753793239593,0
5,2287,0.005474090576171875,1,0.308990478515625,0.0786726862192154,1.2016214641332625,0
5,2288,-0.000949859619140625,1,0.8239745497703552,0.07647561430931092,1.178561765193939,0
5,2289,-0.00765228271484375,1,3.303527593612671,0.0739527851343155,1.1156667712926864,0
5,2290,-0.041027069091796875,1,4.047393798828125,0.0427657219581306,1.0352873569615184,0
5,2291,-0.05249786376953125,1,7.892608165740967,0.017323346715420483,0.9364591752775013,0
5,2292,-0.1103668212890625,1,11.383055686950684,0.04287455230951309,0.7498902615904808,0
5,2293,-0.10778045654296875,1,9.677886962890625,0.030248624831438066,0.7896714026629924,0
5,2294,-0.07281112670898438,1,6.729125499725342,0.03662846013903619,0.918330098181963,0
5,2295,-0.037822723388671875,1,0.7629393935203552,0.08293099403381349,1.1057785255908965,0
5,2296,0.026233673095703125,1,4.573822021484375,0.051997375488281254,1.1589110107421874,0
5,2297,0.028293609619140625,1,0.8201598525047302,0.036952576041221624,1.2387059191465377,0
5,2298,0.00070953369140625,1,0.7781981825828552,0.02840642631053925,1.1847188466787337,0
5,2299,0.016681671142578125,1,1.9073485136032104,0.022348919510841374,1.1943224152326584,0
5,2300,0.041271209716796875,1,6.423949718475342,0.03306577652692795,1.1527407940030097,0
5,2301,0.05626678466796875,1,5.187987804412842,0.021243330836296082,1.2079240800142288,0
5,2302,0.041736602783203125,1,3.635406255722046,0.003815290331840516,1.210612468838692,0
5,2303,0.034519195556640625,1,2.803802251815796,0.05013511925935746,1.2109569413065908,0
5,2304,0.0350494384765625,1,5.233764171600342,0.006022948026657107,1.1651826756000518,0
5,2305,0.050754547119140625,1,3.906249761581421,0.008928024768829347,1.2230269780158998,0
5,2306,0.026447296142578125,1,1.2855528593063354,0.0031368285417556763,1.2270580619573592,0
5,2307,-0.011089324951171875,1,3.356933355331421,0.004395702481269838,1.1105068548917771,0
5,2308,-0.023952484130859375,1,0.51116943359375,0.04336656928062439,1.1401369802951813,0
5,2309,0.02521514892578125,1,5.100249767303467,0.0012572586536407481,1.1483750121593475,0
5,2310,0.07330703735351562,1,8.800506591796875,0.06190301775932312,1.1681278221607208,0
5,2311,0.07666397094726562,1,5.882262706756592,0.04419892765581608,1.2339147306531668,0
5,2312,0.04001617431640625,1,2.616882085800171,0.039908200874924665,1.2260983788818118,0
5,2313,0.008686065673828125,1,0.54168701171875,0.05340622290968895,1.2044021421968936,0
5,2314,-0.00621795654296875,1,0.1983642429113388,0.035112199932336816,1.1821923140585422,0
5,2315,0.017162322998046875,1,3.631591558456421,0.05495742559432984,1.1594945178031921,0
5,2316,0.049407958984375,1,6.862639904022217,0.013758683949708939,1.1610127725303172,0
5,2317,0.064849853515625,1,3.723144292831421,0.04152658805251122,1.2535757576525213,0
5,2318,0.02509307861328125,1,2.525329351425171,0.08775255084037781,1.196169468164444,0
5,2319,-0.010738372802734375,1,5.825042247772217,0.07797483205795289,1.0589034161567688,0
5,2320,-0.09912109375,1,10.093688011169434,0.012337061762809756,0.7993905698060989,0
5,2321,-0.08929824829101562,1,9.449005126953125,0.07008901983499527,0.8296198400855064,0
5,2322,-0.07284164428710938,1,4.734039306640625,0.06897543817758561,0.9568769077658653,0
5,2323,-0.024486541748046875,1,1.03759765625,0.002836292982101439,1.1301615116596222,0
5,2324,-0.00011444091796875,1,0.507354736328125,0.03969976902008057,1.1880360326766968,0
5,2325,0.00243377685546875,1,0.152587890625,0.028349322080612187,1.200681823015213,0
5,2326,-0.011157989501953125,1,2.11334228515625,0.06559270918369293,1.132793466925621,0
5,2327,-0.027263641357421875,1,2.330780029296875,0.06614761352539063,1.096211212158203,0
5,2328,-0.001842498779296875,1,2.056121826171875,0.07663565874099731,1.1521271395683288,0
5,2329,0.01953125,1,2.44903564453125,0.012042167782783511,1.1896001003980636,0
5,2330,0.007663726806640625,1,1.5220640897750854,0.024264424294233325,1.18391559484601,0
5,2331,0.001556396484375,1,3.780364751815796,0.034088993817567824,1.1261419381797315,0
5,2332,0.04065704345703125,1,4.024505615234375,0.04580747187137604,1.1989916757345198,0
5,2333,0.030559539794921875,1,2.178192138671875,0.016236525774002076,1.2169057757854462,0
5,2334,0.02783966064453125,1,3.532409429550171,0.032903832569718364,1.1837149793952704,0
5,2335,0.034351348876953125,1,3.765105962753296,0.03030454479157925,1.1921883967071771,0
5,2336,0.036014556884765625,1,3.452300786972046,0.07689730823040009,1.1999072057008744,0
5,2337,0.032867431640625,1,3.173827886581421,0.006999173760414125,1.201978338599205,0
5,2338,0.02159881591796875,1,0.4653930366039276,0.07793004810810089,1.230772569179535,0
5,2339,0.00525665283203125,1,1.24359130859375,0.007770010828971864,1.1853306790590286,0
5,2340,0.02979278564453125,1,4.848480224609375,0.06136513203382493,1.160161361515522,0
5,2341,0.048191070556640625,1,2.605437994003296,0.022731788456439975,1.2433641096949575,0
5,2342,0.02370452880859375,1,3.330230474472046,0.0032995939254760742,1.1806724643707276,0
5,2343,0.036716461181640625,1,2.838134527206421,0.026284587383270268,1.215618848323822,0
5,2344,0.01273345947265625,1,0.2479553073644638,0.009344499558210375,1.2201340328156947,0
5,2345,0.004932403564453125,1,2.02178955078125,0.05157824531197548,1.1673658863008023,0
5,2346,0.020771026611328125,1,0.6523131728172302,0.03504737317562103,1.2270938948392867,0
5,2347,-0.003387451171875,1,1.071929931640625,0.011115382611751557,1.1713418837189673,0
5,2348,0.00376129150390625,1,2.632140874862671,0.04011086225509644,1.1532753310203552,0
5,2349,0.00861358642578125,1,1.7585753202438354,0.043544532358646394,1.1803138851523398,0
5,2350,-0.01749420166015625,1,0.270843505859375,0.05274013280868531,1.1574851212501525,0
5,2351,0.024166107177734375,1,3.261565923690796,0.011160099506378175,1.1826544919013977,0
5,2352,0.02567291259765625,1,2.0599365234375,0.06787641942501069,1.207432037949562,0
5,2353,0.00275421142578125,1,1.5602110624313354,0.07283032983541489,1.171390988409519,0
5,2354,-0.02423095703125,1,1.8959044218063354,0.01540695577859879,1.1130037192702293,0
5,2355,-0.029819488525390625,1,5.058288097381592,0.05153332799673081,1.0371339278817175,0
5,2356,-0.044254302978515625,1,2.31170654296875,0.009795942343771458,1.0648654254898429,0
5,2357,-0.005245208740234375,1,0.4081725776195526,0.007724049873650074,1.1810371689721944,0
5,2358,-0.006778717041015625,1,2.460479736328125,0.0173895038664341,1.136537391036749,0
5,2359,-0.0066070556640625,1,1.9531248807907104,0.057744073867797854,1.1454136281013487,0
5,2360,0.039524078369140625,1,5.134582042694092,0.0014978349208831787,1.176296602487564,0
5,2361,0.03894805908203125,1,2.117156982421875,0.016545581817626952,1.2348911552429198,0
5,2362,0.019287109375,1,2.3956298828125,0.008187875151634216,1.1903341060876846,0
5,2363,0.01760101318359375,1,0.8773803114891052,0.0025996595621109037,1.2175504337549208,0
5,2364,0.012664794921875,1,2.02178955078125,0.0652177393436432,1.1822850892543793,0
5,2365,0.011631011962890625,1,0.1716613620519638,0.03439085446298122,1.2184531625062227,0
5,2366,0.012203216552734375,1,3.482818365097046,0.014264291897416116,1.1541794941276313,0
5,2367,0.026519775390625,1,0.03051757626235485,0.004345256090164186,1.2522553890123962,0
5,2368,-0.016559600830078125,1,1.5907286405563354,0.05669976770877838,1.1327982348203658,0
5,2369,0.004764556884765625,1,2.700805425643921,0.005892226099967958,1.155277316212654,0
5,2370,0.0505523681640625,1,6.786345958709717,0.007543742656707764,1.1650760674476623,0
5,2371,0.06962966918945312,1,6.519317150115967,0.008304756879806516,1.2085408051013946,0
5,2372,0.0438995361328125,1,3.215789556503296,0.019675086438655856,1.2226962776780128,0
5,2373,0.01404571533203125,1,0.064849853515625,0.06410858780145645,1.2242300900816916,0
5,2374,-0.0276947021484375,1,5.290984630584717,0.013468044996261593,1.0382521812915801,0
5,2375,-0.07068634033203125,1,8.06427001953125,0.012772276997566223,0.8968310278654098,0
5,2376,-0.07274627685546875,1,7.751464366912842,0.018847003579139713,0.89872427880764,0
5,2377,-0.05944061279296875,1,2.628326177597046,0.04580539762973786,1.0267200349569319,0
5,2378,-0.000339508056640625,1,1.8463133573532104,0.012389811128377917,1.1618991242945194,0
5,2379,0.0535736083984375,1,8.495330810546875,0.003611447289586067,1.137096142694354,0
5,2380,0.1062164306640625,1,11.760710716247559,0.001297017466276884,1.1771667663045227,0
5,2381,0.11562728881835938,1,10.925292015075684,0.027005914505571126,1.2116685007549821,0
5,2382,0.10649490356445312,1,13.114928245544434,0.049375212192535406,1.148716233730316,0
5,2383,0.14991378784179688,1,13.420104026794434,0.014940715953707696,1.2308278665095567,0
5,2384,0.1000823974609375,1,8.632659912109375,0.007746733352541923,1.2272017273455857,0
5,2385,0.077972412109375,1,8.50677490234375,0.04301708936691284,1.1840886425971984,0
5,2386,-0.004833221435546875,1,2.002716064453125,0.016908106952905656,1.1496029115617274,0
5,2387,0.012420654296875,1,3.417968511581421,0.0013353168964385983,1.156428525686264,0
5,2388,0.0114593505859375,1,2.510070562362671,0.022687420994043354,1.1718097930848597,0
5,2389,-0.022190093994140625,1,2.761840581893921,0.016045379638671878,1.0997411851882932,0
5,2390,-0.017101287841796875,1,0.2250671237707138,0.08597402572631838,1.157857120811939,0
5,2391,0.020008087158203125,1,3.311156988143921,0.008748260140419004,1.1734431041479112,0
5,2392,0.022350311279296875,1,1.06048583984375,0.0781929761171341,1.2203631867170333,0
5,2393,6.4849853515625e-05,1,2.983093023300171,0.03483258280903101,1.1390745359286665,0
5,2394,-0.01914215087890625,1,0.1831054538488388,0.004542256705462933,1.157871898896992,0
5,2395,-0.000762939453125,1,0.6446837782859802,0.04797852374613286,1.183661304578185,0
5,2396,-0.001628875732421875,1,0.9307860732078552,0.001761192083358759,1.1780560793876647,0
5,2397,0.011016845703125,1,0.3547668159008026,0.07708005309104919,1.211855152964592,0
5,2398,0.01145172119140625,1,2.246856689453125,0.07859296500682832,1.1748225899934768,0
5,2399,-0.014926910400390625,1,3.879546880722046,0.03820905759930611,1.0910268792808056,0
5,2400,-0.025424957275390625,1,0.274658203125,0.024651534110307696,1.1426708600223063,0
5,2401,0.02356719970703125,1,3.784179449081421,0.05638113170862198,1.1691955651640893,0
5,2402,0.016704559326171875,1,2.498626708984375,0.05334761291742325,1.1813026799559592,0
5,2403,-0.00885772705078125,1,0.598907470703125,0.04172807484865189,1.168637273490429,0
5,2404,0.0073394775390625,1,0.1602172702550888,0.04289773553609848,1.2097587002515793,0
5,2405,0.000179290771484375,1,0.54931640625,0.024009542167186735,1.1884118717312813,0
5,2406,-0.00585174560546875,1,2.532958745956421,0.007096844911575317,1.137353460073471,0
5,2407,-0.046298980712890625,1,6.179809093475342,0.029123087227344517,0.9826409332156181,0
5,2408,-0.06053924560546875,1,3.719329595565796,0.09047634899616241,1.0009158629179002,0
5,2409,-0.00917816162109375,1,1.4953612089157104,0.06269272267818451,1.1492287436723707,0
5,2410,0.02642059326171875,1,3.654479742050171,0.0030681878328323343,1.1796288641691208,0
5,2411,0.020511627197265625,1,0.598907470703125,0.0440731942653656,1.227282177209854,0
5,2412,-0.024814605712890625,1,2.662658452987671,0.03610424548387528,1.0956734496951102,0
5,2413,-0.022663116455078125,1,2.269744873046875,0.04009046703577042,1.1076752509474754,0
5,2414,-0.0008544921875,1,2.693176031112671,0.08300928473472596,1.1411071236133574,0
5,2415,0.018535614013671875,1,1.125335693359375,0.015891972184181216,1.213928835272789,0
5,2416,-0.018184661865234375,1,0.29754638671875,0.06400732398033142,1.155119455575943,0
5,2417,0.0091552734375,1,1.7089842557907104,0.0006579130887985236,1.1841045452356338,0
5,2418,0.018405914306640625,1,1.6937254667282104,0.02257301211357117,1.2020343987941742,0
5,2419,0.002635955810546875,1,1.2359619140625,0.008428621292114257,1.180215528488159,0
5,2420,-0.01854705810546875,1,2.422332763671875,0.021960711479187014,1.1135808000564575,0
5,2421,-0.00693511962890625,1,1.9111632108688354,0.02302270829677582,1.1469855881929396,0
5,2422,0.030452728271484375,1,3.391265630722046,0.011286788061261177,1.1926286724060775,0
5,2423,0.0110931396484375,1,1.4877318143844604,0.03355061821639538,1.19108961828053,0
5,2424,-0.0194854736328125,1,1.4724730253219604,0.014973667263984681,1.1309806455373763,0
5,2425,-0.031505584716796875,1,5.180358409881592,0.05962739586830139,1.0309965665340424,0
5,2426,-0.049312591552734375,1,3.890990972518921,0.07896153330802919,1.0203965361118317,0
5,2427,-0.024974822998046875,1,1.3809202909469604,0.026829256117343908,1.1213587779402732,0
5,2428,-0.006805419921875,1,0.4653930366039276,0.00460994839668274,1.1768969014883042,0
5,2429,-0.0060577392578125,1,0.8392333388328552,0.03058466166257858,1.1698764682412146,0
5,2430,0.00612640380859375,1,2.3040771484375,0.004013761878013611,1.166010714173317,0
5,2431,0.030780792236328125,1,3.280639410018921,0.004733172059059147,1.1957594693899156,0
5,2432,0.037746429443359375,1,5.161284923553467,0.021044692397117617,1.1714253727197648,0
5,2433,0.061847686767578125,1,6.904601573944092,0.05839008688926697,1.1832677385807038,0
5,2434,0.059169769287109375,1,2.998351812362671,0.02878670170903206,1.2572210342586039,0
5,2435,-0.001407623291015625,1,2.861022710800171,0.031726340204477316,1.138695245593786,0
5,2436,-0.050662994384765625,1,6.168365001678467,0.08189367055892946,0.9720309643745422,0
5,2437,-0.07728195190429688,1,9.273529052734375,0.01599734574556351,0.8593256213068962,0
5,2438,-0.10131072998046875,1,6.477355480194092,0.02975583001971245,0.8666411972343921,0
5,2439,-0.0577239990234375,1,6.599425792694092,0.028030102699995042,0.9514422819912434,0
5,2440,-0.0676727294921875,1,6.855010509490967,0.04527100771665574,0.9257434905171394,0
5,2441,-0.0584716796875,1,4.70733642578125,0.006632208824157715,0.9886446237564086,0
5,2442,-0.040008544921875,1,4.589080810546875,0.006866616010665894,1.0279266293048859,0
5,2443,-0.0373077392578125,1,2.452850341796875,0.06367383599281312,1.073780561208725,0
5,2444,0.000392913818359375,1,2.571105718612671,0.012101349234580994,1.1488796592950818,0
5,2445,0.047023773193359375,1,5.992888927459717,0.024269376695156098,1.173218992769718,0
5,2446,0.059230804443359375,1,3.871917486190796,0.015941031277179718,1.2403856179118158,0
5,2447,0.0192108154296875,1,0.3318786323070526,0.00148823708295822,1.2317245287299157,0
5,2448,0.006443023681640625,1,1.5678404569625854,0.04864218980073929,1.1795835506319998,0
5,2449,-0.003368377685546875,1,2.777099370956421,0.014105370640754705,1.1371570423841475,0
5,2450,-0.0425567626953125,1,4.94384765625,0.04323631115257741,1.0142800690382718,0
5,2451,-0.02396392822265625,1,0.621795654296875,0.02667251266539097,1.1385693299621342,0
5,2452,0.018779754638671875,1,2.117156982421875,0.07241102010011674,1.1923199288249016,0
5,2453,0.021587371826171875,1,2.655029058456421,0.0696798175573349,1.1872869697809219,0
5,2454,0.029754638671875,1,3.242492437362671,0.014151954650878904,1.1940933504104616,0
5,2455,0.035037994384765625,1,3.704070806503296,0.02095363289117813,1.1951564273238182,0
5,2456,0.03314208984375,1,2.002716064453125,0.006766772270202637,1.2259591875076294,0
5,2457,0.02983856201171875,1,5.153655529022217,0.04188341647386551,1.1549286767840385,0
5,2458,0.045185089111328125,1,2.315521240234375,0.0046701580286026,1.2438729470968246,0
5,2459,0.00042724609375,1,1.3999937772750854,0.0038669228553772014,1.172699939727783,0
5,2460,-0.00452423095703125,1,0.9689330458641052,0.06320700347423554,1.1690445970296859,0
5,2461,0.014225006103515625,1,0.9536742568016052,0.027400756627321245,1.2082804968059062,0
5,2462,0.013519287109375,1,2.28118896484375,0.03727015778422356,1.179923988610506,0
5,2463,0.02972412109375,1,2.624511480331421,0.07680897414684296,1.2038856536149978,0
5,2464,0.017688751220703125,1,0.8773803114891052,0.04314803630113602,1.2161039747595785,0
5,2465,-0.013034820556640625,1,3.349303960800171,0.009575481712818145,1.1065612604022026,0
5,2466,-0.0653533935546875,1,9.243011474609375,0.03756312429904938,0.8829304584264754,0
5,2467,-0.08016586303710938,1,7.518767833709717,0.005841949582099916,0.8890592392683029,0
5,2468,-0.06270599365234375,1,5.676269054412842,0.04751213081181049,0.9591621463745832,0
5,2469,-0.044513702392578125,1,2.269744873046875,0.031231642886996272,1.0643284320384263,0
5,2470,-0.008815765380859375,1,0.133514404296875,0.06910713911056518,1.1769338955879212,0
5,2471,0.00011444091796875,1,0.3700256049633026,0.03079769145697355,1.1915964620783925,0
5,2472,0.001285552978515625,1,1.094818115234375,0.011366616003215313,1.180220079012215,0
5,2473,0.01865386962890625,1,1.8310545682907104,0.03356913328170777,1.1993438825607299,0
5,2474,0.013629913330078125,1,1.132965087890625,0.015722900629043583,1.203971608877182,0
5,2475,-0.003879547119140625,1,2.17437744140625,0.010176430642604827,1.1483462997078895,0
5,2476,-0.032802581787109375,1,2.895354986190796,0.024063418060541155,1.0755251999795434,0
5,2477,-0.03200531005859375,1,4.367828369140625,0.039595615118741996,1.0470489878952502,0
5,2478,-0.031848907470703125,1,0.9994506239891052,0.051810106635093695,1.114240768313408,0
5,2479,0.023700714111328125,1,5.470275402069092,0.06040957868099213,1.1355795370340347,0
5,2480,0.0700225830078125,1,5.626677989959717,0.09243302643299103,1.223814285159111,0
5,2481,0.035549163818359375,1,2.38037109375,0.030386774241924288,1.2222754347920417,0
5,2482,0.006641387939453125,1,0.537872314453125,0.03236585110425949,1.2012306955456733,0
5,2483,-0.004192352294921875,1,0.5340576171875,0.03272654116153717,1.1796250814199447,0
5,2484,0.003955841064453125,1,0.0953674241900444,0.09415778517723083,1.2022380222380162,0
5,2485,-0.001018524169921875,1,0.0801086351275444,0.05929345041513444,1.1939890409410001,0
5,2486,-0.010875701904296875,1,2.437591552734375,0.01218515783548355,1.1290093588232994,0
5,2487,-0.025005340576171875,1,2.0599365234375,0.015921834111213687,1.1081537150144576,0
5,2488,-0.03081512451171875,1,5.138396739959717,0.007176162116229534,1.035314769692719,0
5,2489,-0.04886627197265625,1,2.330780029296875,0.034815980680286886,1.0542592162415385,0
5,2490,-0.007419586181640625,1,0.2288818210363388,0.05521850287914276,1.178374451100826,0
5,2491,0.009288787841796875,1,1.3504027128219604,0.012858816981315614,1.1910551687479018,0
5,2492,0.0204010009765625,1,3.150939702987671,0.03595499452203513,1.1763450081124902,0
5,2493,0.049114227294921875,1,5.561828136444092,0.014247166551649572,1.1864220051988958,0
5,2494,0.046985626220703125,1,3.387450933456421,0.022125387191772466,1.225337218284607,0
5,2495,0.004352569580078125,1,2.285003662109375,0.06719931662082673,1.1603170932531357,0
5,2496,-0.025279998779296875,1,0.3967284858226776,0.0006817996501922614,1.141478160738945,0
5,2497,-2.6702880859375e-05,1,0.286102294921875,0.0675186425447464,1.191523802638054,0
5,2498,-0.004604339599609375,1,0.52642822265625,0.04024217054247856,1.1786530695259572,0
5,2499,-0.012294769287109375,1,2.292633056640625,0.04817525371909141,1.127630790144205,0
5,2500,-0.009769439697265625,1,1.5754698514938354,0.05151136666536331,1.1468912689089774,0
5,2501,0.020198822021484375,1,1.6288756132125854,0.0033039309084415425,1.2076879745423792,0
5,2502,-0.01601409912109375,1,4.9591064453125,0.05077859684824944,1.0667585289776325,0
5,2503,-0.046260833740234375,1,3.002166509628296,0.06293681710958482,1.0449175296425819,0
5,2504,-0.028224945068359375,1,3.253936529159546,0.0383732944726944,1.0769364475011827,0
5,2505,-0.0341339111328125,1,3.402709722518921,0.00583125427365303,1.0634447331130505,0
5,2506,-0.02840423583984375,1,2.231597900390625,0.021561484783887863,1.0976971109211444,0
5,2507,-0.01479339599609375,1,1.21307373046875,0.05326855331659317,1.1440209912657737,0
5,2508,-0.03497314453125,1,6.023406505584717,0.012880335748195644,1.0090703673958779,0
5,2509,-0.06763839721679688,1,6.568908214569092,0.06797875165939331,0.9306258912086487,0
5,2510,-0.0317535400390625,1,0.4386901557445526,0.03626662865281105,1.1262684516608716,0
5,2511,0.010135650634765625,1,0.52642822265625,0.023871289938688277,1.2087878852188587,0
5,2512,-0.011112213134765625,1,2.513885259628296,0.004496726393699645,1.1273179994821547,0
5,2513,-0.02295684814453125,1,1.5487669706344604,0.042615284025669095,1.1214063529372214,0
5,2514,-0.000736236572265625,1,1.2741087675094604,0.06823091953992844,1.1703161147236822,0
5,2515,0.044727325439453125,1,6.755828380584717,0.06875583529472351,1.1515878498554228,0
5,2516,0.06554794311523438,1,5.424499034881592,0.004488965868949892,1.222426346898079,0
5,2517,0.0546112060546875,1,5.935668468475342,0.02648906316608191,1.189449480213225,0
5,2518,0.055736541748046875,1,4.978179931640625,0.043054082058370115,1.2101873215809464,0
5,2519,0.03188323974609375,1,1.4572142362594604,0.013620609045028684,1.234077370405197,0
5,2520,-0.007991790771484375,1,2.616882085800171,0.012795078754425048,1.1311669735908507,0
5,2521,-0.011623382568359375,1,1.094818115234375,0.08159702122211457,1.1515929917097092,0
5,2522,0.013973236083984375,1,0.8697509169578552,0.050669083744287496,1.20852469047904,0
5,2523,-0.014644622802734375,1,3.791808843612671,0.019148880988359453,1.0941086222827434,0
5,2524,-0.051910400390625,1,5.844115734100342,0.048640972375869757,0.9773512456417084,0
5,2525,-0.0544281005859375,1,6.046294689178467,0.01903901845216751,0.9694563443064689,0
5,2526,-0.053379058837890625,1,4.4097900390625,0.04436200708150864,1.0032716012597083,0
5,2527,-0.016635894775390625,1,1.6403197050094604,0.020220886543393136,1.1331129808872937,0
5,2528,0.039463043212890625,1,6.389617443084717,0.03791927583515644,1.1496169665306806,0
5,2529,0.07353591918945312,1,7.293700695037842,0.04537513069808483,1.199382819250226,0
5,2530,0.057804107666015625,1,3.879546880722046,0.03608525283634663,1.2365738676041365,0
5,2531,0.00246429443359375,1,3.288268804550171,0.0499586932361126,1.1371648650467396,0
5,2532,-0.047252655029296875,1,5.111693859100342,0.002249025180935859,1.003170851752162,0
5,2533,-0.047260284423828125,1,5.287169933319092,0.014607090875506403,0.9991517488509416,0
5,2534,-0.056087493896484375,1,4.84466552734375,0.028337005525827408,0.9897982214391231,0
5,2535,-0.033138275146484375,1,2.460479736328125,0.04635817632079125,1.082659527927637,0
5,2536,-0.003856658935546875,1,1.5525816679000854,0.0702205240726471,1.1584262278079986,0
5,2537,0.0315704345703125,1,4.11224365234375,0.03537954799830914,1.1794808141738176,0
5,2538,0.048229217529296875,1,5.260467052459717,0.011077049747109415,1.190806012019515,0
5,2539,0.04547882080078125,1,3.345489263534546,0.032078934460878374,1.2227646989524366,0
5,2540,0.048580169677734375,1,6.610869884490967,0.056096835434436804,1.1626990682482718,0
5,2541,0.051609039306640625,1,3.952026128768921,0.0389264814555645,1.2226204967796803,0
5,2542,0.01435089111328125,1,0.6446837782859802,0.05082397982478142,1.2137751474678515,0
5,2543,-0.0229339599609375,1,2.685546636581421,0.04726267568767071,1.0985306403189896,0
5,2544,-0.052288055419921875,1,27.854917526245117,0.011078369989991187,0.5378824038356542,0
5,2545,-0.001312255859375,1,0.0,0.05291535407304764,1.195258874118328,0
5,2546,0.008331298828125,1,2.609252691268921,0.004119864106178289,13.164312749266625,0
